valid_from,import_prices,export_prices
1990-01-01 00:00:00+00:00,0.092505,0.0492
1990-01-01 01:00:00+00:00,0.11014499999999999,0.0571
1990-01-01 02:00:00+00:00,0.05376,0.03185
1990-01-01 03:00:00+00:00,0.0378,0.0247
1990-01-01 04:00:00+00:00,-0.0006300000000000004,0.00905
1990-01-01 05:00:00+00:00,0.011550000000000001,0.01295
1990-01-01 06:00:00+00:00,0.0105,0.012499999999999999
1990-01-01 07:00:00+00:00,0.05649,0.033100000000000004
1990-01-01 08:00:00+00:00,0.084,0.045399999999999996
1990-01-01 09:00:00+00:00,0.12179999999999999,0.0623
1990-01-01 10:00:00+00:00,0.1134,0.05855
1990-01-01 11:00:00+00:00,0.14931,0.0746
1990-01-01 12:00:00+00:00,0.12284999999999999,0.06280000000000001
1990-01-01 13:00:00+00:00,0.16306500000000002,0.08080000000000001
1990-01-01 14:00:00+00:00,0.14994,0.07494999999999999
1990-01-01 15:00:00+00:00,0.14700000000000002,0.0736
1990-01-01 16:00:00+00:00,0.33684000000000003,0.15545
1990-01-01 17:00:00+00:00,0.3381,0.15600000000000003
1990-01-01 18:00:00+00:00,0.30387,0.1407
1990-01-01 19:00:00+00:00,0.125055,0.0638
1990-01-01 20:00:00+00:00,0.11760000000000001,0.06045
1990-01-01 21:00:00+00:00,0.12369,0.0632
1990-01-01 22:00:00+00:00,0.06384000000000001,0.03635
1990-01-01 23:00:00+00:00,0.02247,0.017849999999999998
1990-01-02 00:00:00+00:00,0.010919999999999997,0.0131
1990-01-02 01:00:00+00:00,0.00010499999999999919,0.00785
1990-01-02 02:00:00+00:00,0.01617,0.015050000000000001
1990-01-02 03:00:00+00:00,0.010079999999999999,0.012299999999999998
1990-01-02 04:00:00+00:00,0.0357,0.023799999999999998
1990-01-02 05:00:00+00:00,0.03465,0.0233
1990-01-02 06:00:00+00:00,0.10289999999999999,0.05385
1990-01-02 07:00:00+00:00,0.13503,0.06825
1990-01-02 08:00:00+00:00,0.15645,0.07785
1990-01-02 09:00:00+00:00,0.17241,0.08495
1990-01-02 10:00:00+00:00,0.15555750000000002,0.07744999999999999
1990-01-02 11:00:00+00:00,0.18585000000000002,0.091
1990-01-02 12:00:00+00:00,0.18018,0.08845
1990-01-02 13:00:00+00:00,0.18616500000000002,0.09115000000000001
1990-01-02 14:00:00+00:00,0.17262,0.08505
1990-01-02 15:00:00+00:00,0.15477000000000002,0.0771
1990-01-02 16:00:00+00:00,0.32140500000000005,0.14855
1990-01-02 17:00:00+00:00,0.30345,0.14055
1990-01-02 18:00:00+00:00,0.29652,0.1374
1990-01-02 19:00:00+00:00,0.147735,0.07395
1990-01-02 20:00:00+00:00,0.15099,0.0754
1990-01-02 21:00:00+00:00,0.137235,0.06925
1990-01-02 22:00:00+00:00,0.11549999999999999,0.059500000000000004
1990-01-02 23:00:00+00:00,0.1491,0.07455
1990-01-03 00:00:00+00:00,0.16169999999999998,0.08015
1990-01-03 01:00:00+00:00,0.16096500000000002,0.07985
1990-01-03 02:00:00+00:00,0.15056999999999998,0.0752
1990-01-03 03:00:00+00:00,0.15309,0.07635
1990-01-03 04:00:00+00:00,0.139125,0.07005
1990-01-03 05:00:00+00:00,0.15582000000000001,0.07755
1990-01-03 06:00:00+00:00,0.15603,0.0776
1990-01-03 07:00:00+00:00,0.15939,0.07915
1990-01-03 08:00:00+00:00,0.1596525,0.07924999999999999
1990-01-03 09:00:00+00:00,0.161805,0.08025
1990-01-03 10:00:00+00:00,0.16149,0.0801
1990-01-03 11:00:00+00:00,0.1659,0.08205
1990-01-03 12:00:00+00:00,0.1675275,0.08279999999999998
1990-01-03 13:00:00+00:00,0.1659,0.0821
1990-01-03 14:00:00+00:00,0.16065000000000002,0.0797
1990-01-03 15:00:00+00:00,0.16695,0.08255000000000001
1990-01-03 16:00:00+00:00,0.34692,0.16
1990-01-03 17:00:00+00:00,0.34597500000000003,0.1596
1990-01-03 18:00:00+00:00,0.324975,0.15015
1990-01-03 19:00:00+00:00,0.17146499999999998,0.08455
1990-01-03 20:00:00+00:00,0.15823500000000001,0.0786
1990-01-03 21:00:00+00:00,0.1600725,0.07944999999999999
1990-01-03 22:00:00+00:00,0.1512,0.07544999999999999
1990-01-03 23:00:00+00:00,0.14595,0.07314999999999999
1990-01-04 00:00:00+00:00,0.14973,0.07485
1990-01-04 01:00:00+00:00,0.15183000000000002,0.07575
1990-01-04 02:00:00+00:00,0.14217000000000002,0.0714
1990-01-04 03:00:00+00:00,0.13671,0.069
1990-01-04 04:00:00+00:00,0.1365,0.0689
1990-01-04 05:00:00+00:00,0.145005,0.07275
1990-01-04 06:00:00+00:00,0.15970499999999999,0.07930000000000001
1990-01-04 07:00:00+00:00,0.16485,0.0816
1990-01-04 08:00:00+00:00,0.179025,0.0879
1990-01-04 09:00:00+00:00,0.19424999999999998,0.09475
1990-01-04 10:00:00+00:00,0.18784499999999998,0.09185000000000001
1990-01-04 11:00:00+00:00,0.16558499999999998,0.08195
1990-01-04 12:00:00+00:00,0.167685,0.08285000000000001
1990-01-04 13:00:00+00:00,0.17892,0.0879
1990-01-04 14:00:00+00:00,0.19467,0.09490000000000001
1990-01-04 15:00:00+00:00,0.19446000000000002,0.09484999999999999
1990-01-04 16:00:00+00:00,0.3801,0.17485
1990-01-04 17:00:00+00:00,0.37873500000000004,0.17425000000000002
1990-01-04 18:00:00+00:00,0.358995,0.16535
1990-01-04 19:00:00+00:00,0.19635000000000002,0.09565
1990-01-04 20:00:00+00:00,0.18647999999999998,0.09125
1990-01-04 21:00:00+00:00,0.178815,0.08785
1990-01-04 22:00:00+00:00,0.14448,0.07250000000000001
1990-01-04 23:00:00+00:00,0.162015,0.08035
1990-01-05 00:00:00+00:00,0.176295,0.0867
1990-01-05 01:00:00+00:00,0.16652999999999998,0.08230000000000001
1990-01-05 02:00:00+00:00,0.1575,0.0783
1990-01-05 03:00:00+00:00,0.15046500000000002,0.07515
1990-01-05 04:00:00+00:00,0.15004499999999998,0.07500000000000001
1990-01-05 05:00:00+00:00,0.1533,0.0764
1990-01-05 06:00:00+00:00,0.16674,0.08245
1990-01-05 07:00:00+00:00,0.17409,0.0857
1990-01-05 08:00:00+00:00,0.196455,0.09575
1990-01-05 09:00:00+00:00,0.19319999999999998,0.0943
1990-01-05 10:00:00+00:00,0.1925175,0.09395
1990-01-05 11:00:00+00:00,0.1743,0.0858
1990-01-05 12:00:00+00:00,0.17146499999999998,0.08455
1990-01-05 13:00:00+00:00,0.17451,0.0859
1990-01-05 14:00:00+00:00,0.185745,0.09095
1990-01-05 15:00:00+00:00,0.18989250000000002,0.0928
1990-01-05 16:00:00+00:00,0.341985,0.1578
1990-01-05 17:00:00+00:00,0.35595,0.16404999999999997
1990-01-05 18:00:00+00:00,0.347235,0.16015
1990-01-05 19:00:00+00:00,0.1869,0.09145
1990-01-05 20:00:00+00:00,0.17724,0.0871
1990-01-05 21:00:00+00:00,0.17850000000000002,0.0877
1990-01-05 22:00:00+00:00,0.16359,0.08105000000000001
1990-01-05 23:00:00+00:00,0.1659,0.08205
1990-01-06 00:00:00+00:00,0.20359499999999997,0.09895000000000001
1990-01-06 01:00:00+00:00,0.18269999999999997,0.08960000000000001
1990-01-06 02:00:00+00:00,0.162225,0.08045
1990-01-06 03:00:00+00:00,0.15456,0.077
1990-01-06 04:00:00+00:00,0.15456,0.077
1990-01-06 05:00:00+00:00,0.15424500000000002,0.07685
1990-01-06 06:00:00+00:00,0.15592499999999998,0.0776
1990-01-06 07:00:00+00:00,0.17198999999999998,0.0848
1990-01-06 08:00:00+00:00,0.174825,0.08605
1990-01-06 09:00:00+00:00,0.178605,0.08775
1990-01-06 10:00:00+00:00,0.18375,0.09005000000000002
1990-01-06 11:00:00+00:00,0.19194,0.0937
1990-01-06 12:00:00+00:00,0.18480000000000002,0.0905
1990-01-06 13:00:00+00:00,0.176505,0.08685
1990-01-06 14:00:00+00:00,0.1659,0.08205
1990-01-06 15:00:00+00:00,0.189735,0.0927
1990-01-06 16:00:00+00:00,0.3544275,0.16335
1990-01-06 17:00:00+00:00,0.36645,0.16875
1990-01-06 18:00:00+00:00,0.3675,0.1692
1990-01-06 19:00:00+00:00,0.19215,0.0938
1990-01-06 20:00:00+00:00,0.19005,0.09290000000000001
1990-01-06 21:00:00+00:00,0.188895,0.09235
1990-01-06 22:00:00+00:00,0.17955,0.08815
1990-01-06 23:00:00+00:00,0.16390500000000002,0.0812
1990-01-07 00:00:00+00:00,0.16852499999999998,0.08324999999999999
1990-01-07 01:00:00+00:00,0.17556,0.0864
1990-01-07 02:00:00+00:00,0.15162,0.07565
1990-01-07 03:00:00+00:00,0.150255,0.07505
1990-01-07 04:00:00+00:00,0.14112,0.07100000000000001
1990-01-07 05:00:00+00:00,0.15046500000000002,0.07515
1990-01-07 06:00:00+00:00,0.15687,0.07799999999999999
1990-01-07 07:00:00+00:00,0.17167499999999997,0.08465
1990-01-07 08:00:00+00:00,0.18375,0.09004999999999999
1990-01-07 09:00:00+00:00,0.17198999999999998,0.0848
1990-01-07 10:00:00+00:00,0.17514,0.0862
1990-01-07 11:00:00+00:00,0.169995,0.0839
1990-01-07 12:00:00+00:00,0.196245,0.09565000000000001
1990-01-07 13:00:00+00:00,0.2058,0.09995
1990-01-07 14:00:00+00:00,0.18059999999999998,0.08864999999999999
1990-01-07 15:00:00+00:00,0.19508999999999999,0.09509999999999999
1990-01-07 16:00:00+00:00,0.36540000000000006,0.16824999999999998
1990-01-07 17:00:00+00:00,0.368445,0.16965
1990-01-07 18:00:00+00:00,0.356265,0.1642
1990-01-07 19:00:00+00:00,0.19383,0.09455
1990-01-07 20:00:00+00:00,0.182595,0.08954999999999999
1990-01-07 21:00:00+00:00,0.18018,0.08845
1990-01-07 22:00:00+00:00,0.15981,0.07935
1990-01-07 23:00:00+00:00,0.17115,0.08445
1990-01-08 00:00:00+00:00,0.17083500000000001,0.08429999999999999
1990-01-08 01:00:00+00:00,0.16705499999999998,0.08255
1990-01-08 02:00:00+00:00,0.164115,0.08124999999999999
1990-01-08 03:00:00+00:00,0.15718500000000002,0.07815
1990-01-08 04:00:00+00:00,0.158445,0.07875000000000001
1990-01-08 05:00:00+00:00,0.15960000000000002,0.07925
1990-01-08 06:00:00+00:00,0.182175,0.08935
1990-01-08 07:00:00+00:00,0.20044499999999998,0.0975
1990-01-08 08:00:00+00:00,0.1995,0.09709999999999999
1990-01-08 09:00:00+00:00,0.19551000000000002,0.0953
1990-01-08 10:00:00+00:00,0.18637499999999999,0.0912
1990-01-08 11:00:00+00:00,0.16904999999999998,0.08345
1990-01-08 12:00:00+00:00,0.175875,0.08654999999999999
1990-01-08 13:00:00+00:00,0.18269999999999997,0.08954999999999999
1990-01-08 14:00:00+00:00,0.18921,0.0925
1990-01-08 15:00:00+00:00,0.21525,0.10414999999999999
1990-01-08 16:00:00+00:00,0.38556,0.17729999999999999
1990-01-08 17:00:00+00:00,0.37065000000000003,0.17060000000000003
1990-01-08 18:00:00+00:00,0.36288,0.16709999999999997
1990-01-08 19:00:00+00:00,0.18984,0.09275
1990-01-08 20:00:00+00:00,0.18264750000000002,0.0896
1990-01-08 21:00:00+00:00,0.17282999999999998,0.08515
1990-01-08 22:00:00+00:00,0.16065,0.07975
1990-01-08 23:00:00+00:00,0.146265,0.0733
1990-01-09 00:00:00+00:00,0.14826,0.0742
1990-01-09 01:00:00+00:00,0.14847,0.0743
1990-01-09 02:00:00+00:00,0.14762999999999998,0.0739
1990-01-09 03:00:00+00:00,0.14468999999999999,0.07255
1990-01-09 04:00:00+00:00,0.150675,0.07525
1990-01-09 05:00:00+00:00,0.14700000000000002,0.0736
1990-01-09 06:00:00+00:00,0.15225,0.07594999999999999
1990-01-09 07:00:00+00:00,0.20055,0.09755
1990-01-09 08:00:00+00:00,0.2109975,0.10225000000000001
1990-01-09 09:00:00+00:00,0.18984,0.0928
1990-01-09 10:00:00+00:00,0.18480000000000002,0.09055
1990-01-09 11:00:00+00:00,0.17786999999999997,0.08745
1990-01-09 12:00:00+00:00,0.17514,0.0862
1990-01-09 13:00:00+00:00,0.178395,0.08765
1990-01-09 14:00:00+00:00,0.193935,0.0946
1990-01-09 15:00:00+00:00,0.20727,0.10060000000000001
1990-01-09 16:00:00+00:00,0.391755,0.18005
1990-01-09 17:00:00+00:00,0.37337999999999993,0.17185
1990-01-09 18:00:00+00:00,0.384405,0.1768
1990-01-09 19:00:00+00:00,0.21756,0.10520000000000002
1990-01-09 20:00:00+00:00,0.1869,0.09145
1990-01-09 21:00:00+00:00,0.17125500000000002,0.08445
1990-01-09 22:00:00+00:00,0.15823500000000001,0.0786
1990-01-09 23:00:00+00:00,0.143115,0.07185
1990-01-10 00:00:00+00:00,0.152355,0.076
1990-01-10 01:00:00+00:00,0.145845,0.0731
1990-01-10 02:00:00+00:00,0.14322,0.0719
1990-01-10 03:00:00+00:00,0.142485,0.07155
1990-01-10 04:00:00+00:00,0.14532,0.07285
1990-01-10 05:00:00+00:00,0.14195999999999998,0.07135
1990-01-10 06:00:00+00:00,0.1785,0.0877
1990-01-10 07:00:00+00:00,0.23288999999999999,0.11205000000000001
1990-01-10 08:00:00+00:00,0.2373,0.11404999999999998
1990-01-10 09:00:00+00:00,0.21105000000000002,0.10225
1990-01-10 10:00:00+00:00,0.2037,0.09895000000000001
1990-01-10 11:00:00+00:00,0.20265,0.0985
1990-01-10 12:00:00+00:00,0.19529999999999997,0.0952
1990-01-10 13:00:00+00:00,0.17997000000000002,0.08835
1990-01-10 14:00:00+00:00,0.21,0.1018
1990-01-10 15:00:00+00:00,0.235935,0.1134
1990-01-10 16:00:00+00:00,0.39627,0.18209999999999998
1990-01-10 17:00:00+00:00,0.39175499999999996,0.18005
1990-01-10 18:00:00+00:00,0.388815,0.1787
1990-01-10 19:00:00+00:00,0.22449,0.10830000000000001
1990-01-10 20:00:00+00:00,0.19425,0.09475
1990-01-10 21:00:00+00:00,0.19771500000000003,0.0963
1990-01-10 22:00:00+00:00,0.161385,0.08005000000000001
1990-01-10 23:00:00+00:00,0.16569,0.08195
1990-01-11 00:00:00+00:00,0.154665,0.07705000000000001
1990-01-11 01:00:00+00:00,0.15109499999999998,0.07544999999999999
1990-01-11 02:00:00+00:00,0.14994,0.07495
1990-01-11 03:00:00+00:00,0.151515,0.07565
1990-01-11 04:00:00+00:00,0.151305,0.07555
1990-01-11 05:00:00+00:00,0.15644999999999998,0.07785
1990-01-11 06:00:00+00:00,0.19614,0.09559999999999999
1990-01-11 07:00:00+00:00,0.23520000000000002,0.11305
1990-01-11 08:00:00+00:00,0.21000000000000002,0.1018
1990-01-11 09:00:00+00:00,0.21021,0.1019
1990-01-11 10:00:00+00:00,0.19761,0.09625
1990-01-11 11:00:00+00:00,0.180915,0.08875
1990-01-11 12:00:00+00:00,0.18543,0.09085
1990-01-11 13:00:00+00:00,0.187215,0.0916
1990-01-11 14:00:00+00:00,0.20559,0.0998
1990-01-11 15:00:00+00:00,0.20895,0.10135
1990-01-11 16:00:00+00:00,0.37726499999999996,0.17354999999999998
1990-01-11 17:00:00+00:00,0.389865,0.17925000000000002
1990-01-11 18:00:00+00:00,0.37212,0.1713
1990-01-11 19:00:00+00:00,0.21546,0.10425
1990-01-11 20:00:00+00:00,0.20044499999999998,0.09755
1990-01-11 21:00:00+00:00,0.182595,0.0895
1990-01-11 22:00:00+00:00,0.157815,0.07844999999999999
1990-01-11 23:00:00+00:00,0.146265,0.07325000000000001
1990-01-12 00:00:00+00:00,0.14322000000000001,0.07189999999999999
1990-01-12 01:00:00+00:00,0.144795,0.0726
1990-01-12 02:00:00+00:00,0.14279999999999998,0.07175000000000001
1990-01-12 03:00:00+00:00,0.1428,0.0717
1990-01-12 04:00:00+00:00,0.14553000000000002,0.0729
1990-01-12 05:00:00+00:00,0.14343,0.07200000000000001
1990-01-12 06:00:00+00:00,0.18836999999999998,0.0921
1990-01-12 07:00:00+00:00,0.23541,0.1132
1990-01-12 08:00:00+00:00,0.237825,0.11424999999999999
1990-01-12 09:00:00+00:00,0.223965,0.10805000000000001
1990-01-12 10:00:00+00:00,0.20958,0.1016
1990-01-12 11:00:00+00:00,0.19802999999999998,0.09645
1990-01-12 12:00:00+00:00,0.1932,0.0943
1990-01-12 13:00:00+00:00,0.18501,0.09065
1990-01-12 14:00:00+00:00,0.19551000000000002,0.0953
1990-01-12 15:00:00+00:00,0.20811000000000002,0.10095000000000001
1990-01-12 16:00:00+00:00,0.3591,0.16544999999999999
1990-01-12 17:00:00+00:00,0.34650000000000003,0.1598
1990-01-12 18:00:00+00:00,0.34440000000000004,0.15885
1990-01-12 19:00:00+00:00,0.19572,0.09540000000000001
1990-01-12 20:00:00+00:00,0.18102000000000001,0.08880000000000002
1990-01-12 21:00:00+00:00,0.16611,0.08215
1990-01-12 22:00:00+00:00,0.1491,0.0745
1990-01-12 23:00:00+00:00,0.172305,0.08495
1990-01-13 00:00:00+00:00,0.16254000000000002,0.08055000000000001
1990-01-13 01:00:00+00:00,0.15414,0.07680000000000001
1990-01-13 02:00:00+00:00,0.14489999999999997,0.07264999999999999
1990-01-13 03:00:00+00:00,0.141435,0.0711
1990-01-13 04:00:00+00:00,0.13755,0.06935
1990-01-13 05:00:00+00:00,0.14805,0.07405
1990-01-13 06:00:00+00:00,0.14867999999999998,0.07435
1990-01-13 07:00:00+00:00,0.162225,0.0804
1990-01-13 08:00:00+00:00,0.178815,0.08785
1990-01-13 09:00:00+00:00,0.18595499999999998,0.091
1990-01-13 10:00:00+00:00,0.17598000000000003,0.08655
1990-01-13 11:00:00+00:00,0.14028000000000002,0.0706
1990-01-13 12:00:00+00:00,0.14154,0.07114999999999999
1990-01-13 13:00:00+00:00,0.14259,0.07164999999999999
1990-01-13 14:00:00+00:00,0.147,0.0736
1990-01-13 15:00:00+00:00,0.164325,0.0814
1990-01-13 16:00:00+00:00,0.35175,0.16215000000000002
1990-01-13 17:00:00+00:00,0.3528,0.16260000000000002
1990-01-13 18:00:00+00:00,0.333585,0.15405
1990-01-13 19:00:00+00:00,0.19761,0.09625
1990-01-13 20:00:00+00:00,0.16799999999999998,0.08299999999999999
1990-01-13 21:00:00+00:00,0.1638,0.0811
1990-01-13 22:00:00+00:00,0.15245999999999998,0.07605
1990-01-13 23:00:00+00:00,0.162225,0.0804
1990-01-14 00:00:00+00:00,0.161385,0.08005000000000001
1990-01-14 01:00:00+00:00,0.16821,0.08305
1990-01-14 02:00:00+00:00,0.14742,0.0738
1990-01-14 03:00:00+00:00,0.15046500000000002,0.07515
1990-01-14 04:00:00+00:00,0.139545,0.07025
1990-01-14 05:00:00+00:00,0.13796999999999998,0.06955
1990-01-14 06:00:00+00:00,0.1407,0.0708
1990-01-14 07:00:00+00:00,0.14637,0.0733
1990-01-14 08:00:00+00:00,0.15813,0.07855000000000001
1990-01-14 09:00:00+00:00,0.17786999999999997,0.0874
1990-01-14 10:00:00+00:00,0.161175,0.07995
1990-01-14 11:00:00+00:00,0.15015,0.07500000000000001
1990-01-14 12:00:00+00:00,0.14637,0.0733
1990-01-14 13:00:00+00:00,0.16768499999999997,0.08285000000000001
1990-01-14 14:00:00+00:00,0.15298499999999998,0.0763
1990-01-14 15:00:00+00:00,0.1764,0.08675
1990-01-14 16:00:00+00:00,0.32361,0.14955000000000002
1990-01-14 17:00:00+00:00,0.336,0.15510000000000002
1990-01-14 18:00:00+00:00,0.316995,0.1466
1990-01-14 19:00:00+00:00,0.15907500000000002,0.079
1990-01-14 20:00:00+00:00,0.15162,0.07565
1990-01-14 21:00:00+00:00,0.153825,0.07665
1990-01-14 22:00:00+00:00,0.1386,0.06985
1990-01-14 23:00:00+00:00,0.142485,0.0716
1990-01-15 00:00:00+00:00,0.14269500000000002,0.07165
1990-01-15 01:00:00+00:00,0.13062,0.06625
1990-01-15 02:00:00+00:00,0.13356,0.0676
1990-01-15 03:00:00+00:00,0.13975500000000002,0.07039999999999999
1990-01-15 04:00:00+00:00,0.14112,0.071
1990-01-15 05:00:00+00:00,0.154665,0.07705000000000001
1990-01-15 06:00:00+00:00,0.1575,0.07830000000000001
1990-01-15 07:00:00+00:00,0.17860499999999999,0.08775
1990-01-15 08:00:00+00:00,0.176295,0.0867
1990-01-15 09:00:00+00:00,0.17451,0.0859
1990-01-15 10:00:00+00:00,0.157185,0.07815
1990-01-15 11:00:00+00:00,0.15939,0.07915
1990-01-15 12:00:00+00:00,0.16684500000000002,0.08249999999999999
1990-01-15 13:00:00+00:00,0.14946749999999998,0.07469999999999999
1990-01-15 14:00:00+00:00,0.16684500000000002,0.08249999999999999
1990-01-15 15:00:00+00:00,0.1722525,0.0849
1990-01-15 16:00:00+00:00,0.339675,0.15675
1990-01-15 17:00:00+00:00,0.35826,0.16505000000000003
1990-01-15 18:00:00+00:00,0.36602999999999997,0.16855
1990-01-15 19:00:00+00:00,0.20832,0.10105
1990-01-15 20:00:00+00:00,0.19614,0.0956
1990-01-15 21:00:00+00:00,0.18291,0.0897
1990-01-15 22:00:00+00:00,0.1533,0.0764
1990-01-15 23:00:00+00:00,0.13965,0.0703
1990-01-16 00:00:00+00:00,0.13450499999999999,0.068
1990-01-16 01:00:00+00:00,0.14384999999999998,0.0722
1990-01-16 02:00:00+00:00,0.14238,0.07155
1990-01-16 03:00:00+00:00,0.147,0.0736
1990-01-16 04:00:00+00:00,0.13818,0.06964999999999999
1990-01-16 05:00:00+00:00,0.156555,0.0779
1990-01-16 06:00:00+00:00,0.19267499999999999,0.094
1990-01-16 07:00:00+00:00,0.232155,0.11175
1990-01-16 08:00:00+00:00,0.23520000000000002,0.1131
1990-01-16 09:00:00+00:00,0.22469999999999998,0.10840000000000001
1990-01-16 10:00:00+00:00,0.20579999999999998,0.0999
1990-01-16 11:00:00+00:00,0.18007499999999999,0.0884
1990-01-16 12:00:00+00:00,0.17199,0.08480000000000001
1990-01-16 13:00:00+00:00,0.17535,0.0863
1990-01-16 14:00:00+00:00,0.18752999999999997,0.09175
1990-01-16 15:00:00+00:00,0.19593,0.0955
1990-01-16 16:00:00+00:00,0.3675,0.1692
1990-01-16 17:00:00+00:00,0.36319500000000005,0.16725
1990-01-16 18:00:00+00:00,0.34902,0.1609
1990-01-16 19:00:00+00:00,0.18059999999999998,0.08865
1990-01-16 20:00:00+00:00,0.16422,0.08130000000000001
1990-01-16 21:00:00+00:00,0.14736749999999998,0.0738
1990-01-16 22:00:00+00:00,0.13502999999999998,0.0682
1990-01-16 23:00:00+00:00,0.12915,0.06559999999999999
1990-01-17 00:00:00+00:00,0.13597499999999998,0.06864999999999999
1990-01-17 01:00:00+00:00,0.13713,0.06920000000000001
1990-01-17 02:00:00+00:00,0.13051500000000002,0.06620000000000001
1990-01-17 03:00:00+00:00,0.13671,0.069
1990-01-17 04:00:00+00:00,0.14049,0.07070000000000001
1990-01-17 05:00:00+00:00,0.136605,0.06895000000000001
1990-01-17 06:00:00+00:00,0.16332750000000001,0.0809
1990-01-17 07:00:00+00:00,0.176505,0.0868
1990-01-17 08:00:00+00:00,0.17661,0.08685
1990-01-17 09:00:00+00:00,0.20118,0.09784999999999999
1990-01-17 10:00:00+00:00,0.20622000000000001,0.10010000000000001
1990-01-17 11:00:00+00:00,0.20742750000000001,0.1006
1990-01-17 12:00:00+00:00,0.20664,0.1003
1990-01-17 13:00:00+00:00,0.20033999999999996,0.0975
1990-01-17 14:00:00+00:00,0.2099475,0.10175000000000001
1990-01-17 15:00:00+00:00,0.209895,0.10175
1990-01-17 16:00:00+00:00,0.361725,0.1666
1990-01-17 17:00:00+00:00,0.36078,0.16615000000000002
1990-01-17 18:00:00+00:00,0.35805,0.16494999999999999
1990-01-17 19:00:00+00:00,0.20454,0.09935
1990-01-17 20:00:00+00:00,0.18102000000000001,0.08879999999999999
1990-01-17 21:00:00+00:00,0.1656375,0.08195
1990-01-17 22:00:00+00:00,0.15288000000000002,0.07619999999999999
1990-01-17 23:00:00+00:00,0.139125,0.07005
1990-01-18 00:00:00+00:00,0.15876,0.0789
1990-01-18 01:00:00+00:00,0.153615,0.07655
1990-01-18 02:00:00+00:00,0.12967499999999998,0.06584999999999999
1990-01-18 03:00:00+00:00,0.127575,0.06489999999999999
1990-01-18 04:00:00+00:00,0.12957,0.0658
1990-01-18 05:00:00+00:00,0.137025,0.06915
1990-01-18 06:00:00+00:00,0.14710499999999999,0.07365
1990-01-18 07:00:00+00:00,0.19319999999999998,0.0943
1990-01-18 08:00:00+00:00,0.2016,0.098
1990-01-18 09:00:00+00:00,0.1995,0.09709999999999999
1990-01-18 10:00:00+00:00,0.16737,0.0827
1990-01-18 11:00:00+00:00,0.16044000000000003,0.0796
1990-01-18 12:00:00+00:00,0.1449,0.07264999999999999
1990-01-18 13:00:00+00:00,0.14826,0.07415
1990-01-18 14:00:00+00:00,0.14952,0.07475000000000001
1990-01-18 15:00:00+00:00,0.16485,0.0816
1990-01-18 16:00:00+00:00,0.32025000000000003,0.14805
1990-01-18 17:00:00+00:00,0.3182025,0.14715
1990-01-18 18:00:00+00:00,0.31379250000000003,0.14515
1990-01-18 19:00:00+00:00,0.1512,0.07544999999999999
1990-01-18 20:00:00+00:00,0.16012500000000002,0.07944999999999999
1990-01-18 21:00:00+00:00,0.1717275,0.0847
1990-01-18 22:00:00+00:00,0.13944,0.07025
1990-01-18 23:00:00+00:00,0.1281525,0.06515
1990-01-19 00:00:00+00:00,0.14495249999999998,0.07269999999999999
1990-01-19 01:00:00+00:00,0.12957000000000002,0.0658
1990-01-19 02:00:00+00:00,0.12222,0.0625
1990-01-19 03:00:00+00:00,0.12537,0.0639
1990-01-19 04:00:00+00:00,0.1323,0.067
1990-01-19 05:00:00+00:00,0.13209,0.06695000000000001
1990-01-19 06:00:00+00:00,0.17057250000000002,0.08415
1990-01-19 07:00:00+00:00,0.17739749999999999,0.08725000000000001
1990-01-19 08:00:00+00:00,0.1848,0.09050000000000001
1990-01-19 09:00:00+00:00,0.17325000000000002,0.08535000000000001
1990-01-19 10:00:00+00:00,0.15267,0.07615
1990-01-19 11:00:00+00:00,0.13755,0.06939999999999999
1990-01-19 12:00:00+00:00,0.13482,0.06815
1990-01-19 13:00:00+00:00,0.127785,0.065
1990-01-19 14:00:00+00:00,0.137445,0.0693
1990-01-19 15:00:00+00:00,0.148995,0.0745
1990-01-19 16:00:00+00:00,0.31699499999999997,0.14659999999999998
1990-01-19 17:00:00+00:00,0.32109,0.1484
1990-01-19 18:00:00+00:00,0.305025,0.14125
1990-01-19 19:00:00+00:00,0.14710499999999999,0.07365
1990-01-19 20:00:00+00:00,0.15004499999999998,0.07500000000000001
1990-01-19 21:00:00+00:00,0.14952,0.07475000000000001
1990-01-19 22:00:00+00:00,0.13566,0.06855
1990-01-19 23:00:00+00:00,0.136185,0.06875
1990-01-20 00:00:00+00:00,0.13104,0.0665
1990-01-20 01:00:00+00:00,0.12075,0.06185
1990-01-20 02:00:00+00:00,0.11739000000000001,0.06035
1990-01-20 03:00:00+00:00,0.11964749999999999,0.061349999999999995
1990-01-20 04:00:00+00:00,0.12179999999999999,0.062299999999999994
1990-01-20 05:00:00+00:00,0.1281,0.06515
1990-01-20 06:00:00+00:00,0.132825,0.06725
1990-01-20 07:00:00+00:00,0.1407,0.07075000000000001
1990-01-20 08:00:00+00:00,0.14616,0.0732
1990-01-20 09:00:00+00:00,0.15225,0.07594999999999999
1990-01-20 10:00:00+00:00,0.135765,0.0686
1990-01-20 11:00:00+00:00,0.13985999999999998,0.0704
1990-01-20 12:00:00+00:00,0.12348,0.06305
1990-01-20 13:00:00+00:00,0.13502999999999998,0.06825
1990-01-20 14:00:00+00:00,0.14295750000000002,0.0718
1990-01-20 15:00:00+00:00,0.1575,0.07830000000000001
1990-01-20 16:00:00+00:00,0.31899,0.14750000000000002
1990-01-20 17:00:00+00:00,0.32697,0.15105
1990-01-20 18:00:00+00:00,0.31206,0.1444
1990-01-20 19:00:00+00:00,0.15582000000000001,0.07755
1990-01-20 20:00:00+00:00,0.14448,0.07245
1990-01-20 21:00:00+00:00,0.13975500000000002,0.07035
1990-01-20 22:00:00+00:00,0.13555499999999998,0.0685
1990-01-20 23:00:00+00:00,0.11949000000000001,0.0613
1990-01-21 00:00:00+00:00,0.11151,0.0577
1990-01-21 01:00:00+00:00,0.109935,0.056999999999999995
1990-01-21 02:00:00+00:00,0.10258500000000001,0.0537
1990-01-21 03:00:00+00:00,0.087675,0.04705
1990-01-21 04:00:00+00:00,0.098385,0.05185
1990-01-21 05:00:00+00:00,0.09029999999999999,0.0482
1990-01-21 06:00:00+00:00,0.095235,0.05045
1990-01-21 07:00:00+00:00,0.104685,0.054650000000000004
1990-01-21 08:00:00+00:00,0.110985,0.057499999999999996
1990-01-21 09:00:00+00:00,0.11151,0.0577
1990-01-21 10:00:00+00:00,0.130725,0.0663
1990-01-21 11:00:00+00:00,0.14742,0.0738
1990-01-21 12:00:00+00:00,0.147,0.0736
1990-01-21 13:00:00+00:00,0.15225,0.07594999999999999
1990-01-21 14:00:00+00:00,0.13566,0.0685
1990-01-21 15:00:00+00:00,0.131355,0.06659999999999999
1990-01-21 16:00:00+00:00,0.291795,0.13535000000000003
1990-01-21 17:00:00+00:00,0.321405,0.14855000000000002
1990-01-21 18:00:00+00:00,0.32907,0.152
1990-01-21 19:00:00+00:00,0.158865,0.0789
1990-01-21 20:00:00+00:00,0.1444275,0.07245
1990-01-21 21:00:00+00:00,0.1487325,0.07435
1990-01-21 22:00:00+00:00,0.11907000000000001,0.0611
1990-01-21 23:00:00+00:00,0.09765,0.0515
1990-01-22 00:00:00+00:00,0.092085,0.049
1990-01-22 01:00:00+00:00,0.05502,0.03245
1990-01-22 02:00:00+00:00,0.030449999999999998,0.02145
1990-01-22 03:00:00+00:00,0.026039999999999997,0.019450000000000002
1990-01-22 04:00:00+00:00,0.02625,0.019549999999999998
1990-01-22 05:00:00+00:00,0.076965,0.042249999999999996
1990-01-22 06:00:00+00:00,0.13035750000000002,0.06615
1990-01-22 07:00:00+00:00,0.1659,0.08205000000000001
1990-01-22 08:00:00+00:00,0.1587075,0.07885
1990-01-22 09:00:00+00:00,0.162225,0.0804
1990-01-22 10:00:00+00:00,0.156555,0.0779
1990-01-22 11:00:00+00:00,0.1512,0.07550000000000001
1990-01-22 12:00:00+00:00,0.11445,0.059050000000000005
1990-01-22 13:00:00+00:00,0.10941000000000001,0.05675
1990-01-22 14:00:00+00:00,0.12174750000000001,0.062299999999999994
1990-01-22 15:00:00+00:00,0.12494999999999999,0.06369999999999999
1990-01-22 16:00:00+00:00,0.311745,0.14425
1990-01-22 17:00:00+00:00,0.33201,0.1533
1990-01-22 18:00:00+00:00,0.320565,0.1482
1990-01-22 19:00:00+00:00,0.153825,0.07665
1990-01-22 20:00:00+00:00,0.146475,0.07335
1990-01-22 21:00:00+00:00,0.130305,0.06609999999999999
1990-01-22 22:00:00+00:00,0.10584,0.0552
1990-01-22 23:00:00+00:00,0.075075,0.04145
1990-01-23 00:00:00+00:00,0.06594,0.0373
1990-01-23 01:00:00+00:00,0.071715,0.039900000000000005
1990-01-23 02:00:00+00:00,0.063,0.036000000000000004
1990-01-23 03:00:00+00:00,0.06615,0.0374
1990-01-23 04:00:00+00:00,0.071505,0.0398
1990-01-23 05:00:00+00:00,0.10289999999999999,0.05385
1990-01-23 06:00:00+00:00,0.1575,0.0783
1990-01-23 07:00:00+00:00,0.164325,0.08134999999999999
1990-01-23 08:00:00+00:00,0.166635,0.0824
1990-01-23 09:00:00+00:00,0.159495,0.0792
1990-01-23 10:00:00+00:00,0.14217000000000002,0.07145000000000001
1990-01-23 11:00:00+00:00,0.13335,0.0675
1990-01-23 12:00:00+00:00,0.13755,0.0694
1990-01-23 13:00:00+00:00,0.12894,0.0655
1990-01-23 14:00:00+00:00,0.13009500000000002,0.06605
1990-01-23 15:00:00+00:00,0.12978,0.06590000000000001
1990-01-23 16:00:00+00:00,0.29557500000000003,0.137
1990-01-23 17:00:00+00:00,0.3087,0.1429
1990-01-23 18:00:00+00:00,0.28938,0.13424999999999998
1990-01-23 19:00:00+00:00,0.13440000000000002,0.06795000000000001
1990-01-23 20:00:00+00:00,0.13104,0.06645
1990-01-23 21:00:00+00:00,0.12789,0.06505
1990-01-23 22:00:00+00:00,0.068145,0.0383
1990-01-23 23:00:00+00:00,0.023625,0.0184
1990-01-24 00:00:00+00:00,0.022994999999999998,0.018099999999999998
1990-01-24 01:00:00+00:00,0.010605,0.01255
1990-01-24 02:00:00+00:00,0.01197,0.01315
1990-01-24 03:00:00+00:00,-0.008347499999999999,0.00435
1990-01-24 04:00:00+00:00,-0.008557500000000001,0.004
1990-01-24 05:00:00+00:00,0.0441,0.02755
1990-01-24 06:00:00+00:00,0.11266500000000002,0.05825
1990-01-24 07:00:00+00:00,0.1385475,0.0698
1990-01-24 08:00:00+00:00,0.1323,0.06705
1990-01-24 09:00:00+00:00,0.13502999999999998,0.06825
1990-01-24 10:00:00+00:00,0.12327,0.06295
1990-01-24 11:00:00+00:00,0.111405,0.05765000000000001
1990-01-24 12:00:00+00:00,0.11886,0.061
1990-01-24 13:00:00+00:00,0.126735,0.0645
1990-01-24 14:00:00+00:00,0.147,0.0736
1990-01-24 15:00:00+00:00,0.1356075,0.0685
1990-01-24 16:00:00+00:00,0.290535,0.13474999999999998
1990-01-24 17:00:00+00:00,0.31227000000000005,0.14445
1990-01-24 18:00:00+00:00,0.311745,0.1442
1990-01-24 19:00:00+00:00,0.164115,0.08125
1990-01-24 20:00:00+00:00,0.15771000000000002,0.0784
1990-01-24 21:00:00+00:00,0.1440075,0.0723
1990-01-24 22:00:00+00:00,0.1449,0.07264999999999999
1990-01-24 23:00:00+00:00,0.12978,0.0659
1990-01-25 00:00:00+00:00,0.13251000000000002,0.06709999999999999
1990-01-25 01:00:00+00:00,0.15676500000000002,0.07794999999999999
1990-01-25 02:00:00+00:00,0.137235,0.06925
1990-01-25 03:00:00+00:00,0.116865,0.0601
1990-01-25 04:00:00+00:00,0.116235,0.05985
1990-01-25 05:00:00+00:00,0.13461,0.06805
1990-01-25 06:00:00+00:00,0.168,0.08299999999999999
1990-01-25 07:00:00+00:00,0.18248999999999999,0.08945
1990-01-25 08:00:00+00:00,0.17262,0.0851
1990-01-25 09:00:00+00:00,0.15056999999999998,0.07519999999999999
1990-01-25 10:00:00+00:00,0.147945,0.07405
1990-01-25 11:00:00+00:00,0.13713,0.06914999999999999
1990-01-25 12:00:00+00:00,0.13870500000000002,0.06985
1990-01-25 13:00:00+00:00,0.14164500000000002,0.0712
1990-01-25 14:00:00+00:00,0.14805000000000001,0.07405
1990-01-25 15:00:00+00:00,0.1461075,0.0732
1990-01-25 16:00:00+00:00,0.29925,0.13865
1990-01-25 17:00:00+00:00,0.32465999999999995,0.15
1990-01-25 18:00:00+00:00,0.31652250000000004,0.1464
1990-01-25 19:00:00+00:00,0.14742,0.0738
1990-01-25 20:00:00+00:00,0.14175,0.07125000000000001
1990-01-25 21:00:00+00:00,0.129255,0.06564999999999999
1990-01-25 22:00:00+00:00,0.107415,0.05585
1990-01-25 23:00:00+00:00,0.106575,0.05550000000000001
1990-01-26 00:00:00+00:00,0.0966,0.05105
1990-01-26 01:00:00+00:00,0.084315,0.04555
1990-01-26 02:00:00+00:00,0.08043,0.0438
1990-01-26 03:00:00+00:00,0.073395,0.04065
1990-01-26 04:00:00+00:00,0.08378999999999999,0.0453
1990-01-26 05:00:00+00:00,0.10416,0.054400000000000004
1990-01-26 06:00:00+00:00,0.13293,0.0673
1990-01-26 07:00:00+00:00,0.145845,0.07305
1990-01-26 08:00:00+00:00,0.15981,0.0793
1990-01-26 09:00:00+00:00,0.15350999999999998,0.0765
1990-01-26 10:00:00+00:00,0.12043500000000001,0.0617
1990-01-26 11:00:00+00:00,0.11151,0.05775000000000001
1990-01-26 12:00:00+00:00,0.10542,0.055
1990-01-26 13:00:00+00:00,0.10153499999999999,0.053250000000000006
1990-01-26 14:00:00+00:00,0.109935,0.057
1990-01-26 15:00:00+00:00,0.12516,0.0638
1990-01-26 16:00:00+00:00,0.28381500000000004,0.13169999999999998
1990-01-26 17:00:00+00:00,0.321195,0.14850000000000002
1990-01-26 18:00:00+00:00,0.31899,0.1475
1990-01-26 19:00:00+00:00,0.15907500000000002,0.079
1990-01-26 20:00:00+00:00,0.13272,0.0672
1990-01-26 21:00:00+00:00,0.13870500000000002,0.06985
1990-01-26 22:00:00+00:00,0.1323,0.06705
1990-01-26 23:00:00+00:00,0.115395,0.05945
1990-01-27 00:00:00+00:00,0.11634,0.059899999999999995
1990-01-27 01:00:00+00:00,0.11360999999999999,0.05865
1990-01-27 02:00:00+00:00,0.10919999999999999,0.0567
1990-01-27 03:00:00+00:00,0.10783500000000001,0.0561
1990-01-27 04:00:00+00:00,0.10836000000000001,0.0563
1990-01-27 05:00:00+00:00,0.109515,0.0568
1990-01-27 06:00:00+00:00,0.126525,0.0644
1990-01-27 07:00:00+00:00,0.13366499999999998,0.06764999999999999
1990-01-27 08:00:00+00:00,0.1491,0.07455
1990-01-27 09:00:00+00:00,0.1512,0.0755
1990-01-27 10:00:00+00:00,0.1236375,0.06315
1990-01-27 11:00:00+00:00,0.105,0.0548
1990-01-27 12:00:00+00:00,0.10142999999999999,0.0532
1990-01-27 13:00:00+00:00,0.1008,0.0529
1990-01-27 14:00:00+00:00,0.12872999999999998,0.0654
1990-01-27 15:00:00+00:00,0.147,0.0736
1990-01-27 16:00:00+00:00,0.3024,0.14005
1990-01-27 17:00:00+00:00,0.32549999999999996,0.15039999999999998
1990-01-27 18:00:00+00:00,0.31269,0.1447
1990-01-27 19:00:00+00:00,0.14952,0.07474999999999998
1990-01-27 20:00:00+00:00,0.13293,0.0673
1990-01-27 21:00:00+00:00,0.12831,0.06520000000000001
1990-01-27 22:00:00+00:00,0.12369,0.06315
1990-01-27 23:00:00+00:00,0.10605,0.0553
1990-01-28 00:00:00+00:00,0.098175,0.05175
1990-01-28 01:00:00+00:00,0.08840999999999999,0.04735
1990-01-28 02:00:00+00:00,0.0882,0.04725
1990-01-28 03:00:00+00:00,0.07497000000000001,0.04135
1990-01-28 04:00:00+00:00,0.064365,0.0366
1990-01-28 05:00:00+00:00,0.092085,0.049
1990-01-28 06:00:00+00:00,0.106785,0.055600000000000004
1990-01-28 07:00:00+00:00,0.09723,0.05135000000000001
1990-01-28 08:00:00+00:00,0.1029,0.0539
1990-01-28 09:00:00+00:00,0.088515,0.0474
1990-01-28 10:00:00+00:00,0.08883,0.04755
1990-01-28 11:00:00+00:00,0.07098,0.03955
1990-01-28 12:00:00+00:00,0.07035,0.03925
1990-01-28 13:00:00+00:00,0.06919499999999999,0.0388
1990-01-28 14:00:00+00:00,0.084,0.0454
1990-01-28 15:00:00+00:00,0.112875,0.05835
1990-01-28 16:00:00+00:00,0.28371,0.1317
1990-01-28 17:00:00+00:00,0.316575,0.14639999999999997
1990-01-28 18:00:00+00:00,0.2772,0.12875
1990-01-28 19:00:00+00:00,0.13755,0.06935
1990-01-28 20:00:00+00:00,0.126,0.06420000000000001
1990-01-28 21:00:00+00:00,0.11854499999999998,0.06085
1990-01-28 22:00:00+00:00,0.105,0.0548
1990-01-28 23:00:00+00:00,0.11655,0.05995
1990-01-29 00:00:00+00:00,0.11487,0.05925
1990-01-29 01:00:00+00:00,0.13167,0.06675
1990-01-29 02:00:00+00:00,0.14762999999999998,0.07390000000000001
1990-01-29 03:00:00+00:00,0.16485,0.0816
1990-01-29 04:00:00+00:00,0.146055,0.07314999999999999
1990-01-29 05:00:00+00:00,0.13146,0.06665
1990-01-29 06:00:00+00:00,0.15960000000000002,0.07925
1990-01-29 07:00:00+00:00,0.1491,0.07455
1990-01-29 08:00:00+00:00,0.14673750000000002,0.07350000000000001
1990-01-29 09:00:00+00:00,0.155715,0.0775
1990-01-29 10:00:00+00:00,0.15309,0.07635
1990-01-29 11:00:00+00:00,0.139965,0.07045
1990-01-29 12:00:00+00:00,0.133245,0.06745
1990-01-29 13:00:00+00:00,0.1343475,0.0679
1990-01-29 14:00:00+00:00,0.14994,0.0749
1990-01-29 15:00:00+00:00,0.1533,0.0764
1990-01-29 16:00:00+00:00,0.321195,0.1485
1990-01-29 17:00:00+00:00,0.32235,0.149
1990-01-29 18:00:00+00:00,0.31184999999999996,0.14429999999999998
1990-01-29 19:00:00+00:00,0.1407,0.07075
1990-01-29 20:00:00+00:00,0.129045,0.06555
1990-01-29 21:00:00+00:00,0.13524,0.06835
1990-01-29 22:00:00+00:00,0.1466325,0.07339999999999999
1990-01-29 23:00:00+00:00,0.13377,0.06765
1990-01-30 00:00:00+00:00,0.138285,0.0697
1990-01-30 01:00:00+00:00,0.12012,0.061549999999999994
1990-01-30 02:00:00+00:00,0.11634,0.05985
1990-01-30 03:00:00+00:00,0.11130000000000001,0.0576
1990-01-30 04:00:00+00:00,0.123795,0.06325
1990-01-30 05:00:00+00:00,0.13104,0.06645
1990-01-30 06:00:00+00:00,0.147,0.0736
1990-01-30 07:00:00+00:00,0.1617,0.0802
1990-01-30 08:00:00+00:00,0.16212,0.08035
1990-01-30 09:00:00+00:00,0.15456,0.077
1990-01-30 10:00:00+00:00,0.138705,0.06985
1990-01-30 11:00:00+00:00,0.13440000000000002,0.06795
1990-01-30 12:00:00+00:00,0.124845,0.0637
1990-01-30 13:00:00+00:00,0.13545000000000001,0.06845000000000001
1990-01-30 14:00:00+00:00,0.14458500000000002,0.0725
1990-01-30 15:00:00+00:00,0.14826,0.07415
1990-01-30 16:00:00+00:00,0.31284750000000006,0.14475
1990-01-30 17:00:00+00:00,0.31993499999999997,0.14795
1990-01-30 18:00:00+00:00,0.3318,0.1532
1990-01-30 19:00:00+00:00,0.169995,0.0839
1990-01-30 20:00:00+00:00,0.15539999999999998,0.07735
1990-01-30 21:00:00+00:00,0.15130500000000002,0.0755
1990-01-30 22:00:00+00:00,0.12578999999999999,0.06409999999999999
1990-01-30 23:00:00+00:00,0.13786500000000002,0.0695
1990-01-31 00:00:00+00:00,0.13671,0.069
1990-01-31 01:00:00+00:00,0.13881,0.06995000000000001
1990-01-31 02:00:00+00:00,0.12641999999999998,0.0644
1990-01-31 03:00:00+00:00,0.122115,0.06244999999999999
1990-01-31 04:00:00+00:00,0.11949,0.0613
1990-01-31 05:00:00+00:00,0.1155,0.059500000000000004
1990-01-31 06:00:00+00:00,0.13019999999999998,0.06609999999999999
1990-01-31 07:00:00+00:00,0.158865,0.0789
1990-01-31 08:00:00+00:00,0.16421999999999998,0.0813
1990-01-31 09:00:00+00:00,0.15219749999999999,0.07594999999999999
1990-01-31 10:00:00+00:00,0.13545000000000001,0.06845000000000001
1990-01-31 11:00:00+00:00,0.126,0.06420000000000001
1990-01-31 12:00:00+00:00,0.13009500000000002,0.06605
1990-01-31 13:00:00+00:00,0.1221675,0.0625
1990-01-31 14:00:00+00:00,0.12957000000000002,0.0658
1990-01-31 15:00:00+00:00,0.12852,0.06535
1990-01-31 16:00:00+00:00,0.30618,0.14175
1990-01-31 17:00:00+00:00,0.31132499999999996,0.14405
1990-01-31 18:00:00+00:00,0.30555,0.14145000000000002
1990-01-31 19:00:00+00:00,0.142065,0.0714
1990-01-31 20:00:00+00:00,0.132195,0.067
1990-01-31 21:00:00+00:00,0.126945,0.06459999999999999
1990-01-31 22:00:00+00:00,0.10164000000000001,0.0533
1990-01-31 23:00:00+00:00,0.09334499999999998,0.049600000000000005
1990-02-01 00:00:00+00:00,0.09245249999999999,0.04915
1990-02-01 01:00:00+00:00,0.093555,0.049699999999999994
1990-02-01 02:00:00+00:00,0.09219,0.049049999999999996
1990-02-01 03:00:00+00:00,0.088515,0.0474
1990-02-01 04:00:00+00:00,0.094395,0.05005
1990-02-01 05:00:00+00:00,0.120645,0.061799999999999994
1990-02-01 06:00:00+00:00,0.15056999999999998,0.0752
1990-02-01 07:00:00+00:00,0.17409,0.08575
1990-02-01 08:00:00+00:00,0.17146499999999998,0.08455
1990-02-01 09:00:00+00:00,0.15876,0.07885
1990-02-01 10:00:00+00:00,0.14332499999999998,0.07195000000000001
1990-02-01 11:00:00+00:00,0.13335,0.0675
1990-02-01 12:00:00+00:00,0.12179999999999999,0.062299999999999994
1990-02-01 13:00:00+00:00,0.125475,0.064
1990-02-01 14:00:00+00:00,0.13881,0.0699
1990-02-01 15:00:00+00:00,0.13923,0.07015
1990-02-01 16:00:00+00:00,0.313425,0.14495000000000002
1990-02-01 17:00:00+00:00,0.32361,0.14955000000000002
1990-02-01 18:00:00+00:00,0.31237499999999996,0.1445
1990-02-01 19:00:00+00:00,0.15235500000000002,0.07595
1990-02-01 20:00:00+00:00,0.14742,0.0738
1990-02-01 21:00:00+00:00,0.151095,0.07544999999999999
1990-02-01 22:00:00+00:00,0.126105,0.06425
1990-02-01 23:00:00+00:00,0.11087999999999999,0.0574
1990-02-02 00:00:00+00:00,0.10542,0.055
1990-02-02 01:00:00+00:00,0.098175,0.051750000000000004
1990-02-02 02:00:00+00:00,0.10289999999999999,0.05385
1990-02-02 03:00:00+00:00,0.100275,0.0527
1990-02-02 04:00:00+00:00,0.10101,0.053
1990-02-02 05:00:00+00:00,0.09754499999999999,0.051449999999999996
1990-02-02 06:00:00+00:00,0.13607999999999998,0.0687
1990-02-02 07:00:00+00:00,0.14952,0.07475
1990-02-02 08:00:00+00:00,0.15015,0.075
1990-02-02 09:00:00+00:00,0.15225,0.07594999999999999
1990-02-02 10:00:00+00:00,0.145005,0.0727
1990-02-02 11:00:00+00:00,0.12768000000000002,0.06495000000000001
1990-02-02 12:00:00+00:00,0.12495,0.0637
1990-02-02 13:00:00+00:00,0.11812500000000001,0.06069999999999999
1990-02-02 14:00:00+00:00,0.11508,0.059300000000000005
1990-02-02 15:00:00+00:00,0.11466,0.0591
1990-02-02 16:00:00+00:00,0.2814,0.13065
1990-02-02 17:00:00+00:00,0.30765,0.1424
1990-02-02 18:00:00+00:00,0.302715,0.1402
1990-02-02 19:00:00+00:00,0.15855000000000002,0.07875
1990-02-02 20:00:00+00:00,0.118335,0.06075
1990-02-02 21:00:00+00:00,0.10289999999999999,0.05385
1990-02-02 22:00:00+00:00,0.08316,0.045
1990-02-02 23:00:00+00:00,0.049665,0.03
1990-02-03 00:00:00+00:00,0.06552,0.037149999999999996
1990-02-03 01:00:00+00:00,0.04520250000000001,0.028000000000000004
1990-02-03 02:00:00+00:00,0.00609,0.01055
1990-02-03 03:00:00+00:00,0.0084,0.011550000000000001
1990-02-03 04:00:00+00:00,0.029504999999999997,0.02105
1990-02-03 05:00:00+00:00,0.045045,0.027950000000000003
1990-02-03 06:00:00+00:00,0.06467999999999999,0.036750000000000005
1990-02-03 07:00:00+00:00,0.08778,0.0471
1990-02-03 08:00:00+00:00,0.123375,0.06305000000000001
1990-02-03 09:00:00+00:00,0.120225,0.061649999999999996
1990-02-03 10:00:00+00:00,0.12999,0.066
1990-02-03 11:00:00+00:00,0.121485,0.06219999999999999
1990-02-03 12:00:00+00:00,0.128205,0.0652
1990-02-03 13:00:00+00:00,0.12284999999999999,0.06280000000000001
1990-02-03 14:00:00+00:00,0.1155,0.059500000000000004
1990-02-03 15:00:00+00:00,0.10479,0.0547
1990-02-03 16:00:00+00:00,0.3003,0.1391
1990-02-03 17:00:00+00:00,0.32150999999999996,0.1486
1990-02-03 18:00:00+00:00,0.31562999999999997,0.14595000000000002
1990-02-03 19:00:00+00:00,0.13649999999999998,0.0689
1990-02-03 20:00:00+00:00,0.1197,0.0614
1990-02-03 21:00:00+00:00,0.10389749999999999,0.0543
1990-02-03 22:00:00+00:00,0.079065,0.0432
1990-02-03 23:00:00+00:00,0.07665,0.0421
1990-02-04 00:00:00+00:00,0.0441,0.027549999999999998
1990-02-04 01:00:00+00:00,0.017849999999999998,0.01575
1990-02-04 02:00:00+00:00,0.0126,0.01345
1990-02-04 03:00:00+00:00,0.0063,0.0106
1990-02-04 04:00:00+00:00,0.00168,0.00855
1990-02-04 05:00:00+00:00,0.0,0.0078000000000000005
1990-02-04 06:00:00+00:00,0.019424999999999998,0.0165
1990-02-04 07:00:00+00:00,0.011550000000000001,0.012949999999999998
1990-02-04 08:00:00+00:00,0.017849999999999998,0.0158
1990-02-04 09:00:00+00:00,0.044835,0.02785
1990-02-04 10:00:00+00:00,0.051765000000000005,0.03095
1990-02-04 11:00:00+00:00,0.075705,0.0417
1990-02-04 12:00:00+00:00,0.082425,0.0447
1990-02-04 13:00:00+00:00,0.07707,0.042300000000000004
1990-02-04 14:00:00+00:00,0.0756,0.04165
1990-02-04 15:00:00+00:00,0.08652,0.046549999999999994
1990-02-04 16:00:00+00:00,0.273525,0.12715
1990-02-04 17:00:00+00:00,0.30135,0.1396
1990-02-04 18:00:00+00:00,0.308385,0.14275
1990-02-04 19:00:00+00:00,0.13891499999999998,0.07
1990-02-04 20:00:00+00:00,0.09471,0.0502
1990-02-04 21:00:00+00:00,0.07392,0.0409
1990-02-04 22:00:00+00:00,0.060480000000000006,0.03485
1990-02-04 23:00:00+00:00,0.0168,0.0153
1990-02-05 00:00:00+00:00,-0.00525,0.00625
1990-02-05 01:00:00+00:00,-0.002939999999999999,0.006500000000000001
1990-02-05 02:00:00+00:00,0.0042,0.0097
1990-02-05 03:00:00+00:00,-0.01596,0.0025
1990-02-05 04:00:00+00:00,-0.00819,0.00415
1990-02-05 05:00:00+00:00,0.06384000000000001,0.0364
1990-02-05 06:00:00+00:00,0.14762999999999998,0.0739
1990-02-05 07:00:00+00:00,0.15015,0.07505
1990-02-05 08:00:00+00:00,0.159285,0.0791
1990-02-05 09:00:00+00:00,0.14279999999999998,0.07175000000000001
1990-02-05 10:00:00+00:00,0.140595,0.07075000000000001
1990-02-05 11:00:00+00:00,0.15078000000000003,0.07525
1990-02-05 12:00:00+00:00,0.14195999999999998,0.07135
1990-02-05 13:00:00+00:00,0.14049,0.0707
1990-02-05 14:00:00+00:00,0.13377,0.06765
1990-02-05 15:00:00+00:00,0.13356,0.06755
1990-02-05 16:00:00+00:00,0.29925,0.13865
1990-02-05 17:00:00+00:00,0.31667999999999996,0.14645
1990-02-05 18:00:00+00:00,0.30366,0.1406
1990-02-05 19:00:00+00:00,0.1491,0.07455
1990-02-05 20:00:00+00:00,0.130305,0.0661
1990-02-05 21:00:00+00:00,0.08568,0.04615
1990-02-05 22:00:00+00:00,0.06132,0.03525
1990-02-05 23:00:00+00:00,0.049245,0.02985
1990-02-06 00:00:00+00:00,0.036435,0.024149999999999998
1990-02-06 01:00:00+00:00,0.023782499999999998,0.01845
1990-02-06 02:00:00+00:00,0.0231,0.0181
1990-02-06 03:00:00+00:00,0.017115,0.01545
1990-02-06 04:00:00+00:00,0.04032,0.025849999999999998
1990-02-06 05:00:00+00:00,0.08232,0.044649999999999995
1990-02-06 06:00:00+00:00,0.12075,0.06185
1990-02-06 07:00:00+00:00,0.14931,0.0746
1990-02-06 08:00:00+00:00,0.14384999999999998,0.0722
1990-02-06 09:00:00+00:00,0.14489999999999997,0.07264999999999999
1990-02-06 10:00:00+00:00,0.13608,0.0687
1990-02-06 11:00:00+00:00,0.14112000000000002,0.07095
1990-02-06 12:00:00+00:00,0.140595,0.07075000000000001
1990-02-06 13:00:00+00:00,0.14269500000000002,0.07164999999999999
1990-02-06 14:00:00+00:00,0.143745,0.07215
1990-02-06 15:00:00+00:00,0.13104,0.06645000000000001
1990-02-06 16:00:00+00:00,0.293055,0.1359
1990-02-06 17:00:00+00:00,0.310905,0.14384999999999998
1990-02-06 18:00:00+00:00,0.31836,0.1472
1990-02-06 19:00:00+00:00,0.184485,0.09035
1990-02-06 20:00:00+00:00,0.17009999999999997,0.08395
1990-02-06 21:00:00+00:00,0.1575,0.07830000000000001
1990-02-06 22:00:00+00:00,0.1365,0.06889999999999999
1990-02-06 23:00:00+00:00,0.12768000000000002,0.06495000000000001
1990-02-07 00:00:00+00:00,0.14605500000000002,0.07314999999999999
1990-02-07 01:00:00+00:00,0.145005,0.07269999999999999
1990-02-07 02:00:00+00:00,0.14090999999999998,0.07089999999999999
1990-02-07 03:00:00+00:00,0.13104,0.06645000000000001
1990-02-07 04:00:00+00:00,0.130305,0.06615000000000001
1990-02-07 05:00:00+00:00,0.127365,0.06485
1990-02-07 06:00:00+00:00,0.15624,0.07775
1990-02-07 07:00:00+00:00,0.161385,0.08005
1990-02-07 08:00:00+00:00,0.17167500000000002,0.08465
1990-02-07 09:00:00+00:00,0.16873500000000002,0.0833
1990-02-07 10:00:00+00:00,0.14931,0.07465
1990-02-07 11:00:00+00:00,0.137655,0.06945
1990-02-07 12:00:00+00:00,0.13608,0.06875
1990-02-07 13:00:00+00:00,0.143955,0.07225000000000001
1990-02-07 14:00:00+00:00,0.15918,0.07905000000000001
1990-02-07 15:00:00+00:00,0.16548000000000002,0.08185
1990-02-07 16:00:00+00:00,0.364035,0.16765000000000002
1990-02-07 17:00:00+00:00,0.38314499999999996,0.17620000000000002
1990-02-07 18:00:00+00:00,0.34314,0.1583
1990-02-07 19:00:00+00:00,0.19845,0.09665
1990-02-07 20:00:00+00:00,0.156765,0.078
1990-02-07 21:00:00+00:00,0.14805,0.0741
1990-02-07 22:00:00+00:00,0.15099,0.0754
1990-02-07 23:00:00+00:00,0.13387500000000002,0.06775
1990-02-08 00:00:00+00:00,0.13440000000000002,0.068
1990-02-08 01:00:00+00:00,0.13450499999999999,0.06805
1990-02-08 02:00:00+00:00,0.127575,0.06495000000000001
1990-02-08 03:00:00+00:00,0.127575,0.06495000000000001
1990-02-08 04:00:00+00:00,0.12421499999999999,0.0634
1990-02-08 05:00:00+00:00,0.129465,0.06575
1990-02-08 06:00:00+00:00,0.15498,0.07715
1990-02-08 07:00:00+00:00,0.18669000000000002,0.09135
1990-02-08 08:00:00+00:00,0.186795,0.0914
1990-02-08 09:00:00+00:00,0.161385,0.08005
1990-02-08 10:00:00+00:00,0.15855,0.07880000000000001
1990-02-08 11:00:00+00:00,0.149625,0.0748
1990-02-08 12:00:00+00:00,0.148995,0.0745
1990-02-08 13:00:00+00:00,0.158445,0.0787
1990-02-08 14:00:00+00:00,0.14952,0.07475
1990-02-08 15:00:00+00:00,0.147735,0.0739
1990-02-08 16:00:00+00:00,0.288855,0.134
1990-02-08 17:00:00+00:00,0.299355,0.1387
1990-02-08 18:00:00+00:00,0.2889075,0.134
1990-02-08 19:00:00+00:00,0.1512,0.07544999999999999
1990-02-08 20:00:00+00:00,0.14269500000000002,0.0717
1990-02-08 21:00:00+00:00,0.1365,0.06889999999999999
1990-02-08 22:00:00+00:00,0.114975,0.059250000000000004
1990-02-08 23:00:00+00:00,0.098805,0.052000000000000005
1990-02-09 00:00:00+00:00,0.087465,0.046950000000000006
1990-02-09 01:00:00+00:00,0.0806925,0.0439
1990-02-09 02:00:00+00:00,0.0693,0.0388
1990-02-09 03:00:00+00:00,0.06846,0.03845
1990-02-09 04:00:00+00:00,0.0617925,0.03545
1990-02-09 05:00:00+00:00,0.08746499999999999,0.04695
1990-02-09 06:00:00+00:00,0.126,0.06420000000000001
1990-02-09 07:00:00+00:00,0.1407,0.0708
1990-02-09 08:00:00+00:00,0.14028000000000002,0.07055
1990-02-09 09:00:00+00:00,0.143115,0.07185
1990-02-09 10:00:00+00:00,0.1397025,0.07035
1990-02-09 11:00:00+00:00,0.14238,0.07155
1990-02-09 12:00:00+00:00,0.15687,0.078
1990-02-09 13:00:00+00:00,0.15056999999999998,0.0752
1990-02-09 14:00:00+00:00,0.142905,0.07175000000000001
1990-02-09 15:00:00+00:00,0.150675,0.07525
1990-02-09 16:00:00+00:00,0.3003,0.1391
1990-02-09 17:00:00+00:00,0.30513,0.14129999999999998
1990-02-09 18:00:00+00:00,0.31457999999999997,0.1455
1990-02-09 19:00:00+00:00,0.15487499999999998,0.0771
1990-02-09 20:00:00+00:00,0.1533,0.07644999999999999
1990-02-09 21:00:00+00:00,0.15162,0.0757
1990-02-09 22:00:00+00:00,0.13965,0.07035
1990-02-09 23:00:00+00:00,0.11481749999999999,0.0592
1990-02-10 00:00:00+00:00,0.114555,0.05905
1990-02-10 01:00:00+00:00,0.12326999999999999,0.06295
1990-02-10 02:00:00+00:00,0.1230075,0.06285
1990-02-10 03:00:00+00:00,0.12159,0.0622
1990-02-10 04:00:00+00:00,0.1355025,0.06845
1990-02-10 05:00:00+00:00,0.12579,0.0641
1990-02-10 06:00:00+00:00,0.14489999999999997,0.07264999999999999
1990-02-10 07:00:00+00:00,0.14175,0.07125000000000001
1990-02-10 08:00:00+00:00,0.14279999999999998,0.07175000000000001
1990-02-10 09:00:00+00:00,0.13954499999999997,0.0703
1990-02-10 10:00:00+00:00,0.14406,0.0723
1990-02-10 11:00:00+00:00,0.1407,0.0708
1990-02-10 12:00:00+00:00,0.1554,0.07735
1990-02-10 13:00:00+00:00,0.1386,0.06985
1990-02-10 14:00:00+00:00,0.151935,0.0758
1990-02-10 15:00:00+00:00,0.149625,0.07475
1990-02-10 16:00:00+00:00,0.311955,0.14434999999999998
1990-02-10 17:00:00+00:00,0.33516,0.15475
1990-02-10 18:00:00+00:00,0.32896499999999995,0.15194999999999997
1990-02-10 19:00:00+00:00,0.16296,0.08075
1990-02-10 20:00:00+00:00,0.15624,0.07775
1990-02-10 21:00:00+00:00,0.140805,0.07085
1990-02-10 22:00:00+00:00,0.136395,0.06885
1990-02-10 23:00:00+00:00,0.13944,0.0702
1990-02-11 00:00:00+00:00,0.147735,0.07395
1990-02-11 01:00:00+00:00,0.14973,0.0748
1990-02-11 02:00:00+00:00,0.14406000000000002,0.07225
1990-02-11 03:00:00+00:00,0.13933500000000001,0.07015
1990-02-11 04:00:00+00:00,0.13167,0.06675
1990-02-11 05:00:00+00:00,0.12778499999999998,0.065
1990-02-11 06:00:00+00:00,0.13356,0.06755
1990-02-11 07:00:00+00:00,0.12852,0.06534999999999999
1990-02-11 08:00:00+00:00,0.1386,0.06985
1990-02-11 09:00:00+00:00,0.16012500000000002,0.0795
1990-02-11 10:00:00+00:00,0.160335,0.07955
1990-02-11 11:00:00+00:00,0.1575,0.07830000000000001
1990-02-11 12:00:00+00:00,0.15350999999999998,0.0765
1990-02-11 13:00:00+00:00,0.120855,0.0619
1990-02-11 14:00:00+00:00,0.11487,0.0592
1990-02-11 15:00:00+00:00,0.124635,0.06355
1990-02-11 16:00:00+00:00,0.300195,0.1391
1990-02-11 17:00:00+00:00,0.33494999999999997,0.15460000000000002
1990-02-11 18:00:00+00:00,0.3171,0.14665
1990-02-11 19:00:00+00:00,0.1638,0.08115
1990-02-11 20:00:00+00:00,0.155505,0.0774
1990-02-11 21:00:00+00:00,0.13587,0.0686
1990-02-11 22:00:00+00:00,0.11549999999999999,0.059500000000000004
1990-02-11 23:00:00+00:00,0.14269500000000002,0.0717
1990-02-12 00:00:00+00:00,0.11644499999999999,0.059899999999999995
1990-02-12 01:00:00+00:00,0.13114499999999998,0.0665
1990-02-12 02:00:00+00:00,0.12526500000000002,0.06385
1990-02-12 03:00:00+00:00,0.11235,0.058050000000000004
1990-02-12 04:00:00+00:00,0.11445,0.059
1990-02-12 05:00:00+00:00,0.128415,0.06525
1990-02-12 06:00:00+00:00,0.171045,0.08435
1990-02-12 07:00:00+00:00,0.1747725,0.08605000000000002
1990-02-12 08:00:00+00:00,0.17304,0.08524999999999999
1990-02-12 09:00:00+00:00,0.142905,0.07175
1990-02-12 10:00:00+00:00,0.12915,0.0656
1990-02-12 11:00:00+00:00,0.11109,0.057550000000000004
1990-02-12 12:00:00+00:00,0.1071,0.05575
1990-02-12 13:00:00+00:00,0.11213999999999999,0.057999999999999996
1990-02-12 14:00:00+00:00,0.12369,0.06315
1990-02-12 15:00:00+00:00,0.132405,0.06705
1990-02-12 16:00:00+00:00,0.2814,0.13065
1990-02-12 17:00:00+00:00,0.31457999999999997,0.14550000000000002
1990-02-12 18:00:00+00:00,0.30686250000000004,0.14205
1990-02-12 19:00:00+00:00,0.1575,0.07830000000000001
1990-02-12 20:00:00+00:00,0.13251000000000002,0.06709999999999999
1990-02-12 21:00:00+00:00,0.12179999999999999,0.06235
1990-02-12 22:00:00+00:00,0.1074675,0.055900000000000005
1990-02-12 23:00:00+00:00,0.12243000000000001,0.0626
1990-02-13 00:00:00+00:00,0.12915,0.0656
1990-02-13 01:00:00+00:00,0.12405749999999999,0.06334999999999999
1990-02-13 02:00:00+00:00,0.123795,0.0632
1990-02-13 03:00:00+00:00,0.12369,0.06315
1990-02-13 04:00:00+00:00,0.12579,0.0641
1990-02-13 05:00:00+00:00,0.13303500000000001,0.06735
1990-02-13 06:00:00+00:00,0.1428525,0.07175000000000001
1990-02-13 07:00:00+00:00,0.14301,0.07185
1990-02-13 08:00:00+00:00,0.140175,0.07055
1990-02-13 09:00:00+00:00,0.1365,0.0689
1990-02-13 10:00:00+00:00,0.12610500000000002,0.06425
1990-02-13 11:00:00+00:00,0.126,0.06420000000000001
1990-02-13 12:00:00+00:00,0.126525,0.06445000000000001
1990-02-13 13:00:00+00:00,0.13293,0.0673
1990-02-13 14:00:00+00:00,0.13796999999999998,0.06955
1990-02-13 15:00:00+00:00,0.147,0.0736
1990-02-13 16:00:00+00:00,0.310695,0.14375
1990-02-13 17:00:00+00:00,0.31489500000000004,0.14565
1990-02-13 18:00:00+00:00,0.31510499999999997,0.14575
1990-02-13 19:00:00+00:00,0.15435,0.0769
1990-02-13 20:00:00+00:00,0.13870500000000002,0.06985
1990-02-13 21:00:00+00:00,0.13901999999999998,0.07
1990-02-13 22:00:00+00:00,0.12978,0.0659
1990-02-13 23:00:00+00:00,0.1442175,0.07235
1990-02-14 00:00:00+00:00,0.138075,0.0696
1990-02-14 01:00:00+00:00,0.14133,0.0711
1990-02-14 02:00:00+00:00,0.12578999999999999,0.0641
1990-02-14 03:00:00+00:00,0.12117000000000001,0.062
1990-02-14 04:00:00+00:00,0.12117000000000001,0.062
1990-02-14 05:00:00+00:00,0.12306,0.06290000000000001
1990-02-14 06:00:00+00:00,0.1435875,0.0721
1990-02-14 07:00:00+00:00,0.14384999999999998,0.0722
1990-02-14 08:00:00+00:00,0.148575,0.0743
1990-02-14 09:00:00+00:00,0.15015,0.075
1990-02-14 10:00:00+00:00,0.15161999999999998,0.0757
1990-02-14 11:00:00+00:00,0.14364,0.0721
1990-02-14 12:00:00+00:00,0.13965,0.0703
1990-02-14 13:00:00+00:00,0.13492500000000002,0.06820000000000001
1990-02-14 14:00:00+00:00,0.13587,0.06865
1990-02-14 15:00:00+00:00,0.130515,0.06625
1990-02-14 16:00:00+00:00,0.2919,0.13535
1990-02-14 17:00:00+00:00,0.30282,0.14024999999999999
1990-02-14 18:00:00+00:00,0.3045,0.141
1990-02-14 19:00:00+00:00,0.13692,0.0691
1990-02-14 20:00:00+00:00,0.12857249999999998,0.06534999999999999
1990-02-14 21:00:00+00:00,0.1362375,0.0688
1990-02-14 22:00:00+00:00,0.11907000000000001,0.0611
1990-02-14 23:00:00+00:00,0.11613,0.0598
1990-02-15 00:00:00+00:00,0.11298,0.05835
1990-02-15 01:00:00+00:00,0.10626,0.05535
1990-02-15 02:00:00+00:00,0.10289999999999999,0.05385
1990-02-15 03:00:00+00:00,0.10458,0.054599999999999996
1990-02-15 04:00:00+00:00,0.10668,0.05555
1990-02-15 05:00:00+00:00,0.117705,0.0605
1990-02-15 06:00:00+00:00,0.13146,0.06665
1990-02-15 07:00:00+00:00,0.1365,0.06889999999999999
1990-02-15 08:00:00+00:00,0.13083,0.06634999999999999
1990-02-15 09:00:00+00:00,0.13272,0.06720000000000001
1990-02-15 10:00:00+00:00,0.122535,0.06265
1990-02-15 11:00:00+00:00,0.11801999999999999,0.0606
1990-02-15 12:00:00+00:00,0.1197,0.06135
1990-02-15 13:00:00+00:00,0.124005,0.0633
1990-02-15 14:00:00+00:00,0.13629,0.0688
1990-02-15 15:00:00+00:00,0.143955,0.07225000000000001
1990-02-15 16:00:00+00:00,0.30303,0.14035
1990-02-15 17:00:00+00:00,0.29799000000000003,0.1381
1990-02-15 18:00:00+00:00,0.300825,0.13935
1990-02-15 19:00:00+00:00,0.14847,0.07425
1990-02-15 20:00:00+00:00,0.12725999999999998,0.0648
1990-02-15 21:00:00+00:00,0.12227249999999999,0.0625
1990-02-15 22:00:00+00:00,0.120225,0.061649999999999996
1990-02-15 23:00:00+00:00,0.119175,0.061149999999999996
1990-02-16 00:00:00+00:00,0.11928,0.061200000000000004
1990-02-16 01:00:00+00:00,0.11235,0.0581
1990-02-16 02:00:00+00:00,0.11172,0.0578
1990-02-16 03:00:00+00:00,0.10878,0.05645
1990-02-16 04:00:00+00:00,0.108045,0.056150000000000005
1990-02-16 05:00:00+00:00,0.103215,0.054000000000000006
1990-02-16 06:00:00+00:00,0.13272,0.06720000000000001
1990-02-16 07:00:00+00:00,0.12621,0.0643
1990-02-16 08:00:00+00:00,0.13965,0.0703
1990-02-16 09:00:00+00:00,0.1308825,0.0664
1990-02-16 10:00:00+00:00,0.13019999999999998,0.06609999999999999
1990-02-16 11:00:00+00:00,0.12264,0.0627
1990-02-16 12:00:00+00:00,0.12400499999999999,0.0633
1990-02-16 13:00:00+00:00,0.12085499999999999,0.0619
1990-02-16 14:00:00+00:00,0.1197,0.061399999999999996
1990-02-16 15:00:00+00:00,0.126,0.0642
1990-02-16 16:00:00+00:00,0.27688500000000005,0.1286
1990-02-16 17:00:00+00:00,0.29274,0.13574999999999998
1990-02-16 18:00:00+00:00,0.30408,0.14079999999999998
1990-02-16 19:00:00+00:00,0.157605,0.07835
1990-02-16 20:00:00+00:00,0.14721,0.0737
1990-02-16 21:00:00+00:00,0.12684,0.06459999999999999
1990-02-16 22:00:00+00:00,0.12725999999999998,0.0648
1990-02-16 23:00:00+00:00,0.13566,0.0685
1990-02-17 00:00:00+00:00,0.13314,0.0674
1990-02-17 01:00:00+00:00,0.11949,0.06129999999999999
1990-02-17 02:00:00+00:00,0.11864999999999999,0.060899999999999996
1990-02-17 03:00:00+00:00,0.11507999999999999,0.0593
1990-02-17 04:00:00+00:00,0.11507999999999999,0.0593
1990-02-17 05:00:00+00:00,0.11507999999999999,0.0593
1990-02-17 06:00:00+00:00,0.124635,0.06359999999999999
1990-02-17 07:00:00+00:00,0.13786500000000002,0.0695
1990-02-17 08:00:00+00:00,0.14952000000000001,0.07469999999999999
1990-02-17 09:00:00+00:00,0.147,0.0736
1990-02-17 10:00:00+00:00,0.13965,0.07035
1990-02-17 11:00:00+00:00,0.12516,0.0638
1990-02-17 12:00:00+00:00,0.117285,0.0603
1990-02-17 13:00:00+00:00,0.11560499999999999,0.05954999999999999
1990-02-17 14:00:00+00:00,0.118335,0.06079999999999999
1990-02-17 15:00:00+00:00,0.121275,0.06205000000000001
1990-02-17 16:00:00+00:00,0.28539,0.13245
1990-02-17 17:00:00+00:00,0.30324,0.14045
1990-02-17 18:00:00+00:00,0.2916375,0.13524999999999998
1990-02-17 19:00:00+00:00,0.1323,0.06705
1990-02-17 20:00:00+00:00,0.12999,0.066
1990-02-17 21:00:00+00:00,0.12494999999999999,0.06369999999999999
1990-02-17 22:00:00+00:00,0.120225,0.0616
1990-02-17 23:00:00+00:00,0.09980249999999999,0.0525
1990-02-18 00:00:00+00:00,0.08599499999999999,0.04625
1990-02-18 01:00:00+00:00,0.10195499999999999,0.0534
1990-02-18 02:00:00+00:00,0.084,0.0454
1990-02-18 03:00:00+00:00,0.093135,0.0495
1990-02-18 04:00:00+00:00,0.096075,0.0508
1990-02-18 05:00:00+00:00,0.099435,0.0523
1990-02-18 06:00:00+00:00,0.11655,0.06
1990-02-18 07:00:00+00:00,0.11655,0.05995
1990-02-18 08:00:00+00:00,0.115815,0.059649999999999995
1990-02-18 09:00:00+00:00,0.12558000000000002,0.06405
1990-02-18 10:00:00+00:00,0.1407,0.0708
1990-02-18 11:00:00+00:00,0.14175,0.07125000000000001
1990-02-18 12:00:00+00:00,0.13125,0.06655
1990-02-18 13:00:00+00:00,0.12179999999999999,0.062299999999999994
1990-02-18 14:00:00+00:00,0.11592,0.0597
1990-02-18 15:00:00+00:00,0.11691750000000001,0.0601
1990-02-18 16:00:00+00:00,0.27993,0.13
1990-02-18 17:00:00+00:00,0.298935,0.1385
1990-02-18 18:00:00+00:00,0.298725,0.1384
1990-02-18 19:00:00+00:00,0.138285,0.0697
1990-02-18 20:00:00+00:00,0.11812500000000001,0.0607
1990-02-18 21:00:00+00:00,0.1265775,0.06445
1990-02-18 22:00:00+00:00,0.118335,0.06079999999999999
1990-02-18 23:00:00+00:00,0.11487,0.05925
1990-02-19 00:00:00+00:00,0.1071,0.05575
1990-02-19 01:00:00+00:00,0.09135,0.04870000000000001
1990-02-19 02:00:00+00:00,0.08925,0.04775
1990-02-19 03:00:00+00:00,0.08547,0.04605
1990-02-19 04:00:00+00:00,0.088725,0.0475
1990-02-19 05:00:00+00:00,0.11235,0.058050000000000004
1990-02-19 06:00:00+00:00,0.13072499999999998,0.0663
1990-02-19 07:00:00+00:00,0.13398,0.0678
1990-02-19 08:00:00+00:00,0.11907,0.0611
1990-02-19 09:00:00+00:00,0.11360999999999999,0.058649999999999994
1990-02-19 10:00:00+00:00,0.11298,0.0584
1990-02-19 11:00:00+00:00,0.10374,0.05425
1990-02-19 12:00:00+00:00,0.10353,0.054150000000000004
1990-02-19 13:00:00+00:00,0.10289999999999999,0.053899999999999997
1990-02-19 14:00:00+00:00,0.11529,0.0594
1990-02-19 15:00:00+00:00,0.12474,0.06364999999999998
1990-02-19 16:00:00+00:00,0.278775,0.1295
1990-02-19 17:00:00+00:00,0.29074500000000003,0.13485000000000003
1990-02-19 18:00:00+00:00,0.2889075,0.13405
1990-02-19 19:00:00+00:00,0.14805000000000001,0.07405
1990-02-19 20:00:00+00:00,0.12201000000000001,0.0624
1990-02-19 21:00:00+00:00,0.1197,0.061399999999999996
1990-02-19 22:00:00+00:00,0.112035,0.05795
1990-02-19 23:00:00+00:00,0.08946,0.047850000000000004
1990-02-20 00:00:00+00:00,0.08504999999999999,0.04585
1990-02-20 01:00:00+00:00,0.102795,0.053849999999999995
1990-02-20 02:00:00+00:00,0.0964425,0.05095
1990-02-20 03:00:00+00:00,0.09135,0.04869999999999999
1990-02-20 04:00:00+00:00,0.09628500000000001,0.0509
1990-02-20 05:00:00+00:00,0.12374249999999999,0.06319999999999999
1990-02-20 06:00:00+00:00,0.14217,0.07145
1990-02-20 07:00:00+00:00,0.152565,0.0761
1990-02-20 08:00:00+00:00,0.13356,0.0676
1990-02-20 09:00:00+00:00,0.12096,0.061950000000000005
1990-02-20 10:00:00+00:00,0.1143975,0.059050000000000005
1990-02-20 11:00:00+00:00,0.105,0.0548
1990-02-20 12:00:00+00:00,0.105,0.0548
1990-02-20 13:00:00+00:00,0.1071,0.05575
1990-02-20 14:00:00+00:00,0.11235,0.0581
1990-02-20 15:00:00+00:00,0.12411,0.06334999999999999
1990-02-20 16:00:00+00:00,0.26775,0.12455
1990-02-20 17:00:00+00:00,0.27279,0.1268
1990-02-20 18:00:00+00:00,0.292215,0.1355
1990-02-20 19:00:00+00:00,0.143955,0.07225
1990-02-20 20:00:00+00:00,0.130305,0.06609999999999999
1990-02-20 21:00:00+00:00,0.12484500000000001,0.06365
1990-02-20 22:00:00+00:00,0.11549999999999999,0.059500000000000004
1990-02-20 23:00:00+00:00,0.11592000000000001,0.059699999999999996
1990-02-21 00:00:00+00:00,0.11549999999999999,0.0595
1990-02-21 01:00:00+00:00,0.10919999999999999,0.05665
1990-02-21 02:00:00+00:00,0.080955,0.044050000000000006
1990-02-21 03:00:00+00:00,0.07712250000000001,0.0423
1990-02-21 04:00:00+00:00,0.0735,0.0407
1990-02-21 05:00:00+00:00,0.09344999999999999,0.04965
1990-02-21 06:00:00+00:00,0.12726,0.06475
1990-02-21 07:00:00+00:00,0.128205,0.06515
1990-02-21 08:00:00+00:00,0.12337500000000001,0.06305
1990-02-21 09:00:00+00:00,0.11718,0.06025
1990-02-21 10:00:00+00:00,0.11361,0.0587
1990-02-21 11:00:00+00:00,0.10794000000000001,0.0561
1990-02-21 12:00:00+00:00,0.10668,0.05555
1990-02-21 13:00:00+00:00,0.10605,0.05525
1990-02-21 14:00:00+00:00,0.10416,0.054400000000000004
1990-02-21 15:00:00+00:00,0.10206,0.053500000000000006
1990-02-21 16:00:00+00:00,0.2625,0.12219999999999999
1990-02-21 17:00:00+00:00,0.2772,0.1288
1990-02-21 18:00:00+00:00,0.29484,0.1367
1990-02-21 19:00:00+00:00,0.14279999999999998,0.07175000000000001
1990-02-21 20:00:00+00:00,0.13019999999999998,0.06609999999999999
1990-02-21 21:00:00+00:00,0.11466,0.0591
1990-02-21 22:00:00+00:00,0.06384,0.03635
1990-02-21 23:00:00+00:00,0.04725,0.028949999999999997
1990-02-22 00:00:00+00:00,0.040530000000000004,0.02595
1990-02-22 01:00:00+00:00,0.04704,0.028900000000000002
1990-02-22 02:00:00+00:00,0.05985,0.0346
1990-02-22 03:00:00+00:00,0.05502,0.03245000000000001
1990-02-22 04:00:00+00:00,0.08378999999999999,0.0453
1990-02-22 05:00:00+00:00,0.09764999999999999,0.051500000000000004
1990-02-22 06:00:00+00:00,0.11508,0.05935
1990-02-22 07:00:00+00:00,0.142065,0.07139999999999999
1990-02-22 08:00:00+00:00,0.12894,0.0655
1990-02-22 09:00:00+00:00,0.132405,0.06705
1990-02-22 10:00:00+00:00,0.12295500000000001,0.06285
1990-02-22 11:00:00+00:00,0.12789,0.06505
1990-02-22 12:00:00+00:00,0.1281,0.06509999999999999
1990-02-22 13:00:00+00:00,0.11991,0.061450000000000005
1990-02-22 14:00:00+00:00,0.11739000000000001,0.0603
1990-02-22 15:00:00+00:00,0.10699499999999999,0.0557
1990-02-22 16:00:00+00:00,0.27090000000000003,0.12595
1990-02-22 17:00:00+00:00,0.3005625,0.13924999999999998
1990-02-22 18:00:00+00:00,0.305025,0.1412
1990-02-22 19:00:00+00:00,0.14175,0.07125000000000001
1990-02-22 20:00:00+00:00,0.116865,0.0601
1990-02-22 21:00:00+00:00,0.11696999999999999,0.06015
1990-02-22 22:00:00+00:00,0.089565,0.0479
1990-02-22 23:00:00+00:00,0.115815,0.0596
1990-02-23 00:00:00+00:00,0.115605,0.05954999999999999
1990-02-23 01:00:00+00:00,0.11319000000000001,0.058499999999999996
1990-02-23 02:00:00+00:00,0.10185,0.0534
1990-02-23 03:00:00+00:00,0.0882,0.0473
1990-02-23 04:00:00+00:00,0.08295,0.044950000000000004
1990-02-23 05:00:00+00:00,0.09449999999999999,0.0501
1990-02-23 06:00:00+00:00,0.11644499999999999,0.0599
1990-02-23 07:00:00+00:00,0.126,0.06420000000000001
1990-02-23 08:00:00+00:00,0.147,0.0736
1990-02-23 09:00:00+00:00,0.14049,0.0707
1990-02-23 10:00:00+00:00,0.11455499999999999,0.05905
1990-02-23 11:00:00+00:00,0.11046,0.0572
1990-02-23 12:00:00+00:00,0.1199625,0.0615
1990-02-23 13:00:00+00:00,0.126,0.0642
1990-02-23 14:00:00+00:00,0.132825,0.06725
1990-02-23 15:00:00+00:00,0.12432,0.06344999999999999
1990-02-23 16:00:00+00:00,0.28791,0.13355
1990-02-23 17:00:00+00:00,0.31605,0.14615
1990-02-23 18:00:00+00:00,0.313635,0.1451
1990-02-23 19:00:00+00:00,0.16779,0.0829
1990-02-23 20:00:00+00:00,0.14012249999999998,0.0705
1990-02-23 21:00:00+00:00,0.12369,0.06315
1990-02-23 22:00:00+00:00,0.122325,0.06255
1990-02-23 23:00:00+00:00,0.12174750000000001,0.0623
1990-02-24 00:00:00+00:00,0.124635,0.0636
1990-02-24 01:00:00+00:00,0.13019999999999998,0.06605
1990-02-24 02:00:00+00:00,0.11487,0.0592
1990-02-24 03:00:00+00:00,0.113925,0.058800000000000005
1990-02-24 04:00:00+00:00,0.112875,0.05835
1990-02-24 05:00:00+00:00,0.12915,0.06565
1990-02-24 06:00:00+00:00,0.14175,0.07125000000000001
1990-02-24 07:00:00+00:00,0.1386,0.0698
1990-02-24 08:00:00+00:00,0.14133,0.07105
1990-02-24 09:00:00+00:00,0.147,0.0736
1990-02-24 10:00:00+00:00,0.12873,0.06539999999999999
1990-02-24 11:00:00+00:00,0.135135,0.0683
1990-02-24 12:00:00+00:00,0.13545000000000001,0.06845000000000001
1990-02-24 13:00:00+00:00,0.12526500000000002,0.06385
1990-02-24 14:00:00+00:00,0.10815000000000001,0.0562
1990-02-24 15:00:00+00:00,0.11277,0.0583
1990-02-24 16:00:00+00:00,0.2919,0.13535
1990-02-24 17:00:00+00:00,0.3066,0.14195000000000002
1990-02-24 18:00:00+00:00,0.311955,0.14435
1990-02-24 19:00:00+00:00,0.1575,0.0783
1990-02-24 20:00:00+00:00,0.1281525,0.06515
1990-02-24 21:00:00+00:00,0.12558,0.064
1990-02-24 22:00:00+00:00,0.114765,0.0592
1990-02-24 23:00:00+00:00,0.1341375,0.06785
1990-02-25 00:00:00+00:00,0.1386,0.06985
1990-02-25 01:00:00+00:00,0.11990999999999999,0.06145
1990-02-25 02:00:00+00:00,0.11381999999999999,0.0587
1990-02-25 03:00:00+00:00,0.11256,0.05815
1990-02-25 04:00:00+00:00,0.10757250000000002,0.05595
1990-02-25 05:00:00+00:00,0.10605,0.05525
1990-02-25 06:00:00+00:00,0.10815000000000001,0.0562
1990-02-25 07:00:00+00:00,0.11360999999999999,0.05865000000000001
1990-02-25 08:00:00+00:00,0.11938499999999999,0.061200000000000004
1990-02-25 09:00:00+00:00,0.126,0.06420000000000001
1990-02-25 10:00:00+00:00,0.1176,0.0604
1990-02-25 11:00:00+00:00,0.13272,0.0672
1990-02-25 12:00:00+00:00,0.13786500000000002,0.0695
1990-02-25 13:00:00+00:00,0.13770749999999998,0.06945
1990-02-25 14:00:00+00:00,0.12516,0.0638
1990-02-25 15:00:00+00:00,0.129045,0.06555
1990-02-25 16:00:00+00:00,0.30387,0.1407
1990-02-25 17:00:00+00:00,0.30628500000000003,0.14179999999999998
1990-02-25 18:00:00+00:00,0.294315,0.13645000000000002
1990-02-25 19:00:00+00:00,0.13335,0.0675
1990-02-25 20:00:00+00:00,0.11990999999999999,0.061450000000000005
1990-02-25 21:00:00+00:00,0.11235,0.058050000000000004
1990-02-25 22:00:00+00:00,0.09639,0.050949999999999995
1990-02-25 23:00:00+00:00,0.1015875,0.0533
1990-02-26 00:00:00+00:00,0.0995925,0.05235
1990-02-26 01:00:00+00:00,0.10563,0.055099999999999996
1990-02-26 02:00:00+00:00,0.10111500000000001,0.05305
1990-02-26 03:00:00+00:00,0.1008,0.0529
1990-02-26 04:00:00+00:00,0.09470999999999999,0.0502
1990-02-26 05:00:00+00:00,0.10815000000000001,0.0562
1990-02-26 06:00:00+00:00,0.1239,0.06325
1990-02-26 07:00:00+00:00,0.136815,0.06905
1990-02-26 08:00:00+00:00,0.13261499999999998,0.06715
1990-02-26 09:00:00+00:00,0.126105,0.06425
1990-02-26 10:00:00+00:00,0.11371500000000001,0.058699999999999995
1990-02-26 11:00:00+00:00,0.109725,0.05695
1990-02-26 12:00:00+00:00,0.10815000000000001,0.0562
1990-02-26 13:00:00+00:00,0.11634,0.059899999999999995
1990-02-26 14:00:00+00:00,0.1184925,0.06085
1990-02-26 15:00:00+00:00,0.1297275,0.06584999999999999
1990-02-26 16:00:00+00:00,0.2814,0.13065
1990-02-26 17:00:00+00:00,0.3066,0.14195000000000002
1990-02-26 18:00:00+00:00,0.29673000000000005,0.13755
1990-02-26 19:00:00+00:00,0.149625,0.0748
1990-02-26 20:00:00+00:00,0.12148500000000001,0.062200000000000005
1990-02-26 21:00:00+00:00,0.13482,0.06814999999999999
1990-02-26 22:00:00+00:00,0.11445,0.05905
1990-02-26 23:00:00+00:00,0.11014499999999999,0.0571
1990-02-27 00:00:00+00:00,0.1132425,0.058499999999999996
1990-02-27 01:00:00+00:00,0.10899,0.05655
1990-02-27 02:00:00+00:00,0.108045,0.05615
1990-02-27 03:00:00+00:00,0.10542,0.05495
1990-02-27 04:00:00+00:00,0.10888500000000001,0.05655
1990-02-27 05:00:00+00:00,0.13009500000000002,0.066
1990-02-27 06:00:00+00:00,0.13566,0.0685
1990-02-27 07:00:00+00:00,0.152985,0.0763
1990-02-27 08:00:00+00:00,0.14742,0.0738
1990-02-27 09:00:00+00:00,0.137655,0.06945000000000001
1990-02-27 10:00:00+00:00,0.12872999999999998,0.06545000000000001
1990-02-27 11:00:00+00:00,0.1092,0.0567
1990-02-27 12:00:00+00:00,0.108045,0.05615
1990-02-27 13:00:00+00:00,0.1071,0.05575
1990-02-27 14:00:00+00:00,0.114135,0.05890000000000001
1990-02-27 15:00:00+00:00,0.125055,0.0638
1990-02-27 16:00:00+00:00,0.286335,0.13290000000000002
1990-02-27 17:00:00+00:00,0.31237499999999996,0.14455
1990-02-27 18:00:00+00:00,0.317835,0.14700000000000002
1990-02-27 19:00:00+00:00,0.156765,0.07794999999999999
1990-02-27 20:00:00+00:00,0.13450499999999999,0.068
1990-02-27 21:00:00+00:00,0.13167,0.06675
1990-02-27 22:00:00+00:00,0.12306,0.0629
1990-02-27 23:00:00+00:00,0.1194375,0.06125
1990-02-28 00:00:00+00:00,0.119175,0.061149999999999996
1990-02-28 01:00:00+00:00,0.12159,0.062200000000000005
1990-02-28 02:00:00+00:00,0.12725999999999998,0.06475
1990-02-28 03:00:00+00:00,0.12033,0.061649999999999996
1990-02-28 04:00:00+00:00,0.12012,0.061549999999999994
1990-02-28 05:00:00+00:00,0.12222,0.0625
1990-02-28 06:00:00+00:00,0.157815,0.07844999999999999
1990-02-28 07:00:00+00:00,0.18133500000000002,0.08895
1990-02-28 08:00:00+00:00,0.15498,0.07715
1990-02-28 09:00:00+00:00,0.13524,0.06835
1990-02-28 10:00:00+00:00,0.12054000000000001,0.06175
1990-02-28 11:00:00+00:00,0.11907000000000001,0.0611
1990-02-28 12:00:00+00:00,0.11465999999999998,0.059149999999999994
1990-02-28 13:00:00+00:00,0.11308499999999999,0.0584
1990-02-28 14:00:00+00:00,0.11234999999999999,0.0581
1990-02-28 15:00:00+00:00,0.11424,0.05895
1990-02-28 16:00:00+00:00,0.27027,0.1257
1990-02-28 17:00:00+00:00,0.30156000000000005,0.1397
1990-02-28 18:00:00+00:00,0.2813475,0.13065
1990-02-28 19:00:00+00:00,0.126,0.0642
1990-02-28 20:00:00+00:00,0.11907000000000001,0.0611
1990-02-28 21:00:00+00:00,0.11823,0.06069999999999999
1990-02-28 22:00:00+00:00,0.109515,0.05685
1990-02-28 23:00:00+00:00,0.086625,0.04655
1990-03-01 00:00:00+00:00,0.13818,0.06965
1990-03-01 01:00:00+00:00,0.12957000000000002,0.0658
1990-03-01 02:00:00+00:00,0.11781,0.06055000000000001
1990-03-01 03:00:00+00:00,0.11235,0.0581
1990-03-01 04:00:00+00:00,0.1155,0.059500000000000004
1990-03-01 05:00:00+00:00,0.13146000000000002,0.06665
1990-03-01 06:00:00+00:00,0.1596,0.07925
1990-03-01 07:00:00+00:00,0.1487325,0.0744
1990-03-01 08:00:00+00:00,0.163275,0.0809
1990-03-01 09:00:00+00:00,0.14731499999999997,0.07375000000000001
1990-03-01 10:00:00+00:00,0.11928,0.061200000000000004
1990-03-01 11:00:00+00:00,0.12201000000000001,0.062400000000000004
1990-03-01 12:00:00+00:00,0.11718,0.06025
1990-03-01 13:00:00+00:00,0.11802,0.060599999999999994
1990-03-01 14:00:00+00:00,0.1252125,0.06384999999999999
1990-03-01 15:00:00+00:00,0.13261499999999998,0.06715
1990-03-01 16:00:00+00:00,0.315,0.1457
1990-03-01 17:00:00+00:00,0.31920000000000004,0.1476
1990-03-01 18:00:00+00:00,0.307755,0.14245000000000002
1990-03-01 19:00:00+00:00,0.159915,0.0794
1990-03-01 20:00:00+00:00,0.140385,0.07064999999999999
1990-03-01 21:00:00+00:00,0.143745,0.07214999999999999
1990-03-01 22:00:00+00:00,0.12715500000000002,0.06470000000000001
1990-03-01 23:00:00+00:00,0.1344,0.068
1990-03-02 00:00:00+00:00,0.141855,0.0713
1990-03-02 01:00:00+00:00,0.12957000000000002,0.0658
1990-03-02 02:00:00+00:00,0.129465,0.06575
1990-03-02 03:00:00+00:00,0.12830999999999998,0.06525
1990-03-02 04:00:00+00:00,0.1240575,0.0633
1990-03-02 05:00:00+00:00,0.12369,0.06315
1990-03-02 06:00:00+00:00,0.10678499999999999,0.0556
1990-03-02 07:00:00+00:00,0.11781,0.0605
1990-03-02 08:00:00+00:00,0.14637,0.0733
1990-03-02 09:00:00+00:00,0.15539999999999998,0.0774
1990-03-02 10:00:00+00:00,0.1533,0.07644999999999999
1990-03-02 11:00:00+00:00,0.14952,0.07475000000000001
1990-03-02 12:00:00+00:00,0.13608,0.0687
1990-03-02 13:00:00+00:00,0.127365,0.0648
1990-03-02 14:00:00+00:00,0.11529,0.0594
1990-03-02 15:00:00+00:00,0.12967499999999998,0.06584999999999999
1990-03-02 16:00:00+00:00,0.2982,0.1382
1990-03-02 17:00:00+00:00,0.3192,0.14755000000000001
1990-03-02 18:00:00+00:00,0.32592,0.1506
1990-03-02 19:00:00+00:00,0.16464,0.08149999999999999
1990-03-02 20:00:00+00:00,0.143115,0.07189999999999999
1990-03-02 21:00:00+00:00,0.1411725,0.07100000000000001
1990-03-02 22:00:00+00:00,0.14279999999999998,0.07175000000000001
1990-03-02 23:00:00+00:00,0.12327,0.063
1990-03-03 00:00:00+00:00,0.13019999999999998,0.06605
1990-03-03 01:00:00+00:00,0.12915,0.06559999999999999
1990-03-03 02:00:00+00:00,0.126,0.0642
1990-03-03 03:00:00+00:00,0.121905,0.062400000000000004
1990-03-03 04:00:00+00:00,0.12054000000000001,0.06175
1990-03-03 05:00:00+00:00,0.12148500000000001,0.062200000000000005
1990-03-03 06:00:00+00:00,0.136815,0.06905
1990-03-03 07:00:00+00:00,0.134925,0.06820000000000001
1990-03-03 08:00:00+00:00,0.138705,0.06989999999999999
1990-03-03 09:00:00+00:00,0.126,0.0642
1990-03-03 10:00:00+00:00,0.12747,0.06490000000000001
1990-03-03 11:00:00+00:00,0.12558,0.064
1990-03-03 12:00:00+00:00,0.135555,0.0685
1990-03-03 13:00:00+00:00,0.14762999999999998,0.07385
1990-03-03 14:00:00+00:00,0.126,0.06420000000000001
1990-03-03 15:00:00+00:00,0.123375,0.063
1990-03-03 16:00:00+00:00,0.281925,0.13085
1990-03-03 17:00:00+00:00,0.32130000000000003,0.1485
1990-03-03 18:00:00+00:00,0.34209,0.15785
1990-03-03 19:00:00+00:00,0.17514,0.08615
1990-03-03 20:00:00+00:00,0.15666,0.07794999999999999
1990-03-03 21:00:00+00:00,0.159915,0.07935
1990-03-03 22:00:00+00:00,0.1218525,0.062349999999999996
1990-03-03 23:00:00+00:00,0.12179999999999999,0.0623
1990-03-04 00:00:00+00:00,0.11634,0.0599
1990-03-04 01:00:00+00:00,0.12453,0.0635
1990-03-04 02:00:00+00:00,0.10668,0.05555
1990-03-04 03:00:00+00:00,0.12085499999999999,0.0619
1990-03-04 04:00:00+00:00,0.13209,0.06695
1990-03-04 05:00:00+00:00,0.14532,0.07285
1990-03-04 06:00:00+00:00,0.16422,0.0813
1990-03-04 07:00:00+00:00,0.1878975,0.09190000000000001
1990-03-04 08:00:00+00:00,0.1701,0.08395
1990-03-04 09:00:00+00:00,0.14700000000000002,0.0736
1990-03-04 10:00:00+00:00,0.124845,0.06365
1990-03-04 11:00:00+00:00,0.11025,0.057150000000000006
1990-03-04 12:00:00+00:00,0.11277000000000001,0.0583
1990-03-04 13:00:00+00:00,0.11066999999999999,0.05735
1990-03-04 14:00:00+00:00,0.12284999999999999,0.06280000000000001
1990-03-04 15:00:00+00:00,0.12673500000000001,0.06455
1990-03-04 16:00:00+00:00,0.29547,0.13695000000000002
1990-03-04 17:00:00+00:00,0.32360999999999995,0.14955
1990-03-04 18:00:00+00:00,0.32518500000000006,0.15025
1990-03-04 19:00:00+00:00,0.14805000000000001,0.07405
1990-03-04 20:00:00+00:00,0.138915,0.07
1990-03-04 21:00:00+00:00,0.14322000000000001,0.07189999999999999
1990-03-04 22:00:00+00:00,0.12138,0.06215
1990-03-04 23:00:00+00:00,0.103635,0.0542
1990-03-05 00:00:00+00:00,0.10919999999999999,0.0567
1990-03-05 01:00:00+00:00,0.10731,0.0558
1990-03-05 02:00:00+00:00,0.1071,0.0557
1990-03-05 03:00:00+00:00,0.10541999999999999,0.055
1990-03-05 04:00:00+00:00,0.116865,0.0601
1990-03-05 05:00:00+00:00,0.13251000000000002,0.06709999999999999
1990-03-05 06:00:00+00:00,0.14196,0.07135
1990-03-05 07:00:00+00:00,0.14091,0.07085
1990-03-05 08:00:00+00:00,0.15004499999999998,0.07495
1990-03-05 09:00:00+00:00,0.14889000000000002,0.07444999999999999
1990-03-05 10:00:00+00:00,0.13272,0.0672
1990-03-05 11:00:00+00:00,0.12789,0.06505
1990-03-05 12:00:00+00:00,0.13272,0.0672
1990-03-05 13:00:00+00:00,0.13272,0.0672
1990-03-05 14:00:00+00:00,0.14279999999999998,0.0717
1990-03-05 15:00:00+00:00,0.13555499999999998,0.06845
1990-03-05 16:00:00+00:00,0.30765,0.1424
1990-03-05 17:00:00+00:00,0.33799500000000005,0.156
1990-03-05 18:00:00+00:00,0.36434999999999995,0.1678
1990-03-05 19:00:00+00:00,0.181965,0.08925
1990-03-05 20:00:00+00:00,0.156975,0.07805000000000001
1990-03-05 21:00:00+00:00,0.154035,0.07675
1990-03-05 22:00:00+00:00,0.12978,0.0659
1990-03-05 23:00:00+00:00,0.13587,0.06865
1990-03-06 00:00:00+00:00,0.13104,0.06645
1990-03-06 01:00:00+00:00,0.13125,0.06655
1990-03-06 02:00:00+00:00,0.130095,0.066
1990-03-06 03:00:00+00:00,0.12684,0.06455
1990-03-06 04:00:00+00:00,0.13124999999999998,0.06655
1990-03-06 05:00:00+00:00,0.150255,0.0751
1990-03-06 06:00:00+00:00,0.189,0.09240000000000001
1990-03-06 07:00:00+00:00,0.19173,0.0936
1990-03-06 08:00:00+00:00,0.16359,0.08099999999999999
1990-03-06 09:00:00+00:00,0.1491,0.07455
1990-03-06 10:00:00+00:00,0.133035,0.06735
1990-03-06 11:00:00+00:00,0.13114499999999998,0.0665
1990-03-06 12:00:00+00:00,0.128205,0.0652
1990-03-06 13:00:00+00:00,0.12705,0.06465
1990-03-06 14:00:00+00:00,0.13398,0.06775
1990-03-06 15:00:00+00:00,0.141645,0.0712
1990-03-06 16:00:00+00:00,0.30366,0.14065
1990-03-06 17:00:00+00:00,0.36224999999999996,0.16685
1990-03-06 18:00:00+00:00,0.3528,0.1626
1990-03-06 19:00:00+00:00,0.17325000000000002,0.08535000000000001
1990-03-06 20:00:00+00:00,0.14573999999999998,0.07305
1990-03-06 21:00:00+00:00,0.147,0.0736
1990-03-06 22:00:00+00:00,0.13167,0.06675
1990-03-06 23:00:00+00:00,0.1281,0.06515
1990-03-07 00:00:00+00:00,0.127365,0.0648
1990-03-07 01:00:00+00:00,0.13061999999999999,0.0663
1990-03-07 02:00:00+00:00,0.13019999999999998,0.0661
1990-03-07 03:00:00+00:00,0.1281,0.06515
1990-03-07 04:00:00+00:00,0.125475,0.06395
1990-03-07 05:00:00+00:00,0.15036,0.0751
1990-03-07 06:00:00+00:00,0.18186,0.0892
1990-03-07 07:00:00+00:00,0.17220000000000002,0.0849
1990-03-07 08:00:00+00:00,0.16773750000000004,0.0829
1990-03-07 09:00:00+00:00,0.13755,0.0694
1990-03-07 10:00:00+00:00,0.12080250000000001,0.06185
1990-03-07 11:00:00+00:00,0.117285,0.060300000000000006
1990-03-07 12:00:00+00:00,0.11865,0.0609
1990-03-07 13:00:00+00:00,0.124005,0.06334999999999999
1990-03-07 14:00:00+00:00,0.1146075,0.0591
1990-03-07 15:00:00+00:00,0.13019999999999998,0.0661
1990-03-07 16:00:00+00:00,0.294315,0.1364
1990-03-07 17:00:00+00:00,0.33285,0.1537
1990-03-07 18:00:00+00:00,0.3217725,0.14875
1990-03-07 19:00:00+00:00,0.15288000000000002,0.07619999999999999
1990-03-07 20:00:00+00:00,0.14301000000000003,0.0718
1990-03-07 21:00:00+00:00,0.14064749999999998,0.07075000000000001
1990-03-07 22:00:00+00:00,0.1323525,0.06705
1990-03-07 23:00:00+00:00,0.126,0.0642
1990-03-08 00:00:00+00:00,0.13009500000000002,0.06605
1990-03-08 01:00:00+00:00,0.12726,0.06475
1990-03-08 02:00:00+00:00,0.12148500000000001,0.0622
1990-03-08 03:00:00+00:00,0.12306,0.0629
1990-03-08 04:00:00+00:00,0.127575,0.0649
1990-03-08 05:00:00+00:00,0.146685,0.0735
1990-03-08 06:00:00+00:00,0.167265,0.08270000000000001
1990-03-08 07:00:00+00:00,0.158445,0.0787
1990-03-08 08:00:00+00:00,0.153615,0.07655
1990-03-08 09:00:00+00:00,0.135765,0.0686
1990-03-08 10:00:00+00:00,0.101535,0.053250000000000006
1990-03-08 11:00:00+00:00,0.09764999999999999,0.051500000000000004
1990-03-08 12:00:00+00:00,0.09072,0.0484
1990-03-08 13:00:00+00:00,0.08127000000000001,0.0442
1990-03-08 14:00:00+00:00,0.0882,0.0473
1990-03-08 15:00:00+00:00,0.1048425,0.0547
1990-03-08 16:00:00+00:00,0.273,0.1269
1990-03-08 17:00:00+00:00,0.2996175,0.13879999999999998
1990-03-08 18:00:00+00:00,0.317835,0.14695
1990-03-08 19:00:00+00:00,0.17052,0.08410000000000001
1990-03-08 20:00:00+00:00,0.13072499999999998,0.0663
1990-03-08 21:00:00+00:00,0.12411,0.06335
1990-03-08 22:00:00+00:00,0.110985,0.057499999999999996
1990-03-08 23:00:00+00:00,0.072555,0.0403
1990-03-09 00:00:00+00:00,0.07245,0.04025
1990-03-09 01:00:00+00:00,0.067515,0.038
1990-03-09 02:00:00+00:00,0.0672,0.03785
1990-03-09 03:00:00+00:00,0.06594,0.0373
1990-03-09 04:00:00+00:00,0.06846000000000001,0.0384
1990-03-09 05:00:00+00:00,0.069195,0.0388
1990-03-09 06:00:00+00:00,0.07245,0.04025
1990-03-09 07:00:00+00:00,0.07874999999999999,0.043050000000000005
1990-03-09 08:00:00+00:00,0.078855,0.0431
1990-03-09 09:00:00+00:00,0.070665,0.03945
1990-03-09 10:00:00+00:00,0.051449999999999996,0.030850000000000002
1990-03-09 11:00:00+00:00,0.06615,0.0374
1990-03-09 12:00:00+00:00,0.0672,0.0379
1990-03-09 13:00:00+00:00,0.08274000000000001,0.04485
1990-03-09 14:00:00+00:00,0.071715,0.03995
1990-03-09 15:00:00+00:00,0.09659999999999999,0.05105
1990-03-09 16:00:00+00:00,0.273525,0.12714999999999999
1990-03-09 17:00:00+00:00,0.29316,0.1359
1990-03-09 18:00:00+00:00,0.30555,0.14145
1990-03-09 19:00:00+00:00,0.134505,0.068
1990-03-09 20:00:00+00:00,0.12075,0.061900000000000004
1990-03-09 21:00:00+00:00,0.11592,0.05965
1990-03-09 22:00:00+00:00,0.0945,0.050100000000000006
1990-03-09 23:00:00+00:00,0.10100999999999999,0.053
1990-03-10 00:00:00+00:00,0.09135000000000001,0.04865
1990-03-10 01:00:00+00:00,0.08505,0.04585
1990-03-10 02:00:00+00:00,0.078225,0.042800000000000005
1990-03-10 03:00:00+00:00,0.06846,0.03845
1990-03-10 04:00:00+00:00,0.06153,0.03535
1990-03-10 05:00:00+00:00,0.073395,0.04065
1990-03-10 06:00:00+00:00,0.10185,0.05335
1990-03-10 07:00:00+00:00,0.09974999999999999,0.05245
1990-03-10 08:00:00+00:00,0.10289999999999999,0.05385
1990-03-10 09:00:00+00:00,0.11802,0.0606
1990-03-10 10:00:00+00:00,0.13356,0.06755
1990-03-10 11:00:00+00:00,0.14332499999999998,0.07195
1990-03-10 12:00:00+00:00,0.15644999999999998,0.07785
1990-03-10 13:00:00+00:00,0.155715,0.0775
1990-03-10 14:00:00+00:00,0.1449,0.07264999999999999
1990-03-10 15:00:00+00:00,0.1331925,0.0674
1990-03-10 16:00:00+00:00,0.294945,0.1367
1990-03-10 17:00:00+00:00,0.31594500000000003,0.14615
1990-03-10 18:00:00+00:00,0.319095,0.14750000000000002
1990-03-10 19:00:00+00:00,0.15539999999999998,0.07735
1990-03-10 20:00:00+00:00,0.15015,0.075
1990-03-10 21:00:00+00:00,0.1491525,0.0746
1990-03-10 22:00:00+00:00,0.123585,0.0631
1990-03-10 23:00:00+00:00,0.12526500000000002,0.06390000000000001
1990-03-11 00:00:00+00:00,0.13083,0.06634999999999999
1990-03-11 01:00:00+00:00,0.12872999999999998,0.0654
1990-03-11 02:00:00+00:00,0.12872999999999998,0.0654
1990-03-11 03:00:00+00:00,0.126105,0.06425
1990-03-11 04:00:00+00:00,0.122115,0.062450000000000006
1990-03-11 05:00:00+00:00,0.145215,0.0728
1990-03-11 06:00:00+00:00,0.14805000000000001,0.0741
1990-03-11 07:00:00+00:00,0.15708,0.07815
1990-03-11 08:00:00+00:00,0.14973,0.07485
1990-03-11 09:00:00+00:00,0.1533,0.0764
1990-03-11 10:00:00+00:00,0.14826,0.07415
1990-03-11 11:00:00+00:00,0.1533,0.07644999999999999
1990-03-11 12:00:00+00:00,0.15639750000000002,0.07780000000000001
1990-03-11 13:00:00+00:00,0.16128,0.08
1990-03-11 14:00:00+00:00,0.15036,0.0751
1990-03-11 15:00:00+00:00,0.154245,0.07685
1990-03-11 16:00:00+00:00,0.31384500000000004,0.1452
1990-03-11 17:00:00+00:00,0.33216749999999995,0.15339999999999998
1990-03-11 18:00:00+00:00,0.328335,0.15165
1990-03-11 19:00:00+00:00,0.16610999999999998,0.08215
1990-03-11 20:00:00+00:00,0.14721,0.0737
1990-03-11 21:00:00+00:00,0.14358749999999998,0.0721
1990-03-11 22:00:00+00:00,0.130935,0.0664
1990-03-11 23:00:00+00:00,0.12915,0.06559999999999999
1990-03-12 00:00:00+00:00,0.12894,0.06555
1990-03-12 01:00:00+00:00,0.11907000000000001,0.0611
1990-03-12 02:00:00+00:00,0.11886,0.061
1990-03-12 03:00:00+00:00,0.118965,0.06105
1990-03-12 04:00:00+00:00,0.126315,0.06434999999999999
1990-03-12 05:00:00+00:00,0.139755,0.07035
1990-03-12 06:00:00+00:00,0.16191,0.08025
1990-03-12 07:00:00+00:00,0.160125,0.07949999999999999
1990-03-12 08:00:00+00:00,0.161595,0.0801
1990-03-12 09:00:00+00:00,0.151095,0.07544999999999999
1990-03-12 10:00:00+00:00,0.145005,0.0727
1990-03-12 11:00:00+00:00,0.139965,0.07045
1990-03-12 12:00:00+00:00,0.12915,0.0656
1990-03-12 13:00:00+00:00,0.12705,0.06465
1990-03-12 14:00:00+00:00,0.126,0.06420000000000001
1990-03-12 15:00:00+00:00,0.13009500000000002,0.06605
1990-03-12 16:00:00+00:00,0.2793525,0.12975
1990-03-12 17:00:00+00:00,0.292425,0.13555
1990-03-12 18:00:00+00:00,0.313005,0.14479999999999998
1990-03-12 19:00:00+00:00,0.14573999999999998,0.07305
1990-03-12 20:00:00+00:00,0.13440000000000002,0.06795000000000001
1990-03-12 21:00:00+00:00,0.12526500000000002,0.06385
1990-03-12 22:00:00+00:00,0.12222,0.06255000000000001
1990-03-12 23:00:00+00:00,0.11046,0.0572
1990-03-13 00:00:00+00:00,0.103215,0.054
1990-03-13 01:00:00+00:00,0.09051000000000001,0.0483
1990-03-13 02:00:00+00:00,0.085785,0.046200000000000005
1990-03-13 03:00:00+00:00,0.08421000000000001,0.0455
1990-03-13 04:00:00+00:00,0.10289999999999999,0.053899999999999997
1990-03-13 05:00:00+00:00,0.12495,0.0637
1990-03-13 06:00:00+00:00,0.15813,0.0786
1990-03-13 07:00:00+00:00,0.15697500000000003,0.07805000000000001
1990-03-13 08:00:00+00:00,0.14742,0.0738
1990-03-13 09:00:00+00:00,0.13965,0.0703
1990-03-13 10:00:00+00:00,0.13755,0.06935
1990-03-13 11:00:00+00:00,0.1281,0.06515
1990-03-13 12:00:00+00:00,0.121905,0.0624
1990-03-13 13:00:00+00:00,0.123375,0.063
1990-03-13 14:00:00+00:00,0.120015,0.0615
1990-03-13 15:00:00+00:00,0.11371500000000001,0.0587
1990-03-13 16:00:00+00:00,0.28554749999999995,0.1325
1990-03-13 17:00:00+00:00,0.29557500000000003,0.137
1990-03-13 18:00:00+00:00,0.32633999999999996,0.15075
1990-03-13 19:00:00+00:00,0.152565,0.0761
1990-03-13 20:00:00+00:00,0.13167,0.0667
1990-03-13 21:00:00+00:00,0.13314,0.0674
1990-03-13 22:00:00+00:00,0.109725,0.0569
1990-03-13 23:00:00+00:00,0.11739,0.06035
1990-03-14 00:00:00+00:00,0.106785,0.0556
1990-03-14 01:00:00+00:00,0.109095,0.056650000000000006
1990-03-14 02:00:00+00:00,0.10289999999999999,0.05385
1990-03-14 03:00:00+00:00,0.08919750000000001,0.04775
1990-03-14 04:00:00+00:00,0.09597,0.05075
1990-03-14 05:00:00+00:00,0.122325,0.06255
1990-03-14 06:00:00+00:00,0.15319500000000003,0.07635
1990-03-14 07:00:00+00:00,0.138075,0.0696
1990-03-14 08:00:00+00:00,0.13881,0.06995
1990-03-14 09:00:00+00:00,0.14448,0.0725
1990-03-14 10:00:00+00:00,0.133455,0.06755
1990-03-14 11:00:00+00:00,0.13198500000000002,0.0669
1990-03-14 12:00:00+00:00,0.131145,0.0665
1990-03-14 13:00:00+00:00,0.118125,0.0607
1990-03-14 14:00:00+00:00,0.1134,0.058600000000000006
1990-03-14 15:00:00+00:00,0.1134,0.0586
1990-03-14 16:00:00+00:00,0.2835,0.1316
1990-03-14 17:00:00+00:00,0.306915,0.1421
1990-03-14 18:00:00+00:00,0.31079999999999997,0.1438
1990-03-14 19:00:00+00:00,0.14175,0.07125000000000001
1990-03-14 20:00:00+00:00,0.12536999999999998,0.06395
1990-03-14 21:00:00+00:00,0.12915,0.06565
1990-03-14 22:00:00+00:00,0.084105,0.045450000000000004
1990-03-14 23:00:00+00:00,0.09681000000000001,0.05115
1990-03-15 00:00:00+00:00,0.09324000000000002,0.04955
1990-03-15 01:00:00+00:00,0.087465,0.046950000000000006
1990-03-15 02:00:00+00:00,0.089145,0.0477
1990-03-15 03:00:00+00:00,0.08368500000000001,0.0453
1990-03-15 04:00:00+00:00,0.083475,0.045200000000000004
1990-03-15 05:00:00+00:00,0.094815,0.0502
1990-03-15 06:00:00+00:00,0.12431999999999999,0.06345
1990-03-15 07:00:00+00:00,0.13398,0.0678
1990-03-15 08:00:00+00:00,0.14259,0.0716
1990-03-15 09:00:00+00:00,0.14448,0.07250000000000001
1990-03-15 10:00:00+00:00,0.12999,0.06595
1990-03-15 11:00:00+00:00,0.12495,0.06375
1990-03-15 12:00:00+00:00,0.126735,0.06455
1990-03-15 13:00:00+00:00,0.10772999999999999,0.056
1990-03-15 14:00:00+00:00,0.1071,0.05575
1990-03-15 15:00:00+00:00,0.12369,0.0632
1990-03-15 16:00:00+00:00,0.28181999999999996,0.13085
1990-03-15 17:00:00+00:00,0.293265,0.13595
1990-03-15 18:00:00+00:00,0.32193000000000005,0.1488
1990-03-15 19:00:00+00:00,0.168735,0.0833
1990-03-15 20:00:00+00:00,0.1575,0.0783
1990-03-15 21:00:00+00:00,0.147,0.0736
1990-03-15 22:00:00+00:00,0.1233225,0.063
1990-03-15 23:00:00+00:00,0.11886,0.061
1990-03-16 00:00:00+00:00,0.12915,0.0656
1990-03-16 01:00:00+00:00,0.12526500000000002,0.06384999999999999
1990-03-16 02:00:00+00:00,0.12285,0.0628
1990-03-16 03:00:00+00:00,0.12001500000000001,0.06155
1990-03-16 04:00:00+00:00,0.12337499999999998,0.06305
1990-03-16 05:00:00+00:00,0.12558,0.064
1990-03-16 06:00:00+00:00,0.1344,0.068
1990-03-16 07:00:00+00:00,0.14332499999999998,0.07195
1990-03-16 08:00:00+00:00,0.1617,0.0802
1990-03-16 09:00:00+00:00,0.165375,0.08185
1990-03-16 10:00:00+00:00,0.1548225,0.0771
1990-03-16 11:00:00+00:00,0.144375,0.07239999999999999
1990-03-16 12:00:00+00:00,0.135135,0.06825
1990-03-16 13:00:00+00:00,0.133245,0.06745000000000001
1990-03-16 14:00:00+00:00,0.11760000000000001,0.060450000000000004
1990-03-16 15:00:00+00:00,0.12148500000000001,0.0622
1990-03-16 16:00:00+00:00,0.28769999999999996,0.1335
1990-03-16 17:00:00+00:00,0.30471,0.1411
1990-03-16 18:00:00+00:00,0.30681,0.14205
1990-03-16 19:00:00+00:00,0.143745,0.07215
1990-03-16 20:00:00+00:00,0.133245,0.06745000000000001
1990-03-16 21:00:00+00:00,0.13282500000000003,0.06725
1990-03-16 22:00:00+00:00,0.126,0.06420000000000001
1990-03-16 23:00:00+00:00,0.1323,0.067
1990-03-17 00:00:00+00:00,0.122745,0.06275
1990-03-17 01:00:00+00:00,0.11865,0.060899999999999996
1990-03-17 02:00:00+00:00,0.10605,0.05525
1990-03-17 03:00:00+00:00,0.11130000000000001,0.0576
1990-03-17 04:00:00+00:00,0.11990999999999999,0.061450000000000005
1990-03-17 05:00:00+00:00,0.1176,0.0604
1990-03-17 06:00:00+00:00,0.1173375,0.06035
1990-03-17 07:00:00+00:00,0.11828250000000001,0.06075
1990-03-17 08:00:00+00:00,0.139965,0.07045
1990-03-17 09:00:00+00:00,0.1575,0.0783
1990-03-17 10:00:00+00:00,0.15666000000000002,0.0779
1990-03-17 11:00:00+00:00,0.1554,0.07735
1990-03-17 12:00:00+00:00,0.147,0.0736
1990-03-17 13:00:00+00:00,0.13587,0.06865
1990-03-17 14:00:00+00:00,0.1239,0.06325
1990-03-17 15:00:00+00:00,0.13019999999999998,0.06609999999999999
1990-03-17 16:00:00+00:00,0.30197999999999997,0.13985
1990-03-17 17:00:00+00:00,0.32487,0.15015
1990-03-17 18:00:00+00:00,0.330855,0.1528
1990-03-17 19:00:00+00:00,0.16443,0.0814
1990-03-17 20:00:00+00:00,0.14364,0.0721
1990-03-17 21:00:00+00:00,0.13755,0.06935
1990-03-17 22:00:00+00:00,0.12389999999999998,0.06325
1990-03-17 23:00:00+00:00,0.12705,0.06465
1990-03-18 00:00:00+00:00,0.1365,0.06889999999999999
1990-03-18 01:00:00+00:00,0.13188,0.06684999999999999
1990-03-18 02:00:00+00:00,0.12201,0.062400000000000004
1990-03-18 03:00:00+00:00,0.11655,0.05995
1990-03-18 04:00:00+00:00,0.11865,0.0609
1990-03-18 05:00:00+00:00,0.14805000000000001,0.07405
1990-03-18 06:00:00+00:00,0.1659,0.08205
1990-03-18 07:00:00+00:00,0.18564,0.09090000000000001
1990-03-18 08:00:00+00:00,0.18805499999999997,0.092
1990-03-18 09:00:00+00:00,0.17650500000000002,0.0868
1990-03-18 10:00:00+00:00,0.13944,0.0702
1990-03-18 11:00:00+00:00,0.14448,0.07245
1990-03-18 12:00:00+00:00,0.1323,0.067
1990-03-18 13:00:00+00:00,0.12484499999999998,0.0637
1990-03-18 14:00:00+00:00,0.126,0.0642
1990-03-18 15:00:00+00:00,0.12389999999999998,0.06325
1990-03-18 16:00:00+00:00,0.28775249999999997,0.1335
1990-03-18 17:00:00+00:00,0.31185,0.14429999999999998
1990-03-18 18:00:00+00:00,0.34618499999999996,0.15965000000000001
1990-03-18 19:00:00+00:00,0.17136,0.0845
1990-03-18 20:00:00+00:00,0.13818,0.06964999999999999
1990-03-18 21:00:00+00:00,0.126,0.0642
1990-03-18 22:00:00+00:00,0.126,0.06420000000000001
1990-03-18 23:00:00+00:00,0.11529,0.0594
1990-03-19 00:00:00+00:00,0.10720500000000001,0.0558
1990-03-19 01:00:00+00:00,0.10038,0.052750000000000005
1990-03-19 02:00:00+00:00,0.097335,0.05134999999999999
1990-03-19 03:00:00+00:00,0.094605,0.05015
1990-03-19 04:00:00+00:00,0.09282,0.049350000000000005
1990-03-19 05:00:00+00:00,0.12274499999999999,0.06275
1990-03-19 06:00:00+00:00,0.16779,0.0829
1990-03-19 07:00:00+00:00,0.157815,0.07845
1990-03-19 08:00:00+00:00,0.1386,0.06985
1990-03-19 09:00:00+00:00,0.1386,0.0698
1990-03-19 10:00:00+00:00,0.12941249999999999,0.06575
1990-03-19 11:00:00+00:00,0.1323,0.067
1990-03-19 12:00:00+00:00,0.143115,0.07185
1990-03-19 13:00:00+00:00,0.1491,0.0745
1990-03-19 14:00:00+00:00,0.14006999999999997,0.07050000000000001
1990-03-19 15:00:00+00:00,0.13965,0.0703
1990-03-19 16:00:00+00:00,0.31332,0.14495000000000002
1990-03-19 17:00:00+00:00,0.34397999999999995,0.15865
1990-03-19 18:00:00+00:00,0.37558500000000006,0.17285
1990-03-19 19:00:00+00:00,0.201915,0.09820000000000001
1990-03-19 20:00:00+00:00,0.167685,0.08285
1990-03-19 21:00:00+00:00,0.16747499999999998,0.08275
1990-03-19 22:00:00+00:00,0.150885,0.07535
1990-03-19 23:00:00+00:00,0.14710499999999999,0.07365
1990-03-20 00:00:00+00:00,0.14673750000000002,0.07345
1990-03-20 01:00:00+00:00,0.145215,0.0728
1990-03-20 02:00:00+00:00,0.13303500000000001,0.06735
1990-03-20 03:00:00+00:00,0.12978,0.06589999999999999
1990-03-20 04:00:00+00:00,0.13440000000000002,0.068
1990-03-20 05:00:00+00:00,0.1449,0.07264999999999999
1990-03-20 06:00:00+00:00,0.19425,0.09475
1990-03-20 07:00:00+00:00,0.16710750000000002,0.0826
1990-03-20 08:00:00+00:00,0.17472000000000001,0.086
1990-03-20 09:00:00+00:00,0.18396,0.09015000000000001
1990-03-20 10:00:00+00:00,0.17283,0.08515
1990-03-20 11:00:00+00:00,0.15855,0.07874999999999999
1990-03-20 12:00:00+00:00,0.149625,0.0748
1990-03-20 13:00:00+00:00,0.14322000000000001,0.07189999999999999
1990-03-20 14:00:00+00:00,0.145005,0.0727
1990-03-20 15:00:00+00:00,0.16275,0.08065
1990-03-20 16:00:00+00:00,0.324345,0.14984999999999998
1990-03-20 17:00:00+00:00,0.38514000000000004,0.1771
1990-03-20 18:00:00+00:00,0.41159999999999997,0.18895
1990-03-20 19:00:00+00:00,0.21441000000000002,0.1038
1990-03-20 20:00:00+00:00,0.159285,0.0791
1990-03-20 21:00:00+00:00,0.15855000000000002,0.07874999999999999
1990-03-20 22:00:00+00:00,0.151305,0.07555
1990-03-20 23:00:00+00:00,0.1533,0.0764
1990-03-21 00:00:00+00:00,0.15377249999999998,0.07665
1990-03-21 01:00:00+00:00,0.150255,0.07505
1990-03-21 02:00:00+00:00,0.12957,0.0658
1990-03-21 03:00:00+00:00,0.12421499999999999,0.0634
1990-03-21 04:00:00+00:00,0.12032999999999999,0.061649999999999996
1990-03-21 05:00:00+00:00,0.14301,0.0718
1990-03-21 06:00:00+00:00,0.181125,0.08885
1990-03-21 07:00:00+00:00,0.17052,0.08410000000000001
1990-03-21 08:00:00+00:00,0.14468999999999999,0.0726
1990-03-21 09:00:00+00:00,0.14091,0.07085
1990-03-21 10:00:00+00:00,0.13707750000000002,0.06914999999999999
1990-03-21 11:00:00+00:00,0.12179999999999999,0.062299999999999994
1990-03-21 12:00:00+00:00,0.105,0.0548
1990-03-21 13:00:00+00:00,0.10919999999999999,0.056650000000000006
1990-03-21 14:00:00+00:00,0.106155,0.0553
1990-03-21 15:00:00+00:00,0.117495,0.0604
1990-03-21 16:00:00+00:00,0.279405,0.12975
1990-03-21 17:00:00+00:00,0.3129,0.14475
1990-03-21 18:00:00+00:00,0.35658,0.1643
1990-03-21 19:00:00+00:00,0.15886500000000003,0.0789
1990-03-21 20:00:00+00:00,0.13377,0.06765
1990-03-21 21:00:00+00:00,0.12190500000000001,0.0624
1990-03-21 22:00:00+00:00,0.088725,0.0475
1990-03-21 23:00:00+00:00,0.0672,0.037849999999999995
1990-03-22 00:00:00+00:00,0.07622999999999999,0.0419
1990-03-22 01:00:00+00:00,0.076755,0.04215
1990-03-22 02:00:00+00:00,0.071715,0.0399
1990-03-22 03:00:00+00:00,0.063,0.036000000000000004
1990-03-22 04:00:00+00:00,0.0672,0.0379
1990-03-22 05:00:00+00:00,0.08295,0.044950000000000004
1990-03-22 06:00:00+00:00,0.11991,0.06145
1990-03-22 07:00:00+00:00,0.128625,0.06534999999999999
1990-03-22 08:00:00+00:00,0.13209,0.0669
1990-03-22 09:00:00+00:00,0.13062,0.06625
1990-03-22 10:00:00+00:00,0.11508,0.059300000000000005
1990-03-22 11:00:00+00:00,0.09492,0.0503
1990-03-22 12:00:00+00:00,0.099645,0.0524
1990-03-22 13:00:00+00:00,0.1197,0.061399999999999996
1990-03-22 14:00:00+00:00,0.0937125,0.04975
1990-03-22 15:00:00+00:00,0.09670500000000001,0.05109999999999999
1990-03-22 16:00:00+00:00,0.27006,0.1256
1990-03-22 17:00:00+00:00,0.289695,0.13435
1990-03-22 18:00:00+00:00,0.330015,0.15244999999999997
1990-03-22 19:00:00+00:00,0.168315,0.08315
1990-03-22 20:00:00+00:00,0.12421499999999999,0.0634
1990-03-22 21:00:00+00:00,0.110985,0.05745
1990-03-22 22:00:00+00:00,0.08568,0.04615
1990-03-22 23:00:00+00:00,0.028455,0.0205
1990-03-23 00:00:00+00:00,0.02415,0.018600000000000002
1990-03-23 01:00:00+00:00,0.010395000000000001,0.012450000000000001
1990-03-23 02:00:00+00:00,0.00588,0.010450000000000001
1990-03-23 03:00:00+00:00,0.000105,0.007850000000000001
1990-03-23 04:00:00+00:00,0.0021,0.00875
1990-03-23 05:00:00+00:00,0.0052499999999999995,0.01015
1990-03-23 06:00:00+00:00,0.013649999999999999,0.013900000000000001
1990-03-23 07:00:00+00:00,0.015015,0.0145
1990-03-23 08:00:00+00:00,0.0024149999999999996,0.0089
1990-03-23 09:00:00+00:00,0.00231,0.008799999999999999
1990-03-23 10:00:00+00:00,0.00231,0.00885
1990-03-23 11:00:00+00:00,0.0,0.0078000000000000005
1990-03-23 12:00:00+00:00,0.0,0.0078000000000000005
1990-03-23 13:00:00+00:00,0.0,0.0078000000000000005
1990-03-23 14:00:00+00:00,0.0042,0.0097
1990-03-23 15:00:00+00:00,0.0011549999999999998,0.00835
1990-03-23 16:00:00+00:00,0.20223000000000002,0.0952
1990-03-23 17:00:00+00:00,0.25809,0.12025
1990-03-23 18:00:00+00:00,0.26691,0.1242
1990-03-23 19:00:00+00:00,0.105105,0.054849999999999996
1990-03-23 20:00:00+00:00,0.085995,0.0463
1990-03-23 21:00:00+00:00,0.0692475,0.0388
1990-03-23 22:00:00+00:00,0.0504,0.030400000000000003
1990-03-23 23:00:00+00:00,0.0126,0.0134
1990-03-24 00:00:00+00:00,0.02205,0.01765
1990-03-24 01:00:00+00:00,0.016695,0.0153
1990-03-24 02:00:00+00:00,0.0,0.0078000000000000005
1990-03-24 03:00:00+00:00,0.0,0.0078000000000000005
1990-03-24 04:00:00+00:00,0.0012599999999999998,0.00835
1990-03-24 05:00:00+00:00,0.0021,0.0087
1990-03-24 06:00:00+00:00,0.011025,0.012750000000000001
1990-03-24 07:00:00+00:00,0.00315,0.0092
1990-03-24 08:00:00+00:00,-0.024045,0.0016
1990-03-24 09:00:00+00:00,-0.004095,0.0059499999999999996
1990-03-24 10:00:00+00:00,0.04389,0.0274
1990-03-24 11:00:00+00:00,0.08505,0.04585
1990-03-24 12:00:00+00:00,0.14175,0.07125000000000001
1990-03-24 13:00:00+00:00,0.14227499999999998,0.07150000000000001
1990-03-24 14:00:00+00:00,0.13198500000000002,0.06689999999999999
1990-03-24 15:00:00+00:00,0.134085,0.0678
1990-03-24 16:00:00+00:00,0.29505000000000003,0.13679999999999998
1990-03-24 17:00:00+00:00,0.302505,0.1401
1990-03-24 18:00:00+00:00,0.33704999999999996,0.15555000000000002
1990-03-24 19:00:00+00:00,0.179235,0.08804999999999999
1990-03-24 20:00:00+00:00,0.18018,0.08845
1990-03-24 21:00:00+00:00,0.161385,0.08005000000000001
1990-03-24 22:00:00+00:00,0.13545000000000001,0.06839999999999999
1990-03-24 23:00:00+00:00,0.1407,0.0708
1990-03-25 00:00:00+00:00,0.14154,0.07114999999999999
1990-03-25 01:00:00+00:00,0.131355,0.06659999999999999
1990-03-25 02:00:00+00:00,0.123585,0.0631
1990-03-25 03:00:00+00:00,0.120225,0.0616
1990-03-25 04:00:00+00:00,0.123795,0.06319999999999999
1990-03-25 05:00:00+00:00,0.14847,0.0743
1990-03-25 06:00:00+00:00,0.20517,0.09965000000000002
1990-03-25 07:00:00+00:00,0.14847,0.0743
1990-03-25 08:00:00+00:00,0.15435,0.0769
1990-03-25 09:00:00+00:00,0.15897,0.07894999999999999
1990-03-25 10:00:00+00:00,0.14867999999999998,0.07435
1990-03-25 11:00:00+00:00,0.13545000000000001,0.06845000000000001
1990-03-25 12:00:00+00:00,0.135975,0.06865
1990-03-25 13:00:00+00:00,0.129465,0.06575
1990-03-25 14:00:00+00:00,0.126945,0.06459999999999999
1990-03-25 15:00:00+00:00,0.132195,0.06695000000000001
1990-03-25 16:00:00+00:00,0.3087525,0.1429
1990-03-25 17:00:00+00:00,0.36046500000000004,0.16605
1990-03-25 18:00:00+00:00,0.36602999999999997,0.16855
1990-03-25 19:00:00+00:00,0.1533,0.07644999999999999
1990-03-25 20:00:00+00:00,0.140805,0.07085
1990-03-25 21:00:00+00:00,0.1464225,0.07335
1990-03-25 22:00:00+00:00,0.141015,0.07089999999999999
1990-03-25 23:00:00+00:00,0.13671,0.069
1990-03-26 00:00:00+00:00,0.12411,0.06335
1990-03-26 01:00:00+00:00,0.12054,0.061750000000000006
1990-03-26 02:00:00+00:00,0.11865,0.060899999999999996
1990-03-26 03:00:00+00:00,0.1176,0.0604
1990-03-26 04:00:00+00:00,0.1183875,0.0608
1990-03-26 05:00:00+00:00,0.14133,0.07105
1990-03-26 06:00:00+00:00,0.15099,0.07535
1990-03-26 07:00:00+00:00,0.14573999999999998,0.07305
1990-03-26 08:00:00+00:00,0.17472000000000001,0.086
1990-03-26 09:00:00+00:00,0.17330250000000003,0.08535000000000001
1990-03-26 10:00:00+00:00,0.17745,0.08725
1990-03-26 11:00:00+00:00,0.17031,0.08404999999999999
1990-03-26 12:00:00+00:00,0.17115000000000002,0.0844
1990-03-26 13:00:00+00:00,0.16359,0.08105000000000001
1990-03-26 14:00:00+00:00,0.15015,0.075
1990-03-26 15:00:00+00:00,0.141225,0.07100000000000001
1990-03-26 16:00:00+00:00,0.292005,0.1354
1990-03-26 17:00:00+00:00,0.327495,0.1513
1990-03-26 18:00:00+00:00,0.319515,0.1477
1990-03-26 19:00:00+00:00,0.134085,0.0678
1990-03-26 20:00:00+00:00,0.13524000000000003,0.0683
1990-03-26 21:00:00+00:00,0.12978,0.0659
1990-03-26 22:00:00+00:00,0.10500000000000001,0.0548
1990-03-26 23:00:00+00:00,0.10699499999999999,0.0557
1990-03-27 00:00:00+00:00,0.10289999999999999,0.05385
1990-03-27 01:00:00+00:00,0.102375,0.0536
1990-03-27 02:00:00+00:00,0.09040500000000001,0.048299999999999996
1990-03-27 03:00:00+00:00,0.096705,0.0511
1990-03-27 04:00:00+00:00,0.08736,0.0469
1990-03-27 05:00:00+00:00,0.1134,0.058550000000000005
1990-03-27 06:00:00+00:00,0.13293,0.0673
1990-03-27 07:00:00+00:00,0.13629,0.0688
1990-03-27 08:00:00+00:00,0.1345575,0.06805
1990-03-27 09:00:00+00:00,0.127785,0.06505
1990-03-27 10:00:00+00:00,0.122115,0.062450000000000006
1990-03-27 11:00:00+00:00,0.12306,0.06285
1990-03-27 12:00:00+00:00,0.13335,0.0675
1990-03-27 13:00:00+00:00,0.123375,0.063
1990-03-27 14:00:00+00:00,0.122535,0.06265
1990-03-27 15:00:00+00:00,0.12705,0.06464999999999999
1990-03-27 16:00:00+00:00,0.291165,0.13505
1990-03-27 17:00:00+00:00,0.3318,0.1532
1990-03-27 18:00:00+00:00,0.338625,0.1563
1990-03-27 19:00:00+00:00,0.16821,0.0831
1990-03-27 20:00:00+00:00,0.1386,0.06985
1990-03-27 21:00:00+00:00,0.1518825,0.0758
1990-03-27 22:00:00+00:00,0.14227499999999998,0.07150000000000001
1990-03-27 23:00:00+00:00,0.1407,0.0708
1990-03-28 00:00:00+00:00,0.13502999999999998,0.06825
1990-03-28 01:00:00+00:00,0.11791499999999999,0.06055
1990-03-28 02:00:00+00:00,0.11088,0.05745
1990-03-28 03:00:00+00:00,0.103215,0.054
1990-03-28 04:00:00+00:00,0.10668,0.05555
1990-03-28 05:00:00+00:00,0.109935,0.057
1990-03-28 06:00:00+00:00,0.14038499999999998,0.07064999999999999
1990-03-28 07:00:00+00:00,0.14553000000000002,0.07289999999999999
1990-03-28 08:00:00+00:00,0.14889,0.07445
1990-03-28 09:00:00+00:00,0.151935,0.0758
1990-03-28 10:00:00+00:00,0.14164500000000002,0.0712
1990-03-28 11:00:00+00:00,0.138075,0.0696
1990-03-28 12:00:00+00:00,0.13303500000000001,0.06735
1990-03-28 13:00:00+00:00,0.12075,0.06185
1990-03-28 14:00:00+00:00,0.10647000000000001,0.05545
1990-03-28 15:00:00+00:00,0.11655,0.06
1990-03-28 16:00:00+00:00,0.2772,0.1288
1990-03-28 17:00:00+00:00,0.3045,0.14100000000000001
1990-03-28 18:00:00+00:00,0.334425,0.15439999999999998
1990-03-28 19:00:00+00:00,0.18269999999999997,0.0896
1990-03-28 20:00:00+00:00,0.14196,0.07135
1990-03-28 21:00:00+00:00,0.131355,0.06655
1990-03-28 22:00:00+00:00,0.09712499999999999,0.0513
1990-03-28 23:00:00+00:00,0.11759999999999998,0.060450000000000004
1990-03-29 00:00:00+00:00,0.112665,0.058249999999999996
1990-03-29 01:00:00+00:00,0.11487,0.0592
1990-03-29 02:00:00+00:00,0.11130000000000001,0.05765000000000001
1990-03-29 03:00:00+00:00,0.1101975,0.0571
1990-03-29 04:00:00+00:00,0.11655,0.05995
1990-03-29 05:00:00+00:00,0.12936,0.0657
1990-03-29 06:00:00+00:00,0.14385,0.07214999999999999
1990-03-29 07:00:00+00:00,0.17031000000000002,0.08404999999999999
1990-03-29 08:00:00+00:00,0.17387999999999998,0.08565
1990-03-29 09:00:00+00:00,0.17745,0.08725
1990-03-29 10:00:00+00:00,0.1505175,0.07519999999999999
1990-03-29 11:00:00+00:00,0.11928,0.06119999999999999
1990-03-29 12:00:00+00:00,0.10552500000000001,0.05505
1990-03-29 13:00:00+00:00,0.085575,0.0461
1990-03-29 14:00:00+00:00,0.07444500000000001,0.0411
1990-03-29 15:00:00+00:00,0.079905,0.043550000000000005
1990-03-29 16:00:00+00:00,0.28391999999999995,0.13179999999999997
1990-03-29 17:00:00+00:00,0.31510499999999997,0.14575
1990-03-29 18:00:00+00:00,0.33285,0.1537
1990-03-29 19:00:00+00:00,0.17839500000000003,0.08765
1990-03-29 20:00:00+00:00,0.15939,0.07915
1990-03-29 21:00:00+00:00,0.139335,0.07014999999999999
1990-03-29 22:00:00+00:00,0.1197,0.061399999999999996
1990-03-29 23:00:00+00:00,0.1323,0.067
1990-03-30 00:00:00+00:00,0.13377,0.06765
1990-03-30 01:00:00+00:00,0.13083,0.06634999999999999
1990-03-30 02:00:00+00:00,0.13492500000000002,0.06814999999999999
1990-03-30 03:00:00+00:00,0.126945,0.06465
1990-03-30 04:00:00+00:00,0.13293,0.0673
1990-03-30 05:00:00+00:00,0.1281,0.06514999999999999
1990-03-30 06:00:00+00:00,0.13902,0.07
1990-03-30 07:00:00+00:00,0.143955,0.0722
1990-03-30 08:00:00+00:00,0.1530375,0.0763
1990-03-30 09:00:00+00:00,0.167055,0.08255
1990-03-30 10:00:00+00:00,0.15487499999999998,0.07715
1990-03-30 11:00:00+00:00,0.135135,0.0683
1990-03-30 12:00:00+00:00,0.14185499999999998,0.0713
1990-03-30 13:00:00+00:00,0.12442500000000001,0.0635
1990-03-30 14:00:00+00:00,0.12054000000000001,0.06175
1990-03-30 15:00:00+00:00,0.115395,0.059449999999999996
1990-03-30 16:00:00+00:00,0.28286999999999995,0.1313
1990-03-30 17:00:00+00:00,0.32424000000000003,0.14984999999999998
1990-03-30 18:00:00+00:00,0.35889000000000004,0.16535
1990-03-30 19:00:00+00:00,0.2056425,0.09985
1990-03-30 20:00:00+00:00,0.18375,0.09005
1990-03-30 21:00:00+00:00,0.15078000000000003,0.0753
1990-03-30 22:00:00+00:00,0.14553,0.07295
1990-03-30 23:00:00+00:00,0.147,0.0736
1990-03-31 00:00:00+00:00,0.14279999999999998,0.0717
1990-03-31 01:00:00+00:00,0.16359,0.08105000000000001
1990-03-31 02:00:00+00:00,0.142485,0.07155
1990-03-31 03:00:00+00:00,0.14784,0.074
1990-03-31 04:00:00+00:00,0.12474,0.06364999999999998
1990-03-31 05:00:00+00:00,0.12830999999999998,0.0652
1990-03-31 06:00:00+00:00,0.132195,0.06695
1990-03-31 07:00:00+00:00,0.13744499999999998,0.06935
1990-03-31 08:00:00+00:00,0.13492500000000002,0.06820000000000001
1990-03-31 09:00:00+00:00,0.1281,0.06515
1990-03-31 10:00:00+00:00,0.10752,0.0559
1990-03-31 11:00:00+00:00,0.10773,0.056
1990-03-31 12:00:00+00:00,0.10101,0.05305
1990-03-31 13:00:00+00:00,0.10374,0.05425
1990-03-31 14:00:00+00:00,0.10825499999999999,0.056249999999999994
1990-03-31 15:00:00+00:00,0.26586,0.1237
1990-03-31 16:00:00+00:00,0.3087,0.1429
1990-03-31 17:00:00+00:00,0.32718,0.15115
1990-03-31 18:00:00+00:00,0.15792,0.0785
1990-03-31 19:00:00+00:00,0.15666000000000002,0.07794999999999999
1990-03-31 20:00:00+00:00,0.126,0.06420000000000001
1990-03-31 21:00:00+00:00,0.10122,0.0531
1990-03-31 22:00:00+00:00,0.11655,0.05995
1990-03-31 23:00:00+00:00,0.08505,0.045899999999999996
1990-04-01 00:00:00+00:00,0.07896,0.04315
1990-04-01 01:00:00+00:00,0.0840525,0.045450000000000004
1990-04-01 02:00:00+00:00,0.08526,0.045950000000000005
1990-04-01 03:00:00+00:00,0.08526,0.046
1990-04-01 04:00:00+00:00,0.08704499999999998,0.04675
1990-04-01 05:00:00+00:00,0.109095,0.056650000000000006
1990-04-01 06:00:00+00:00,0.12327,0.063
1990-04-01 07:00:00+00:00,0.141855,0.0713
1990-04-01 08:00:00+00:00,0.1556625,0.07745
1990-04-01 09:00:00+00:00,0.1554,0.07735
1990-04-01 10:00:00+00:00,0.16128,0.08
1990-04-01 11:00:00+00:00,0.159285,0.0791
1990-04-01 12:00:00+00:00,0.12075,0.06185
1990-04-01 13:00:00+00:00,0.12453,0.06355
1990-04-01 14:00:00+00:00,0.1223775,0.06259999999999999
1990-04-01 15:00:00+00:00,0.268275,0.1248
1990-04-01 16:00:00+00:00,0.29925,0.13865
1990-04-01 17:00:00+00:00,0.31510499999999997,0.14575
1990-04-01 18:00:00+00:00,0.16842,0.0832
1990-04-01 19:00:00+00:00,0.17220000000000002,0.08485000000000001
1990-04-01 20:00:00+00:00,0.16044000000000003,0.0796
1990-04-01 21:00:00+00:00,0.142905,0.07175000000000001
1990-04-01 22:00:00+00:00,0.126,0.06420000000000001
1990-04-01 23:00:00+00:00,0.1134,0.058600000000000006
1990-04-02 00:00:00+00:00,0.11235,0.0581
1990-04-02 01:00:00+00:00,0.11403,0.05885
1990-04-02 02:00:00+00:00,0.112035,0.05795
1990-04-02 03:00:00+00:00,0.1134,0.058550000000000005
1990-04-02 04:00:00+00:00,0.117705,0.0605
1990-04-02 05:00:00+00:00,0.13461,0.06805
1990-04-02 06:00:00+00:00,0.143955,0.07225
1990-04-02 07:00:00+00:00,0.17850000000000002,0.0877
1990-04-02 08:00:00+00:00,0.17010000000000003,0.08395
1990-04-02 09:00:00+00:00,0.15645,0.07785
1990-04-02 10:00:00+00:00,0.14994,0.07490000000000001
1990-04-02 11:00:00+00:00,0.15015,0.075
1990-04-02 12:00:00+00:00,0.14217,0.07145
1990-04-02 13:00:00+00:00,0.13671,0.06895
1990-04-02 14:00:00+00:00,0.14762999999999998,0.0739
1990-04-02 15:00:00+00:00,0.28990499999999997,0.13445000000000001
1990-04-02 16:00:00+00:00,0.30933,0.1432
1990-04-02 17:00:00+00:00,0.32361,0.14955000000000002
1990-04-02 18:00:00+00:00,0.17681999999999998,0.08695
1990-04-02 19:00:00+00:00,0.15266999999999997,0.07615
1990-04-02 20:00:00+00:00,0.13445249999999997,0.068
1990-04-02 21:00:00+00:00,0.11980500000000001,0.061399999999999996
1990-04-02 22:00:00+00:00,0.129255,0.06565
1990-04-02 23:00:00+00:00,0.10668,0.055600000000000004
1990-04-03 00:00:00+00:00,0.10479,0.0547
1990-04-03 01:00:00+00:00,0.100695,0.0529
1990-04-03 02:00:00+00:00,0.09387000000000001,0.04985
1990-04-03 03:00:00+00:00,0.08693999999999999,0.0467
1990-04-03 04:00:00+00:00,0.10668,0.05555
1990-04-03 05:00:00+00:00,0.14469,0.07255
1990-04-03 06:00:00+00:00,0.15309,0.0763
1990-04-03 07:00:00+00:00,0.16579500000000003,0.08205
1990-04-03 08:00:00+00:00,0.164325,0.08135
1990-04-03 09:00:00+00:00,0.13398,0.0678
1990-04-03 10:00:00+00:00,0.124005,0.06334999999999999
1990-04-03 11:00:00+00:00,0.124425,0.0635
1990-04-03 12:00:00+00:00,0.10300500000000001,0.05395
1990-04-03 13:00:00+00:00,0.09134999999999999,0.0487
1990-04-03 14:00:00+00:00,0.100695,0.05285
1990-04-03 15:00:00+00:00,0.269955,0.12555
1990-04-03 16:00:00+00:00,0.2919,0.13535
1990-04-03 17:00:00+00:00,0.3234,0.14944999999999997
1990-04-03 18:00:00+00:00,0.16716,0.08265
1990-04-03 19:00:00+00:00,0.14784,0.074
1990-04-03 20:00:00+00:00,0.12999,0.066
1990-04-03 21:00:00+00:00,0.103845,0.054299999999999994
1990-04-03 22:00:00+00:00,0.08904,0.04765
1990-04-03 23:00:00+00:00,0.08358000000000002,0.045200000000000004
1990-04-04 00:00:00+00:00,0.08882999999999999,0.047549999999999995
1990-04-04 01:00:00+00:00,0.086835,0.04665
1990-04-04 02:00:00+00:00,0.08547,0.04605
1990-04-04 03:00:00+00:00,0.08526,0.046
1990-04-04 04:00:00+00:00,0.10699499999999999,0.05565
1990-04-04 05:00:00+00:00,0.13167,0.06675
1990-04-04 06:00:00+00:00,0.14364000000000002,0.0721
1990-04-04 07:00:00+00:00,0.15539999999999998,0.0774
1990-04-04 08:00:00+00:00,0.15508500000000003,0.07719999999999999
1990-04-04 09:00:00+00:00,0.140595,0.07075000000000001
1990-04-04 10:00:00+00:00,0.13692,0.0691
1990-04-04 11:00:00+00:00,0.12768000000000002,0.06495000000000001
1990-04-04 12:00:00+00:00,0.123165,0.0629
1990-04-04 13:00:00+00:00,0.1176,0.0604
1990-04-04 14:00:00+00:00,0.12285,0.0628
1990-04-04 15:00:00+00:00,0.27909,0.12965
1990-04-04 16:00:00+00:00,0.31394999999999995,0.14525
1990-04-04 17:00:00+00:00,0.319935,0.1479
1990-04-04 18:00:00+00:00,0.16421999999999998,0.0813
1990-04-04 19:00:00+00:00,0.138705,0.06985
1990-04-04 20:00:00+00:00,0.13566,0.06855
1990-04-04 21:00:00+00:00,0.10374,0.05425
1990-04-04 22:00:00+00:00,0.12495,0.06375
1990-04-04 23:00:00+00:00,0.09156,0.0488
1990-04-05 00:00:00+00:00,0.0617925,0.035449999999999995
1990-04-05 01:00:00+00:00,0.038849999999999996,0.0252
1990-04-05 02:00:00+00:00,0.03003,0.021249999999999998
1990-04-05 03:00:00+00:00,0.038220000000000004,0.024900000000000002
1990-04-05 04:00:00+00:00,0.073185,0.04055
1990-04-05 05:00:00+00:00,0.09009,0.04815
1990-04-05 06:00:00+00:00,0.13985999999999998,0.0704
1990-04-05 07:00:00+00:00,0.15970499999999999,0.07930000000000001
1990-04-05 08:00:00+00:00,0.1528275,0.07619999999999999
1990-04-05 09:00:00+00:00,0.12684,0.06459999999999999
1990-04-05 10:00:00+00:00,0.114345,0.059000000000000004
1990-04-05 11:00:00+00:00,0.11130000000000001,0.05765000000000001
1990-04-05 12:00:00+00:00,0.06751499999999999,0.038
1990-04-05 13:00:00+00:00,0.03591,0.02385
1990-04-05 14:00:00+00:00,0.03465,0.0233
1990-04-05 15:00:00+00:00,0.21650999999999998,0.10164999999999999
1990-04-05 16:00:00+00:00,0.251895,0.11745
1990-04-05 17:00:00+00:00,0.28266,0.13119999999999998
1990-04-05 18:00:00+00:00,0.131985,0.0669
1990-04-05 19:00:00+00:00,0.12873,0.0654
1990-04-05 20:00:00+00:00,0.114765,0.05915
1990-04-05 21:00:00+00:00,0.094605,0.05015
1990-04-05 22:00:00+00:00,0.058012499999999995,0.0338
1990-04-05 23:00:00+00:00,0.043050000000000005,0.02705
1990-04-06 00:00:00+00:00,0.03402,0.023
1990-04-06 01:00:00+00:00,0.028560000000000002,0.02055
1990-04-06 02:00:00+00:00,-0.0014699999999999995,0.00715
1990-04-06 03:00:00+00:00,-0.009345,0.0036000000000000003
1990-04-06 04:00:00+00:00,0.001155,0.0083
1990-04-06 05:00:00+00:00,0.00105,0.00825
1990-04-06 06:00:00+00:00,-0.006405,0.00495
1990-04-06 07:00:00+00:00,0.016695,0.01525
1990-04-06 08:00:00+00:00,-5.25e-05,0.0078000000000000005
1990-04-06 09:00:00+00:00,-0.0007350000000000004,0.00745
1990-04-06 10:00:00+00:00,-0.014175000000000002,0.0015
1990-04-06 11:00:00+00:00,-0.02079,0.0
1990-04-06 12:00:00+00:00,-0.035595,0.0
1990-04-06 13:00:00+00:00,-0.035385,0.0
1990-04-06 14:00:00+00:00,-0.00945,0.0036
1990-04-06 15:00:00+00:00,0.1407,0.06770000000000001
1990-04-06 16:00:00+00:00,0.1992375,0.0939
1990-04-06 17:00:00+00:00,0.2205,0.10339999999999999
1990-04-06 18:00:00+00:00,0.072135,0.0401
1990-04-06 19:00:00+00:00,0.05796,0.03375
1990-04-06 20:00:00+00:00,0.033389999999999996,0.02275
1990-04-06 21:00:00+00:00,0.0084,0.011550000000000001
1990-04-06 22:00:00+00:00,0.01575,0.01485
1990-04-06 23:00:00+00:00,0.0105,0.0125
1990-04-07 00:00:00+00:00,-0.0057225,0.0052499999999999995
1990-04-07 01:00:00+00:00,-0.007455,0.00445
1990-04-07 02:00:00+00:00,-0.00504,0.005549999999999999
1990-04-07 03:00:00+00:00,-0.004095,0.00595
1990-04-07 04:00:00+00:00,-0.003255,0.00635
1990-04-07 05:00:00+00:00,-0.010079999999999999,0.0033
1990-04-07 06:00:00+00:00,-0.0021000000000000003,0.00685
1990-04-07 07:00:00+00:00,-0.00084,0.00745
1990-04-07 08:00:00+00:00,0.01092,0.0127
1990-04-07 09:00:00+00:00,0.0054075,0.0102
1990-04-07 10:00:00+00:00,-0.00336,0.0063
1990-04-07 11:00:00+00:00,-0.0063,0.0049499999999999995
1990-04-07 12:00:00+00:00,-0.016695,0.00035
1990-04-07 13:00:00+00:00,-0.00105,0.007350000000000001
1990-04-07 14:00:00+00:00,-0.004515,0.0058000000000000005
1990-04-07 15:00:00+00:00,0.151515,0.0725
1990-04-07 16:00:00+00:00,0.197715,0.09319999999999999
1990-04-07 17:00:00+00:00,0.24276,0.11335
1990-04-07 18:00:00+00:00,0.102165,0.053500000000000006
1990-04-07 19:00:00+00:00,0.09639,0.05095
1990-04-07 20:00:00+00:00,0.08925,0.04775
1990-04-07 21:00:00+00:00,0.05985,0.0346
1990-04-07 22:00:00+00:00,0.043050000000000005,0.027049999999999998
1990-04-07 23:00:00+00:00,0.04284,0.027000000000000003
1990-04-08 00:00:00+00:00,0.063,0.036
1990-04-08 01:00:00+00:00,0.068145,0.0383
1990-04-08 02:00:00+00:00,0.073395,0.04065
1990-04-08 03:00:00+00:00,0.073185,0.04055
1990-04-08 04:00:00+00:00,0.111405,0.0577
1990-04-08 05:00:00+00:00,0.142695,0.07164999999999999
1990-04-08 06:00:00+00:00,0.14637,0.0733
1990-04-08 07:00:00+00:00,0.148785,0.0744
1990-04-08 08:00:00+00:00,0.1491,0.07455
1990-04-08 09:00:00+00:00,0.1386,0.0698
1990-04-08 10:00:00+00:00,0.13681500000000002,0.06905
1990-04-08 11:00:00+00:00,0.14742,0.0738
1990-04-08 12:00:00+00:00,0.14227499999999998,0.07150000000000001
1990-04-08 13:00:00+00:00,0.13713,0.06915
1990-04-08 14:00:00+00:00,0.12495,0.06375
1990-04-08 15:00:00+00:00,0.30135,0.1396
1990-04-08 16:00:00+00:00,0.3381,0.15600000000000003
1990-04-08 17:00:00+00:00,0.34902,0.1609
1990-04-08 18:00:00+00:00,0.18144,0.089
1990-04-08 19:00:00+00:00,0.1447425,0.0726
1990-04-08 20:00:00+00:00,0.12894,0.06555
1990-04-08 21:00:00+00:00,0.136395,0.06885
1990-04-08 22:00:00+00:00,0.138285,0.0697
1990-04-08 23:00:00+00:00,0.1176,0.0604
1990-04-09 00:00:00+00:00,0.11130000000000001,0.0576
1990-04-09 01:00:00+00:00,0.10479,0.0547
1990-04-09 02:00:00+00:00,0.076125,0.04190000000000001
1990-04-09 03:00:00+00:00,0.06604499999999999,0.037349999999999994
1990-04-09 04:00:00+00:00,0.079065,0.0432
1990-04-09 05:00:00+00:00,0.12075,0.06185
1990-04-09 06:00:00+00:00,0.136395,0.06885
1990-04-09 07:00:00+00:00,0.13681500000000002,0.069
1990-04-09 08:00:00+00:00,0.139335,0.07014999999999999
1990-04-09 09:00:00+00:00,0.122535,0.06265
1990-04-09 10:00:00+00:00,0.0882,0.0473
1990-04-09 11:00:00+00:00,0.06825,0.03835
1990-04-09 12:00:00+00:00,0.03528,0.023599999999999996
1990-04-09 13:00:00+00:00,0.01995,0.01675
1990-04-09 14:00:00+00:00,0.0252,0.0191
1990-04-09 15:00:00+00:00,0.20244,0.0953
1990-04-09 16:00:00+00:00,0.24359999999999998,0.11374999999999999
1990-04-09 17:00:00+00:00,0.2814,0.13065
1990-04-09 18:00:00+00:00,0.136185,0.0688
1990-04-09 19:00:00+00:00,0.13692,0.0691
1990-04-09 20:00:00+00:00,0.11046,0.0572
1990-04-09 21:00:00+00:00,0.08085,0.044
1990-04-09 22:00:00+00:00,0.0252,0.0191
1990-04-09 23:00:00+00:00,0.0113925,0.0129
1990-04-10 00:00:00+00:00,0.020999999999999998,0.0172
1990-04-10 01:00:00+00:00,0.0315,0.021900000000000003
1990-04-10 02:00:00+00:00,0.0504,0.030350000000000002
1990-04-10 03:00:00+00:00,0.07392,0.0409
1990-04-10 04:00:00+00:00,0.11025,0.057150000000000006
1990-04-10 05:00:00+00:00,0.15938999999999998,0.07915
1990-04-10 06:00:00+00:00,0.18700499999999998,0.0915
1990-04-10 07:00:00+00:00,0.15792,0.0785
1990-04-10 08:00:00+00:00,0.1498875,0.0749
1990-04-10 09:00:00+00:00,0.128415,0.06525
1990-04-10 10:00:00+00:00,0.13755,0.06935
1990-04-10 11:00:00+00:00,0.116865,0.0601
1990-04-10 12:00:00+00:00,0.07979999999999998,0.0435
1990-04-10 13:00:00+00:00,0.049350000000000005,0.029900000000000003
1990-04-10 14:00:00+00:00,0.076125,0.0419
1990-04-10 15:00:00+00:00,0.257355,0.1199
1990-04-10 16:00:00+00:00,0.2833425,0.13155
1990-04-10 17:00:00+00:00,0.312795,0.1447
1990-04-10 18:00:00+00:00,0.15645,0.07785
1990-04-10 19:00:00+00:00,0.151935,0.0758
1990-04-10 20:00:00+00:00,0.11171999999999999,0.05785
1990-04-10 21:00:00+00:00,0.036435,0.0241
1990-04-10 22:00:00+00:00,0.009555000000000001,0.0121
1990-04-10 23:00:00+00:00,-0.013229999999999999,0.00185
1990-04-11 00:00:00+00:00,-0.011655,0.0034000000000000002
1990-04-11 01:00:00+00:00,-0.015645,0.0016
1990-04-11 02:00:00+00:00,0.00105,0.0083
1990-04-11 03:00:00+00:00,0.001575,0.00855
1990-04-11 04:00:00+00:00,0.02583,0.01935
1990-04-11 05:00:00+00:00,0.07822499999999999,0.042800000000000005
1990-04-11 06:00:00+00:00,0.1113,0.05765000000000001
1990-04-11 07:00:00+00:00,0.112245,0.058050000000000004
1990-04-11 08:00:00+00:00,0.12578999999999999,0.06409999999999999
1990-04-11 09:00:00+00:00,0.1248975,0.0637
1990-04-11 10:00:00+00:00,0.12894,0.0655
1990-04-11 11:00:00+00:00,0.1355025,0.06845
1990-04-11 12:00:00+00:00,0.13796999999999998,0.06955
1990-04-11 13:00:00+00:00,0.1323,0.067
1990-04-11 14:00:00+00:00,0.12411,0.06335
1990-04-11 15:00:00+00:00,0.27971999999999997,0.12995
1990-04-11 16:00:00+00:00,0.299985,0.139
1990-04-11 17:00:00+00:00,0.30859499999999995,0.14284999999999998
1990-04-11 18:00:00+00:00,0.15981,0.07935
1990-04-11 19:00:00+00:00,0.135345,0.0684
1990-04-11 20:00:00+00:00,0.12852,0.06534999999999999
1990-04-11 21:00:00+00:00,0.097125,0.0513
1990-04-11 22:00:00+00:00,0.03045,0.02145
1990-04-11 23:00:00+00:00,0.02268,0.01795
1990-04-12 00:00:00+00:00,0.028665,0.02065
1990-04-12 01:00:00+00:00,0.021840000000000002,0.017550000000000003
1990-04-12 02:00:00+00:00,0.01638,0.0151
1990-04-12 03:00:00+00:00,0.017955,0.01585
1990-04-12 04:00:00+00:00,0.05313,0.0316
1990-04-12 05:00:00+00:00,0.1281,0.06515
1990-04-12 06:00:00+00:00,0.123165,0.06295
1990-04-12 07:00:00+00:00,0.11518500000000001,0.05935
1990-04-12 08:00:00+00:00,0.09240000000000001,0.04915
1990-04-12 09:00:00+00:00,0.0454125,0.0281
1990-04-12 10:00:00+00:00,0.011444999999999999,0.012950000000000001
1990-04-12 11:00:00+00:00,0.0105,0.0125
1990-04-12 12:00:00+00:00,-0.0024150000000000005,0.0067
1990-04-12 13:00:00+00:00,0.0,0.0078000000000000005
1990-04-12 14:00:00+00:00,-0.002625,0.0066
1990-04-12 15:00:00+00:00,0.178605,0.08465
1990-04-12 16:00:00+00:00,0.2318925,0.1085
1990-04-12 17:00:00+00:00,0.273,0.12689999999999999
1990-04-12 18:00:00+00:00,0.12326999999999999,0.06295
1990-04-12 19:00:00+00:00,0.12075,0.06185
1990-04-12 20:00:00+00:00,0.0819,0.04445
1990-04-12 21:00:00+00:00,0.032445,0.0223
1990-04-12 22:00:00+00:00,0.052395,0.03125
1990-04-12 23:00:00+00:00,0.052185,0.031149999999999997
1990-04-13 00:00:00+00:00,0.05512500000000001,0.0325
1990-04-13 01:00:00+00:00,0.03444,0.0232
1990-04-13 02:00:00+00:00,0.030974999999999996,0.021650000000000003
1990-04-13 03:00:00+00:00,0.04746,0.02905
1990-04-13 04:00:00+00:00,0.060270000000000004,0.0348
1990-04-13 05:00:00+00:00,0.065625,0.0372
1990-04-13 06:00:00+00:00,0.0525,0.0313
1990-04-13 07:00:00+00:00,0.041999999999999996,0.0266
1990-04-13 08:00:00+00:00,0.030240000000000003,0.02135
1990-04-13 09:00:00+00:00,-0.004200000000000001,0.0059
1990-04-13 10:00:00+00:00,-0.021,0.00155
1990-04-13 11:00:00+00:00,-0.048405000000000004,0.0
1990-04-13 12:00:00+00:00,-0.062474999999999996,0.0
1990-04-13 13:00:00+00:00,-0.07875,0.0
1990-04-13 14:00:00+00:00,-0.030345,0.0
1990-04-13 15:00:00+00:00,0.145425,0.0698
1990-04-13 16:00:00+00:00,0.18375,0.08695
1990-04-13 17:00:00+00:00,0.21567,0.10125
1990-04-13 18:00:00+00:00,0.07959,0.04345
1990-04-13 19:00:00+00:00,0.07371,0.0408
1990-04-13 20:00:00+00:00,0.07139999999999999,0.0398
1990-04-13 21:00:00+00:00,0.052500000000000005,0.0313
1990-04-13 22:00:00+00:00,0.02037,0.0169
1990-04-13 23:00:00+00:00,-0.004725,0.0057
1990-04-14 00:00:00+00:00,-0.00336,0.0063
1990-04-14 01:00:00+00:00,-0.00357,0.006200000000000001
1990-04-14 02:00:00+00:00,-0.0105,0.0031
1990-04-14 03:00:00+00:00,0.003255,0.009250000000000001
1990-04-14 04:00:00+00:00,0.006404999999999999,0.010650000000000001
1990-04-14 05:00:00+00:00,0.01932,0.01645
1990-04-14 06:00:00+00:00,-0.001259999999999999,0.0074
1990-04-14 07:00:00+00:00,0.002415,0.0089
1990-04-14 08:00:00+00:00,-0.0029400000000000003,0.0065
1990-04-14 09:00:00+00:00,0.0,0.0078000000000000005
1990-04-14 10:00:00+00:00,0.021,0.0172
1990-04-14 11:00:00+00:00,0.026250000000000002,0.019549999999999998
1990-04-14 12:00:00+00:00,-0.020685,0.00335
1990-04-14 13:00:00+00:00,0.0025199999999999997,0.00895
1990-04-14 14:00:00+00:00,-0.00945,0.00435
1990-04-14 15:00:00+00:00,0.20727,0.09745000000000001
1990-04-14 16:00:00+00:00,0.28035,0.13019999999999998
1990-04-14 17:00:00+00:00,0.319305,0.14765
1990-04-14 18:00:00+00:00,0.1686825,0.0833
1990-04-14 19:00:00+00:00,0.17304,0.08524999999999999
1990-04-14 20:00:00+00:00,0.11109,0.057550000000000004
1990-04-14 21:00:00+00:00,0.016800000000000002,0.0177
1990-04-14 22:00:00+00:00,-0.00315,0.00905
1990-04-14 23:00:00+00:00,0.00966,0.0121
1990-04-15 00:00:00+00:00,0.00924,0.011949999999999999
1990-04-15 01:00:00+00:00,0.00861,0.01165
1990-04-15 02:00:00+00:00,-0.002415,0.006699999999999999
1990-04-15 03:00:00+00:00,0.0018900000000000002,0.008650000000000001
1990-04-15 04:00:00+00:00,-0.002625,0.00665
1990-04-15 05:00:00+00:00,0.052395,0.03125
1990-04-15 06:00:00+00:00,0.14889,0.07445
1990-04-15 07:00:00+00:00,0.13755,0.0694
1990-04-15 08:00:00+00:00,0.122325,0.06255
1990-04-15 09:00:00+00:00,0.10836000000000001,0.0563
1990-04-15 10:00:00+00:00,0.06888,0.03865
1990-04-15 11:00:00+00:00,0.05292000000000001,0.0315
1990-04-15 12:00:00+00:00,0.0315,0.021900000000000003
1990-04-15 13:00:00+00:00,0.03108,0.0217
1990-04-15 14:00:00+00:00,0.0147,0.014400000000000001
1990-04-15 15:00:00+00:00,0.21944999999999998,0.1029
1990-04-15 16:00:00+00:00,0.25767,0.12005
1990-04-15 17:00:00+00:00,0.28518,0.13235
1990-04-15 18:00:00+00:00,0.13818,0.06965
1990-04-15 19:00:00+00:00,0.11886,0.061
1990-04-15 20:00:00+00:00,0.09639,0.050949999999999995
1990-04-15 21:00:00+00:00,0.045045,0.02795
1990-04-15 22:00:00+00:00,0.0170625,0.01545
1990-04-15 23:00:00+00:00,0.00063,0.0081
1990-04-16 00:00:00+00:00,0.00399,0.00955
1990-04-16 01:00:00+00:00,0.003465,0.00935
1990-04-16 02:00:00+00:00,-0.003045,0.006450000000000001
1990-04-16 03:00:00+00:00,0.0,0.0078000000000000005
1990-04-16 04:00:00+00:00,0.024885,0.01895
1990-04-16 05:00:00+00:00,0.12075,0.06185
1990-04-16 06:00:00+00:00,0.14700000000000002,0.0736
1990-04-16 07:00:00+00:00,0.12663000000000002,0.0645
1990-04-16 08:00:00+00:00,0.09135000000000001,0.04870000000000001
1990-04-16 09:00:00+00:00,0.08232,0.044649999999999995
1990-04-16 10:00:00+00:00,0.07476,0.041249999999999995
1990-04-16 11:00:00+00:00,0.08064,0.0439
1990-04-16 12:00:00+00:00,0.06762,0.0381
1990-04-16 13:00:00+00:00,0.063,0.036000000000000004
1990-04-16 14:00:00+00:00,0.07224,0.040150000000000005
1990-04-16 15:00:00+00:00,0.2519475,0.11745
1990-04-16 16:00:00+00:00,0.28874999999999995,0.13395
1990-04-16 17:00:00+00:00,0.3112725,0.14405
1990-04-16 18:00:00+00:00,0.18606,0.0911
1990-04-16 19:00:00+00:00,0.18795,0.09195
1990-04-16 20:00:00+00:00,0.1764525,0.0868
1990-04-16 21:00:00+00:00,0.151515,0.0756
1990-04-16 22:00:00+00:00,0.13398,0.06775
1990-04-16 23:00:00+00:00,0.12537,0.0639
1990-04-17 00:00:00+00:00,0.118545,0.06085
1990-04-17 01:00:00+00:00,0.11025,0.057150000000000006
1990-04-17 02:00:00+00:00,0.10185,0.0534
1990-04-17 03:00:00+00:00,0.09744,0.0514
1990-04-17 04:00:00+00:00,0.119595,0.06135
1990-04-17 05:00:00+00:00,0.19529999999999997,0.0952
1990-04-17 06:00:00+00:00,0.1860075,0.09109999999999999
1990-04-17 07:00:00+00:00,0.173145,0.08530000000000001
1990-04-17 08:00:00+00:00,0.14489999999999997,0.07264999999999999
1990-04-17 09:00:00+00:00,0.13629,0.0688
1990-04-17 10:00:00+00:00,0.134295,0.0679
1990-04-17 11:00:00+00:00,0.15056999999999998,0.07519999999999999
1990-04-17 12:00:00+00:00,0.147,0.0736
1990-04-17 13:00:00+00:00,0.14196,0.07135
1990-04-17 14:00:00+00:00,0.1491,0.0745
1990-04-17 15:00:00+00:00,0.294,0.1363
1990-04-17 16:00:00+00:00,0.30639,0.14185
1990-04-17 17:00:00+00:00,0.33852,0.15625
1990-04-17 18:00:00+00:00,0.20422500000000002,0.0992
1990-04-17 19:00:00+00:00,0.20307,0.09870000000000001
1990-04-17 20:00:00+00:00,0.15875999999999998,0.0789
1990-04-17 21:00:00+00:00,0.14679,0.07350000000000001
1990-04-17 22:00:00+00:00,0.16464,0.0815
1990-04-17 23:00:00+00:00,0.15183000000000002,0.07575
1990-04-18 00:00:00+00:00,0.146895,0.07355
1990-04-18 01:00:00+00:00,0.154665,0.07705000000000001
1990-04-18 02:00:00+00:00,0.14301,0.0718
1990-04-18 03:00:00+00:00,0.14847,0.07425000000000001
1990-04-18 04:00:00+00:00,0.173775,0.08560000000000001
1990-04-18 05:00:00+00:00,0.20265,0.0985
1990-04-18 06:00:00+00:00,0.226485,0.10919999999999999
1990-04-18 07:00:00+00:00,0.19099499999999997,0.09325
1990-04-18 08:00:00+00:00,0.15603,0.07765
1990-04-18 09:00:00+00:00,0.15666000000000002,0.0779
1990-04-18 10:00:00+00:00,0.14637,0.0733
1990-04-18 11:00:00+00:00,0.13776,0.06945000000000001
1990-04-18 12:00:00+00:00,0.1134,0.058550000000000005
1990-04-18 13:00:00+00:00,0.11907000000000001,0.0611
1990-04-18 14:00:00+00:00,0.12285,0.0628
1990-04-18 15:00:00+00:00,0.28266,0.13119999999999998
1990-04-18 16:00:00+00:00,0.309645,0.14329999999999998
1990-04-18 17:00:00+00:00,0.32655,0.15084999999999998
1990-04-18 18:00:00+00:00,0.19194,0.0937
1990-04-18 19:00:00+00:00,0.18212250000000002,0.08929999999999999
1990-04-18 20:00:00+00:00,0.16401,0.0812
1990-04-18 21:00:00+00:00,0.134715,0.0681
1990-04-18 22:00:00+00:00,0.09240000000000001,0.04915
1990-04-18 23:00:00+00:00,0.08998500000000001,0.048100000000000004
1990-04-19 00:00:00+00:00,0.07255500000000001,0.040249999999999994
1990-04-19 01:00:00+00:00,0.06153,0.03535
1990-04-19 02:00:00+00:00,0.058695,0.03405
1990-04-19 03:00:00+00:00,0.06258,0.03585
1990-04-19 04:00:00+00:00,0.057749999999999996,0.03365
1990-04-19 05:00:00+00:00,0.12032999999999999,0.06165
1990-04-19 06:00:00+00:00,0.136185,0.06875
1990-04-19 07:00:00+00:00,0.1365,0.0689
1990-04-19 08:00:00+00:00,0.114345,0.059
1990-04-19 09:00:00+00:00,0.085155,0.045899999999999996
1990-04-19 10:00:00+00:00,0.084,0.045399999999999996
1990-04-19 11:00:00+00:00,0.06331500000000001,0.03615
1990-04-19 12:00:00+00:00,0.049665,0.03
1990-04-19 13:00:00+00:00,0.05502,0.0324
1990-04-19 14:00:00+00:00,0.054599999999999996,0.03225
1990-04-19 15:00:00+00:00,0.24995250000000002,0.11655
1990-04-19 16:00:00+00:00,0.267855,0.1246
1990-04-19 17:00:00+00:00,0.29442,0.13645000000000002
1990-04-19 18:00:00+00:00,0.186795,0.09140000000000001
1990-04-19 19:00:00+00:00,0.18537749999999997,0.09075
1990-04-19 20:00:00+00:00,0.18144,0.089
1990-04-19 21:00:00+00:00,0.150255,0.07505
1990-04-19 22:00:00+00:00,0.13965,0.0703
1990-04-19 23:00:00+00:00,0.13198500000000002,0.06684999999999999
1990-04-20 00:00:00+00:00,0.13545,0.0684
1990-04-20 01:00:00+00:00,0.138075,0.0696
1990-04-20 02:00:00+00:00,0.133245,0.06745000000000001
1990-04-20 03:00:00+00:00,0.13545,0.0684
1990-04-20 04:00:00+00:00,0.12096000000000001,0.06195
1990-04-20 05:00:00+00:00,0.14679,0.0735
1990-04-20 06:00:00+00:00,0.1659,0.08205
1990-04-20 07:00:00+00:00,0.16201500000000002,0.08030000000000001
1990-04-20 08:00:00+00:00,0.16695000000000002,0.0825
1990-04-20 09:00:00+00:00,0.153195,0.07635
1990-04-20 10:00:00+00:00,0.1357125,0.06855
1990-04-20 11:00:00+00:00,0.135975,0.06865
1990-04-20 12:00:00+00:00,0.120645,0.0618
1990-04-20 13:00:00+00:00,0.11298,0.0584
1990-04-20 14:00:00+00:00,0.10395000000000001,0.0543
1990-04-20 15:00:00+00:00,0.273,0.12689999999999999
1990-04-20 16:00:00+00:00,0.30933,0.14315
1990-04-20 17:00:00+00:00,0.32592,0.1506
1990-04-20 18:00:00+00:00,0.18375,0.09005000000000002
1990-04-20 19:00:00+00:00,0.187425,0.0917
1990-04-20 20:00:00+00:00,0.16610999999999998,0.08215
1990-04-20 21:00:00+00:00,0.1387575,0.0699
1990-04-20 22:00:00+00:00,0.15204,0.07585
1990-04-20 23:00:00+00:00,0.12684,0.06455
1990-04-21 00:00:00+00:00,0.122535,0.06265
1990-04-21 01:00:00+00:00,0.117705,0.0605
1990-04-21 02:00:00+00:00,0.12137999999999999,0.0621
1990-04-21 03:00:00+00:00,0.111405,0.05764999999999999
1990-04-21 04:00:00+00:00,0.11025,0.057150000000000006
1990-04-21 05:00:00+00:00,0.1176,0.060450000000000004
1990-04-21 06:00:00+00:00,0.1210125,0.06195
1990-04-21 07:00:00+00:00,0.12075,0.06185
1990-04-21 08:00:00+00:00,0.125265,0.06384999999999999
1990-04-21 09:00:00+00:00,0.13629,0.0688
1990-04-21 10:00:00+00:00,0.14573999999999998,0.07305
1990-04-21 11:00:00+00:00,0.16794749999999997,0.08299999999999999
1990-04-21 12:00:00+00:00,0.15351,0.0765
1990-04-21 13:00:00+00:00,0.144375,0.07245
1990-04-21 14:00:00+00:00,0.143325,0.07195
1990-04-21 15:00:00+00:00,0.28854,0.13385
1990-04-21 16:00:00+00:00,0.32865,0.1518
1990-04-21 17:00:00+00:00,0.34209,0.15785
1990-04-21 18:00:00+00:00,0.194565,0.0949
1990-04-21 19:00:00+00:00,0.19887,0.0968
1990-04-21 20:00:00+00:00,0.17976000000000003,0.08825
1990-04-21 21:00:00+00:00,0.14931,0.0746
1990-04-21 22:00:00+00:00,0.14196,0.07135
1990-04-21 23:00:00+00:00,0.13818,0.0697
1990-04-22 00:00:00+00:00,0.13818,0.0697
1990-04-22 01:00:00+00:00,0.133875,0.06775
1990-04-22 02:00:00+00:00,0.13692,0.0691
1990-04-22 03:00:00+00:00,0.13440000000000002,0.06795000000000001
1990-04-22 04:00:00+00:00,0.16873500000000002,0.0833
1990-04-22 05:00:00+00:00,0.20853,0.10115
1990-04-22 06:00:00+00:00,0.220605,0.10655
1990-04-22 07:00:00+00:00,0.17839500000000003,0.08765
1990-04-22 08:00:00+00:00,0.16148999999999997,0.0801
1990-04-22 09:00:00+00:00,0.152145,0.07594999999999999
1990-04-22 10:00:00+00:00,0.14889,0.07444999999999999
1990-04-22 11:00:00+00:00,0.151305,0.07555
1990-04-22 12:00:00+00:00,0.14154,0.0712
1990-04-22 13:00:00+00:00,0.13608,0.0687
1990-04-22 14:00:00+00:00,0.1365,0.0689
1990-04-22 15:00:00+00:00,0.29610000000000003,0.13724999999999998
1990-04-22 16:00:00+00:00,0.32025,0.14805
1990-04-22 17:00:00+00:00,0.33999,0.1569
1990-04-22 18:00:00+00:00,0.18963000000000002,0.09265000000000001
1990-04-22 19:00:00+00:00,0.178815,0.08785000000000001
1990-04-22 20:00:00+00:00,0.15960000000000002,0.07924999999999999
1990-04-22 21:00:00+00:00,0.156765,0.07799999999999999
1990-04-22 22:00:00+00:00,0.1466325,0.07345
1990-04-22 23:00:00+00:00,0.14175000000000001,0.0712
1990-04-23 00:00:00+00:00,0.143955,0.07225000000000001
1990-04-23 01:00:00+00:00,0.136395,0.06885
1990-04-23 02:00:00+00:00,0.133455,0.06755
1990-04-23 03:00:00+00:00,0.1323,0.067
1990-04-23 04:00:00+00:00,0.16505999999999998,0.0817
1990-04-23 05:00:00+00:00,0.21987,0.10625000000000001
1990-04-23 06:00:00+00:00,0.22260000000000002,0.10744999999999999
1990-04-23 07:00:00+00:00,0.19036499999999998,0.093
1990-04-23 08:00:00+00:00,0.15592499999999998,0.0776
1990-04-23 09:00:00+00:00,0.135345,0.06839999999999999
1990-04-23 10:00:00+00:00,0.14091,0.07089999999999999
1990-04-23 11:00:00+00:00,0.1365,0.0689
1990-04-23 12:00:00+00:00,0.13208999999999999,0.06695000000000001
1990-04-23 13:00:00+00:00,0.12978,0.06584999999999999
1990-04-23 14:00:00+00:00,0.13146000000000002,0.0666
1990-04-23 15:00:00+00:00,0.28644000000000003,0.13295
1990-04-23 16:00:00+00:00,0.29253,0.13565
1990-04-23 17:00:00+00:00,0.334425,0.15439999999999998
1990-04-23 18:00:00+00:00,0.1911,0.09334999999999999
1990-04-23 19:00:00+00:00,0.18186,0.0892
1990-04-23 20:00:00+00:00,0.16296,0.08074999999999999
1990-04-23 21:00:00+00:00,0.15350999999999998,0.0765
1990-04-23 22:00:00+00:00,0.13261499999999998,0.06715
1990-04-23 23:00:00+00:00,0.125895,0.06415
1990-04-24 00:00:00+00:00,0.12495,0.06375
1990-04-24 01:00:00+00:00,0.12390000000000001,0.0633
1990-04-24 02:00:00+00:00,0.129255,0.06564999999999999
1990-04-24 03:00:00+00:00,0.127785,0.065
1990-04-24 04:00:00+00:00,0.14469,0.07255
1990-04-24 05:00:00+00:00,0.17493,0.08610000000000001
1990-04-24 06:00:00+00:00,0.19866,0.09670000000000001
1990-04-24 07:00:00+00:00,0.1813875,0.08900000000000001
1990-04-24 08:00:00+00:00,0.148575,0.0743
1990-04-24 09:00:00+00:00,0.137025,0.06915
1990-04-24 10:00:00+00:00,0.137235,0.06925
1990-04-24 11:00:00+00:00,0.13587,0.06865
1990-04-24 12:00:00+00:00,0.12941249999999999,0.06570000000000001
1990-04-24 13:00:00+00:00,0.12915,0.06559999999999999
1990-04-24 14:00:00+00:00,0.13272,0.06725
1990-04-24 15:00:00+00:00,0.29200499999999996,0.1354
1990-04-24 16:00:00+00:00,0.30345,0.14055
1990-04-24 17:00:00+00:00,0.317835,0.14700000000000002
1990-04-24 18:00:00+00:00,0.1972425,0.0961
1990-04-24 19:00:00+00:00,0.19603500000000001,0.09555
1990-04-24 20:00:00+00:00,0.1884225,0.09215000000000001
1990-04-24 21:00:00+00:00,0.1631175,0.0808
1990-04-24 22:00:00+00:00,0.1575,0.07830000000000001
1990-04-24 23:00:00+00:00,0.14154,0.07114999999999999
1990-04-25 00:00:00+00:00,0.13524,0.06835
1990-04-25 01:00:00+00:00,0.13366499999999998,0.06765
1990-04-25 02:00:00+00:00,0.12621000000000002,0.0643
1990-04-25 03:00:00+00:00,0.13208999999999999,0.06695000000000001
1990-04-25 04:00:00+00:00,0.15372000000000002,0.0766
1990-04-25 05:00:00+00:00,0.190365,0.09305
1990-04-25 06:00:00+00:00,0.20475,0.09945
1990-04-25 07:00:00+00:00,0.18647999999999998,0.09125
1990-04-25 08:00:00+00:00,0.15435,0.0769
1990-04-25 09:00:00+00:00,0.149835,0.07485
1990-04-25 10:00:00+00:00,0.1365,0.0689
1990-04-25 11:00:00+00:00,0.133875,0.06775
1990-04-25 12:00:00+00:00,0.1327725,0.06720000000000001
1990-04-25 13:00:00+00:00,0.13208999999999999,0.06695000000000001
1990-04-25 14:00:00+00:00,0.138285,0.0697
1990-04-25 15:00:00+00:00,0.29211,0.13545000000000001
1990-04-25 16:00:00+00:00,0.324555,0.15
1990-04-25 17:00:00+00:00,0.34965,0.1612
1990-04-25 18:00:00+00:00,0.20527499999999999,0.09964999999999999
1990-04-25 19:00:00+00:00,0.20475,0.09944999999999998
1990-04-25 20:00:00+00:00,0.170625,0.08415
1990-04-25 21:00:00+00:00,0.14826,0.07415
1990-04-25 22:00:00+00:00,0.13776,0.06945000000000001
1990-04-25 23:00:00+00:00,0.133245,0.06745000000000001
1990-04-26 00:00:00+00:00,0.13335,0.0675
1990-04-26 01:00:00+00:00,0.13419,0.0679
1990-04-26 02:00:00+00:00,0.13303500000000001,0.06735
1990-04-26 03:00:00+00:00,0.13440000000000002,0.06795000000000001
1990-04-26 04:00:00+00:00,0.15036,0.0751
1990-04-26 05:00:00+00:00,0.18810749999999998,0.092
1990-04-26 06:00:00+00:00,0.183225,0.0898
1990-04-26 07:00:00+00:00,0.201915,0.09820000000000001
1990-04-26 08:00:00+00:00,0.18857999999999997,0.0922
1990-04-26 09:00:00+00:00,0.163485,0.08095
1990-04-26 10:00:00+00:00,0.15036,0.0751
1990-04-26 11:00:00+00:00,0.1491,0.07455
1990-04-26 12:00:00+00:00,0.14001750000000002,0.07045
1990-04-26 13:00:00+00:00,0.13335,0.0675
1990-04-26 14:00:00+00:00,0.13629,0.0688
1990-04-26 15:00:00+00:00,0.3003,0.1391
1990-04-26 16:00:00+00:00,0.324135,0.1498
1990-04-26 17:00:00+00:00,0.35511000000000004,0.1637
1990-04-26 18:00:00+00:00,0.20853,0.10115
1990-04-26 19:00:00+00:00,0.19204500000000002,0.0938
1990-04-26 20:00:00+00:00,0.18059999999999998,0.08864999999999999
1990-04-26 21:00:00+00:00,0.142905,0.0718
1990-04-26 22:00:00+00:00,0.1624875,0.08055
1990-04-26 23:00:00+00:00,0.1604925,0.07965
1990-04-27 00:00:00+00:00,0.16096499999999997,0.07985
1990-04-27 01:00:00+00:00,0.155925,0.0776
1990-04-27 02:00:00+00:00,0.15015,0.075
1990-04-27 03:00:00+00:00,0.14322000000000001,0.07195
1990-04-27 04:00:00+00:00,0.1324575,0.06709999999999999
1990-04-27 05:00:00+00:00,0.14553,0.07289999999999999
1990-04-27 06:00:00+00:00,0.156555,0.07785
1990-04-27 07:00:00+00:00,0.15960000000000002,0.07919999999999999
1990-04-27 08:00:00+00:00,0.17786999999999997,0.08745
1990-04-27 09:00:00+00:00,0.1764,0.08675
1990-04-27 10:00:00+00:00,0.1659,0.08205
1990-04-27 11:00:00+00:00,0.167265,0.08265
1990-04-27 12:00:00+00:00,0.1516725,0.07565
1990-04-27 13:00:00+00:00,0.129885,0.06595
1990-04-27 14:00:00+00:00,0.129885,0.06595
1990-04-27 15:00:00+00:00,0.29557500000000003,0.137
1990-04-27 16:00:00+00:00,0.32235,0.14900000000000002
1990-04-27 17:00:00+00:00,0.3423,0.15795
1990-04-27 18:00:00+00:00,0.183645,0.09
1990-04-27 19:00:00+00:00,0.1554,0.07735
1990-04-27 20:00:00+00:00,0.14721,0.0737
1990-04-27 21:00:00+00:00,0.16275,0.08065
1990-04-27 22:00:00+00:00,0.17451,0.0859
1990-04-27 23:00:00+00:00,0.16632,0.08225
1990-04-28 00:00:00+00:00,0.15907500000000002,0.07899999999999999
1990-04-28 01:00:00+00:00,0.141645,0.07125000000000001
1990-04-28 02:00:00+00:00,0.1197,0.061399999999999996
1990-04-28 03:00:00+00:00,0.10479,0.0547
1990-04-28 04:00:00+00:00,0.11319,0.0585
1990-04-28 05:00:00+00:00,0.11549999999999999,0.0595
1990-04-28 06:00:00+00:00,0.12789,0.06505
1990-04-28 07:00:00+00:00,0.15015,0.075
1990-04-28 08:00:00+00:00,0.17304,0.08524999999999999
1990-04-28 09:00:00+00:00,0.17556,0.0864
1990-04-28 10:00:00+00:00,0.1785,0.0877
1990-04-28 11:00:00+00:00,0.17535,0.0863
1990-04-28 12:00:00+00:00,0.14784,0.074
1990-04-28 13:00:00+00:00,0.10983000000000001,0.05695
1990-04-28 14:00:00+00:00,0.11948999999999999,0.06125
1990-04-28 15:00:00+00:00,0.286755,0.13305
1990-04-28 16:00:00+00:00,0.31038,0.1436
1990-04-28 17:00:00+00:00,0.3171,0.1466
1990-04-28 18:00:00+00:00,0.183855,0.09010000000000001
1990-04-28 19:00:00+00:00,0.166005,0.0821
1990-04-28 20:00:00+00:00,0.161385,0.08005000000000001
1990-04-28 21:00:00+00:00,0.133875,0.06770000000000001
1990-04-28 22:00:00+00:00,0.11760000000000001,0.06045
1990-04-28 23:00:00+00:00,0.10794,0.05615
1990-04-29 00:00:00+00:00,0.116865,0.0601
1990-04-29 01:00:00+00:00,0.126,0.0642
1990-04-29 02:00:00+00:00,0.126,0.0642
1990-04-29 03:00:00+00:00,0.13177499999999998,0.0668
1990-04-29 04:00:00+00:00,0.142905,0.07175000000000001
1990-04-29 05:00:00+00:00,0.17808000000000002,0.0875
1990-04-29 06:00:00+00:00,0.18054750000000003,0.0886
1990-04-29 07:00:00+00:00,0.15666,0.0779
1990-04-29 08:00:00+00:00,0.138705,0.06989999999999999
1990-04-29 09:00:00+00:00,0.12830999999999998,0.06525
1990-04-29 10:00:00+00:00,0.11445,0.059
1990-04-29 11:00:00+00:00,0.10605,0.055249999999999994
1990-04-29 12:00:00+00:00,0.096915,0.0512
1990-04-29 13:00:00+00:00,0.08987999999999999,0.048049999999999995
1990-04-29 14:00:00+00:00,0.08925,0.04775
1990-04-29 15:00:00+00:00,0.27825,0.12924999999999998
1990-04-29 16:00:00+00:00,0.30744000000000005,0.14235
1990-04-29 17:00:00+00:00,0.33894,0.15639999999999998
1990-04-29 18:00:00+00:00,0.19845000000000002,0.09659999999999999
1990-04-29 19:00:00+00:00,0.18081,0.0887
1990-04-29 20:00:00+00:00,0.15225,0.07594999999999999
1990-04-29 21:00:00+00:00,0.14384999999999998,0.0722
1990-04-29 22:00:00+00:00,0.13167,0.06675
1990-04-29 23:00:00+00:00,0.11865,0.060899999999999996
1990-04-30 00:00:00+00:00,0.123375,0.06305
1990-04-30 01:00:00+00:00,0.123165,0.06294999999999999
1990-04-30 02:00:00+00:00,0.10185,0.0534
1990-04-30 03:00:00+00:00,0.1239525,0.0633
1990-04-30 04:00:00+00:00,0.14521499999999998,0.0728
1990-04-30 05:00:00+00:00,0.1806,0.08865
1990-04-30 06:00:00+00:00,0.1844325,0.09039999999999998
1990-04-30 07:00:00+00:00,0.17808000000000002,0.0875
1990-04-30 08:00:00+00:00,0.132195,0.067
1990-04-30 09:00:00+00:00,0.0986475,0.05195
1990-04-30 10:00:00+00:00,0.10815,0.0562
1990-04-30 11:00:00+00:00,0.09764999999999999,0.05155
1990-04-30 12:00:00+00:00,0.08546999999999999,0.046049999999999994
1990-04-30 13:00:00+00:00,0.082215,0.0446
1990-04-30 14:00:00+00:00,0.102165,0.05355
1990-04-30 15:00:00+00:00,0.270795,0.12589999999999998
1990-04-30 16:00:00+00:00,0.287175,0.13324999999999998
1990-04-30 17:00:00+00:00,0.300195,0.1391
1990-04-30 18:00:00+00:00,0.17713500000000001,0.08710000000000001
1990-04-30 19:00:00+00:00,0.17808000000000002,0.0875
1990-04-30 20:00:00+00:00,0.16065000000000002,0.0797
1990-04-30 21:00:00+00:00,0.14343,0.07200000000000001
1990-04-30 22:00:00+00:00,0.13124999999999998,0.06655
1990-04-30 23:00:00+00:00,0.11991,0.0615
1990-05-01 00:00:00+00:00,0.125895,0.06415
1990-05-01 01:00:00+00:00,0.126525,0.06445000000000001
1990-05-01 02:00:00+00:00,0.118335,0.06075
1990-05-01 03:00:00+00:00,0.12411,0.06334999999999999
1990-05-01 04:00:00+00:00,0.13629,0.0688
1990-05-01 05:00:00+00:00,0.157815,0.07844999999999999
1990-05-01 06:00:00+00:00,0.16275,0.08065
1990-05-01 07:00:00+00:00,0.1704675,0.08410000000000001
1990-05-01 08:00:00+00:00,0.16978500000000002,0.08380000000000001
1990-05-01 09:00:00+00:00,0.17535,0.0863
1990-05-01 10:00:00+00:00,0.161595,0.08015
1990-05-01 11:00:00+00:00,0.14973,0.07485
1990-05-01 12:00:00+00:00,0.140595,0.07075000000000001
1990-05-01 13:00:00+00:00,0.13335,0.0675
1990-05-01 14:00:00+00:00,0.13335,0.0675
1990-05-01 15:00:00+00:00,0.2919,0.13535
1990-05-01 16:00:00+00:00,0.313215,0.1449
1990-05-01 17:00:00+00:00,0.31857,0.1473
1990-05-01 18:00:00+00:00,0.1782375,0.0876
1990-05-01 19:00:00+00:00,0.164115,0.08125
1990-05-01 20:00:00+00:00,0.1468425,0.07355
1990-05-01 21:00:00+00:00,0.11445,0.059
1990-05-01 22:00:00+00:00,0.15078,0.0753
1990-05-01 23:00:00+00:00,0.12242999999999998,0.0626
1990-05-02 00:00:00+00:00,0.1176,0.0604
1990-05-02 01:00:00+00:00,0.099015,0.0521
1990-05-02 02:00:00+00:00,0.09156,0.048799999999999996
1990-05-02 03:00:00+00:00,0.0966,0.051
1990-05-02 04:00:00+00:00,0.11402999999999999,0.05885
1990-05-02 05:00:00+00:00,0.140805,0.07085
1990-05-02 06:00:00+00:00,0.17220000000000002,0.0849
1990-05-02 07:00:00+00:00,0.17304,0.08524999999999999
1990-05-02 08:00:00+00:00,0.16884,0.0834
1990-05-02 09:00:00+00:00,0.14595,0.0731
1990-05-02 10:00:00+00:00,0.137865,0.06955
1990-05-02 11:00:00+00:00,0.12032999999999999,0.0617
1990-05-02 12:00:00+00:00,0.09869999999999998,0.052
1990-05-02 13:00:00+00:00,0.081795,0.04445
1990-05-02 14:00:00+00:00,0.08715,0.04685
1990-05-02 15:00:00+00:00,0.261765,0.1219
1990-05-02 16:00:00+00:00,0.29557500000000003,0.137
1990-05-02 17:00:00+00:00,0.30513,0.14125
1990-05-02 18:00:00+00:00,0.16779,0.08289999999999999
1990-05-02 19:00:00+00:00,0.16401000000000002,0.0812
1990-05-02 20:00:00+00:00,0.16316999999999998,0.08085
1990-05-02 21:00:00+00:00,0.13796999999999998,0.06955
1990-05-02 22:00:00+00:00,0.163905,0.08115
1990-05-02 23:00:00+00:00,0.14721,0.07365
1990-05-03 00:00:00+00:00,0.13356,0.0676
1990-05-03 01:00:00+00:00,0.13545000000000001,0.0684
1990-05-03 02:00:00+00:00,0.132405,0.06709999999999999
1990-05-03 03:00:00+00:00,0.13314,0.0674
1990-05-03 04:00:00+00:00,0.12978,0.0659
1990-05-03 05:00:00+00:00,0.145845,0.0731
1990-05-03 06:00:00+00:00,0.158655,0.07880000000000001
1990-05-03 07:00:00+00:00,0.183225,0.08985
1990-05-03 08:00:00+00:00,0.17818499999999998,0.08754999999999999
1990-05-03 09:00:00+00:00,0.18490499999999999,0.09054999999999999
1990-05-03 10:00:00+00:00,0.166215,0.0822
1990-05-03 11:00:00+00:00,0.165585,0.0819
1990-05-03 12:00:00+00:00,0.13902,0.07
1990-05-03 13:00:00+00:00,0.13167,0.0667
1990-05-03 14:00:00+00:00,0.13356,0.0676
1990-05-03 15:00:00+00:00,0.2898,0.13445000000000001
1990-05-03 16:00:00+00:00,0.310695,0.14379999999999998
1990-05-03 17:00:00+00:00,0.32424,0.14984999999999998
1990-05-03 18:00:00+00:00,0.18322499999999997,0.08979999999999999
1990-05-03 19:00:00+00:00,0.18112499999999998,0.08889999999999999
1990-05-03 20:00:00+00:00,0.15708,0.0781
1990-05-03 21:00:00+00:00,0.149835,0.07485
1990-05-03 22:00:00+00:00,0.15015,0.075
1990-05-03 23:00:00+00:00,0.131775,0.0668
1990-05-04 00:00:00+00:00,0.135765,0.06855
1990-05-04 01:00:00+00:00,0.13524,0.06835
1990-05-04 02:00:00+00:00,0.133455,0.06755
1990-05-04 03:00:00+00:00,0.134715,0.0681
1990-05-04 04:00:00+00:00,0.13524,0.06835
1990-05-04 05:00:00+00:00,0.1449,0.07265
1990-05-04 06:00:00+00:00,0.142905,0.07175000000000001
1990-05-04 07:00:00+00:00,0.13566,0.0685
1990-05-04 08:00:00+00:00,0.168,0.083
1990-05-04 09:00:00+00:00,0.15960000000000002,0.07925
1990-05-04 10:00:00+00:00,0.15855000000000002,0.07875
1990-05-04 11:00:00+00:00,0.13923000000000002,0.0701
1990-05-04 12:00:00+00:00,0.131775,0.0668
1990-05-04 13:00:00+00:00,0.13313999999999998,0.06739999999999999
1990-05-04 14:00:00+00:00,0.132405,0.06705
1990-05-04 15:00:00+00:00,0.28024499999999997,0.13015
1990-05-04 16:00:00+00:00,0.31878,0.1474
1990-05-04 17:00:00+00:00,0.347655,0.16035
1990-05-04 18:00:00+00:00,0.207165,0.10055
1990-05-04 19:00:00+00:00,0.185955,0.09105
1990-05-04 20:00:00+00:00,0.175245,0.08625
1990-05-04 21:00:00+00:00,0.141015,0.07095000000000001
1990-05-04 22:00:00+00:00,0.18353999999999998,0.08995
1990-05-04 23:00:00+00:00,0.16978500000000002,0.0838
1990-05-05 00:00:00+00:00,0.15960000000000002,0.07919999999999999
1990-05-05 01:00:00+00:00,0.15666000000000002,0.0779
1990-05-05 02:00:00+00:00,0.14616,0.07325
1990-05-05 03:00:00+00:00,0.15078000000000003,0.0753
1990-05-05 04:00:00+00:00,0.13502999999999998,0.06825
1990-05-05 05:00:00+00:00,0.13503,0.0682
1990-05-05 06:00:00+00:00,0.14343,0.07200000000000001
1990-05-05 07:00:00+00:00,0.14175,0.07125000000000001
1990-05-05 08:00:00+00:00,0.164325,0.08135
1990-05-05 09:00:00+00:00,0.16317,0.08085
1990-05-05 10:00:00+00:00,0.15666,0.07794999999999999
1990-05-05 11:00:00+00:00,0.163065,0.08075
1990-05-05 12:00:00+00:00,0.161175,0.07995
1990-05-05 13:00:00+00:00,0.1577625,0.0784
1990-05-05 14:00:00+00:00,0.1617,0.08015
1990-05-05 15:00:00+00:00,0.31017,0.14355
1990-05-05 16:00:00+00:00,0.316785,0.14650000000000002
1990-05-05 17:00:00+00:00,0.33064499999999997,0.1527
1990-05-05 18:00:00+00:00,0.18438,0.09029999999999999
1990-05-05 19:00:00+00:00,0.17997000000000002,0.08835
1990-05-05 20:00:00+00:00,0.18144,0.089
1990-05-05 21:00:00+00:00,0.154035,0.07675
1990-05-05 22:00:00+00:00,0.160545,0.07965
1990-05-05 23:00:00+00:00,0.1596,0.07924999999999999
1990-05-06 00:00:00+00:00,0.16254000000000002,0.08055000000000001
1990-05-06 01:00:00+00:00,0.15697500000000003,0.07805
1990-05-06 02:00:00+00:00,0.14826,0.0742
1990-05-06 03:00:00+00:00,0.150885,0.0753
1990-05-06 04:00:00+00:00,0.194985,0.09509999999999999
1990-05-06 05:00:00+00:00,0.19876500000000002,0.09675
1990-05-06 06:00:00+00:00,0.17892000000000002,0.0879
1990-05-06 07:00:00+00:00,0.16023,0.0795
1990-05-06 08:00:00+00:00,0.1533,0.07644999999999999
1990-05-06 09:00:00+00:00,0.15435,0.0769
1990-05-06 10:00:00+00:00,0.13849499999999998,0.0698
1990-05-06 11:00:00+00:00,0.141225,0.07105
1990-05-06 12:00:00+00:00,0.13944,0.07020000000000001
1990-05-06 13:00:00+00:00,0.14511000000000002,0.07275000000000001
1990-05-06 14:00:00+00:00,0.144795,0.0726
1990-05-06 15:00:00+00:00,0.30387,0.1407
1990-05-06 16:00:00+00:00,0.33495,0.15465
1990-05-06 17:00:00+00:00,0.34818000000000005,0.16055
1990-05-06 18:00:00+00:00,0.20422500000000002,0.0992
1990-05-06 19:00:00+00:00,0.19151999999999997,0.09355
1990-05-06 20:00:00+00:00,0.186585,0.09135
1990-05-06 21:00:00+00:00,0.16905000000000003,0.08345
1990-05-06 22:00:00+00:00,0.1512,0.0755
1990-05-06 23:00:00+00:00,0.143535,0.07205
1990-05-07 00:00:00+00:00,0.14112,0.071
1990-05-07 01:00:00+00:00,0.14279999999999998,0.0717
1990-05-07 02:00:00+00:00,0.13786500000000002,0.0695
1990-05-07 03:00:00+00:00,0.14175,0.07125000000000001
1990-05-07 04:00:00+00:00,0.148995,0.07450000000000001
1990-05-07 05:00:00+00:00,0.19760999999999998,0.09625
1990-05-07 06:00:00+00:00,0.21882000000000001,0.10575000000000001
1990-05-07 07:00:00+00:00,0.18721500000000002,0.0916
1990-05-07 08:00:00+00:00,0.181545,0.0891
1990-05-07 09:00:00+00:00,0.14868,0.07435
1990-05-07 10:00:00+00:00,0.13524,0.06835
1990-05-07 11:00:00+00:00,0.13734000000000002,0.06925
1990-05-07 12:00:00+00:00,0.13335,0.0675
1990-05-07 13:00:00+00:00,0.13124999999999998,0.06655
1990-05-07 14:00:00+00:00,0.13608,0.0687
1990-05-07 15:00:00+00:00,0.2982,0.1382
1990-05-07 16:00:00+00:00,0.322035,0.14885
1990-05-07 17:00:00+00:00,0.33999,0.15689999999999998
1990-05-07 18:00:00+00:00,0.19467,0.09495
1990-05-07 19:00:00+00:00,0.19655999999999998,0.09575
1990-05-07 20:00:00+00:00,0.17493,0.08610000000000001
1990-05-07 21:00:00+00:00,0.16842000000000001,0.08315
1990-05-07 22:00:00+00:00,0.1596,0.07925
1990-05-07 23:00:00+00:00,0.14437499999999998,0.07245
1990-05-08 00:00:00+00:00,0.13776,0.06945000000000001
1990-05-08 01:00:00+00:00,0.13671,0.069
1990-05-08 02:00:00+00:00,0.1365,0.0689
1990-05-08 03:00:00+00:00,0.139125,0.07005
1990-05-08 04:00:00+00:00,0.13671,0.069
1990-05-08 05:00:00+00:00,0.1869,0.09145
1990-05-08 06:00:00+00:00,0.20033999999999996,0.0975
1990-05-08 07:00:00+00:00,0.18228,0.08940000000000001
1990-05-08 08:00:00+00:00,0.15487499999999998,0.07715
1990-05-08 09:00:00+00:00,0.14358749999999998,0.0721
1990-05-08 10:00:00+00:00,0.133455,0.06755
1990-05-08 11:00:00+00:00,0.13398,0.0678
1990-05-08 12:00:00+00:00,0.13019999999999998,0.06605
1990-05-08 13:00:00+00:00,0.1273125,0.0648
1990-05-08 14:00:00+00:00,0.12852000000000002,0.06535
1990-05-08 15:00:00+00:00,0.283605,0.13165
1990-05-08 16:00:00+00:00,0.31269,0.14465
1990-05-08 17:00:00+00:00,0.33547499999999997,0.15485
1990-05-08 18:00:00+00:00,0.1916775,0.0936
1990-05-08 19:00:00+00:00,0.18921,0.09245
1990-05-08 20:00:00+00:00,0.15750000000000003,0.07830000000000001
1990-05-08 21:00:00+00:00,0.143955,0.0722
1990-05-08 22:00:00+00:00,0.13482,0.06814999999999999
1990-05-08 23:00:00+00:00,0.133875,0.06775
1990-05-09 00:00:00+00:00,0.12967499999999998,0.06584999999999999
1990-05-09 01:00:00+00:00,0.129885,0.06595000000000001
1990-05-09 02:00:00+00:00,0.126,0.0642
1990-05-09 03:00:00+00:00,0.126,0.0642
1990-05-09 04:00:00+00:00,0.1344,0.068
1990-05-09 05:00:00+00:00,0.14364,0.0721
1990-05-09 06:00:00+00:00,0.1638,0.0811
1990-05-09 07:00:00+00:00,0.17829,0.08765
1990-05-09 08:00:00+00:00,0.16254000000000002,0.08055
1990-05-09 09:00:00+00:00,0.13229999999999997,0.06705
1990-05-09 10:00:00+00:00,0.12526500000000002,0.0639
1990-05-09 11:00:00+00:00,0.1344,0.068
1990-05-09 12:00:00+00:00,0.13019999999999998,0.06609999999999999
1990-05-09 13:00:00+00:00,0.126735,0.06455
1990-05-09 14:00:00+00:00,0.1365,0.0689
1990-05-09 15:00:00+00:00,0.30765,0.1424
1990-05-09 16:00:00+00:00,0.3066,0.14195000000000002
1990-05-09 17:00:00+00:00,0.332325,0.15345
1990-05-09 18:00:00+00:00,0.2016,0.09805
1990-05-09 19:00:00+00:00,0.19404,0.0947
1990-05-09 20:00:00+00:00,0.176715,0.0869
1990-05-09 21:00:00+00:00,0.14909999999999998,0.07455
1990-05-09 22:00:00+00:00,0.16957499999999998,0.0837
1990-05-09 23:00:00+00:00,0.1469475,0.07355
1990-05-10 00:00:00+00:00,0.1365,0.0689
1990-05-10 01:00:00+00:00,0.1344,0.068
1990-05-10 02:00:00+00:00,0.1344,0.068
1990-05-10 03:00:00+00:00,0.1344,0.068
1990-05-10 04:00:00+00:00,0.138075,0.0696
1990-05-10 05:00:00+00:00,0.18448499999999998,0.09040000000000001
1990-05-10 06:00:00+00:00,0.1785,0.0877
1990-05-10 07:00:00+00:00,0.1869,0.09145
1990-05-10 08:00:00+00:00,0.17220000000000002,0.0849
1990-05-10 09:00:00+00:00,0.15650250000000002,0.07785
1990-05-10 10:00:00+00:00,0.1337175,0.06765
1990-05-10 11:00:00+00:00,0.13019999999999998,0.0661
1990-05-10 12:00:00+00:00,0.13335,0.0675
1990-05-10 13:00:00+00:00,0.13019999999999998,0.0661
1990-05-10 14:00:00+00:00,0.13335,0.0675
1990-05-10 15:00:00+00:00,0.2793,0.12975
1990-05-10 16:00:00+00:00,0.302085,0.13995000000000002
1990-05-10 17:00:00+00:00,0.33684000000000003,0.1555
1990-05-10 18:00:00+00:00,0.19907999999999998,0.09690000000000001
1990-05-10 19:00:00+00:00,0.19314750000000003,0.09425
1990-05-10 20:00:00+00:00,0.18059999999999998,0.08860000000000001
1990-05-10 21:00:00+00:00,0.15015,0.075
1990-05-10 22:00:00+00:00,0.16296,0.08075
1990-05-10 23:00:00+00:00,0.15970499999999999,0.07925
1990-05-11 00:00:00+00:00,0.14931,0.07465
1990-05-11 01:00:00+00:00,0.14894249999999998,0.07444999999999999
1990-05-11 02:00:00+00:00,0.15456,0.077
1990-05-11 03:00:00+00:00,0.14448,0.0725
1990-05-11 04:00:00+00:00,0.15498,0.07719999999999999
1990-05-11 05:00:00+00:00,0.13839,0.0697
1990-05-11 06:00:00+00:00,0.13744499999999998,0.06935
1990-05-11 07:00:00+00:00,0.1512,0.0755
1990-05-11 08:00:00+00:00,0.143955,0.0722
1990-05-11 09:00:00+00:00,0.13965,0.07035
1990-05-11 10:00:00+00:00,0.14432250000000002,0.07239999999999999
1990-05-11 11:00:00+00:00,0.12915,0.06559999999999999
1990-05-11 12:00:00+00:00,0.10405500000000001,0.054400000000000004
1990-05-11 13:00:00+00:00,0.09323999999999999,0.04955
1990-05-11 14:00:00+00:00,0.1008,0.0529
1990-05-11 15:00:00+00:00,0.265545,0.12359999999999999
1990-05-11 16:00:00+00:00,0.29610000000000003,0.13724999999999998
1990-05-11 17:00:00+00:00,0.31647000000000003,0.1464
1990-05-11 18:00:00+00:00,0.19005,0.0929
1990-05-11 19:00:00+00:00,0.16884,0.08335000000000001
1990-05-11 20:00:00+00:00,0.1452675,0.0728
1990-05-11 21:00:00+00:00,0.146685,0.07345
1990-05-11 22:00:00+00:00,0.1008,0.05295
1990-05-11 23:00:00+00:00,0.04977,0.030100000000000002
1990-05-12 00:00:00+00:00,0.03465,0.0233
1990-05-12 01:00:00+00:00,0.04683,0.02875
1990-05-12 02:00:00+00:00,0.046305,0.02855
1990-05-12 03:00:00+00:00,0.060585,0.0349
1990-05-12 04:00:00+00:00,0.004725,0.009899999999999999
1990-05-12 05:00:00+00:00,0.03738,0.0245
1990-05-12 06:00:00+00:00,0.04872,0.02965
1990-05-12 07:00:00+00:00,0.05985,0.0346
1990-05-12 08:00:00+00:00,0.060689999999999994,0.035
1990-05-12 09:00:00+00:00,0.060899999999999996,0.0351
1990-05-12 10:00:00+00:00,0.03801,0.024800000000000003
1990-05-12 11:00:00+00:00,0.025515000000000003,0.01925
1990-05-12 12:00:00+00:00,0.014700000000000001,0.0144
1990-05-12 13:00:00+00:00,0.010499999999999999,0.0125
1990-05-12 14:00:00+00:00,0.0503475,0.030350000000000002
1990-05-12 15:00:00+00:00,0.2562,0.11939999999999999
1990-05-12 16:00:00+00:00,0.2835,0.1316
1990-05-12 17:00:00+00:00,0.31521,0.14579999999999999
1990-05-12 18:00:00+00:00,0.16863,0.0833
1990-05-12 19:00:00+00:00,0.16842,0.0832
1990-05-12 20:00:00+00:00,0.17892000000000002,0.0879
1990-05-12 21:00:00+00:00,0.14595,0.0731
1990-05-12 22:00:00+00:00,0.10678499999999999,0.0556
1990-05-12 23:00:00+00:00,0.106575,0.055499999999999994
1990-05-13 00:00:00+00:00,0.09050999999999998,0.0483
1990-05-13 01:00:00+00:00,0.086205,0.04635
1990-05-13 02:00:00+00:00,0.088515,0.0474
1990-05-13 03:00:00+00:00,0.0987,0.052000000000000005
1990-05-13 04:00:00+00:00,0.12915,0.06565
1990-05-13 05:00:00+00:00,0.15666,0.0779
1990-05-13 06:00:00+00:00,0.15723749999999997,0.0782
1990-05-13 07:00:00+00:00,0.1575,0.07830000000000001
1990-05-13 08:00:00+00:00,0.16086,0.07980000000000001
1990-05-13 09:00:00+00:00,0.151935,0.07585
1990-05-13 10:00:00+00:00,0.15771000000000002,0.0784
1990-05-13 11:00:00+00:00,0.14909999999999998,0.07455
1990-05-13 12:00:00+00:00,0.134715,0.0681
1990-05-13 13:00:00+00:00,0.11109,0.057550000000000004
1990-05-13 14:00:00+00:00,0.11466000000000001,0.05915
1990-05-13 15:00:00+00:00,0.27195,0.12645
1990-05-13 16:00:00+00:00,0.30491999999999997,0.1412
1990-05-13 17:00:00+00:00,0.3413025,0.1575
1990-05-13 18:00:00+00:00,0.18942,0.09259999999999999
1990-05-13 19:00:00+00:00,0.16815750000000002,0.08304999999999998
1990-05-13 20:00:00+00:00,0.13975500000000002,0.07035
1990-05-13 21:00:00+00:00,0.11760000000000001,0.06045
1990-05-13 22:00:00+00:00,0.112245,0.05805
1990-05-13 23:00:00+00:00,0.09576,0.05065
1990-05-14 00:00:00+00:00,0.082845,0.0449
1990-05-14 01:00:00+00:00,0.07769999999999999,0.0426
1990-05-14 02:00:00+00:00,0.07381499999999999,0.04085
1990-05-14 03:00:00+00:00,0.07896,0.04315
1990-05-14 04:00:00+00:00,0.10983000000000001,0.05695
1990-05-14 05:00:00+00:00,0.14080499999999999,0.07085
1990-05-14 06:00:00+00:00,0.1407,0.0708
1990-05-14 07:00:00+00:00,0.1743,0.0858
1990-05-14 08:00:00+00:00,0.174405,0.08585
1990-05-14 09:00:00+00:00,0.17745,0.08725
1990-05-14 10:00:00+00:00,0.1659,0.08205
1990-05-14 11:00:00+00:00,0.16421999999999998,0.0813
1990-05-14 12:00:00+00:00,0.133245,0.06745000000000001
1990-05-14 13:00:00+00:00,0.12494999999999999,0.06369999999999999
1990-05-14 14:00:00+00:00,0.12379499999999999,0.06319999999999999
1990-05-14 15:00:00+00:00,0.288855,0.134
1990-05-14 16:00:00+00:00,0.31416,0.14529999999999998
1990-05-14 17:00:00+00:00,0.3423,0.15789999999999998
1990-05-14 18:00:00+00:00,0.20789999999999997,0.10085
1990-05-14 19:00:00+00:00,0.1911,0.09335
1990-05-14 20:00:00+00:00,0.16485,0.0816
1990-05-14 21:00:00+00:00,0.1407,0.07075000000000001
1990-05-14 22:00:00+00:00,0.1533,0.0764
1990-05-14 23:00:00+00:00,0.14164500000000002,0.07120000000000001
1990-05-15 00:00:00+00:00,0.1365,0.0689
1990-05-15 01:00:00+00:00,0.13313999999999998,0.0674
1990-05-15 02:00:00+00:00,0.125265,0.06384999999999999
1990-05-15 03:00:00+00:00,0.1344,0.068
1990-05-15 04:00:00+00:00,0.14164500000000002,0.07120000000000001
1990-05-15 05:00:00+00:00,0.15225,0.07594999999999999
1990-05-15 06:00:00+00:00,0.163275,0.0809
1990-05-15 07:00:00+00:00,0.17388,0.08565
1990-05-15 08:00:00+00:00,0.17388,0.08565
1990-05-15 09:00:00+00:00,0.16632,0.08225
1990-05-15 10:00:00+00:00,0.15708,0.0781
1990-05-15 11:00:00+00:00,0.14615999999999998,0.0732
1990-05-15 12:00:00+00:00,0.1281,0.06509999999999999
1990-05-15 13:00:00+00:00,0.13146,0.06659999999999999
1990-05-15 14:00:00+00:00,0.13125,0.06655
1990-05-15 15:00:00+00:00,0.28402499999999997,0.13185000000000002
1990-05-15 16:00:00+00:00,0.3045525,0.14100000000000001
1990-05-15 17:00:00+00:00,0.32738999999999996,0.1512
1990-05-15 18:00:00+00:00,0.19677,0.0959
1990-05-15 19:00:00+00:00,0.18375,0.09004999999999999
1990-05-15 20:00:00+00:00,0.15309,0.07635
1990-05-15 21:00:00+00:00,0.15046500000000002,0.07515
1990-05-15 22:00:00+00:00,0.1553475,0.07735
1990-05-15 23:00:00+00:00,0.15435,0.0769
1990-05-16 00:00:00+00:00,0.13849499999999998,0.0698
1990-05-16 01:00:00+00:00,0.12936,0.06575
1990-05-16 02:00:00+00:00,0.12495,0.06375
1990-05-16 03:00:00+00:00,0.1248975,0.0637
1990-05-16 04:00:00+00:00,0.14343,0.07200000000000001
1990-05-16 05:00:00+00:00,0.15519,0.07725
1990-05-16 06:00:00+00:00,0.19068,0.09315
1990-05-16 07:00:00+00:00,0.190785,0.0932
1990-05-16 08:00:00+00:00,0.18522,0.0907
1990-05-16 09:00:00+00:00,0.15855,0.07875
1990-05-16 10:00:00+00:00,0.15876,0.07885
1990-05-16 11:00:00+00:00,0.14805000000000001,0.0741
1990-05-16 12:00:00+00:00,0.13413750000000002,0.06785
1990-05-16 13:00:00+00:00,0.1307775,0.06634999999999999
1990-05-16 14:00:00+00:00,0.13461,0.0681
1990-05-16 15:00:00+00:00,0.297255,0.1378
1990-05-16 16:00:00+00:00,0.32077500000000003,0.1483
1990-05-16 17:00:00+00:00,0.33920249999999996,0.1565
1990-05-16 18:00:00+00:00,0.196245,0.09565000000000001
1990-05-16 19:00:00+00:00,0.18039,0.08854999999999999
1990-05-16 20:00:00+00:00,0.155505,0.07744999999999999
1990-05-16 21:00:00+00:00,0.13125,0.06655
1990-05-16 22:00:00+00:00,0.1491,0.07454999999999999
1990-05-16 23:00:00+00:00,0.14489999999999997,0.07264999999999999
1990-05-17 00:00:00+00:00,0.140805,0.07085
1990-05-17 01:00:00+00:00,0.13377,0.0677
1990-05-17 02:00:00+00:00,0.13529249999999998,0.06835
1990-05-17 03:00:00+00:00,0.13607999999999998,0.06870000000000001
1990-05-17 04:00:00+00:00,0.140595,0.07075000000000001
1990-05-17 05:00:00+00:00,0.15225,0.07594999999999999
1990-05-17 06:00:00+00:00,0.18627,0.0912
1990-05-17 07:00:00+00:00,0.1860075,0.09104999999999999
1990-05-17 08:00:00+00:00,0.1743,0.08585000000000001
1990-05-17 09:00:00+00:00,0.1512,0.0755
1990-05-17 10:00:00+00:00,0.139335,0.07014999999999999
1990-05-17 11:00:00+00:00,0.14301000000000003,0.0718
1990-05-17 12:00:00+00:00,0.13849499999999998,0.0698
1990-05-17 13:00:00+00:00,0.12894,0.06555
1990-05-17 14:00:00+00:00,0.1386,0.06985
1990-05-17 15:00:00+00:00,0.30429,0.1409
1990-05-17 16:00:00+00:00,0.3144225,0.14545
1990-05-17 17:00:00+00:00,0.33852,0.1562
1990-05-17 18:00:00+00:00,0.20622000000000001,0.1001
1990-05-17 19:00:00+00:00,0.18585000000000002,0.091
1990-05-17 20:00:00+00:00,0.171885,0.0847
1990-05-17 21:00:00+00:00,0.15728999999999999,0.0782
1990-05-17 22:00:00+00:00,0.17745,0.08725
1990-05-17 23:00:00+00:00,0.1533,0.0764
1990-05-18 00:00:00+00:00,0.13755,0.06935
1990-05-18 01:00:00+00:00,0.1271025,0.06470000000000001
1990-05-18 02:00:00+00:00,0.1281,0.06515
1990-05-18 03:00:00+00:00,0.127575,0.06489999999999999
1990-05-18 04:00:00+00:00,0.1197,0.061399999999999996
1990-05-18 05:00:00+00:00,0.12915,0.06559999999999999
1990-05-18 06:00:00+00:00,0.13607999999999998,0.0687
1990-05-18 07:00:00+00:00,0.18333,0.08984999999999999
1990-05-18 08:00:00+00:00,0.189,0.0924
1990-05-18 09:00:00+00:00,0.18732000000000001,0.09165000000000001
1990-05-18 10:00:00+00:00,0.16212,0.08035
1990-05-18 11:00:00+00:00,0.147945,0.07405
1990-05-18 12:00:00+00:00,0.1365,0.0689
1990-05-18 13:00:00+00:00,0.128415,0.0653
1990-05-18 14:00:00+00:00,0.128205,0.06520000000000001
1990-05-18 15:00:00+00:00,0.27037500000000003,0.12575
1990-05-18 16:00:00+00:00,0.29147999999999996,0.13515
1990-05-18 17:00:00+00:00,0.3087,0.1429
1990-05-18 18:00:00+00:00,0.1911,0.09334999999999999
1990-05-18 19:00:00+00:00,0.189,0.0924
1990-05-18 20:00:00+00:00,0.17157,0.08460000000000001
1990-05-18 21:00:00+00:00,0.154035,0.07675
1990-05-18 22:00:00+00:00,0.17724,0.08715
1990-05-18 23:00:00+00:00,0.1608075,0.0798
1990-05-19 00:00:00+00:00,0.156975,0.07805000000000001
1990-05-19 01:00:00+00:00,0.1495725,0.07475000000000001
1990-05-19 02:00:00+00:00,0.1533,0.07644999999999999
1990-05-19 03:00:00+00:00,0.159495,0.07919999999999999
1990-05-19 04:00:00+00:00,0.13776,0.06945
1990-05-19 05:00:00+00:00,0.1386,0.0698
1990-05-19 06:00:00+00:00,0.147,0.0736
1990-05-19 07:00:00+00:00,0.16264499999999998,0.0806
1990-05-19 08:00:00+00:00,0.1523025,0.076
1990-05-19 09:00:00+00:00,0.1452675,0.0728
1990-05-19 10:00:00+00:00,0.12390000000000001,0.0633
1990-05-19 11:00:00+00:00,0.12495,0.06375
1990-05-19 12:00:00+00:00,0.12285,0.0628
1990-05-19 13:00:00+00:00,0.12285,0.0628
1990-05-19 14:00:00+00:00,0.12999,0.066
1990-05-19 15:00:00+00:00,0.28581,0.13265
1990-05-19 16:00:00+00:00,0.2901675,0.1346
1990-05-19 17:00:00+00:00,0.317415,0.14675
1990-05-19 18:00:00+00:00,0.19267499999999999,0.09405
1990-05-19 19:00:00+00:00,0.20748,0.10064999999999999
1990-05-19 20:00:00+00:00,0.19907999999999998,0.09689999999999999
1990-05-19 21:00:00+00:00,0.164535,0.0814
1990-05-19 22:00:00+00:00,0.1764,0.08675000000000001
1990-05-19 23:00:00+00:00,0.15508500000000003,0.07719999999999999
1990-05-20 00:00:00+00:00,0.14185499999999998,0.0713
1990-05-20 01:00:00+00:00,0.14217,0.07145
1990-05-20 02:00:00+00:00,0.1407,0.07075000000000001
1990-05-20 03:00:00+00:00,0.153825,0.07669999999999999
1990-05-20 04:00:00+00:00,0.1512,0.07544999999999999
1990-05-20 05:00:00+00:00,0.18333,0.08990000000000001
1990-05-20 06:00:00+00:00,0.19845,0.09665
1990-05-20 07:00:00+00:00,0.201285,0.0979
1990-05-20 08:00:00+00:00,0.19309500000000002,0.09425
1990-05-20 09:00:00+00:00,0.16306500000000002,0.0808
1990-05-20 10:00:00+00:00,0.14332499999999998,0.07195
1990-05-20 11:00:00+00:00,0.13461,0.06805
1990-05-20 12:00:00+00:00,0.13335,0.0675
1990-05-20 13:00:00+00:00,0.13272,0.0672
1990-05-20 14:00:00+00:00,0.13167,0.0667
1990-05-20 15:00:00+00:00,0.28874999999999995,0.13395
1990-05-20 16:00:00+00:00,0.295995,0.1372
1990-05-20 17:00:00+00:00,0.33799500000000005,0.156
1990-05-20 18:00:00+00:00,0.21357000000000004,0.10339999999999999
1990-05-20 19:00:00+00:00,0.200235,0.09745000000000001
1990-05-20 20:00:00+00:00,0.17975999999999998,0.08825
1990-05-20 21:00:00+00:00,0.15204,0.07585
1990-05-20 22:00:00+00:00,0.14763,0.0739
1990-05-20 23:00:00+00:00,0.141015,0.0709
1990-05-21 00:00:00+00:00,0.14154,0.07114999999999999
1990-05-21 01:00:00+00:00,0.1412775,0.07105
1990-05-21 02:00:00+00:00,0.1407,0.0708
1990-05-21 03:00:00+00:00,0.141225,0.07100000000000001
1990-05-21 04:00:00+00:00,0.15225,0.07594999999999999
1990-05-21 05:00:00+00:00,0.1911,0.0933
1990-05-21 06:00:00+00:00,0.189315,0.09255
1990-05-21 07:00:00+00:00,0.18836999999999998,0.09215000000000001
1990-05-21 08:00:00+00:00,0.187425,0.0917
1990-05-21 09:00:00+00:00,0.178605,0.08775
1990-05-21 10:00:00+00:00,0.16968,0.08375
1990-05-21 11:00:00+00:00,0.169365,0.08365
1990-05-21 12:00:00+00:00,0.16485,0.0816
1990-05-21 13:00:00+00:00,0.14847,0.07425000000000001
1990-05-21 14:00:00+00:00,0.14826,0.07415
1990-05-21 15:00:00+00:00,0.30975,0.14335
1990-05-21 16:00:00+00:00,0.347235,0.16010000000000002
1990-05-21 17:00:00+00:00,0.34965,0.1612
1990-05-21 18:00:00+00:00,0.1974,0.09615
1990-05-21 19:00:00+00:00,0.1953,0.09525
1990-05-21 20:00:00+00:00,0.186585,0.09135
1990-05-21 21:00:00+00:00,0.1704675,0.08410000000000001
1990-05-21 22:00:00+00:00,0.18438,0.09029999999999999
1990-05-21 23:00:00+00:00,0.16316999999999998,0.08085
1990-05-22 00:00:00+00:00,0.14762999999999998,0.07390000000000001
1990-05-22 01:00:00+00:00,0.135975,0.06865
1990-05-22 02:00:00+00:00,0.1323,0.067
1990-05-22 03:00:00+00:00,0.1323,0.067
1990-05-22 04:00:00+00:00,0.13419,0.06785
1990-05-22 05:00:00+00:00,0.1827,0.0896
1990-05-22 06:00:00+00:00,0.193725,0.09455
1990-05-22 07:00:00+00:00,0.20627250000000003,0.10014999999999999
1990-05-22 08:00:00+00:00,0.20579999999999998,0.0999
1990-05-22 09:00:00+00:00,0.188265,0.09204999999999999
1990-05-22 10:00:00+00:00,0.168,0.083
1990-05-22 11:00:00+00:00,0.16548000000000002,0.0819
1990-05-22 12:00:00+00:00,0.17115000000000002,0.0844
1990-05-22 13:00:00+00:00,0.14175,0.07125000000000001
1990-05-22 14:00:00+00:00,0.137025,0.06915
1990-05-22 15:00:00+00:00,0.279825,0.12995
1990-05-22 16:00:00+00:00,0.313005,0.14479999999999998
1990-05-22 17:00:00+00:00,0.30974999999999997,0.14334999999999998
1990-05-22 18:00:00+00:00,0.170205,0.084
1990-05-22 19:00:00+00:00,0.14994000000000002,0.0749
1990-05-22 20:00:00+00:00,0.14752500000000002,0.07385
1990-05-22 21:00:00+00:00,0.128415,0.0653
1990-05-22 22:00:00+00:00,0.0973875,0.0514
1990-05-22 23:00:00+00:00,0.06573,0.0372
1990-05-23 00:00:00+00:00,0.06121499999999999,0.035199999999999995
1990-05-23 01:00:00+00:00,0.051344999999999995,0.03075
1990-05-23 02:00:00+00:00,0.043575,0.027299999999999998
1990-05-23 03:00:00+00:00,0.038849999999999996,0.0252
1990-05-23 04:00:00+00:00,0.07455,0.041150000000000006
1990-05-23 05:00:00+00:00,0.14468999999999999,0.07255
1990-05-23 06:00:00+00:00,0.15960000000000002,0.07925
1990-05-23 07:00:00+00:00,0.15015,0.075
1990-05-23 08:00:00+00:00,0.15414,0.07680000000000001
1990-05-23 09:00:00+00:00,0.14973,0.07485
1990-05-23 10:00:00+00:00,0.1512,0.0755
1990-05-23 11:00:00+00:00,0.155085,0.07725
1990-05-23 12:00:00+00:00,0.15015,0.075
1990-05-23 13:00:00+00:00,0.14532,0.07285
1990-05-23 14:00:00+00:00,0.147,0.0736
1990-05-23 15:00:00+00:00,0.30040500000000003,0.1392
1990-05-23 16:00:00+00:00,0.313635,0.1451
1990-05-23 17:00:00+00:00,0.32949,0.1522
1990-05-23 18:00:00+00:00,0.1974525,0.09620000000000001
1990-05-23 19:00:00+00:00,0.19635000000000002,0.09570000000000001
1990-05-23 20:00:00+00:00,0.19383,0.09455
1990-05-23 21:00:00+00:00,0.164115,0.08124999999999999
1990-05-23 22:00:00+00:00,0.177975,0.08745
1990-05-23 23:00:00+00:00,0.1659,0.08205
1990-05-24 00:00:00+00:00,0.166215,0.0822
1990-05-24 01:00:00+00:00,0.168,0.083
1990-05-24 02:00:00+00:00,0.16485,0.0816
1990-05-24 03:00:00+00:00,0.16485,0.0816
1990-05-24 04:00:00+00:00,0.17220000000000002,0.0849
1990-05-24 05:00:00+00:00,0.20601,0.1
1990-05-24 06:00:00+00:00,0.20265,0.0985
1990-05-24 07:00:00+00:00,0.201285,0.0979
1990-05-24 08:00:00+00:00,0.202965,0.09865
1990-05-24 09:00:00+00:00,0.189735,0.0927
1990-05-24 10:00:00+00:00,0.18458999999999998,0.09045
1990-05-24 11:00:00+00:00,0.183435,0.0899
1990-05-24 12:00:00+00:00,0.154035,0.07674999999999998
1990-05-24 13:00:00+00:00,0.14889,0.07445
1990-05-24 14:00:00+00:00,0.15099,0.0754
1990-05-24 15:00:00+00:00,0.312375,0.14455
1990-05-24 16:00:00+00:00,0.34707750000000004,0.16005
1990-05-24 17:00:00+00:00,0.3677625,0.16935
1990-05-24 18:00:00+00:00,0.2163,0.1046
1990-05-24 19:00:00+00:00,0.21209999999999998,0.1027
1990-05-24 20:00:00+00:00,0.191625,0.09355000000000001
1990-05-24 21:00:00+00:00,0.1785,0.0877
1990-05-24 22:00:00+00:00,0.17934,0.08804999999999999
1990-05-24 23:00:00+00:00,0.18291000000000002,0.08965000000000001
1990-05-25 00:00:00+00:00,0.17787,0.08745
1990-05-25 01:00:00+00:00,0.177135,0.08705
1990-05-25 02:00:00+00:00,0.15539999999999998,0.0774
1990-05-25 03:00:00+00:00,0.15644999999999998,0.07785
1990-05-25 04:00:00+00:00,0.15644999999999998,0.07785
1990-05-25 05:00:00+00:00,0.164325,0.08135
1990-05-25 06:00:00+00:00,0.1767675,0.08695
1990-05-25 07:00:00+00:00,0.18857999999999997,0.0922
1990-05-25 08:00:00+00:00,0.17052,0.08415
1990-05-25 09:00:00+00:00,0.15435,0.0769
1990-05-25 10:00:00+00:00,0.14279999999999998,0.0717
1990-05-25 11:00:00+00:00,0.1344,0.068
1990-05-25 12:00:00+00:00,0.1281,0.06515
1990-05-25 13:00:00+00:00,0.11676,0.06005
1990-05-25 14:00:00+00:00,0.12705,0.06470000000000001
1990-05-25 15:00:00+00:00,0.282975,0.13140000000000002
1990-05-25 16:00:00+00:00,0.298515,0.1383
1990-05-25 17:00:00+00:00,0.332325,0.15344999999999998
1990-05-25 18:00:00+00:00,0.205905,0.09995
1990-05-25 19:00:00+00:00,0.20411999999999997,0.0992
1990-05-25 20:00:00+00:00,0.196455,0.09570000000000001
1990-05-25 21:00:00+00:00,0.17808000000000002,0.0875
1990-05-25 22:00:00+00:00,0.1763475,0.08675000000000001
1990-05-25 23:00:00+00:00,0.17598000000000003,0.08660000000000001
1990-05-26 00:00:00+00:00,0.16548000000000002,0.0819
1990-05-26 01:00:00+00:00,0.17073,0.0842
1990-05-26 02:00:00+00:00,0.16274999999999998,0.0806
1990-05-26 03:00:00+00:00,0.15204,0.07585
1990-05-26 04:00:00+00:00,0.13366499999999998,0.06765
1990-05-26 05:00:00+00:00,0.14007,0.07050000000000001
1990-05-26 06:00:00+00:00,0.15435,0.0769
1990-05-26 07:00:00+00:00,0.15855,0.07880000000000001
1990-05-26 08:00:00+00:00,0.17745,0.0872
1990-05-26 09:00:00+00:00,0.17765999999999998,0.08729999999999999
1990-05-26 10:00:00+00:00,0.16674,0.08245
1990-05-26 11:00:00+00:00,0.145845,0.0731
1990-05-26 12:00:00+00:00,0.11382,0.05875
1990-05-26 13:00:00+00:00,0.09702,0.0512
1990-05-26 14:00:00+00:00,0.122115,0.062450000000000006
1990-05-26 15:00:00+00:00,0.28371,0.13169999999999998
1990-05-26 16:00:00+00:00,0.3045,0.14100000000000001
1990-05-26 17:00:00+00:00,0.327495,0.1513
1990-05-26 18:00:00+00:00,0.19635,0.09565
1990-05-26 19:00:00+00:00,0.19424999999999998,0.09475
1990-05-26 20:00:00+00:00,0.191625,0.09355
1990-05-26 21:00:00+00:00,0.155085,0.07724999999999999
1990-05-26 22:00:00+00:00,0.1260525,0.06425
1990-05-26 23:00:00+00:00,0.1238475,0.0632
1990-05-27 00:00:00+00:00,0.12159,0.062200000000000005
1990-05-27 01:00:00+00:00,0.1216425,0.06225
1990-05-27 02:00:00+00:00,0.13450499999999999,0.068
1990-05-27 03:00:00+00:00,0.134295,0.0679
1990-05-27 04:00:00+00:00,0.15907500000000002,0.07899999999999999
1990-05-27 05:00:00+00:00,0.19698,0.09595000000000001
1990-05-27 06:00:00+00:00,0.18800250000000002,0.09195
1990-05-27 07:00:00+00:00,0.17041499999999998,0.08405
1990-05-27 08:00:00+00:00,0.15225,0.07594999999999999
1990-05-27 09:00:00+00:00,0.1491,0.07455
1990-05-27 10:00:00+00:00,0.1533,0.07644999999999999
1990-05-27 11:00:00+00:00,0.147525,0.07385
1990-05-27 12:00:00+00:00,0.13566,0.06855
1990-05-27 13:00:00+00:00,0.13461,0.06805
1990-05-27 14:00:00+00:00,0.13545000000000001,0.0684
1990-05-27 15:00:00+00:00,0.31059000000000003,0.14375
1990-05-27 16:00:00+00:00,0.339885,0.15685
1990-05-27 17:00:00+00:00,0.36792,0.1694
1990-05-27 18:00:00+00:00,0.23373,0.1124
1990-05-27 19:00:00+00:00,0.21252000000000001,0.10295
1990-05-27 20:00:00+00:00,0.21377999999999997,0.10350000000000001
1990-05-27 21:00:00+00:00,0.16758,0.0828
1990-05-27 22:00:00+00:00,0.1743525,0.0858
1990-05-27 23:00:00+00:00,0.172095,0.0848
1990-05-28 00:00:00+00:00,0.15802500000000003,0.07855000000000001
1990-05-28 01:00:00+00:00,0.153825,0.07669999999999999
1990-05-28 02:00:00+00:00,0.15298499999999998,0.07629999999999999
1990-05-28 03:00:00+00:00,0.148995,0.07450000000000001
1990-05-28 04:00:00+00:00,0.16474500000000003,0.0815
1990-05-28 05:00:00+00:00,0.17892000000000002,0.0879
1990-05-28 06:00:00+00:00,0.185745,0.09095
1990-05-28 07:00:00+00:00,0.2121,0.10275000000000001
1990-05-28 08:00:00+00:00,0.21336,0.1033
1990-05-28 09:00:00+00:00,0.193935,0.0946
1990-05-28 10:00:00+00:00,0.17765999999999998,0.08729999999999999
1990-05-28 11:00:00+00:00,0.16086,0.07980000000000001
1990-05-28 12:00:00+00:00,0.15025499999999997,0.0751
1990-05-28 13:00:00+00:00,0.15340499999999999,0.0765
1990-05-28 14:00:00+00:00,0.15245999999999998,0.07605
1990-05-28 15:00:00+00:00,0.293265,0.13595000000000002
1990-05-28 16:00:00+00:00,0.306915,0.14205
1990-05-28 17:00:00+00:00,0.34755,0.16025
1990-05-28 18:00:00+00:00,0.1846425,0.09045
1990-05-28 19:00:00+00:00,0.19383,0.09455
1990-05-28 20:00:00+00:00,0.16526999999999997,0.08179999999999998
1990-05-28 21:00:00+00:00,0.15219749999999999,0.07595
1990-05-28 22:00:00+00:00,0.12201000000000001,0.062400000000000004
1990-05-28 23:00:00+00:00,0.09093000000000001,0.0485
1990-05-29 00:00:00+00:00,0.07875,0.043050000000000005
1990-05-29 01:00:00+00:00,0.07286999999999999,0.04045
1990-05-29 02:00:00+00:00,0.06888,0.038599999999999995
1990-05-29 03:00:00+00:00,0.0730275,0.040499999999999994
1990-05-29 04:00:00+00:00,0.0882,0.0473
1990-05-29 05:00:00+00:00,0.13965,0.0703
1990-05-29 06:00:00+00:00,0.14595,0.07314999999999999
1990-05-29 07:00:00+00:00,0.1575,0.0783
1990-05-29 08:00:00+00:00,0.17031,0.08405
1990-05-29 09:00:00+00:00,0.18375,0.09005000000000002
1990-05-29 10:00:00+00:00,0.1827,0.08960000000000001
1990-05-29 11:00:00+00:00,0.1764,0.08675
1990-05-29 12:00:00+00:00,0.156555,0.07785
1990-05-29 13:00:00+00:00,0.147735,0.07395
1990-05-29 14:00:00+00:00,0.147525,0.07385
1990-05-29 15:00:00+00:00,0.29400000000000004,0.13629999999999998
1990-05-29 16:00:00+00:00,0.3087,0.14285
1990-05-29 17:00:00+00:00,0.32549999999999996,0.15039999999999998
1990-05-29 18:00:00+00:00,0.206955,0.10045000000000001
1990-05-29 19:00:00+00:00,0.202965,0.09865
1990-05-29 20:00:00+00:00,0.1930425,0.0942
1990-05-29 21:00:00+00:00,0.170625,0.08415
1990-05-29 22:00:00+00:00,0.1656375,0.08195
1990-05-29 23:00:00+00:00,0.15519,0.07725
1990-05-30 00:00:00+00:00,0.14532,0.07285
1990-05-30 01:00:00+00:00,0.12605249999999998,0.06425
1990-05-30 02:00:00+00:00,0.10583999999999999,0.055150000000000005
1990-05-30 03:00:00+00:00,0.10227,0.05355
1990-05-30 04:00:00+00:00,0.1155,0.059500000000000004
1990-05-30 05:00:00+00:00,0.161175,0.07995000000000001
1990-05-30 06:00:00+00:00,0.14678999999999998,0.07355
1990-05-30 07:00:00+00:00,0.16275,0.08065
1990-05-30 08:00:00+00:00,0.1533,0.07644999999999999
1990-05-30 09:00:00+00:00,0.1402275,0.07055
1990-05-30 10:00:00+00:00,0.12075,0.06185
1990-05-30 11:00:00+00:00,0.1134,0.058550000000000005
1990-05-30 12:00:00+00:00,0.09392249999999999,0.04985
1990-05-30 13:00:00+00:00,0.1009575,0.053000000000000005
1990-05-30 14:00:00+00:00,0.11277000000000001,0.058249999999999996
1990-05-30 15:00:00+00:00,0.27132,0.12614999999999998
1990-05-30 16:00:00+00:00,0.29967,0.13885
1990-05-30 17:00:00+00:00,0.32948999999999995,0.1522
1990-05-30 18:00:00+00:00,0.19572,0.0954
1990-05-30 19:00:00+00:00,0.18753,0.09175
1990-05-30 20:00:00+00:00,0.166215,0.0822
1990-05-30 21:00:00+00:00,0.162855,0.08070000000000001
1990-05-30 22:00:00+00:00,0.12873,0.0654
1990-05-30 23:00:00+00:00,0.121275,0.06205
1990-05-31 00:00:00+00:00,0.10930500000000001,0.056749999999999995
1990-05-31 01:00:00+00:00,0.113925,0.05879999999999999
1990-05-31 02:00:00+00:00,0.1134,0.058550000000000005
1990-05-31 03:00:00+00:00,0.10205999999999998,0.053500000000000006
1990-05-31 04:00:00+00:00,0.13293,0.0673
1990-05-31 05:00:00+00:00,0.16674,0.08245
1990-05-31 06:00:00+00:00,0.179655,0.0882
1990-05-31 07:00:00+00:00,0.17745,0.08725
1990-05-31 08:00:00+00:00,0.1764,0.08675
1990-05-31 09:00:00+00:00,0.18312,0.08975000000000001
1990-05-31 10:00:00+00:00,0.17829,0.0876
1990-05-31 11:00:00+00:00,0.17724,0.08710000000000001
1990-05-31 12:00:00+00:00,0.14784,0.074
1990-05-31 13:00:00+00:00,0.12579,0.06415
1990-05-31 14:00:00+00:00,0.127575,0.06490000000000001
1990-05-31 15:00:00+00:00,0.2898,0.13440000000000002
1990-05-31 16:00:00+00:00,0.3276,0.15134999999999998
1990-05-31 17:00:00+00:00,0.326025,0.15065
1990-05-31 18:00:00+00:00,0.18480000000000002,0.0905
1990-05-31 19:00:00+00:00,0.18921,0.0925
1990-05-31 20:00:00+00:00,0.18522,0.0907
1990-05-31 21:00:00+00:00,0.16275,0.08065
1990-05-31 22:00:00+00:00,0.18564,0.09090000000000001
1990-05-31 23:00:00+00:00,0.16422,0.08130000000000001
1990-06-01 00:00:00+00:00,0.14175000000000001,0.0712
1990-06-01 01:00:00+00:00,0.12264,0.0627
1990-06-01 02:00:00+00:00,0.12930750000000002,0.06565
1990-06-01 03:00:00+00:00,0.13387500000000002,0.0677
1990-06-01 04:00:00+00:00,0.12978,0.06590000000000001
1990-06-01 05:00:00+00:00,0.1386,0.06985
1990-06-01 06:00:00+00:00,0.13838999999999999,0.06975
1990-06-01 07:00:00+00:00,0.14678999999999998,0.07355
1990-06-01 08:00:00+00:00,0.16799999999999998,0.08299999999999999
1990-06-01 09:00:00+00:00,0.16285499999999997,0.0807
1990-06-01 10:00:00+00:00,0.14133,0.0711
1990-06-01 11:00:00+00:00,0.14112000000000002,0.07094999999999999
1990-06-01 12:00:00+00:00,0.1134,0.058550000000000005
1990-06-01 13:00:00+00:00,0.09975,0.052450000000000004
1990-06-01 14:00:00+00:00,0.107835,0.05605
1990-06-01 15:00:00+00:00,0.26900999999999997,0.1251
1990-06-01 16:00:00+00:00,0.33516,0.1547
1990-06-01 17:00:00+00:00,0.34482,0.15905000000000002
1990-06-01 18:00:00+00:00,0.191205,0.09340000000000001
1990-06-01 19:00:00+00:00,0.19824000000000003,0.0965
1990-06-01 20:00:00+00:00,0.19215,0.0938
1990-06-01 21:00:00+00:00,0.19236,0.09389999999999998
1990-06-01 22:00:00+00:00,0.162855,0.0807
1990-06-01 23:00:00+00:00,0.1491,0.0745
1990-06-02 00:00:00+00:00,0.1491,0.0745
1990-06-02 01:00:00+00:00,0.14805000000000001,0.07405
1990-06-02 02:00:00+00:00,0.1281,0.06509999999999999
1990-06-02 03:00:00+00:00,0.12705,0.06464999999999999
1990-06-02 04:00:00+00:00,0.112455,0.05815
1990-06-02 05:00:00+00:00,0.11088,0.05740000000000001
1990-06-02 06:00:00+00:00,0.1197,0.0614
1990-06-02 07:00:00+00:00,0.12641999999999998,0.0644
1990-06-02 08:00:00+00:00,0.1197,0.061399999999999996
1990-06-02 09:00:00+00:00,0.1197,0.061399999999999996
1990-06-02 10:00:00+00:00,0.11235,0.0581
1990-06-02 11:00:00+00:00,0.1071,0.05575
1990-06-02 12:00:00+00:00,0.117705,0.060500000000000005
1990-06-02 13:00:00+00:00,0.105,0.0548
1990-06-02 14:00:00+00:00,0.105105,0.05485
1990-06-02 15:00:00+00:00,0.2646,0.12315
1990-06-02 16:00:00+00:00,0.32655,0.15084999999999998
1990-06-02 17:00:00+00:00,0.33326999999999996,0.15385000000000001
1990-06-02 18:00:00+00:00,0.191835,0.09365000000000001
1990-06-02 19:00:00+00:00,0.18616499999999997,0.09109999999999999
1990-06-02 20:00:00+00:00,0.189105,0.09245
1990-06-02 21:00:00+00:00,0.18112499999999998,0.08885000000000001
1990-06-02 22:00:00+00:00,0.1701,0.08395
1990-06-02 23:00:00+00:00,0.15666,0.07794999999999999
1990-06-03 00:00:00+00:00,0.14448,0.0725
1990-06-03 01:00:00+00:00,0.1344,0.068
1990-06-03 02:00:00+00:00,0.131355,0.06659999999999999
1990-06-03 03:00:00+00:00,0.134925,0.06820000000000001
1990-06-03 04:00:00+00:00,0.144795,0.0726
1990-06-03 05:00:00+00:00,0.17839500000000003,0.08765
1990-06-03 06:00:00+00:00,0.226275,0.10909999999999999
1990-06-03 07:00:00+00:00,0.1995,0.09709999999999999
1990-06-03 08:00:00+00:00,0.17703,0.08705
1990-06-03 09:00:00+00:00,0.18102,0.0888
1990-06-03 10:00:00+00:00,0.168735,0.08335000000000001
1990-06-03 11:00:00+00:00,0.16128,0.07999999999999999
1990-06-03 12:00:00+00:00,0.15225,0.07594999999999999
1990-06-03 13:00:00+00:00,0.14826,0.07415
1990-06-03 14:00:00+00:00,0.1553475,0.07730000000000001
1990-06-03 15:00:00+00:00,0.3108,0.14384999999999998
1990-06-03 16:00:00+00:00,0.342615,0.15805
1990-06-03 17:00:00+00:00,0.36308999999999997,0.1672
1990-06-03 18:00:00+00:00,0.2415,0.1159
1990-06-03 19:00:00+00:00,0.230895,0.11115
1990-06-03 20:00:00+00:00,0.207165,0.1005
1990-06-03 21:00:00+00:00,0.18564,0.09090000000000001
1990-06-03 22:00:00+00:00,0.19425,0.09475
1990-06-03 23:00:00+00:00,0.17755500000000002,0.0873
1990-06-04 00:00:00+00:00,0.17135999999999998,0.08455
1990-06-04 01:00:00+00:00,0.149625,0.07475000000000001
1990-06-04 02:00:00+00:00,0.12621,0.0643
1990-06-04 03:00:00+00:00,0.14196,0.07135
1990-06-04 04:00:00+00:00,0.153615,0.07655
1990-06-04 05:00:00+00:00,0.21640500000000001,0.10464999999999999
1990-06-04 06:00:00+00:00,0.24160500000000001,0.11595
1990-06-04 07:00:00+00:00,0.18333,0.08985
1990-06-04 08:00:00+00:00,0.150675,0.07525
1990-06-04 09:00:00+00:00,0.12463500000000002,0.06355
1990-06-04 10:00:00+00:00,0.11025000000000001,0.057150000000000006
1990-06-04 11:00:00+00:00,0.080535,0.04385
1990-06-04 12:00:00+00:00,0.05622750000000001,0.03295
1990-06-04 13:00:00+00:00,0.07665,0.0421
1990-06-04 14:00:00+00:00,0.07528499999999999,0.0415
1990-06-04 15:00:00+00:00,0.25882499999999997,0.12054999999999999
1990-06-04 16:00:00+00:00,0.303345,0.14045000000000002
1990-06-04 17:00:00+00:00,0.35133000000000003,0.16194999999999998
1990-06-04 18:00:00+00:00,0.21126,0.10235
1990-06-04 19:00:00+00:00,0.222075,0.10719999999999999
1990-06-04 20:00:00+00:00,0.197085,0.09605
1990-06-04 21:00:00+00:00,0.14112000000000002,0.07100000000000001
1990-06-04 22:00:00+00:00,0.07287,0.04045
1990-06-04 23:00:00+00:00,0.049245,0.02985
1990-06-05 00:00:00+00:00,0.07203000000000001,0.039999999999999994
1990-06-05 01:00:00+00:00,0.060899999999999996,0.03505
1990-06-05 02:00:00+00:00,0.07433999999999999,0.04105
1990-06-05 03:00:00+00:00,0.06279,0.0359
1990-06-05 04:00:00+00:00,0.09555,0.0506
1990-06-05 05:00:00+00:00,0.16359,0.08105000000000001
1990-06-05 06:00:00+00:00,0.1743,0.0858
1990-06-05 07:00:00+00:00,0.186795,0.09140000000000001
1990-06-05 08:00:00+00:00,0.161595,0.08015
1990-06-05 09:00:00+00:00,0.115185,0.05934999999999999
1990-06-05 10:00:00+00:00,0.10284750000000001,0.05385
1990-06-05 11:00:00+00:00,0.09408,0.049949999999999994
1990-06-05 12:00:00+00:00,0.063735,0.03635
1990-06-05 13:00:00+00:00,0.0504,0.030350000000000002
1990-06-05 14:00:00+00:00,0.07476,0.04125
1990-06-05 15:00:00+00:00,0.2478,0.11565
1990-06-05 16:00:00+00:00,0.2982,0.1382
1990-06-05 17:00:00+00:00,0.336,0.15510000000000002
1990-06-05 18:00:00+00:00,0.22175999999999998,0.10710000000000001
1990-06-05 19:00:00+00:00,0.21945,0.10605
1990-06-05 20:00:00+00:00,0.21273,0.10300000000000001
1990-06-05 21:00:00+00:00,0.183645,0.09
1990-06-05 22:00:00+00:00,0.15771,0.0784
1990-06-05 23:00:00+00:00,0.13608,0.0687
1990-06-06 00:00:00+00:00,0.14573999999999998,0.07300000000000001
1990-06-06 01:00:00+00:00,0.1365,0.0689
1990-06-06 02:00:00+00:00,0.136395,0.06885
1990-06-06 03:00:00+00:00,0.155715,0.07749999999999999
1990-06-06 04:00:00+00:00,0.190575,0.09310000000000002
1990-06-06 05:00:00+00:00,0.20937,0.1015
1990-06-06 06:00:00+00:00,0.19698,0.09595
1990-06-06 07:00:00+00:00,0.196455,0.09574999999999999
1990-06-06 08:00:00+00:00,0.17997000000000002,0.08835
1990-06-06 09:00:00+00:00,0.15645,0.07780000000000001
1990-06-06 10:00:00+00:00,0.15645,0.07780000000000001
1990-06-06 11:00:00+00:00,0.1428,0.0717
1990-06-06 12:00:00+00:00,0.123165,0.0629
1990-06-06 13:00:00+00:00,0.10773,0.056
1990-06-06 14:00:00+00:00,0.11025000000000001,0.05715
1990-06-06 15:00:00+00:00,0.28559999999999997,0.13255
1990-06-06 16:00:00+00:00,0.31437,0.1454
1990-06-06 17:00:00+00:00,0.34146,0.15755
1990-06-06 18:00:00+00:00,0.23331,0.1122
1990-06-06 19:00:00+00:00,0.23876999999999998,0.11470000000000001
1990-06-06 20:00:00+00:00,0.21000000000000002,0.1018
1990-06-06 21:00:00+00:00,0.177975,0.08745
1990-06-06 22:00:00+00:00,0.17955,0.08815
1990-06-06 23:00:00+00:00,0.16842000000000001,0.0832
1990-06-07 00:00:00+00:00,0.16773749999999998,0.0829
1990-06-07 01:00:00+00:00,0.166005,0.08215
1990-06-07 02:00:00+00:00,0.153405,0.0765
1990-06-07 03:00:00+00:00,0.14920499999999998,0.0746
1990-06-07 04:00:00+00:00,0.158445,0.07875
1990-06-07 05:00:00+00:00,0.18606,0.09104999999999999
1990-06-07 06:00:00+00:00,0.1718325,0.08474999999999999
1990-06-07 07:00:00+00:00,0.15245999999999998,0.07605
1990-06-07 08:00:00+00:00,0.13314,0.06735
1990-06-07 09:00:00+00:00,0.10006499999999999,0.0526
1990-06-07 10:00:00+00:00,0.08505,0.04585
1990-06-07 11:00:00+00:00,0.07854,0.04295
1990-06-07 12:00:00+00:00,0.049455,0.029949999999999997
1990-06-07 13:00:00+00:00,0.042,0.026600000000000002
1990-06-07 14:00:00+00:00,0.06405,0.036449999999999996
1990-06-07 15:00:00+00:00,0.246645,0.11510000000000001
1990-06-07 16:00:00+00:00,0.28559999999999997,0.13255
1990-06-07 17:00:00+00:00,0.325185,0.15025
1990-06-07 18:00:00+00:00,0.19992,0.0973
1990-06-07 19:00:00+00:00,0.20684999999999998,0.10035
1990-06-07 20:00:00+00:00,0.19782,0.09634999999999999
1990-06-07 21:00:00+00:00,0.1683675,0.08315
1990-06-07 22:00:00+00:00,0.166425,0.08230000000000001
1990-06-07 23:00:00+00:00,0.1160775,0.05975
1990-06-08 00:00:00+00:00,0.07486499999999999,0.0413
1990-06-08 01:00:00+00:00,0.07329,0.040600000000000004
1990-06-08 02:00:00+00:00,0.06825,0.03835
1990-06-08 03:00:00+00:00,0.07339499999999999,0.04065
1990-06-08 04:00:00+00:00,0.07192499999999999,0.039999999999999994
1990-06-08 05:00:00+00:00,0.08631,0.046450000000000005
1990-06-08 06:00:00+00:00,0.05586,0.0328
1990-06-08 07:00:00+00:00,0.030975,0.021650000000000003
1990-06-08 08:00:00+00:00,0.013964999999999998,0.01405
1990-06-08 09:00:00+00:00,0.0055650000000000005,0.0103
1990-06-08 10:00:00+00:00,-0.01386,0.002
1990-06-08 11:00:00+00:00,-0.038325,0.0
1990-06-08 12:00:00+00:00,-0.07455,0.0
1990-06-08 13:00:00+00:00,-0.06195,0.0
1990-06-08 14:00:00+00:00,-0.00462,0.0058
1990-06-08 15:00:00+00:00,0.14301,0.06875
1990-06-08 16:00:00+00:00,0.2163,0.1015
1990-06-08 17:00:00+00:00,0.30135,0.1396
1990-06-08 18:00:00+00:00,0.17850000000000002,0.0877
1990-06-08 19:00:00+00:00,0.1967175,0.09584999999999999
1990-06-08 20:00:00+00:00,0.191205,0.09340000000000001
1990-06-08 21:00:00+00:00,0.16338,0.0809
1990-06-08 22:00:00+00:00,0.10626000000000001,0.055349999999999996
1990-06-08 23:00:00+00:00,0.053864999999999996,0.0319
1990-06-09 00:00:00+00:00,0.024990000000000002,0.019
1990-06-09 01:00:00+00:00,0.015120000000000001,0.014599999999999998
1990-06-09 02:00:00+00:00,0.02079,0.0171
1990-06-09 03:00:00+00:00,0.029925,0.021200000000000004
1990-06-09 04:00:00+00:00,0.02205,0.0177
1990-06-09 05:00:00+00:00,0.029505000000000003,0.020999999999999998
1990-06-09 06:00:00+00:00,0.0,0.0078000000000000005
1990-06-09 07:00:00+00:00,0.008925,0.0118
1990-06-09 08:00:00+00:00,0.0034649999999999993,0.009349999999999999
1990-06-09 09:00:00+00:00,-0.017325,0.0006
1990-06-09 10:00:00+00:00,-0.0034649999999999998,0.00625
1990-06-09 11:00:00+00:00,0.01764,0.0157
1990-06-09 12:00:00+00:00,0.020265000000000002,0.01685
1990-06-09 13:00:00+00:00,0.0,0.0078
1990-06-09 14:00:00+00:00,0.051135,0.030650000000000004
1990-06-09 15:00:00+00:00,0.28245,0.13115
1990-06-09 16:00:00+00:00,0.32466000000000006,0.15005000000000002
1990-06-09 17:00:00+00:00,0.331905,0.15325
1990-06-09 18:00:00+00:00,0.19383,0.09455
1990-06-09 19:00:00+00:00,0.2137275,0.10344999999999999
1990-06-09 20:00:00+00:00,0.20600999999999997,0.1
1990-06-09 21:00:00+00:00,0.15855,0.07875
1990-06-09 22:00:00+00:00,0.17535,0.08630000000000002
1990-06-09 23:00:00+00:00,0.13019999999999998,0.06605
1990-06-10 00:00:00+00:00,0.11025,0.057150000000000006
1990-06-10 01:00:00+00:00,0.10815,0.0562
1990-06-10 02:00:00+00:00,0.10647000000000001,0.05545
1990-06-10 03:00:00+00:00,0.1365,0.0689
1990-06-10 04:00:00+00:00,0.12705,0.06465
1990-06-10 05:00:00+00:00,0.18637499999999999,0.09125
1990-06-10 06:00:00+00:00,0.2163,0.1046
1990-06-10 07:00:00+00:00,0.20978999999999998,0.10170000000000001
1990-06-10 08:00:00+00:00,0.17650500000000002,0.0868
1990-06-10 09:00:00+00:00,0.15519,0.07725000000000001
1990-06-10 10:00:00+00:00,0.130515,0.0662
1990-06-10 11:00:00+00:00,0.111405,0.05765
1990-06-10 12:00:00+00:00,0.11130000000000001,0.0576
1990-06-10 13:00:00+00:00,0.10289999999999999,0.05385
1990-06-10 14:00:00+00:00,0.11046,0.057249999999999995
1990-06-10 15:00:00+00:00,0.25725,0.11984999999999998
1990-06-10 16:00:00+00:00,0.29735999999999996,0.1378
1990-06-10 17:00:00+00:00,0.33915,0.15649999999999997
1990-06-10 18:00:00+00:00,0.20034000000000002,0.09745000000000001
1990-06-10 19:00:00+00:00,0.18689999999999998,0.09145
1990-06-10 20:00:00+00:00,0.1743,0.0858
1990-06-10 21:00:00+00:00,0.140385,0.0706
1990-06-10 22:00:00+00:00,0.12768000000000002,0.06495000000000001
1990-06-10 23:00:00+00:00,0.12148500000000001,0.06215
1990-06-11 00:00:00+00:00,0.114135,0.05890000000000001
1990-06-11 01:00:00+00:00,0.101325,0.05315
1990-06-11 02:00:00+00:00,0.103215,0.054000000000000006
1990-06-11 03:00:00+00:00,0.10500000000000001,0.0548
1990-06-11 04:00:00+00:00,0.12883499999999998,0.06545000000000001
1990-06-11 05:00:00+00:00,0.14973,0.0748
1990-06-11 06:00:00+00:00,0.16022999999999998,0.07949999999999999
1990-06-11 07:00:00+00:00,0.1621725,0.0804
1990-06-11 08:00:00+00:00,0.15592499999999998,0.0776
1990-06-11 09:00:00+00:00,0.15414,0.0768
1990-06-11 10:00:00+00:00,0.16275,0.08065
1990-06-11 11:00:00+00:00,0.17975999999999998,0.08825
1990-06-11 12:00:00+00:00,0.17556,0.0864
1990-06-11 13:00:00+00:00,0.1563975,0.0778
1990-06-11 14:00:00+00:00,0.14889000000000002,0.07445
1990-06-11 15:00:00+00:00,0.310905,0.1439
1990-06-11 16:00:00+00:00,0.320985,0.14839999999999998
1990-06-11 17:00:00+00:00,0.33495,0.15465
1990-06-11 18:00:00+00:00,0.214935,0.10400000000000001
1990-06-11 19:00:00+00:00,0.218505,0.1056
1990-06-11 20:00:00+00:00,0.20811000000000002,0.10094999999999998
1990-06-11 21:00:00+00:00,0.175875,0.08655
1990-06-11 22:00:00+00:00,0.169575,0.0837
1990-06-11 23:00:00+00:00,0.15267,0.0761
1990-06-12 00:00:00+00:00,0.149625,0.07475000000000001
1990-06-12 01:00:00+00:00,0.148785,0.0744
1990-06-12 02:00:00+00:00,0.145635,0.07300000000000001
1990-06-12 03:00:00+00:00,0.15561,0.07744999999999999
1990-06-12 04:00:00+00:00,0.20328000000000002,0.0988
1990-06-12 05:00:00+00:00,0.1911,0.09335
1990-06-12 06:00:00+00:00,0.184695,0.0905
1990-06-12 07:00:00+00:00,0.179025,0.08795
1990-06-12 08:00:00+00:00,0.182595,0.0895
1990-06-12 09:00:00+00:00,0.18081000000000003,0.0887
1990-06-12 10:00:00+00:00,0.19236,0.0939
1990-06-12 11:00:00+00:00,0.19572,0.0954
1990-06-12 12:00:00+00:00,0.18721500000000002,0.0916
1990-06-12 13:00:00+00:00,0.16926000000000002,0.08355
1990-06-12 14:00:00+00:00,0.1713075,0.08445
1990-06-12 15:00:00+00:00,0.32466,0.15
1990-06-12 16:00:00+00:00,0.32487,0.1501
1990-06-12 17:00:00+00:00,0.35700000000000004,0.16449999999999998
1990-06-12 18:00:00+00:00,0.250425,0.1199
1990-06-12 19:00:00+00:00,0.23793,0.1143
1990-06-12 20:00:00+00:00,0.221655,0.107
1990-06-12 21:00:00+00:00,0.183645,0.09
1990-06-12 22:00:00+00:00,0.18375,0.09004999999999999
1990-06-12 23:00:00+00:00,0.163905,0.08115
1990-06-13 00:00:00+00:00,0.16002,0.0794
1990-06-13 01:00:00+00:00,0.15477000000000002,0.0771
1990-06-13 02:00:00+00:00,0.147945,0.074
1990-06-13 03:00:00+00:00,0.158025,0.07855
1990-06-13 04:00:00+00:00,0.15183000000000002,0.07575
1990-06-13 05:00:00+00:00,0.19698,0.09595
1990-06-13 06:00:00+00:00,0.19655999999999998,0.09575
1990-06-13 07:00:00+00:00,0.192045,0.09375
1990-06-13 08:00:00+00:00,0.19130999999999998,0.09344999999999999
1990-06-13 09:00:00+00:00,0.17325000000000002,0.08535000000000001
1990-06-13 10:00:00+00:00,0.17734499999999997,0.08715
1990-06-13 11:00:00+00:00,0.16359,0.08099999999999999
1990-06-13 12:00:00+00:00,0.1512,0.0755
1990-06-13 13:00:00+00:00,0.13692,0.0691
1990-06-13 14:00:00+00:00,0.13671,0.069
1990-06-13 15:00:00+00:00,0.287175,0.13325
1990-06-13 16:00:00+00:00,0.33390000000000003,0.1542
1990-06-13 17:00:00+00:00,0.35322,0.1628
1990-06-13 18:00:00+00:00,0.195405,0.09525
1990-06-13 19:00:00+00:00,0.189945,0.09285
1990-06-13 20:00:00+00:00,0.16527,0.08180000000000001
1990-06-13 21:00:00+00:00,0.118755,0.06095
1990-06-13 22:00:00+00:00,0.101535,0.053250000000000006
1990-06-13 23:00:00+00:00,0.0819,0.044500000000000005
1990-06-14 00:00:00+00:00,0.072765,0.040400000000000005
1990-06-14 01:00:00+00:00,0.07476,0.04125
1990-06-14 02:00:00+00:00,0.07580999999999999,0.041749999999999995
1990-06-14 03:00:00+00:00,0.0825825,0.04475
1990-06-14 04:00:00+00:00,0.10043250000000001,0.0528
1990-06-14 05:00:00+00:00,0.1473675,0.0738
1990-06-14 06:00:00+00:00,0.1911,0.09335000000000002
1990-06-14 07:00:00+00:00,0.18542999999999998,0.0908
1990-06-14 08:00:00+00:00,0.19068000000000002,0.09315
1990-06-14 09:00:00+00:00,0.19088999999999998,0.09325
1990-06-14 10:00:00+00:00,0.18899999999999997,0.0924
1990-06-14 11:00:00+00:00,0.17997,0.08835000000000001
1990-06-14 12:00:00+00:00,0.164115,0.08125
1990-06-14 13:00:00+00:00,0.138075,0.0696
1990-06-14 14:00:00+00:00,0.12915,0.06565
1990-06-14 15:00:00+00:00,0.28413,0.13185000000000002
1990-06-14 16:00:00+00:00,0.30870000000000003,0.1429
1990-06-14 17:00:00+00:00,0.336,0.1551
1990-06-14 18:00:00+00:00,0.22176,0.10705
1990-06-14 19:00:00+00:00,0.21042,0.10200000000000001
1990-06-14 20:00:00+00:00,0.19424999999999998,0.09475
1990-06-14 21:00:00+00:00,0.1742475,0.0858
1990-06-14 22:00:00+00:00,0.21220499999999998,0.10275
1990-06-14 23:00:00+00:00,0.18018,0.08845
1990-06-15 00:00:00+00:00,0.157395,0.07825
1990-06-15 01:00:00+00:00,0.14437499999999998,0.0724
1990-06-15 02:00:00+00:00,0.131355,0.06659999999999999
1990-06-15 03:00:00+00:00,0.137025,0.06915
1990-06-15 04:00:00+00:00,0.13272,0.06725
1990-06-15 05:00:00+00:00,0.151515,0.07565
1990-06-15 06:00:00+00:00,0.16695,0.08255
1990-06-15 07:00:00+00:00,0.19094250000000001,0.0933
1990-06-15 08:00:00+00:00,0.19971,0.09720000000000001
1990-06-15 09:00:00+00:00,0.196455,0.09570000000000001
1990-06-15 10:00:00+00:00,0.1659,0.08205
1990-06-15 11:00:00+00:00,0.15288000000000002,0.07625
1990-06-15 12:00:00+00:00,0.131565,0.06670000000000001
1990-06-15 13:00:00+00:00,0.12075,0.06185
1990-06-15 14:00:00+00:00,0.126315,0.06434999999999999
1990-06-15 15:00:00+00:00,0.297465,0.13785
1990-06-15 16:00:00+00:00,0.33516,0.15475
1990-06-15 17:00:00+00:00,0.34114500000000003,0.15739999999999998
1990-06-15 18:00:00+00:00,0.20349,0.09890000000000002
1990-06-15 19:00:00+00:00,0.19089,0.09325
1990-06-15 20:00:00+00:00,0.19949999999999998,0.09709999999999999
1990-06-15 21:00:00+00:00,0.157815,0.0784
1990-06-15 22:00:00+00:00,0.174825,0.08605
1990-06-15 23:00:00+00:00,0.12516,0.0638
1990-06-16 00:00:00+00:00,0.10436999999999999,0.0545
1990-06-16 01:00:00+00:00,0.0819,0.04445
1990-06-16 02:00:00+00:00,0.042734999999999995,0.0269
1990-06-16 03:00:00+00:00,0.0315,0.021900000000000003
1990-06-16 04:00:00+00:00,0.01575,0.01485
1990-06-16 05:00:00+00:00,0.021629999999999996,0.0175
1990-06-16 06:00:00+00:00,0.072135,0.040100000000000004
1990-06-16 07:00:00+00:00,0.10185,0.0534
1990-06-16 08:00:00+00:00,0.11760000000000001,0.06045
1990-06-16 09:00:00+00:00,0.138495,0.06975
1990-06-16 10:00:00+00:00,0.14448,0.07250000000000001
1990-06-16 11:00:00+00:00,0.14847,0.0743
1990-06-16 12:00:00+00:00,0.12284999999999999,0.06280000000000001
1990-06-16 13:00:00+00:00,0.11130000000000001,0.0576
1990-06-16 14:00:00+00:00,0.126945,0.0646
1990-06-16 15:00:00+00:00,0.295365,0.1369
1990-06-16 16:00:00+00:00,0.31940999999999997,0.1477
1990-06-16 17:00:00+00:00,0.32214000000000004,0.14889999999999998
1990-06-16 18:00:00+00:00,0.20527499999999999,0.0997
1990-06-16 19:00:00+00:00,0.2164575,0.1047
1990-06-16 20:00:00+00:00,0.20790000000000003,0.10085
1990-06-16 21:00:00+00:00,0.17114999999999997,0.0844
1990-06-16 22:00:00+00:00,0.16758,0.0828
1990-06-16 23:00:00+00:00,0.14868,0.07435
1990-06-17 00:00:00+00:00,0.14259,0.0716
1990-06-17 01:00:00+00:00,0.14847,0.07425
1990-06-17 02:00:00+00:00,0.15204,0.0759
1990-06-17 03:00:00+00:00,0.1491,0.0745
1990-06-17 04:00:00+00:00,0.17871,0.0878
1990-06-17 05:00:00+00:00,0.20789999999999997,0.10085000000000001
1990-06-17 06:00:00+00:00,0.20265,0.0985
1990-06-17 07:00:00+00:00,0.18291000000000002,0.0897
1990-06-17 08:00:00+00:00,0.179655,0.0882
1990-06-17 09:00:00+00:00,0.16485,0.0816
1990-06-17 10:00:00+00:00,0.17472,0.08604999999999999
1990-06-17 11:00:00+00:00,0.18480000000000002,0.09055
1990-06-17 12:00:00+00:00,0.17325,0.08535000000000001
1990-06-17 13:00:00+00:00,0.16443000000000002,0.0814
1990-06-17 14:00:00+00:00,0.164955,0.08165
1990-06-17 15:00:00+00:00,0.30387,0.14075
1990-06-17 16:00:00+00:00,0.331065,0.15289999999999998
1990-06-17 17:00:00+00:00,0.3759,0.17295
1990-06-17 18:00:00+00:00,0.25158,0.12040000000000001
1990-06-17 19:00:00+00:00,0.234675,0.11285
1990-06-17 20:00:00+00:00,0.2163,0.1046
1990-06-17 21:00:00+00:00,0.187635,0.0918
1990-06-17 22:00:00+00:00,0.16569,0.08195
1990-06-17 23:00:00+00:00,0.16002,0.0794
1990-06-18 00:00:00+00:00,0.154665,0.07705000000000001
1990-06-18 01:00:00+00:00,0.156345,0.07780000000000001
1990-06-18 02:00:00+00:00,0.15603,0.07765
1990-06-18 03:00:00+00:00,0.15414,0.07680000000000001
1990-06-18 04:00:00+00:00,0.167055,0.08255
1990-06-18 05:00:00+00:00,0.19319999999999998,0.09425
1990-06-18 06:00:00+00:00,0.18700499999999998,0.0915
1990-06-18 07:00:00+00:00,0.21525,0.10414999999999999
1990-06-18 08:00:00+00:00,0.20947500000000002,0.1016
1990-06-18 09:00:00+00:00,0.19635,0.09565000000000001
1990-06-18 10:00:00+00:00,0.18863249999999998,0.0922
1990-06-18 11:00:00+00:00,0.181545,0.08905
1990-06-18 12:00:00+00:00,0.1616475,0.08015
1990-06-18 13:00:00+00:00,0.15393,0.07669999999999999
1990-06-18 14:00:00+00:00,0.15539999999999998,0.07735
1990-06-18 15:00:00+00:00,0.31437,0.14545000000000002
1990-06-18 16:00:00+00:00,0.343455,0.15845
1990-06-18 17:00:00+00:00,0.351015,0.1618
1990-06-18 18:00:00+00:00,0.23184000000000002,0.1116
1990-06-18 19:00:00+00:00,0.2098425,0.10175000000000001
1990-06-18 20:00:00+00:00,0.18564,0.0909
1990-06-18 21:00:00+00:00,0.16149000000000002,0.0801
1990-06-18 22:00:00+00:00,0.17167500000000002,0.08465
1990-06-18 23:00:00+00:00,0.157605,0.07835
1990-06-19 00:00:00+00:00,0.14978249999999999,0.07485
1990-06-19 01:00:00+00:00,0.145005,0.0727
1990-06-19 02:00:00+00:00,0.1428525,0.07175000000000001
1990-06-19 03:00:00+00:00,0.1384425,0.06975
1990-06-19 04:00:00+00:00,0.157395,0.07825
1990-06-19 05:00:00+00:00,0.18333,0.08985
1990-06-19 06:00:00+00:00,0.187425,0.0917
1990-06-19 07:00:00+00:00,0.21525,0.10414999999999999
1990-06-19 08:00:00+00:00,0.19845000000000002,0.0966
1990-06-19 09:00:00+00:00,0.18647999999999998,0.09125
1990-06-19 10:00:00+00:00,0.1806,0.08865
1990-06-19 11:00:00+00:00,0.16947,0.08365
1990-06-19 12:00:00+00:00,0.148575,0.0743
1990-06-19 13:00:00+00:00,0.13965,0.0703
1990-06-19 14:00:00+00:00,0.140175,0.07055
1990-06-19 15:00:00+00:00,0.286965,0.13315
1990-06-19 16:00:00+00:00,0.31038,0.14365
1990-06-19 17:00:00+00:00,0.33243,0.1535
1990-06-19 18:00:00+00:00,0.21420000000000003,0.10369999999999999
1990-06-19 19:00:00+00:00,0.20496,0.0995
1990-06-19 20:00:00+00:00,0.19005,0.09285
1990-06-19 21:00:00+00:00,0.16569,0.08195
1990-06-19 22:00:00+00:00,0.1596,0.07925
1990-06-19 23:00:00+00:00,0.15225,0.07594999999999999
1990-06-20 00:00:00+00:00,0.145215,0.0728
1990-06-20 01:00:00+00:00,0.153405,0.0765
1990-06-20 02:00:00+00:00,0.15435,0.0769
1990-06-20 03:00:00+00:00,0.15876,0.07885
1990-06-20 04:00:00+00:00,0.19047,0.09305
1990-06-20 05:00:00+00:00,0.19477499999999998,0.09495
1990-06-20 06:00:00+00:00,0.1946175,0.0949
1990-06-20 07:00:00+00:00,0.19383,0.09455
1990-06-20 08:00:00+00:00,0.18501,0.0906
1990-06-20 09:00:00+00:00,0.16149,0.0801
1990-06-20 10:00:00+00:00,0.15792,0.0785
1990-06-20 11:00:00+00:00,0.14867999999999998,0.0744
1990-06-20 12:00:00+00:00,0.1482075,0.07415
1990-06-20 13:00:00+00:00,0.144795,0.0726
1990-06-20 14:00:00+00:00,0.147945,0.074
1990-06-20 15:00:00+00:00,0.30765,0.1424
1990-06-20 16:00:00+00:00,0.3378375,0.15595
1990-06-20 17:00:00+00:00,0.369285,0.16999999999999998
1990-06-20 18:00:00+00:00,0.22669500000000004,0.1093
1990-06-20 19:00:00+00:00,0.223545,0.10785
1990-06-20 20:00:00+00:00,0.2037,0.099
1990-06-20 21:00:00+00:00,0.18564,0.09090000000000001
1990-06-20 22:00:00+00:00,0.176085,0.08665
1990-06-20 23:00:00+00:00,0.17576999999999998,0.0865
1990-06-21 00:00:00+00:00,0.168945,0.08345
1990-06-21 01:00:00+00:00,0.151305,0.0755
1990-06-21 02:00:00+00:00,0.14847,0.07425000000000001
1990-06-21 03:00:00+00:00,0.14889,0.07445
1990-06-21 04:00:00+00:00,0.166425,0.0823
1990-06-21 05:00:00+00:00,0.202965,0.09865
1990-06-21 06:00:00+00:00,0.20569500000000002,0.09985
1990-06-21 07:00:00+00:00,0.1945125,0.09485
1990-06-21 08:00:00+00:00,0.17304000000000003,0.08524999999999999
1990-06-21 09:00:00+00:00,0.14952,0.07475
1990-06-21 10:00:00+00:00,0.14752500000000002,0.07385
1990-06-21 11:00:00+00:00,0.13545000000000001,0.0684
1990-06-21 12:00:00+00:00,0.12915,0.06565000000000001
1990-06-21 13:00:00+00:00,0.12684,0.06459999999999999
1990-06-21 14:00:00+00:00,0.13965,0.0703
1990-06-21 15:00:00+00:00,0.30765,0.1424
1990-06-21 16:00:00+00:00,0.31667999999999996,0.14645
1990-06-21 17:00:00+00:00,0.33200999999999997,0.1533
1990-06-21 18:00:00+00:00,0.19845,0.09665
1990-06-21 19:00:00+00:00,0.18868500000000002,0.09225
1990-06-21 20:00:00+00:00,0.18941999999999998,0.0926
1990-06-21 21:00:00+00:00,0.17220000000000002,0.08485000000000001
1990-06-21 22:00:00+00:00,0.168,0.083
1990-06-21 23:00:00+00:00,0.15435,0.0769
1990-06-22 00:00:00+00:00,0.161385,0.08005000000000001
1990-06-22 01:00:00+00:00,0.1533,0.0764
1990-06-22 02:00:00+00:00,0.147945,0.07405
1990-06-22 03:00:00+00:00,0.15666,0.07794999999999999
1990-06-22 04:00:00+00:00,0.16422,0.08130000000000001
1990-06-22 05:00:00+00:00,0.1512,0.0755
1990-06-22 06:00:00+00:00,0.158655,0.07885
1990-06-22 07:00:00+00:00,0.19949999999999998,0.0971
1990-06-22 08:00:00+00:00,0.19467,0.09495
1990-06-22 09:00:00+00:00,0.19635,0.09570000000000001
1990-06-22 10:00:00+00:00,0.19005,0.09285
1990-06-22 11:00:00+00:00,0.17146499999999998,0.08455
1990-06-22 12:00:00+00:00,0.1422225,0.07145
1990-06-22 13:00:00+00:00,0.126,0.0642
1990-06-22 14:00:00+00:00,0.126,0.0642
1990-06-22 15:00:00+00:00,0.279825,0.12995
1990-06-22 16:00:00+00:00,0.29925,0.13865
1990-06-22 17:00:00+00:00,0.336,0.1551
1990-06-22 18:00:00+00:00,0.1974,0.0962
1990-06-22 19:00:00+00:00,0.19047,0.09305
1990-06-22 20:00:00+00:00,0.183855,0.09010000000000001
1990-06-22 21:00:00+00:00,0.15414,0.07680000000000001
1990-06-22 22:00:00+00:00,0.1764,0.08675
1990-06-22 23:00:00+00:00,0.147,0.0736
1990-06-23 00:00:00+00:00,0.15728999999999999,0.07819999999999999
1990-06-23 01:00:00+00:00,0.14647500000000002,0.07335
1990-06-23 02:00:00+00:00,0.14542499999999997,0.07289999999999999
1990-06-23 03:00:00+00:00,0.15162,0.07565
1990-06-23 04:00:00+00:00,0.151935,0.0758
1990-06-23 05:00:00+00:00,0.13797,0.06955
1990-06-23 06:00:00+00:00,0.12904500000000002,0.06555
1990-06-23 07:00:00+00:00,0.1449,0.07264999999999999
1990-06-23 08:00:00+00:00,0.14920499999999998,0.0746
1990-06-23 09:00:00+00:00,0.159915,0.0794
1990-06-23 10:00:00+00:00,0.17535,0.0863
1990-06-23 11:00:00+00:00,0.1827,0.08954999999999999
1990-06-23 12:00:00+00:00,0.1659,0.08209999999999999
1990-06-23 13:00:00+00:00,0.15687,0.07799999999999999
1990-06-23 14:00:00+00:00,0.16012500000000002,0.07944999999999999
1990-06-23 15:00:00+00:00,0.31321499999999997,0.1449
1990-06-23 16:00:00+00:00,0.32424,0.1498
1990-06-23 17:00:00+00:00,0.31962,0.14780000000000001
1990-06-23 18:00:00+00:00,0.19257,0.094
1990-06-23 19:00:00+00:00,0.20748,0.10064999999999999
1990-06-23 20:00:00+00:00,0.20390999999999998,0.09905
1990-06-23 21:00:00+00:00,0.17304,0.08524999999999999
1990-06-23 22:00:00+00:00,0.17304,0.08524999999999999
1990-06-23 23:00:00+00:00,0.163275,0.0809
1990-06-24 00:00:00+00:00,0.1525125,0.07605
1990-06-24 01:00:00+00:00,0.147,0.0736
1990-06-24 02:00:00+00:00,0.14931,0.0746
1990-06-24 03:00:00+00:00,0.15529500000000002,0.07730000000000001
1990-06-24 04:00:00+00:00,0.17220000000000002,0.0849
1990-06-24 05:00:00+00:00,0.19236,0.0939
1990-06-24 06:00:00+00:00,0.18186000000000002,0.0892
1990-06-24 07:00:00+00:00,0.1894725,0.09259999999999999
1990-06-24 08:00:00+00:00,0.176085,0.08660000000000001
1990-06-24 09:00:00+00:00,0.161805,0.0802
1990-06-24 10:00:00+00:00,0.16505999999999998,0.0817
1990-06-24 11:00:00+00:00,0.16569,0.08195
1990-06-24 12:00:00+00:00,0.15498,0.07719999999999999
1990-06-24 13:00:00+00:00,0.14573999999999998,0.07305
1990-06-24 14:00:00+00:00,0.1512,0.0755
1990-06-24 15:00:00+00:00,0.29904,0.13855
1990-06-24 16:00:00+00:00,0.31521,0.14579999999999999
1990-06-24 17:00:00+00:00,0.37170000000000003,0.17105
1990-06-24 18:00:00+00:00,0.22806,0.1099
1990-06-24 19:00:00+00:00,0.22238999999999998,0.10735
1990-06-24 20:00:00+00:00,0.2050125,0.09955
1990-06-24 21:00:00+00:00,0.16212,0.0804
1990-06-24 22:00:00+00:00,0.15918,0.07905000000000001
1990-06-24 23:00:00+00:00,0.140175,0.07050000000000001
1990-06-25 00:00:00+00:00,0.14353500000000002,0.07200000000000001
1990-06-25 01:00:00+00:00,0.141225,0.07100000000000001
1990-06-25 02:00:00+00:00,0.12957,0.0658
1990-06-25 03:00:00+00:00,0.15834,0.07869999999999999
1990-06-25 04:00:00+00:00,0.1733025,0.08535000000000001
1990-06-25 05:00:00+00:00,0.210105,0.10185
1990-06-25 06:00:00+00:00,0.206745,0.10035
1990-06-25 07:00:00+00:00,0.187635,0.09179999999999999
1990-06-25 08:00:00+00:00,0.17598000000000003,0.08655
1990-06-25 09:00:00+00:00,0.15046500000000002,0.07515
1990-06-25 10:00:00+00:00,0.15414,0.07680000000000001
1990-06-25 11:00:00+00:00,0.155505,0.0774
1990-06-25 12:00:00+00:00,0.15235500000000002,0.07600000000000001
1990-06-25 13:00:00+00:00,0.1512,0.0755
1990-06-25 14:00:00+00:00,0.155295,0.07735
1990-06-25 15:00:00+00:00,0.318675,0.14735
1990-06-25 16:00:00+00:00,0.334215,0.1543
1990-06-25 17:00:00+00:00,0.36812999999999996,0.16945
1990-06-25 18:00:00+00:00,0.23961,0.11505
1990-06-25 19:00:00+00:00,0.217035,0.10495
1990-06-25 20:00:00+00:00,0.19393499999999997,0.09459999999999999
1990-06-25 21:00:00+00:00,0.16789500000000002,0.08295
1990-06-25 22:00:00+00:00,0.18795,0.09195
1990-06-25 23:00:00+00:00,0.17004750000000002,0.08395
1990-06-26 00:00:00+00:00,0.1659,0.0821
1990-06-26 01:00:00+00:00,0.16569,0.08195
1990-06-26 02:00:00+00:00,0.1638,0.0811
1990-06-26 03:00:00+00:00,0.16569,0.08195
1990-06-26 04:00:00+00:00,0.18144,0.089
1990-06-26 05:00:00+00:00,0.21619500000000003,0.1046
1990-06-26 06:00:00+00:00,0.21336,0.1033
1990-06-26 07:00:00+00:00,0.19635,0.09570000000000001
1990-06-26 08:00:00+00:00,0.176925,0.087
1990-06-26 09:00:00+00:00,0.158655,0.07885
1990-06-26 10:00:00+00:00,0.14742,0.0738
1990-06-26 11:00:00+00:00,0.14259,0.07164999999999999
1990-06-26 12:00:00+00:00,0.14090999999999998,0.07085
1990-06-26 13:00:00+00:00,0.14201249999999999,0.07135
1990-06-26 14:00:00+00:00,0.143955,0.0722
1990-06-26 15:00:00+00:00,0.31038,0.14365
1990-06-26 16:00:00+00:00,0.3297,0.1523
1990-06-26 17:00:00+00:00,0.37222500000000003,0.17135
1990-06-26 18:00:00+00:00,0.23562,0.11324999999999999
1990-06-26 19:00:00+00:00,0.21798,0.10535
1990-06-26 20:00:00+00:00,0.1974525,0.09620000000000001
1990-06-26 21:00:00+00:00,0.1721475,0.08485000000000001
1990-06-26 22:00:00+00:00,0.1734075,0.0854
1990-06-26 23:00:00+00:00,0.16254000000000002,0.08055
1990-06-27 00:00:00+00:00,0.14616,0.07325000000000001
1990-06-27 01:00:00+00:00,0.126,0.06420000000000001
1990-06-27 02:00:00+00:00,0.120645,0.061799999999999994
1990-06-27 03:00:00+00:00,0.12179999999999999,0.062299999999999994
1990-06-27 04:00:00+00:00,0.12453,0.0635
1990-06-27 05:00:00+00:00,0.19288499999999997,0.09409999999999999
1990-06-27 06:00:00+00:00,0.1911,0.0933
1990-06-27 07:00:00+00:00,0.15991499999999997,0.07935
1990-06-27 08:00:00+00:00,0.11865,0.0609
1990-06-27 09:00:00+00:00,0.08925,0.04775
1990-06-27 10:00:00+00:00,0.0652575,0.037000000000000005
1990-06-27 11:00:00+00:00,0.036750000000000005,0.02425
1990-06-27 12:00:00+00:00,0.020999999999999998,0.0172
1990-06-27 13:00:00+00:00,0.020999999999999998,0.0172
1990-06-27 14:00:00+00:00,0.025357499999999998,0.01915
1990-06-27 15:00:00+00:00,0.21315,0.10010000000000001
1990-06-27 16:00:00+00:00,0.260505,0.1213
1990-06-27 17:00:00+00:00,0.29415749999999996,0.13635
1990-06-27 18:00:00+00:00,0.17346,0.08545
1990-06-27 19:00:00+00:00,0.168,0.08299999999999999
1990-06-27 20:00:00+00:00,0.16296,0.08074999999999999
1990-06-27 21:00:00+00:00,0.134925,0.0682
1990-06-27 22:00:00+00:00,0.052815,0.03145
1990-06-27 23:00:00+00:00,0.027195000000000004,0.01995
1990-06-28 00:00:00+00:00,0.013125,0.0137
1990-06-28 01:00:00+00:00,0.014280000000000001,0.0142
1990-06-28 02:00:00+00:00,0.011550000000000001,0.01295
1990-06-28 03:00:00+00:00,0.021419999999999998,0.0174
1990-06-28 04:00:00+00:00,0.013649999999999999,0.013900000000000001
1990-06-28 05:00:00+00:00,0.06027,0.03475
1990-06-28 06:00:00+00:00,0.0735,0.0407
1990-06-28 07:00:00+00:00,0.044939999999999994,0.0279
1990-06-28 08:00:00+00:00,0.015015,0.014499999999999999
1990-06-28 09:00:00+00:00,0.0063,0.01065
1990-06-28 10:00:00+00:00,0.00063,0.0081
1990-06-28 11:00:00+00:00,0.00315,0.0092
1990-06-28 12:00:00+00:00,0.00021,0.0079
1990-06-28 13:00:00+00:00,-0.0030450000000000004,0.00645
1990-06-28 14:00:00+00:00,-0.008767500000000001,0.006
1990-06-28 15:00:00+00:00,0.17004750000000002,0.0808
1990-06-28 16:00:00+00:00,0.22701,0.1063
1990-06-28 17:00:00+00:00,0.2959425,0.13715
1990-06-28 18:00:00+00:00,0.17708249999999998,0.0871
1990-06-28 19:00:00+00:00,0.19666500000000003,0.0958
1990-06-28 20:00:00+00:00,0.20370000000000002,0.099
1990-06-28 21:00:00+00:00,0.19635,0.09570000000000001
1990-06-28 22:00:00+00:00,0.19267499999999999,0.09405
1990-06-28 23:00:00+00:00,0.19551000000000002,0.0953
1990-06-29 00:00:00+00:00,0.194565,0.0949
1990-06-29 01:00:00+00:00,0.16988999999999999,0.08385
1990-06-29 02:00:00+00:00,0.17115000000000002,0.0844
1990-06-29 03:00:00+00:00,0.16296,0.08074999999999999
1990-06-29 04:00:00+00:00,0.17282999999999998,0.08515
1990-06-29 05:00:00+00:00,0.1590225,0.079
1990-06-29 06:00:00+00:00,0.15099,0.0754
1990-06-29 07:00:00+00:00,0.1785,0.0877
1990-06-29 08:00:00+00:00,0.188475,0.09215
1990-06-29 09:00:00+00:00,0.176925,0.087
1990-06-29 10:00:00+00:00,0.1617,0.08015
1990-06-29 11:00:00+00:00,0.143745,0.07214999999999999
1990-06-29 12:00:00+00:00,0.12495,0.06375
1990-06-29 13:00:00+00:00,0.1134,0.058600000000000006
1990-06-29 14:00:00+00:00,0.12747,0.06485
1990-06-29 15:00:00+00:00,0.29505,0.13675
1990-06-29 16:00:00+00:00,0.31457999999999997,0.14550000000000002
1990-06-29 17:00:00+00:00,0.35363999999999995,0.16294999999999998
1990-06-29 18:00:00+00:00,0.2142525,0.1037
1990-06-29 19:00:00+00:00,0.19907999999999998,0.09695
1990-06-29 20:00:00+00:00,0.187635,0.0918
1990-06-29 21:00:00+00:00,0.16773749999999998,0.08285000000000001
1990-06-29 22:00:00+00:00,0.166215,0.0822
1990-06-29 23:00:00+00:00,0.162645,0.0806
1990-06-30 00:00:00+00:00,0.162645,0.0806
1990-06-30 01:00:00+00:00,0.15004499999999998,0.075
1990-06-30 02:00:00+00:00,0.13335,0.0675
1990-06-30 03:00:00+00:00,0.11886,0.061000000000000006
1990-06-30 04:00:00+00:00,0.09439499999999999,0.05005
1990-06-30 05:00:00+00:00,0.0879375,0.04715
1990-06-30 06:00:00+00:00,0.08636250000000001,0.04645
1990-06-30 07:00:00+00:00,0.11549999999999999,0.0595
1990-06-30 08:00:00+00:00,0.1530375,0.07629999999999999
1990-06-30 09:00:00+00:00,0.16464,0.08149999999999999
1990-06-30 10:00:00+00:00,0.1638,0.08109999999999999
1990-06-30 11:00:00+00:00,0.16789500000000002,0.08295
1990-06-30 12:00:00+00:00,0.1659,0.08205
1990-06-30 13:00:00+00:00,0.16485,0.0816
1990-06-30 14:00:00+00:00,0.161805,0.0802
1990-06-30 15:00:00+00:00,0.306705,0.14200000000000002
1990-06-30 16:00:00+00:00,0.32214,0.1489
1990-06-30 17:00:00+00:00,0.322875,0.14925
1990-06-30 18:00:00+00:00,0.193935,0.09465
1990-06-30 19:00:00+00:00,0.190995,0.0933
1990-06-30 20:00:00+00:00,0.199605,0.09715
1990-06-30 21:00:00+00:00,0.18480000000000002,0.0905
1990-06-30 22:00:00+00:00,0.16904999999999998,0.0835
1990-06-30 23:00:00+00:00,0.16768500000000003,0.0829
1990-07-01 00:00:00+00:00,0.146895,0.07355
1990-07-01 01:00:00+00:00,0.1407525,0.0708
1990-07-01 02:00:00+00:00,0.14406000000000002,0.07225000000000001
1990-07-01 03:00:00+00:00,0.13881,0.06995
1990-07-01 04:00:00+00:00,0.163275,0.0809
1990-07-01 05:00:00+00:00,0.17745,0.0872
1990-07-01 06:00:00+00:00,0.196455,0.09575
1990-07-01 07:00:00+00:00,0.19047,0.09310000000000002
1990-07-01 08:00:00+00:00,0.18879,0.0923
1990-07-01 09:00:00+00:00,0.17619,0.08670000000000001
1990-07-01 10:00:00+00:00,0.181545,0.0891
1990-07-01 11:00:00+00:00,0.17655749999999998,0.08685000000000001
1990-07-01 12:00:00+00:00,0.15435,0.0769
1990-07-01 13:00:00+00:00,0.14867999999999998,0.07435
1990-07-01 14:00:00+00:00,0.13786500000000002,0.0695
1990-07-01 15:00:00+00:00,0.295995,0.13715
1990-07-01 16:00:00+00:00,0.30539249999999996,0.1414
1990-07-01 17:00:00+00:00,0.331905,0.1533
1990-07-01 18:00:00+00:00,0.192255,0.09384999999999999
1990-07-01 19:00:00+00:00,0.18836999999999998,0.0921
1990-07-01 20:00:00+00:00,0.17708249999999998,0.08705
1990-07-01 21:00:00+00:00,0.166215,0.0822
1990-07-01 22:00:00+00:00,0.12752249999999998,0.0649
1990-07-01 23:00:00+00:00,0.099435,0.0523
1990-07-02 00:00:00+00:00,0.09271499999999999,0.0493
1990-07-02 01:00:00+00:00,0.091875,0.04895
1990-07-02 02:00:00+00:00,0.09344999999999999,0.04965
1990-07-02 03:00:00+00:00,0.09659999999999999,0.05105
1990-07-02 04:00:00+00:00,0.1100925,0.0571
1990-07-02 05:00:00+00:00,0.14195999999999998,0.07135
1990-07-02 06:00:00+00:00,0.16022999999999998,0.0795
1990-07-02 07:00:00+00:00,0.16957499999999998,0.0837
1990-07-02 08:00:00+00:00,0.16815750000000002,0.08305
1990-07-02 09:00:00+00:00,0.165165,0.08175
1990-07-02 10:00:00+00:00,0.17073,0.0842
1990-07-02 11:00:00+00:00,0.16495500000000002,0.08165
1990-07-02 12:00:00+00:00,0.16747499999999998,0.08275
1990-07-02 13:00:00+00:00,0.155505,0.0774
1990-07-02 14:00:00+00:00,0.15855,0.07875000000000001
1990-07-02 15:00:00+00:00,0.32366249999999996,0.1496
1990-07-02 16:00:00+00:00,0.34125,0.15744999999999998
1990-07-02 17:00:00+00:00,0.35700000000000004,0.16449999999999998
1990-07-02 18:00:00+00:00,0.2037,0.09899999999999999
1990-07-02 19:00:00+00:00,0.19635,0.09570000000000001
1990-07-02 20:00:00+00:00,0.186795,0.09145
1990-07-02 21:00:00+00:00,0.1575,0.07830000000000001
1990-07-02 22:00:00+00:00,0.175665,0.08645
1990-07-02 23:00:00+00:00,0.1737225,0.08555
1990-07-03 00:00:00+00:00,0.13755,0.0694
1990-07-03 01:00:00+00:00,0.118965,0.06105
1990-07-03 02:00:00+00:00,0.10289999999999999,0.05385
1990-07-03 03:00:00+00:00,0.09885750000000001,0.05205
1990-07-03 04:00:00+00:00,0.12495,0.06375
1990-07-03 05:00:00+00:00,0.16978500000000002,0.0838
1990-07-03 06:00:00+00:00,0.18837000000000004,0.0921
1990-07-03 07:00:00+00:00,0.19068000000000002,0.09315000000000001
1990-07-03 08:00:00+00:00,0.176925,0.08695
1990-07-03 09:00:00+00:00,0.16012500000000002,0.07944999999999999
1990-07-03 10:00:00+00:00,0.1512,0.07544999999999999
1990-07-03 11:00:00+00:00,0.139125,0.07005
1990-07-03 12:00:00+00:00,0.13482,0.06815
1990-07-03 13:00:00+00:00,0.12075,0.06185
1990-07-03 14:00:00+00:00,0.1126125,0.0582
1990-07-03 15:00:00+00:00,0.294,0.1363
1990-07-03 16:00:00+00:00,0.30754499999999996,0.1424
1990-07-03 17:00:00+00:00,0.310695,0.14375
1990-07-03 18:00:00+00:00,0.1617,0.0802
1990-07-03 19:00:00+00:00,0.13755,0.06935
1990-07-03 20:00:00+00:00,0.104475,0.0546
1990-07-03 21:00:00+00:00,0.05113500000000001,0.030700000000000005
1990-07-03 22:00:00+00:00,0.0300825,0.021249999999999998
1990-07-03 23:00:00+00:00,0.01302,0.013600000000000001
1990-07-04 00:00:00+00:00,-0.0048825,0.0056
1990-07-04 01:00:00+00:00,-0.0006825000000000001,0.00745
1990-07-04 02:00:00+00:00,-0.0021,0.0069
1990-07-04 03:00:00+00:00,0.0063,0.0106
1990-07-04 04:00:00+00:00,0.00693,0.0109
1990-07-04 05:00:00+00:00,0.0418425,0.026500000000000003
1990-07-04 06:00:00+00:00,0.05481,0.032350000000000004
1990-07-04 07:00:00+00:00,0.02058,0.016999999999999998
1990-07-04 08:00:00+00:00,0.002415000000000001,0.00885
1990-07-04 09:00:00+00:00,-0.008767500000000001,0.0039000000000000003
1990-07-04 10:00:00+00:00,-0.008715,0.0039000000000000003
1990-07-04 11:00:00+00:00,-0.014700000000000001,0.00155
1990-07-04 12:00:00+00:00,-0.020265,0.0
1990-07-04 13:00:00+00:00,-0.01785,0.0006
1990-07-04 14:00:00+00:00,-0.013230000000000002,0.00245
1990-07-04 15:00:00+00:00,0.130935,0.0633
1990-07-04 16:00:00+00:00,0.16988999999999999,0.08075
1990-07-04 17:00:00+00:00,0.21220500000000003,0.09970000000000001
1990-07-04 18:00:00+00:00,0.08463000000000001,0.045649999999999996
1990-07-04 19:00:00+00:00,0.09534,0.0505
1990-07-04 20:00:00+00:00,0.083895,0.04535
1990-07-04 21:00:00+00:00,0.07329,0.0406
1990-07-04 22:00:00+00:00,0.00966,0.012350000000000002
1990-07-04 23:00:00+00:00,-0.004409999999999999,0.0060999999999999995
1990-07-05 00:00:00+00:00,0.011130000000000001,0.012750000000000001
1990-07-05 01:00:00+00:00,0.012074999999999999,0.0132
1990-07-05 02:00:00+00:00,0.01806,0.015899999999999997
1990-07-05 03:00:00+00:00,0.016695,0.01525
1990-07-05 04:00:00+00:00,0.0027825000000000003,0.00905
1990-07-05 05:00:00+00:00,0.0798,0.0435
1990-07-05 06:00:00+00:00,0.087675,0.04705
1990-07-05 07:00:00+00:00,0.14489999999999997,0.07264999999999999
1990-07-05 08:00:00+00:00,0.15519,0.07730000000000001
1990-07-05 09:00:00+00:00,0.1617,0.0802
1990-07-05 10:00:00+00:00,0.15099,0.0754
1990-07-05 11:00:00+00:00,0.17808,0.0875
1990-07-05 12:00:00+00:00,0.17682,0.08695
1990-07-05 13:00:00+00:00,0.16747499999999998,0.08275
1990-07-05 14:00:00+00:00,0.16128,0.08000000000000002
1990-07-05 15:00:00+00:00,0.32655,0.15085
1990-07-05 16:00:00+00:00,0.34818,0.16060000000000002
1990-07-05 17:00:00+00:00,0.34482,0.15905
1990-07-05 18:00:00+00:00,0.20380500000000001,0.09905
1990-07-05 19:00:00+00:00,0.19635,0.09565
1990-07-05 20:00:00+00:00,0.18816,0.092
1990-07-05 21:00:00+00:00,0.16232999999999997,0.08045
1990-07-05 22:00:00+00:00,0.17535,0.08625
1990-07-05 23:00:00+00:00,0.1575,0.0783
1990-07-06 00:00:00+00:00,0.17115,0.0844
1990-07-06 01:00:00+00:00,0.1344,0.06795
1990-07-06 02:00:00+00:00,0.08085,0.04395
1990-07-06 03:00:00+00:00,0.073395,0.04065
1990-07-06 04:00:00+00:00,0.08505,0.04585
1990-07-06 05:00:00+00:00,0.132405,0.06709999999999999
1990-07-06 06:00:00+00:00,0.14616,0.0732
1990-07-06 07:00:00+00:00,0.16495500000000002,0.08165
1990-07-06 08:00:00+00:00,0.140175,0.07055
1990-07-06 09:00:00+00:00,0.08925,0.04775
1990-07-06 10:00:00+00:00,0.041685,0.02645
1990-07-06 11:00:00+00:00,-0.0009449999999999999,0.0074
1990-07-06 12:00:00+00:00,-0.016905,0.00105
1990-07-06 13:00:00+00:00,-0.0371175,0.0
1990-07-06 14:00:00+00:00,-0.025095,0.0
1990-07-06 15:00:00+00:00,0.12243,0.0595
1990-07-06 16:00:00+00:00,0.15078000000000003,0.0722
1990-07-06 17:00:00+00:00,0.20181000000000002,0.095
1990-07-06 18:00:00+00:00,0.13146000000000002,0.06665
1990-07-06 19:00:00+00:00,0.150255,0.07505
1990-07-06 20:00:00+00:00,0.15813,0.0786
1990-07-06 21:00:00+00:00,0.15162,0.07565
1990-07-06 22:00:00+00:00,0.10394999999999999,0.05435
1990-07-06 23:00:00+00:00,0.0759675,0.041800000000000004
1990-07-07 00:00:00+00:00,0.07433999999999999,0.0411
1990-07-07 01:00:00+00:00,0.0672,0.0379
1990-07-07 02:00:00+00:00,0.0483,0.029400000000000003
1990-07-07 03:00:00+00:00,0.060899999999999996,0.03505
1990-07-07 04:00:00+00:00,0.060899999999999996,0.03505
1990-07-07 05:00:00+00:00,0.0831075,0.045
1990-07-07 06:00:00+00:00,0.107625,0.055999999999999994
1990-07-07 07:00:00+00:00,0.118125,0.060700000000000004
1990-07-07 08:00:00+00:00,0.1659,0.08205
1990-07-07 09:00:00+00:00,0.18301499999999998,0.08975
1990-07-07 10:00:00+00:00,0.175035,0.08615
1990-07-07 11:00:00+00:00,0.17955,0.08815
1990-07-07 12:00:00+00:00,0.164955,0.08165
1990-07-07 13:00:00+00:00,0.12285,0.0628
1990-07-07 14:00:00+00:00,0.13649999999999998,0.0689
1990-07-07 15:00:00+00:00,0.29862,0.13835
1990-07-07 16:00:00+00:00,0.30744,0.14229999999999998
1990-07-07 17:00:00+00:00,0.31384500000000004,0.1452
1990-07-07 18:00:00+00:00,0.196245,0.09565000000000001
1990-07-07 19:00:00+00:00,0.193515,0.09444999999999999
1990-07-07 20:00:00+00:00,0.192255,0.09385
1990-07-07 21:00:00+00:00,0.17745,0.08725
1990-07-07 22:00:00+00:00,0.15235500000000002,0.076
1990-07-07 23:00:00+00:00,0.150675,0.07525
1990-07-08 00:00:00+00:00,0.14532,0.07285
1990-07-08 01:00:00+00:00,0.14385,0.0722
1990-07-08 02:00:00+00:00,0.144165,0.07235
1990-07-08 03:00:00+00:00,0.140175,0.07055
1990-07-08 04:00:00+00:00,0.15875999999999998,0.0789
1990-07-08 05:00:00+00:00,0.177975,0.0875
1990-07-08 06:00:00+00:00,0.18732000000000001,0.09165000000000001
1990-07-08 07:00:00+00:00,0.18186000000000002,0.0892
1990-07-08 08:00:00+00:00,0.16395749999999998,0.0812
1990-07-08 09:00:00+00:00,0.148995,0.0745
1990-07-08 10:00:00+00:00,0.167265,0.08265
1990-07-08 11:00:00+00:00,0.173985,0.0857
1990-07-08 12:00:00+00:00,0.16201500000000002,0.08030000000000001
1990-07-08 13:00:00+00:00,0.150885,0.07535
1990-07-08 14:00:00+00:00,0.1523025,0.07594999999999999
1990-07-08 15:00:00+00:00,0.31079999999999997,0.14385
1990-07-08 16:00:00+00:00,0.346185,0.15965000000000001
1990-07-08 17:00:00+00:00,0.36014999999999997,0.1659
1990-07-08 18:00:00+00:00,0.23472749999999998,0.11285
1990-07-08 19:00:00+00:00,0.2163,0.1046
1990-07-08 20:00:00+00:00,0.195825,0.09545000000000001
1990-07-08 21:00:00+00:00,0.161175,0.07995
1990-07-08 22:00:00+00:00,0.16821,0.08310000000000001
1990-07-08 23:00:00+00:00,0.16968,0.08374999999999999
1990-07-09 00:00:00+00:00,0.1525125,0.07605
1990-07-09 01:00:00+00:00,0.14952,0.0747
1990-07-09 02:00:00+00:00,0.13881,0.06995
1990-07-09 03:00:00+00:00,0.109305,0.05675000000000001
1990-07-09 04:00:00+00:00,0.10757249999999999,0.05595
1990-07-09 05:00:00+00:00,0.12999,0.066
1990-07-09 06:00:00+00:00,0.151305,0.07555
1990-07-09 07:00:00+00:00,0.14489999999999997,0.07264999999999999
1990-07-09 08:00:00+00:00,0.15886499999999998,0.0789
1990-07-09 09:00:00+00:00,0.15666000000000002,0.07794999999999999
1990-07-09 10:00:00+00:00,0.163275,0.0809
1990-07-09 11:00:00+00:00,0.173565,0.08549999999999999
1990-07-09 12:00:00+00:00,0.16579500000000003,0.082
1990-07-09 13:00:00+00:00,0.15855000000000002,0.07880000000000001
1990-07-09 14:00:00+00:00,0.14867999999999998,0.07435
1990-07-09 15:00:00+00:00,0.29904,0.13855
1990-07-09 16:00:00+00:00,0.32592,0.1506
1990-07-09 17:00:00+00:00,0.332115,0.15335
1990-07-09 18:00:00+00:00,0.19572,0.09545000000000001
1990-07-09 19:00:00+00:00,0.1822275,0.08935
1990-07-09 20:00:00+00:00,0.15802500000000003,0.0785
1990-07-09 21:00:00+00:00,0.146475,0.07335
1990-07-09 22:00:00+00:00,0.1491,0.0745
1990-07-09 23:00:00+00:00,0.125685,0.06405
1990-07-10 00:00:00+00:00,0.1071,0.05575
1990-07-10 01:00:00+00:00,0.10332,0.05405
1990-07-10 02:00:00+00:00,0.09344999999999999,0.04965
1990-07-10 03:00:00+00:00,0.09744,0.051449999999999996
1990-07-10 04:00:00+00:00,0.1113,0.0576
1990-07-10 05:00:00+00:00,0.133035,0.06735
1990-07-10 06:00:00+00:00,0.17241,0.08495
1990-07-10 07:00:00+00:00,0.18102,0.0888
1990-07-10 08:00:00+00:00,0.183435,0.0899
1990-07-10 09:00:00+00:00,0.1486275,0.07435
1990-07-10 10:00:00+00:00,0.14384999999999998,0.0722
1990-07-10 11:00:00+00:00,0.132825,0.06725
1990-07-10 12:00:00+00:00,0.1071,0.055749999999999994
1990-07-10 13:00:00+00:00,0.09912,0.05215
1990-07-10 14:00:00+00:00,0.10647,0.055499999999999994
1990-07-10 15:00:00+00:00,0.2833425,0.13155
1990-07-10 16:00:00+00:00,0.28937999999999997,0.13419999999999999
1990-07-10 17:00:00+00:00,0.31289999999999996,0.14475
1990-07-10 18:00:00+00:00,0.17844750000000004,0.08765
1990-07-10 19:00:00+00:00,0.1756125,0.0864
1990-07-10 20:00:00+00:00,0.1848,0.09050000000000001
1990-07-10 21:00:00+00:00,0.16737,0.08274999999999999
1990-07-10 22:00:00+00:00,0.16558499999999998,0.0819
1990-07-10 23:00:00+00:00,0.13944,0.0702
1990-07-11 00:00:00+00:00,0.13450499999999999,0.068
1990-07-11 01:00:00+00:00,0.13555499999999998,0.0685
1990-07-11 02:00:00+00:00,0.1299375,0.06595000000000001
1990-07-11 03:00:00+00:00,0.13492500000000002,0.06820000000000001
1990-07-11 04:00:00+00:00,0.1377075,0.06945000000000001
1990-07-11 05:00:00+00:00,0.16280250000000002,0.0807
1990-07-11 06:00:00+00:00,0.17618999999999999,0.08665
1990-07-11 07:00:00+00:00,0.16443,0.0814
1990-07-11 08:00:00+00:00,0.156135,0.07769999999999999
1990-07-11 09:00:00+00:00,0.13450499999999999,0.068
1990-07-11 10:00:00+00:00,0.15057,0.07519999999999999
1990-07-11 11:00:00+00:00,0.14489999999999997,0.07264999999999999
1990-07-11 12:00:00+00:00,0.1295175,0.0658
1990-07-11 13:00:00+00:00,0.13061999999999999,0.0663
1990-07-11 14:00:00+00:00,0.13083,0.06635
1990-07-11 15:00:00+00:00,0.28245,0.13115
1990-07-11 16:00:00+00:00,0.303555,0.1406
1990-07-11 17:00:00+00:00,0.3359475,0.1551
1990-07-11 18:00:00+00:00,0.19635,0.09570000000000001
1990-07-11 19:00:00+00:00,0.19797750000000003,0.0964
1990-07-11 20:00:00+00:00,0.1935675,0.09445
1990-07-11 21:00:00+00:00,0.16821,0.0831
1990-07-11 22:00:00+00:00,0.15965249999999997,0.07924999999999999
1990-07-11 23:00:00+00:00,0.1553475,0.07735
1990-07-12 00:00:00+00:00,0.15393,0.07669999999999999
1990-07-12 01:00:00+00:00,0.14448,0.07245
1990-07-12 02:00:00+00:00,0.135765,0.0686
1990-07-12 03:00:00+00:00,0.13692,0.0691
1990-07-12 04:00:00+00:00,0.13545000000000001,0.06845000000000001
1990-07-12 05:00:00+00:00,0.147315,0.07375000000000001
1990-07-12 06:00:00+00:00,0.16873500000000002,0.0833
1990-07-12 07:00:00+00:00,0.17818499999999998,0.0876
1990-07-12 08:00:00+00:00,0.17304,0.08530000000000001
1990-07-12 09:00:00+00:00,0.1676325,0.08285000000000001
1990-07-12 10:00:00+00:00,0.163275,0.0809
1990-07-12 11:00:00+00:00,0.153195,0.0764
1990-07-12 12:00:00+00:00,0.13545000000000001,0.06845
1990-07-12 13:00:00+00:00,0.1313025,0.06659999999999999
1990-07-12 14:00:00+00:00,0.13019999999999998,0.0661
1990-07-12 15:00:00+00:00,0.27678,0.1286
1990-07-12 16:00:00+00:00,0.30345,0.1405
1990-07-12 17:00:00+00:00,0.314265,0.14535
1990-07-12 18:00:00+00:00,0.16863,0.08325
1990-07-12 19:00:00+00:00,0.17009999999999997,0.08395
1990-07-12 20:00:00+00:00,0.16337999999999997,0.08095000000000001
1990-07-12 21:00:00+00:00,0.14658,0.07339999999999999
1990-07-12 22:00:00+00:00,0.16548000000000002,0.08184999999999999
1990-07-12 23:00:00+00:00,0.1638,0.0811
1990-07-13 00:00:00+00:00,0.14710499999999999,0.07365
1990-07-13 01:00:00+00:00,0.12789,0.06505
1990-07-13 02:00:00+00:00,0.11865,0.060899999999999996
1990-07-13 03:00:00+00:00,0.12085499999999999,0.0619
1990-07-13 04:00:00+00:00,0.12179999999999999,0.062299999999999994
1990-07-13 05:00:00+00:00,0.12363750000000001,0.06315
1990-07-13 06:00:00+00:00,0.143955,0.07225
1990-07-13 07:00:00+00:00,0.1533,0.0764
1990-07-13 08:00:00+00:00,0.15644999999999998,0.07785
1990-07-13 09:00:00+00:00,0.167265,0.08265
1990-07-13 10:00:00+00:00,0.1701,0.08395
1990-07-13 11:00:00+00:00,0.16842,0.0832
1990-07-13 12:00:00+00:00,0.13587,0.0686
1990-07-13 13:00:00+00:00,0.1321425,0.06695
1990-07-13 14:00:00+00:00,0.12852,0.06534999999999999
1990-07-13 15:00:00+00:00,0.27751499999999996,0.12890000000000001
1990-07-13 16:00:00+00:00,0.30271499999999996,0.1402
1990-07-13 17:00:00+00:00,0.31920000000000004,0.14755000000000001
1990-07-13 18:00:00+00:00,0.18018,0.08845
1990-07-13 19:00:00+00:00,0.179025,0.08795
1990-07-13 20:00:00+00:00,0.157395,0.07825000000000001
1990-07-13 21:00:00+00:00,0.13240500000000002,0.06705
1990-07-13 22:00:00+00:00,0.154455,0.07694999999999999
1990-07-13 23:00:00+00:00,0.12484499999999998,0.0637
1990-07-14 00:00:00+00:00,0.11172000000000001,0.057800000000000004
1990-07-14 01:00:00+00:00,0.07665,0.0421
1990-07-14 02:00:00+00:00,0.0641025,0.036449999999999996
1990-07-14 03:00:00+00:00,0.0672,0.0379
1990-07-14 04:00:00+00:00,0.05964,0.0345
1990-07-14 05:00:00+00:00,0.04914,0.0298
1990-07-14 06:00:00+00:00,0.056804999999999994,0.03325
1990-07-14 07:00:00+00:00,0.09723,0.0513
1990-07-14 08:00:00+00:00,0.0985425,0.05195
1990-07-14 09:00:00+00:00,0.12285,0.0628
1990-07-14 10:00:00+00:00,0.131145,0.0665
1990-07-14 11:00:00+00:00,0.150675,0.07525
1990-07-14 12:00:00+00:00,0.15539999999999998,0.0774
1990-07-14 13:00:00+00:00,0.1491,0.0745
1990-07-14 14:00:00+00:00,0.1491,0.07455
1990-07-14 15:00:00+00:00,0.29074500000000003,0.13485
1990-07-14 16:00:00+00:00,0.29347500000000004,0.1361
1990-07-14 17:00:00+00:00,0.315525,0.14595
1990-07-14 18:00:00+00:00,0.175035,0.08615
1990-07-14 19:00:00+00:00,0.16695000000000002,0.08249999999999999
1990-07-14 20:00:00+00:00,0.1743,0.0858
1990-07-14 21:00:00+00:00,0.13944,0.0702
1990-07-14 22:00:00+00:00,0.16254000000000002,0.08055000000000001
1990-07-14 23:00:00+00:00,0.1395975,0.0703
1990-07-15 00:00:00+00:00,0.13208999999999999,0.0669
1990-07-15 01:00:00+00:00,0.14532,0.07285
1990-07-15 02:00:00+00:00,0.13146,0.06665
1990-07-15 03:00:00+00:00,0.132195,0.067
1990-07-15 04:00:00+00:00,0.13818,0.06965
1990-07-15 05:00:00+00:00,0.158865,0.0789
1990-07-15 06:00:00+00:00,0.144795,0.0726
1990-07-15 07:00:00+00:00,0.15298499999999998,0.07625
1990-07-15 08:00:00+00:00,0.154035,0.07675
1990-07-15 09:00:00+00:00,0.16369499999999998,0.08105000000000001
1990-07-15 10:00:00+00:00,0.16821,0.0831
1990-07-15 11:00:00+00:00,0.17850000000000002,0.0877
1990-07-15 12:00:00+00:00,0.17955,0.0882
1990-07-15 13:00:00+00:00,0.158235,0.07865
1990-07-15 14:00:00+00:00,0.14553,0.07295
1990-07-15 15:00:00+00:00,0.29988000000000004,0.13895
1990-07-15 16:00:00+00:00,0.344295,0.1588
1990-07-15 17:00:00+00:00,0.35028000000000004,0.16144999999999998
1990-07-15 18:00:00+00:00,0.20527499999999999,0.0997
1990-07-15 19:00:00+00:00,0.1995,0.09709999999999999
1990-07-15 20:00:00+00:00,0.17440499999999998,0.08585000000000001
1990-07-15 21:00:00+00:00,0.15487499999999998,0.07715
1990-07-15 22:00:00+00:00,0.15393,0.07669999999999999
1990-07-15 23:00:00+00:00,0.14553,0.07295
1990-07-16 00:00:00+00:00,0.131775,0.0668
1990-07-16 01:00:00+00:00,0.11886,0.061
1990-07-16 02:00:00+00:00,0.1155,0.059500000000000004
1990-07-16 03:00:00+00:00,0.11487,0.059250000000000004
1990-07-16 04:00:00+00:00,0.12284999999999999,0.06275
1990-07-16 05:00:00+00:00,0.14322000000000001,0.07189999999999999
1990-07-16 06:00:00+00:00,0.14789249999999998,0.07400000000000001
1990-07-16 07:00:00+00:00,0.175035,0.08615
1990-07-16 08:00:00+00:00,0.175875,0.08654999999999999
1990-07-16 09:00:00+00:00,0.173145,0.0853
1990-07-16 10:00:00+00:00,0.15539999999999998,0.07735
1990-07-16 11:00:00+00:00,0.13734,0.0693
1990-07-16 12:00:00+00:00,0.129465,0.06575
1990-07-16 13:00:00+00:00,0.12830999999999998,0.06525
1990-07-16 14:00:00+00:00,0.1346625,0.0681
1990-07-16 15:00:00+00:00,0.280875,0.13045
1990-07-16 16:00:00+00:00,0.289695,0.13440000000000002
1990-07-16 17:00:00+00:00,0.311955,0.14434999999999998
1990-07-16 18:00:00+00:00,0.193725,0.0945
1990-07-16 19:00:00+00:00,0.19340999999999997,0.09435
1990-07-16 20:00:00+00:00,0.1912575,0.09340000000000001
1990-07-16 21:00:00+00:00,0.165165,0.08170000000000001
1990-07-16 22:00:00+00:00,0.18606,0.09104999999999999
1990-07-16 23:00:00+00:00,0.16107,0.0799
1990-07-17 00:00:00+00:00,0.14836500000000002,0.0742
1990-07-17 01:00:00+00:00,0.148995,0.07445
1990-07-17 02:00:00+00:00,0.14595,0.07314999999999999
1990-07-17 03:00:00+00:00,0.1449,0.0727
1990-07-17 04:00:00+00:00,0.1449,0.0727
1990-07-17 05:00:00+00:00,0.17745,0.08725
1990-07-17 06:00:00+00:00,0.18606,0.09109999999999999
1990-07-17 07:00:00+00:00,0.17514,0.0862
1990-07-17 08:00:00+00:00,0.156135,0.07769999999999999
1990-07-17 09:00:00+00:00,0.1410675,0.07089999999999999
1990-07-17 10:00:00+00:00,0.13208999999999999,0.0669
1990-07-17 11:00:00+00:00,0.13229999999999997,0.067
1990-07-17 12:00:00+00:00,0.133455,0.06755
1990-07-17 13:00:00+00:00,0.13377,0.06770000000000001
1990-07-17 14:00:00+00:00,0.1356075,0.0685
1990-07-17 15:00:00+00:00,0.28297500000000003,0.13135
1990-07-17 16:00:00+00:00,0.30156,0.1397
1990-07-17 17:00:00+00:00,0.33894,0.15639999999999998
1990-07-17 18:00:00+00:00,0.2241225,0.1081
1990-07-17 19:00:00+00:00,0.222075,0.1072
1990-07-17 20:00:00+00:00,0.188055,0.09195
1990-07-17 21:00:00+00:00,0.164325,0.0814
1990-07-17 22:00:00+00:00,0.15918,0.07905000000000001
1990-07-17 23:00:00+00:00,0.1384425,0.0698
1990-07-18 00:00:00+00:00,0.1308825,0.0664
1990-07-18 01:00:00+00:00,0.1310925,0.0665
1990-07-18 02:00:00+00:00,0.13125,0.0666
1990-07-18 03:00:00+00:00,0.13608,0.06870000000000001
1990-07-18 04:00:00+00:00,0.14175,0.07125000000000001
1990-07-18 05:00:00+00:00,0.17304,0.08524999999999999
1990-07-18 06:00:00+00:00,0.16464,0.08149999999999999
1990-07-18 07:00:00+00:00,0.15645,0.0778
1990-07-18 08:00:00+00:00,0.14994,0.07494999999999999
1990-07-18 09:00:00+00:00,0.14175,0.07125000000000001
1990-07-18 10:00:00+00:00,0.13072499999999998,0.0663
1990-07-18 11:00:00+00:00,0.13902,0.07
1990-07-18 12:00:00+00:00,0.13944,0.0702
1990-07-18 13:00:00+00:00,0.143115,0.07185
1990-07-18 14:00:00+00:00,0.138915,0.06995
1990-07-18 15:00:00+00:00,0.28559999999999997,0.1325
1990-07-18 16:00:00+00:00,0.301875,0.13979999999999998
1990-07-18 17:00:00+00:00,0.336525,0.15535
1990-07-18 18:00:00+00:00,0.22165500000000002,0.107
1990-07-18 19:00:00+00:00,0.22291500000000003,0.10754999999999999
1990-07-18 20:00:00+00:00,0.2148825,0.10400000000000001
1990-07-18 21:00:00+00:00,0.18049500000000002,0.08860000000000001
1990-07-18 22:00:00+00:00,0.1617525,0.0802
1990-07-18 23:00:00+00:00,0.15183000000000002,0.0758
1990-07-19 00:00:00+00:00,0.145005,0.0727
1990-07-19 01:00:00+00:00,0.144165,0.07235
1990-07-19 02:00:00+00:00,0.136395,0.06885
1990-07-19 03:00:00+00:00,0.13881,0.06995
1990-07-19 04:00:00+00:00,0.13629,0.0688
1990-07-19 05:00:00+00:00,0.17088750000000003,0.0843
1990-07-19 06:00:00+00:00,0.193305,0.0943
1990-07-19 07:00:00+00:00,0.19309500000000002,0.09425
1990-07-19 08:00:00+00:00,0.15939,0.07915
1990-07-19 09:00:00+00:00,0.142485,0.0716
1990-07-19 10:00:00+00:00,0.146475,0.07339999999999999
1990-07-19 11:00:00+00:00,0.13314,0.06739999999999999
1990-07-19 12:00:00+00:00,0.12447749999999999,0.06355
1990-07-19 13:00:00+00:00,0.11549999999999999,0.059500000000000004
1990-07-19 14:00:00+00:00,0.11949000000000001,0.0613
1990-07-19 15:00:00+00:00,0.295365,0.13685
1990-07-19 16:00:00+00:00,0.29415749999999996,0.13640000000000002
1990-07-19 17:00:00+00:00,0.32004,0.14795
1990-07-19 18:00:00+00:00,0.1995,0.09709999999999999
1990-07-19 19:00:00+00:00,0.20359499999999997,0.09895000000000001
1990-07-19 20:00:00+00:00,0.182805,0.08965000000000001
1990-07-19 21:00:00+00:00,0.15981,0.0793
1990-07-19 22:00:00+00:00,0.1581825,0.0786
1990-07-19 23:00:00+00:00,0.13581749999999998,0.0686
1990-07-20 00:00:00+00:00,0.13335,0.06745000000000001
1990-07-20 01:00:00+00:00,0.1330875,0.06739999999999999
1990-07-20 02:00:00+00:00,0.146265,0.07325000000000001
1990-07-20 03:00:00+00:00,0.1418025,0.0713
1990-07-20 04:00:00+00:00,0.13188,0.06684999999999999
1990-07-20 05:00:00+00:00,0.1365,0.0689
1990-07-20 06:00:00+00:00,0.13755,0.06935
1990-07-20 07:00:00+00:00,0.13985999999999998,0.0704
1990-07-20 08:00:00+00:00,0.16422,0.0813
1990-07-20 09:00:00+00:00,0.16065000000000002,0.0797
1990-07-20 10:00:00+00:00,0.16610999999999998,0.08215
1990-07-20 11:00:00+00:00,0.17387999999999998,0.08565
1990-07-20 12:00:00+00:00,0.15487499999999998,0.07715
1990-07-20 13:00:00+00:00,0.14411249999999998,0.0723
1990-07-20 14:00:00+00:00,0.148365,0.0742
1990-07-20 15:00:00+00:00,0.3045,0.14100000000000001
1990-07-20 16:00:00+00:00,0.31227,0.14445
1990-07-20 17:00:00+00:00,0.336,0.1551
1990-07-20 18:00:00+00:00,0.195195,0.09515
1990-07-20 19:00:00+00:00,0.184275,0.0903
1990-07-20 20:00:00+00:00,0.17041499999999998,0.08410000000000001
1990-07-20 21:00:00+00:00,0.1544025,0.0769
1990-07-20 22:00:00+00:00,0.14279999999999998,0.0717
1990-07-20 23:00:00+00:00,0.14384999999999998,0.0722
1990-07-21 00:00:00+00:00,0.119595,0.06130000000000001
1990-07-21 01:00:00+00:00,0.111615,0.057749999999999996
1990-07-21 02:00:00+00:00,0.112035,0.05795
1990-07-21 03:00:00+00:00,0.12054,0.06175
1990-07-21 04:00:00+00:00,0.13235249999999998,0.06705
1990-07-21 05:00:00+00:00,0.13177499999999998,0.0668
1990-07-21 06:00:00+00:00,0.13786500000000002,0.06949999999999999
1990-07-21 07:00:00+00:00,0.12768000000000002,0.06495
1990-07-21 08:00:00+00:00,0.14700000000000002,0.0736
1990-07-21 09:00:00+00:00,0.15046500000000002,0.0752
1990-07-21 10:00:00+00:00,0.145005,0.0727
1990-07-21 11:00:00+00:00,0.16968,0.08374999999999999
1990-07-21 12:00:00+00:00,0.14941500000000002,0.07465
1990-07-21 13:00:00+00:00,0.12389999999999998,0.06325
1990-07-21 14:00:00+00:00,0.10605,0.0553
1990-07-21 15:00:00+00:00,0.2772,0.1288
1990-07-21 16:00:00+00:00,0.28775249999999997,0.13355
1990-07-21 17:00:00+00:00,0.32098499999999996,0.14835
1990-07-21 18:00:00+00:00,0.18973500000000001,0.0927
1990-07-21 19:00:00+00:00,0.1898925,0.0928
1990-07-21 20:00:00+00:00,0.186375,0.0912
1990-07-21 21:00:00+00:00,0.16695,0.0825
1990-07-21 22:00:00+00:00,0.1743,0.0858
1990-07-21 23:00:00+00:00,0.161595,0.08015
1990-07-22 00:00:00+00:00,0.14049,0.07065
1990-07-22 01:00:00+00:00,0.13009500000000002,0.06605
1990-07-22 02:00:00+00:00,0.126,0.0642
1990-07-22 03:00:00+00:00,0.126,0.0642
1990-07-22 04:00:00+00:00,0.13608,0.06870000000000001
1990-07-22 05:00:00+00:00,0.17241,0.08495
1990-07-22 06:00:00+00:00,0.17451,0.0859
1990-07-22 07:00:00+00:00,0.18275249999999998,0.0896
1990-07-22 08:00:00+00:00,0.17829,0.0876
1990-07-22 09:00:00+00:00,0.15897,0.079
1990-07-22 10:00:00+00:00,0.15697499999999998,0.0781
1990-07-22 11:00:00+00:00,0.12999,0.066
1990-07-22 12:00:00+00:00,0.13019999999999998,0.06605
1990-07-22 13:00:00+00:00,0.11004,0.057050000000000003
1990-07-22 14:00:00+00:00,0.11549999999999999,0.0595
1990-07-22 15:00:00+00:00,0.2751,0.12785
1990-07-22 16:00:00+00:00,0.2898,0.13445000000000001
1990-07-22 17:00:00+00:00,0.3066,0.14195000000000002
1990-07-22 18:00:00+00:00,0.183645,0.09
1990-07-22 19:00:00+00:00,0.191835,0.0937
1990-07-22 20:00:00+00:00,0.188475,0.09215
1990-07-22 21:00:00+00:00,0.14815499999999998,0.07415
1990-07-22 22:00:00+00:00,0.156975,0.07805000000000001
1990-07-22 23:00:00+00:00,0.14521499999999998,0.0728
1990-07-23 00:00:00+00:00,0.1523025,0.076
1990-07-23 01:00:00+00:00,0.13356,0.0676
1990-07-23 02:00:00+00:00,0.126,0.0642
1990-07-23 03:00:00+00:00,0.14909999999999998,0.07455
1990-07-23 04:00:00+00:00,0.154665,0.077
1990-07-23 05:00:00+00:00,0.17472,0.08600000000000001
1990-07-23 06:00:00+00:00,0.1954575,0.0953
1990-07-23 07:00:00+00:00,0.18963,0.09265
1990-07-23 08:00:00+00:00,0.1836975,0.09004999999999999
1990-07-23 09:00:00+00:00,0.16495500000000002,0.08165
1990-07-23 10:00:00+00:00,0.1527225,0.07615
1990-07-23 11:00:00+00:00,0.135135,0.0683
1990-07-23 12:00:00+00:00,0.1281,0.06515
1990-07-23 13:00:00+00:00,0.12295500000000001,0.06285
1990-07-23 14:00:00+00:00,0.126,0.0642
1990-07-23 15:00:00+00:00,0.281295,0.1306
1990-07-23 16:00:00+00:00,0.295365,0.13695000000000002
1990-07-23 17:00:00+00:00,0.32655,0.1509
1990-07-23 18:00:00+00:00,0.19698,0.096
1990-07-23 19:00:00+00:00,0.1887375,0.0923
1990-07-23 20:00:00+00:00,0.1894725,0.09265000000000001
1990-07-23 21:00:00+00:00,0.163275,0.0809
1990-07-23 22:00:00+00:00,0.18774,0.09184999999999999
1990-07-23 23:00:00+00:00,0.1638,0.0811
1990-07-24 00:00:00+00:00,0.140175,0.07055
1990-07-24 01:00:00+00:00,0.129885,0.06595000000000001
1990-07-24 02:00:00+00:00,0.12957000000000002,0.0658
1990-07-24 03:00:00+00:00,0.129675,0.06584999999999999
1990-07-24 04:00:00+00:00,0.13303500000000001,0.06735
1990-07-24 05:00:00+00:00,0.15183,0.07575000000000001
1990-07-24 06:00:00+00:00,0.177975,0.08745
1990-07-24 07:00:00+00:00,0.190575,0.09309999999999999
1990-07-24 08:00:00+00:00,0.18165,0.08915000000000001
1990-07-24 09:00:00+00:00,0.16359,0.08105000000000001
1990-07-24 10:00:00+00:00,0.15823500000000001,0.07865
1990-07-24 11:00:00+00:00,0.15393,0.07675
1990-07-24 12:00:00+00:00,0.143745,0.07214999999999999
1990-07-24 13:00:00+00:00,0.134715,0.0681
1990-07-24 14:00:00+00:00,0.12957,0.0658
1990-07-24 15:00:00+00:00,0.2786175,0.12940000000000002
1990-07-24 16:00:00+00:00,0.28308,0.1314
1990-07-24 17:00:00+00:00,0.31289999999999996,0.14475
1990-07-24 18:00:00+00:00,0.183225,0.0898
1990-07-24 19:00:00+00:00,0.1764,0.08675
1990-07-24 20:00:00+00:00,0.17157,0.08460000000000001
1990-07-24 21:00:00+00:00,0.14710499999999999,0.07365
1990-07-24 22:00:00+00:00,0.141225,0.07100000000000001
1990-07-24 23:00:00+00:00,0.134715,0.0681
1990-07-25 00:00:00+00:00,0.135975,0.06870000000000001
1990-07-25 01:00:00+00:00,0.13492500000000002,0.06820000000000001
1990-07-25 02:00:00+00:00,0.13545000000000001,0.06845000000000001
1990-07-25 03:00:00+00:00,0.13902,0.07005
1990-07-25 04:00:00+00:00,0.15393,0.07669999999999999
1990-07-25 05:00:00+00:00,0.15855000000000002,0.07874999999999999
1990-07-25 06:00:00+00:00,0.15424500000000002,0.07685
1990-07-25 07:00:00+00:00,0.164115,0.08130000000000001
1990-07-25 08:00:00+00:00,0.179025,0.08795
1990-07-25 09:00:00+00:00,0.17871,0.0878
1990-07-25 10:00:00+00:00,0.176925,0.087
1990-07-25 11:00:00+00:00,0.17193750000000002,0.08474999999999999
1990-07-25 12:00:00+00:00,0.147945,0.07405
1990-07-25 13:00:00+00:00,0.13744499999999998,0.06935
1990-07-25 14:00:00+00:00,0.1344,0.06795
1990-07-25 15:00:00+00:00,0.28875,0.13395
1990-07-25 16:00:00+00:00,0.3045,0.141
1990-07-25 17:00:00+00:00,0.3318,0.1532
1990-07-25 18:00:00+00:00,0.1945125,0.09484999999999999
1990-07-25 19:00:00+00:00,0.1827,0.08955
1990-07-25 20:00:00+00:00,0.1800225,0.0884
1990-07-25 21:00:00+00:00,0.1638,0.08115
1990-07-25 22:00:00+00:00,0.14190750000000002,0.07135
1990-07-25 23:00:00+00:00,0.13524,0.06835
1990-07-26 00:00:00+00:00,0.13167,0.06675
1990-07-26 01:00:00+00:00,0.13098749999999998,0.06645000000000001
1990-07-26 02:00:00+00:00,0.127365,0.0648
1990-07-26 03:00:00+00:00,0.127575,0.06495000000000001
1990-07-26 04:00:00+00:00,0.13366499999999998,0.06765
1990-07-26 05:00:00+00:00,0.15519,0.0773
1990-07-26 06:00:00+00:00,0.17681999999999998,0.08695
1990-07-26 07:00:00+00:00,0.17629499999999998,0.08675
1990-07-26 08:00:00+00:00,0.167895,0.08295
1990-07-26 09:00:00+00:00,0.14909999999999998,0.07455
1990-07-26 10:00:00+00:00,0.14279999999999998,0.07170000000000001
1990-07-26 11:00:00+00:00,0.13965,0.07035
1990-07-26 12:00:00+00:00,0.12967499999999998,0.06584999999999999
1990-07-26 13:00:00+00:00,0.126525,0.06445
1990-07-26 14:00:00+00:00,0.12894,0.06555
1990-07-26 15:00:00+00:00,0.2961,0.1372
1990-07-26 16:00:00+00:00,0.298725,0.13845
1990-07-26 17:00:00+00:00,0.328545,0.15175
1990-07-26 18:00:00+00:00,0.18522,0.0907
1990-07-26 19:00:00+00:00,0.179865,0.0883
1990-07-26 20:00:00+00:00,0.1926225,0.094
1990-07-26 21:00:00+00:00,0.173145,0.08530000000000001
1990-07-26 22:00:00+00:00,0.17052,0.08415
1990-07-26 23:00:00+00:00,0.1513575,0.07555
1990-07-27 00:00:00+00:00,0.147,0.0736
1990-07-27 01:00:00+00:00,0.144165,0.0723
1990-07-27 02:00:00+00:00,0.142905,0.07175
1990-07-27 03:00:00+00:00,0.14279999999999998,0.0717
1990-07-27 04:00:00+00:00,0.14038499999999998,0.0706
1990-07-27 05:00:00+00:00,0.14353500000000002,0.07205
1990-07-27 06:00:00+00:00,0.13755,0.06935
1990-07-27 07:00:00+00:00,0.1505175,0.07515
1990-07-27 08:00:00+00:00,0.1538775,0.07669999999999999
1990-07-27 09:00:00+00:00,0.15519,0.07730000000000001
1990-07-27 10:00:00+00:00,0.1512,0.0755
1990-07-27 11:00:00+00:00,0.14836499999999997,0.07419999999999999
1990-07-27 12:00:00+00:00,0.139125,0.07005
1990-07-27 13:00:00+00:00,0.13356,0.0676
1990-07-27 14:00:00+00:00,0.14259,0.07164999999999999
1990-07-27 15:00:00+00:00,0.298095,0.13815
1990-07-27 16:00:00+00:00,0.31615499999999996,0.1462
1990-07-27 17:00:00+00:00,0.341775,0.15765
1990-07-27 18:00:00+00:00,0.2016,0.098
1990-07-27 19:00:00+00:00,0.19803,0.0964
1990-07-27 20:00:00+00:00,0.19068000000000002,0.09315
1990-07-27 21:00:00+00:00,0.17550749999999998,0.08635000000000001
1990-07-27 22:00:00+00:00,0.181335,0.08895
1990-07-27 23:00:00+00:00,0.1748775,0.08610000000000001
1990-07-28 00:00:00+00:00,0.168945,0.0834
1990-07-28 01:00:00+00:00,0.15918,0.07905000000000001
1990-07-28 02:00:00+00:00,0.15813,0.07855
1990-07-28 03:00:00+00:00,0.1470525,0.0736
1990-07-28 04:00:00+00:00,0.14295750000000002,0.0718
1990-07-28 05:00:00+00:00,0.14826,0.07415
1990-07-28 06:00:00+00:00,0.1549275,0.07715
1990-07-28 07:00:00+00:00,0.17199000000000003,0.08475
1990-07-28 08:00:00+00:00,0.16149000000000002,0.08005
1990-07-28 09:00:00+00:00,0.1596,0.07925
1990-07-28 10:00:00+00:00,0.14595,0.0731
1990-07-28 11:00:00+00:00,0.15225,0.07594999999999999
1990-07-28 12:00:00+00:00,0.14007,0.0705
1990-07-28 13:00:00+00:00,0.13041,0.0662
1990-07-28 14:00:00+00:00,0.14259,0.07164999999999999
1990-07-28 15:00:00+00:00,0.29211,0.13545000000000001
1990-07-28 16:00:00+00:00,0.30303,0.14035
1990-07-28 17:00:00+00:00,0.3318,0.15325
1990-07-28 18:00:00+00:00,0.19131,0.0934
1990-07-28 19:00:00+00:00,0.18312,0.08975000000000001
1990-07-28 20:00:00+00:00,0.177555,0.08729999999999999
1990-07-28 21:00:00+00:00,0.141645,0.07120000000000001
1990-07-28 22:00:00+00:00,0.14448,0.07245
1990-07-28 23:00:00+00:00,0.138705,0.0699
1990-07-29 00:00:00+00:00,0.12537,0.0639
1990-07-29 01:00:00+00:00,0.12043499999999999,0.061700000000000005
1990-07-29 02:00:00+00:00,0.12852,0.06534999999999999
1990-07-29 03:00:00+00:00,0.124635,0.0636
1990-07-29 04:00:00+00:00,0.1252125,0.06385
1990-07-29 05:00:00+00:00,0.15435,0.0769
1990-07-29 06:00:00+00:00,0.17093999999999998,0.08429999999999999
1990-07-29 07:00:00+00:00,0.18542999999999998,0.0908
1990-07-29 08:00:00+00:00,0.165585,0.0819
1990-07-29 09:00:00+00:00,0.1512,0.07544999999999999
1990-07-29 10:00:00+00:00,0.1491,0.0745
1990-07-29 11:00:00+00:00,0.14736749999999998,0.0738
1990-07-29 12:00:00+00:00,0.14175,0.07125000000000001
1990-07-29 13:00:00+00:00,0.13844250000000002,0.06975
1990-07-29 14:00:00+00:00,0.13760250000000002,0.0694
1990-07-29 15:00:00+00:00,0.2898,0.1344
1990-07-29 16:00:00+00:00,0.3108,0.14384999999999998
1990-07-29 17:00:00+00:00,0.33726,0.15565
1990-07-29 18:00:00+00:00,0.18689999999999998,0.09145
1990-07-29 19:00:00+00:00,0.18081,0.0887
1990-07-29 20:00:00+00:00,0.16443,0.0814
1990-07-29 21:00:00+00:00,0.153405,0.0765
1990-07-29 22:00:00+00:00,0.13471499999999997,0.0681
1990-07-29 23:00:00+00:00,0.13734000000000002,0.0693
1990-07-30 00:00:00+00:00,0.1407,0.0708
1990-07-30 01:00:00+00:00,0.1491,0.07454999999999999
1990-07-30 02:00:00+00:00,0.146895,0.07355
1990-07-30 03:00:00+00:00,0.147735,0.0739
1990-07-30 04:00:00+00:00,0.14826,0.07415
1990-07-30 05:00:00+00:00,0.17325000000000002,0.08535000000000001
1990-07-30 06:00:00+00:00,0.19178250000000002,0.0936
1990-07-30 07:00:00+00:00,0.18264750000000002,0.08955
1990-07-30 08:00:00+00:00,0.1659,0.08205
1990-07-30 09:00:00+00:00,0.13985999999999998,0.0704
1990-07-30 10:00:00+00:00,0.13902,0.07005
1990-07-30 11:00:00+00:00,0.144375,0.07245
1990-07-30 12:00:00+00:00,0.14637,0.07335
1990-07-30 13:00:00+00:00,0.1466325,0.07345
1990-07-30 14:00:00+00:00,0.1481025,0.0741
1990-07-30 15:00:00+00:00,0.2835,0.1316
1990-07-30 16:00:00+00:00,0.3233475,0.14945000000000003
1990-07-30 17:00:00+00:00,0.35595,0.16404999999999997
1990-07-30 18:00:00+00:00,0.218085,0.1054
1990-07-30 19:00:00+00:00,0.21167999999999998,0.1026
1990-07-30 20:00:00+00:00,0.20149499999999998,0.098
1990-07-30 21:00:00+00:00,0.17472,0.08600000000000001
1990-07-30 22:00:00+00:00,0.184275,0.09029999999999999
1990-07-30 23:00:00+00:00,0.16264499999999998,0.0806
1990-07-31 00:00:00+00:00,0.15833999999999998,0.07869999999999999
1990-07-31 01:00:00+00:00,0.1491,0.0745
1990-07-31 02:00:00+00:00,0.14805,0.0741
1990-07-31 03:00:00+00:00,0.15015,0.075
1990-07-31 04:00:00+00:00,0.15225,0.07594999999999999
1990-07-31 05:00:00+00:00,0.17073,0.0842
1990-07-31 06:00:00+00:00,0.18333,0.08984999999999999
1990-07-31 07:00:00+00:00,0.18647999999999998,0.09125
1990-07-31 08:00:00+00:00,0.1775025,0.08725
1990-07-31 09:00:00+00:00,0.16799999999999998,0.08299999999999999
1990-07-31 10:00:00+00:00,0.15933750000000002,0.07915
1990-07-31 11:00:00+00:00,0.15981,0.07935
1990-07-31 12:00:00+00:00,0.1464225,0.07335
1990-07-31 13:00:00+00:00,0.144585,0.07250000000000001
1990-07-31 14:00:00+00:00,0.16023,0.0795
1990-07-31 15:00:00+00:00,0.3003,0.1391
1990-07-31 16:00:00+00:00,0.321825,0.14875
1990-07-31 17:00:00+00:00,0.354375,0.16335
1990-07-31 18:00:00+00:00,0.2121,0.10275
1990-07-31 19:00:00+00:00,0.20537999999999998,0.0997
1990-07-31 20:00:00+00:00,0.19656,0.09575
1990-07-31 21:00:00+00:00,0.17844749999999998,0.08764999999999999
1990-07-31 22:00:00+00:00,0.16884,0.0834
1990-07-31 23:00:00+00:00,0.1635375,0.081
1990-08-01 00:00:00+00:00,0.151515,0.07565
1990-08-01 01:00:00+00:00,0.148785,0.07440000000000001
1990-08-01 02:00:00+00:00,0.1495725,0.07475000000000001
1990-08-01 03:00:00+00:00,0.144165,0.07235
1990-08-01 04:00:00+00:00,0.163275,0.0809
1990-08-01 05:00:00+00:00,0.179865,0.08835000000000001
1990-08-01 06:00:00+00:00,0.20118,0.09785
1990-08-01 07:00:00+00:00,0.20537999999999998,0.0997
1990-08-01 08:00:00+00:00,0.195195,0.09514999999999998
1990-08-01 09:00:00+00:00,0.18479999999999996,0.0905
1990-08-01 10:00:00+00:00,0.17282999999999998,0.08515
1990-08-01 11:00:00+00:00,0.16012500000000002,0.0795
1990-08-01 12:00:00+00:00,0.14867999999999998,0.07435
1990-08-01 13:00:00+00:00,0.14595,0.0731
1990-08-01 14:00:00+00:00,0.14637,0.0733
1990-08-01 15:00:00+00:00,0.301875,0.1398
1990-08-01 16:00:00+00:00,0.32466,0.15
1990-08-01 17:00:00+00:00,0.34618499999999996,0.15965000000000001
1990-08-01 18:00:00+00:00,0.2119425,0.1027
1990-08-01 19:00:00+00:00,0.1995,0.09709999999999999
1990-08-01 20:00:00+00:00,0.19824,0.09655
1990-08-01 21:00:00+00:00,0.16799999999999998,0.08299999999999999
1990-08-01 22:00:00+00:00,0.1807575,0.0887
1990-08-01 23:00:00+00:00,0.16632,0.08224999999999999
1990-08-02 00:00:00+00:00,0.1560825,0.07769999999999999
1990-08-02 01:00:00+00:00,0.14736749999999998,0.07375000000000001
1990-08-02 02:00:00+00:00,0.149625,0.0748
1990-08-02 03:00:00+00:00,0.147,0.0736
1990-08-02 04:00:00+00:00,0.15875999999999998,0.07885
1990-08-02 05:00:00+00:00,0.189,0.09240000000000001
1990-08-02 06:00:00+00:00,0.18721500000000002,0.0916
1990-08-02 07:00:00+00:00,0.187425,0.0917
1990-08-02 08:00:00+00:00,0.16505999999999998,0.0817
1990-08-02 09:00:00+00:00,0.15225,0.07594999999999999
1990-08-02 10:00:00+00:00,0.12873,0.0654
1990-08-02 11:00:00+00:00,0.121275,0.062049999999999994
1990-08-02 12:00:00+00:00,0.1197,0.0614
1990-08-02 13:00:00+00:00,0.12179999999999999,0.0623
1990-08-02 14:00:00+00:00,0.13177499999999998,0.0668
1990-08-02 15:00:00+00:00,0.293265,0.136
1990-08-02 16:00:00+00:00,0.31604999999999994,0.14615
1990-08-02 17:00:00+00:00,0.32549999999999996,0.15039999999999998
1990-08-02 18:00:00+00:00,0.20175749999999998,0.09809999999999999
1990-08-02 19:00:00+00:00,0.19635,0.09565000000000001
1990-08-02 20:00:00+00:00,0.18889499999999998,0.09235
1990-08-02 21:00:00+00:00,0.16799999999999998,0.083
1990-08-02 22:00:00+00:00,0.16485,0.0816
1990-08-02 23:00:00+00:00,0.16338,0.0809
1990-08-03 00:00:00+00:00,0.157605,0.07835
1990-08-03 01:00:00+00:00,0.153405,0.0765
1990-08-03 02:00:00+00:00,0.1485225,0.07425000000000001
1990-08-03 03:00:00+00:00,0.15403499999999998,0.07675
1990-08-03 04:00:00+00:00,0.16086,0.07980000000000001
1990-08-03 05:00:00+00:00,0.17514,0.0862
1990-08-03 06:00:00+00:00,0.15424500000000002,0.07685
1990-08-03 07:00:00+00:00,0.19424999999999998,0.09475
1990-08-03 08:00:00+00:00,0.19902750000000002,0.09685
1990-08-03 09:00:00+00:00,0.18984,0.0928
1990-08-03 10:00:00+00:00,0.18007499999999999,0.0884
1990-08-03 11:00:00+00:00,0.17093999999999998,0.0843
1990-08-03 12:00:00+00:00,0.13524,0.0683
1990-08-03 13:00:00+00:00,0.12747,0.0649
1990-08-03 14:00:00+00:00,0.130935,0.06645000000000001
1990-08-03 15:00:00+00:00,0.28035,0.13015
1990-08-03 16:00:00+00:00,0.311955,0.14434999999999998
1990-08-03 17:00:00+00:00,0.32445,0.1499
1990-08-03 18:00:00+00:00,0.197295,0.09614999999999999
1990-08-03 19:00:00+00:00,0.195405,0.09525
1990-08-03 20:00:00+00:00,0.196455,0.09575
1990-08-03 21:00:00+00:00,0.167685,0.08285000000000001
1990-08-03 22:00:00+00:00,0.19089,0.09325
1990-08-03 23:00:00+00:00,0.16978500000000002,0.0838
1990-08-04 00:00:00+00:00,0.164325,0.08135
1990-08-04 01:00:00+00:00,0.15487499999999998,0.07715
1990-08-04 02:00:00+00:00,0.1533,0.07644999999999999
1990-08-04 03:00:00+00:00,0.14090999999999998,0.07089999999999999
1990-08-04 04:00:00+00:00,0.136185,0.06875
1990-08-04 05:00:00+00:00,0.13377,0.0677
1990-08-04 06:00:00+00:00,0.15162000000000003,0.07565
1990-08-04 07:00:00+00:00,0.16936500000000002,0.08360000000000001
1990-08-04 08:00:00+00:00,0.17939249999999998,0.08810000000000001
1990-08-04 09:00:00+00:00,0.18144,0.089
1990-08-04 10:00:00+00:00,0.17829,0.0876
1990-08-04 11:00:00+00:00,0.16946999999999998,0.0837
1990-08-04 12:00:00+00:00,0.14154,0.07114999999999999
1990-08-04 13:00:00+00:00,0.1075725,0.05595
1990-08-04 14:00:00+00:00,0.1001175,0.0526
1990-08-04 15:00:00+00:00,0.2604,0.12125
1990-08-04 16:00:00+00:00,0.28686,0.1331
1990-08-04 17:00:00+00:00,0.30896250000000003,0.14300000000000002
1990-08-04 18:00:00+00:00,0.17036250000000003,0.08405
1990-08-04 19:00:00+00:00,0.16574250000000001,0.082
1990-08-04 20:00:00+00:00,0.16338,0.08095
1990-08-04 21:00:00+00:00,0.13019999999999998,0.06605
1990-08-04 22:00:00+00:00,0.09659999999999999,0.05105
1990-08-04 23:00:00+00:00,0.08421000000000001,0.04545
1990-08-05 00:00:00+00:00,0.084105,0.045450000000000004
1990-08-05 01:00:00+00:00,0.08064000000000002,0.0439
1990-08-05 02:00:00+00:00,0.09975,0.052450000000000004
1990-08-05 03:00:00+00:00,0.09449999999999999,0.0501
1990-08-05 04:00:00+00:00,0.09240000000000001,0.04915
1990-08-05 05:00:00+00:00,0.10772999999999999,0.05605
1990-08-05 06:00:00+00:00,0.11718,0.06025
1990-08-05 07:00:00+00:00,0.117285,0.0603
1990-08-05 08:00:00+00:00,0.11130000000000001,0.05765000000000001
1990-08-05 09:00:00+00:00,0.11025000000000001,0.05715
1990-08-05 10:00:00+00:00,0.10153500000000001,0.05325
1990-08-05 11:00:00+00:00,0.09980249999999999,0.05245
1990-08-05 12:00:00+00:00,0.1071,0.05575
1990-08-05 13:00:00+00:00,0.11182500000000001,0.05785
1990-08-05 14:00:00+00:00,0.12179999999999999,0.062299999999999994
1990-08-05 15:00:00+00:00,0.2835,0.1316
1990-08-05 16:00:00+00:00,0.31232249999999995,0.14450000000000002
1990-08-05 17:00:00+00:00,0.33484500000000006,0.15460000000000002
1990-08-05 18:00:00+00:00,0.200655,0.0976
1990-08-05 19:00:00+00:00,0.1912575,0.0934
1990-08-05 20:00:00+00:00,0.2016,0.09805
1990-08-05 21:00:00+00:00,0.16254,0.08055
1990-08-05 22:00:00+00:00,0.155925,0.0776
1990-08-05 23:00:00+00:00,0.1239,0.06325
1990-08-06 00:00:00+00:00,0.11707499999999998,0.060200000000000004
1990-08-06 01:00:00+00:00,0.11733749999999998,0.06035
1990-08-06 02:00:00+00:00,0.11817749999999999,0.0607
1990-08-06 03:00:00+00:00,0.12117,0.062049999999999994
1990-08-06 04:00:00+00:00,0.13965,0.0703
1990-08-06 05:00:00+00:00,0.15876,0.07885
1990-08-06 06:00:00+00:00,0.17219999999999996,0.0849
1990-08-06 07:00:00+00:00,0.18899999999999997,0.0924
1990-08-06 08:00:00+00:00,0.181965,0.08925
1990-08-06 09:00:00+00:00,0.16658250000000002,0.0824
1990-08-06 10:00:00+00:00,0.163905,0.08115
1990-08-06 11:00:00+00:00,0.15566249999999998,0.0775
1990-08-06 12:00:00+00:00,0.12747,0.06485
1990-08-06 13:00:00+00:00,0.1197,0.061399999999999996
1990-08-06 14:00:00+00:00,0.11214,0.057999999999999996
1990-08-06 15:00:00+00:00,0.26039999999999996,0.12125
1990-08-06 16:00:00+00:00,0.28497,0.13225
1990-08-06 17:00:00+00:00,0.3114825,0.1441
1990-08-06 18:00:00+00:00,0.18753,0.09175
1990-08-06 19:00:00+00:00,0.183645,0.09
1990-08-06 20:00:00+00:00,0.1764,0.08675
1990-08-06 21:00:00+00:00,0.15414,0.07680000000000001
1990-08-06 22:00:00+00:00,0.146685,0.07345
1990-08-06 23:00:00+00:00,0.12285,0.06280000000000001
1990-08-07 00:00:00+00:00,0.10206000000000001,0.05345
1990-08-07 01:00:00+00:00,0.084945,0.0458
1990-08-07 02:00:00+00:00,0.08473499999999999,0.045700000000000005
1990-08-07 03:00:00+00:00,0.0819,0.044500000000000005
1990-08-07 04:00:00+00:00,0.076125,0.04185
1990-08-07 05:00:00+00:00,0.1071,0.05575
1990-08-07 06:00:00+00:00,0.1278375,0.065
1990-08-07 07:00:00+00:00,0.104895,0.05475
1990-08-07 08:00:00+00:00,0.075495,0.0416
1990-08-07 09:00:00+00:00,0.063,0.036000000000000004
1990-08-07 10:00:00+00:00,0.061215000000000006,0.035199999999999995
1990-08-07 11:00:00+00:00,0.06509999999999999,0.036950000000000004
1990-08-07 12:00:00+00:00,0.0693,0.0388
1990-08-07 13:00:00+00:00,0.07035,0.03925
1990-08-07 14:00:00+00:00,0.06321,0.03610000000000001
1990-08-07 15:00:00+00:00,0.21714,0.1019
1990-08-07 16:00:00+00:00,0.28119,0.13055
1990-08-07 17:00:00+00:00,0.31295249999999997,0.14479999999999998
1990-08-07 18:00:00+00:00,0.17955,0.08815
1990-08-07 19:00:00+00:00,0.17997,0.08835
1990-08-07 20:00:00+00:00,0.15477,0.0771
1990-08-07 21:00:00+00:00,0.1533,0.07645
1990-08-07 22:00:00+00:00,0.120015,0.06155
1990-08-07 23:00:00+00:00,0.095865,0.0507
1990-08-08 00:00:00+00:00,0.10289999999999999,0.05385
1990-08-08 01:00:00+00:00,0.10311000000000001,0.05395
1990-08-08 02:00:00+00:00,0.10048499999999999,0.05275
1990-08-08 03:00:00+00:00,0.1140825,0.05885
1990-08-08 04:00:00+00:00,0.10374,0.05425
1990-08-08 05:00:00+00:00,0.17661,0.08685
1990-08-08 06:00:00+00:00,0.174195,0.0858
1990-08-08 07:00:00+00:00,0.1785,0.0877
1990-08-08 08:00:00+00:00,0.188475,0.09215000000000001
1990-08-08 09:00:00+00:00,0.18627,0.0912
1990-08-08 10:00:00+00:00,0.17871,0.0878
1990-08-08 11:00:00+00:00,0.17535,0.08625
1990-08-08 12:00:00+00:00,0.16358999999999999,0.08104999999999998
1990-08-08 13:00:00+00:00,0.1506225,0.0752
1990-08-08 14:00:00+00:00,0.149835,0.07485
1990-08-08 15:00:00+00:00,0.30828,0.1427
1990-08-08 16:00:00+00:00,0.31542000000000003,0.1459
1990-08-08 17:00:00+00:00,0.3168375,0.14650000000000002
1990-08-08 18:00:00+00:00,0.16931249999999998,0.08355
1990-08-08 19:00:00+00:00,0.146475,0.07335
1990-08-08 20:00:00+00:00,0.128415,0.0653
1990-08-08 21:00:00+00:00,0.075705,0.0417
1990-08-08 22:00:00+00:00,0.027615,0.02015
1990-08-08 23:00:00+00:00,0.00546,0.01025
1990-08-09 00:00:00+00:00,-0.021735,0.0
1990-08-09 01:00:00+00:00,-0.009765,0.00625
1990-08-09 02:00:00+00:00,-0.000945,0.0074
1990-08-09 03:00:00+00:00,-0.00147,0.00715
1990-08-09 04:00:00+00:00,0.00010500000000000006,0.00785
1990-08-09 05:00:00+00:00,0.02436,0.0187
1990-08-09 06:00:00+00:00,0.042735,0.02695
1990-08-09 07:00:00+00:00,0.030450000000000005,0.021449999999999997
1990-08-09 08:00:00+00:00,0.01386,0.013999999999999999
1990-08-09 09:00:00+00:00,0.007245000000000001,0.01105
1990-08-09 10:00:00+00:00,-0.013649999999999999,0.0017
1990-08-09 11:00:00+00:00,-0.01554,0.0028000000000000004
1990-08-09 12:00:00+00:00,-0.01134,0.0027
1990-08-09 13:00:00+00:00,-0.018269999999999998,0.00145
1990-08-09 14:00:00+00:00,0.001785000000000001,0.00855
1990-08-09 15:00:00+00:00,0.15498,0.07405
1990-08-09 16:00:00+00:00,0.21252,0.09985
1990-08-09 17:00:00+00:00,0.25683,0.11965
1990-08-09 18:00:00+00:00,0.146055,0.07314999999999999
1990-08-09 19:00:00+00:00,0.1408575,0.07085
1990-08-09 20:00:00+00:00,0.14710499999999999,0.07365
1990-08-09 21:00:00+00:00,0.11760000000000001,0.06045
1990-08-09 22:00:00+00:00,0.09974999999999999,0.052450000000000004
1990-08-09 23:00:00+00:00,0.0378,0.0247
1990-08-10 00:00:00+00:00,0.02373,0.01845
1990-08-10 01:00:00+00:00,0.026250000000000002,0.019549999999999998
1990-08-10 02:00:00+00:00,0.024045,0.01855
1990-08-10 03:00:00+00:00,0.0252,0.0191
1990-08-10 04:00:00+00:00,0.02625,0.0196
1990-08-10 05:00:00+00:00,0.028874999999999998,0.020749999999999998
1990-08-10 06:00:00+00:00,0.044835,0.02785
1990-08-10 07:00:00+00:00,0.019005,0.016300000000000002
1990-08-10 08:00:00+00:00,0.018795,0.0162
1990-08-10 09:00:00+00:00,0.013177500000000002,0.0137
1990-08-10 10:00:00+00:00,0.0071400000000000005,0.011
1990-08-10 11:00:00+00:00,-0.00231,0.0068000000000000005
1990-08-10 12:00:00+00:00,-0.00567,0.00525
1990-08-10 13:00:00+00:00,-0.00168,0.007050000000000001
1990-08-10 14:00:00+00:00,0.00231,0.0088
1990-08-10 15:00:00+00:00,0.180705,0.0856
1990-08-10 16:00:00+00:00,0.26738249999999997,0.1244
1990-08-10 17:00:00+00:00,0.3215625,0.14865
1990-08-10 18:00:00+00:00,0.19509,0.09509999999999999
1990-08-10 19:00:00+00:00,0.193515,0.09445
1990-08-10 20:00:00+00:00,0.18501,0.09059999999999999
1990-08-10 21:00:00+00:00,0.185325,0.09075
1990-08-10 22:00:00+00:00,0.204225,0.0992
1990-08-10 23:00:00+00:00,0.17745,0.08725
1990-08-11 00:00:00+00:00,0.171465,0.08455
1990-08-11 01:00:00+00:00,0.152775,0.07619999999999999
1990-08-11 02:00:00+00:00,0.151095,0.07544999999999999
1990-08-11 03:00:00+00:00,0.1512,0.0755
1990-08-11 04:00:00+00:00,0.15461249999999999,0.07705000000000001
1990-08-11 05:00:00+00:00,0.149625,0.0748
1990-08-11 06:00:00+00:00,0.156975,0.0781
1990-08-11 07:00:00+00:00,0.16695,0.08255
1990-08-11 08:00:00+00:00,0.170625,0.0842
1990-08-11 09:00:00+00:00,0.16485,0.0816
1990-08-11 10:00:00+00:00,0.15897,0.07895
1990-08-11 11:00:00+00:00,0.14967750000000002,0.0748
1990-08-11 12:00:00+00:00,0.14495249999999998,0.07264999999999999
1990-08-11 13:00:00+00:00,0.132405,0.067
1990-08-11 14:00:00+00:00,0.13744499999999998,0.06935
1990-08-11 15:00:00+00:00,0.291375,0.1351
1990-08-11 16:00:00+00:00,0.34356,0.15850000000000003
1990-08-11 17:00:00+00:00,0.357,0.16449999999999998
1990-08-11 18:00:00+00:00,0.21084000000000003,0.1022
1990-08-11 19:00:00+00:00,0.19278,0.0941
1990-08-11 20:00:00+00:00,0.16652999999999998,0.08235
1990-08-11 21:00:00+00:00,0.15582,0.07755000000000001
1990-08-11 22:00:00+00:00,0.04305,0.02705
1990-08-11 23:00:00+00:00,0.0200025,0.01675
1990-08-12 00:00:00+00:00,0.0005250000000000003,0.00805
1990-08-12 01:00:00+00:00,0.000735,0.008150000000000001
1990-08-12 02:00:00+00:00,0.0044624999999999995,0.0098
1990-08-12 03:00:00+00:00,0.01512,0.0146
1990-08-12 04:00:00+00:00,0.021,0.0172
1990-08-12 05:00:00+00:00,0.062475,0.03575
1990-08-12 06:00:00+00:00,0.079275,0.04325
1990-08-12 07:00:00+00:00,0.06468,0.03675
1990-08-12 08:00:00+00:00,0.0819,0.044449999999999996
1990-08-12 09:00:00+00:00,0.0730275,0.0405
1990-08-12 10:00:00+00:00,0.060899999999999996,0.03505
1990-08-12 11:00:00+00:00,0.06489,0.03685
1990-08-12 12:00:00+00:00,0.07244999999999999,0.04025
1990-08-12 13:00:00+00:00,0.0888825,0.0476
1990-08-12 14:00:00+00:00,0.0991725,0.0522
1990-08-12 15:00:00+00:00,0.29925,0.13865
1990-08-12 16:00:00+00:00,0.31752,0.14679999999999999
1990-08-12 17:00:00+00:00,0.37721249999999995,0.17354999999999998
1990-08-12 18:00:00+00:00,0.2184,0.1056
1990-08-12 19:00:00+00:00,0.211575,0.1025
1990-08-12 20:00:00+00:00,0.1970325,0.096
1990-08-12 21:00:00+00:00,0.178815,0.0878
1990-08-12 22:00:00+00:00,0.1740375,0.0857
1990-08-12 23:00:00+00:00,0.15970499999999999,0.07930000000000001
1990-08-13 00:00:00+00:00,0.13208999999999999,0.06695000000000001
1990-08-13 01:00:00+00:00,0.13229999999999997,0.06705
1990-08-13 02:00:00+00:00,0.1344,0.068
1990-08-13 03:00:00+00:00,0.15645,0.0778
1990-08-13 04:00:00+00:00,0.18480000000000002,0.09055
1990-08-13 05:00:00+00:00,0.2079,0.10089999999999999
1990-08-13 06:00:00+00:00,0.2048025,0.0995
1990-08-13 07:00:00+00:00,0.19635,0.09565
1990-08-13 08:00:00+00:00,0.1482075,0.0741
1990-08-13 09:00:00+00:00,0.09870000000000001,0.051949999999999996
1990-08-13 10:00:00+00:00,0.084315,0.04555000000000001
1990-08-13 11:00:00+00:00,0.08715,0.0468
1990-08-13 12:00:00+00:00,0.096075,0.0508
1990-08-13 13:00:00+00:00,0.1112475,0.0576
1990-08-13 14:00:00+00:00,0.147,0.0736
1990-08-13 15:00:00+00:00,0.2990925,0.13855
1990-08-13 16:00:00+00:00,0.32697,0.15105
1990-08-13 17:00:00+00:00,0.3549,0.1636
1990-08-13 18:00:00+00:00,0.20390999999999998,0.09910000000000001
1990-08-13 19:00:00+00:00,0.19824000000000003,0.0965
1990-08-13 20:00:00+00:00,0.2147775,0.10395
1990-08-13 21:00:00+00:00,0.19236,0.0939
1990-08-13 22:00:00+00:00,0.167685,0.08285000000000001
1990-08-13 23:00:00+00:00,0.15046500000000002,0.07519999999999999
1990-08-14 00:00:00+00:00,0.16201500000000002,0.08035
1990-08-14 01:00:00+00:00,0.15403499999999998,0.07675
1990-08-14 02:00:00+00:00,0.15477000000000002,0.0771
1990-08-14 03:00:00+00:00,0.17031,0.084
1990-08-14 04:00:00+00:00,0.1705725,0.08415
1990-08-14 05:00:00+00:00,0.18270000000000003,0.0896
1990-08-14 06:00:00+00:00,0.195405,0.09525
1990-08-14 07:00:00+00:00,0.19088999999999998,0.09325
1990-08-14 08:00:00+00:00,0.18732,0.09165
1990-08-14 09:00:00+00:00,0.17262,0.08504999999999999
1990-08-14 10:00:00+00:00,0.158655,0.07885
1990-08-14 11:00:00+00:00,0.14805000000000001,0.07405
1990-08-14 12:00:00+00:00,0.13944,0.0702
1990-08-14 13:00:00+00:00,0.14154,0.07114999999999999
1990-08-14 14:00:00+00:00,0.14427,0.07235
1990-08-14 15:00:00+00:00,0.29037749999999996,0.13470000000000001
1990-08-14 16:00:00+00:00,0.3255,0.15039999999999998
1990-08-14 17:00:00+00:00,0.34760250000000004,0.1603
1990-08-14 18:00:00+00:00,0.199395,0.09705
1990-08-14 19:00:00+00:00,0.19194,0.0937
1990-08-14 20:00:00+00:00,0.177765,0.0874
1990-08-14 21:00:00+00:00,0.15529500000000002,0.0773
1990-08-14 22:00:00+00:00,0.15539999999999998,0.07735
1990-08-14 23:00:00+00:00,0.11508,0.0593
1990-08-15 00:00:00+00:00,0.11014499999999999,0.0571
1990-08-15 01:00:00+00:00,0.10647000000000001,0.05545
1990-08-15 02:00:00+00:00,0.07833000000000001,0.04285
1990-08-15 03:00:00+00:00,0.09428999999999998,0.05
1990-08-15 04:00:00+00:00,0.10185,0.0534
1990-08-15 05:00:00+00:00,0.12904500000000002,0.06555
1990-08-15 06:00:00+00:00,0.14573999999999998,0.07305
1990-08-15 07:00:00+00:00,0.14489999999999997,0.07264999999999999
1990-08-15 08:00:00+00:00,0.12096000000000001,0.06195
1990-08-15 09:00:00+00:00,0.0899325,0.048049999999999995
1990-08-15 10:00:00+00:00,0.062895,0.035949999999999996
1990-08-15 11:00:00+00:00,0.04284,0.027
1990-08-15 12:00:00+00:00,0.035070000000000004,0.0235
1990-08-15 13:00:00+00:00,0.04452,0.0277
1990-08-15 14:00:00+00:00,0.05985,0.034600000000000006
1990-08-15 15:00:00+00:00,0.23073749999999998,0.108
1990-08-15 16:00:00+00:00,0.303975,0.14075
1990-08-15 17:00:00+00:00,0.31374,0.1451
1990-08-15 18:00:00+00:00,0.19088999999999998,0.09325
1990-08-15 19:00:00+00:00,0.1911,0.09334999999999999
1990-08-15 20:00:00+00:00,0.178815,0.08785
1990-08-15 21:00:00+00:00,0.16238249999999999,0.0805
1990-08-15 22:00:00+00:00,0.15046500000000002,0.07515
1990-08-15 23:00:00+00:00,0.139335,0.07014999999999999
1990-08-16 00:00:00+00:00,0.121695,0.0623
1990-08-16 01:00:00+00:00,0.116235,0.0598
1990-08-16 02:00:00+00:00,0.11130000000000001,0.0576
1990-08-16 03:00:00+00:00,0.120645,0.06180000000000001
1990-08-16 04:00:00+00:00,0.1533,0.0764
1990-08-16 05:00:00+00:00,0.18501,0.09060000000000001
1990-08-16 06:00:00+00:00,0.18747750000000002,0.0917
1990-08-16 07:00:00+00:00,0.18732,0.09165
1990-08-16 08:00:00+00:00,0.1673175,0.0827
1990-08-16 09:00:00+00:00,0.144165,0.07235
1990-08-16 10:00:00+00:00,0.11182500000000001,0.05785
1990-08-16 11:00:00+00:00,0.08610000000000001,0.046299999999999994
1990-08-16 12:00:00+00:00,0.08421,0.0455
1990-08-16 13:00:00+00:00,0.09428999999999998,0.05
1990-08-16 14:00:00+00:00,0.1164975,0.059949999999999996
1990-08-16 15:00:00+00:00,0.2695875,0.1254
1990-08-16 16:00:00+00:00,0.29883000000000004,0.13845000000000002
1990-08-16 17:00:00+00:00,0.31878,0.1474
1990-08-16 18:00:00+00:00,0.185115,0.09065000000000001
1990-08-16 19:00:00+00:00,0.18627,0.09115000000000001
1990-08-16 20:00:00+00:00,0.19907999999999998,0.0969
1990-08-16 21:00:00+00:00,0.178605,0.08775
1990-08-16 22:00:00+00:00,0.16805250000000002,0.08299999999999999
1990-08-16 23:00:00+00:00,0.1512,0.07544999999999999
1990-08-17 00:00:00+00:00,0.166215,0.0822
1990-08-17 01:00:00+00:00,0.16154249999999998,0.0801
1990-08-17 02:00:00+00:00,0.14647500000000002,0.07335
1990-08-17 03:00:00+00:00,0.15078,0.0753
1990-08-17 04:00:00+00:00,0.159915,0.0794
1990-08-17 05:00:00+00:00,0.153825,0.07665
1990-08-17 06:00:00+00:00,0.1554,0.07735
1990-08-17 07:00:00+00:00,0.1475775,0.07385
1990-08-17 08:00:00+00:00,0.11654999999999999,0.059949999999999996
1990-08-17 09:00:00+00:00,0.107205,0.05575000000000001
1990-08-17 10:00:00+00:00,0.09029999999999999,0.04825
1990-08-17 11:00:00+00:00,0.0945,0.0501
1990-08-17 12:00:00+00:00,0.08032500000000001,0.04375
1990-08-17 13:00:00+00:00,0.0903,0.0482
1990-08-17 14:00:00+00:00,0.09975,0.05245
1990-08-17 15:00:00+00:00,0.284235,0.13190000000000002
1990-08-17 16:00:00+00:00,0.2940525,0.13635
1990-08-17 17:00:00+00:00,0.3167325,0.14650000000000002
1990-08-17 18:00:00+00:00,0.200025,0.09734999999999999
1990-08-17 19:00:00+00:00,0.19949999999999998,0.0971
1990-08-17 20:00:00+00:00,0.18795,0.09190000000000001
1990-08-17 21:00:00+00:00,0.186375,0.09125
1990-08-17 22:00:00+00:00,0.16779,0.0829
1990-08-17 23:00:00+00:00,0.15141,0.07555
1990-08-18 00:00:00+00:00,0.135345,0.0684
1990-08-18 01:00:00+00:00,0.09702,0.0512
1990-08-18 02:00:00+00:00,0.10983000000000001,0.05695
1990-08-18 03:00:00+00:00,0.11277,0.0583
1990-08-18 04:00:00+00:00,0.1162875,0.05985
1990-08-18 05:00:00+00:00,0.12017250000000002,0.0616
1990-08-18 06:00:00+00:00,0.128205,0.06520000000000001
1990-08-18 07:00:00+00:00,0.10605,0.05525
1990-08-18 08:00:00+00:00,0.08148,0.0443
1990-08-18 09:00:00+00:00,0.05691,0.033299999999999996
1990-08-18 10:00:00+00:00,0.04263,0.0269
1990-08-18 11:00:00+00:00,0.027299999999999998,0.019999999999999997
1990-08-18 12:00:00+00:00,0.0221025,0.0177
1990-08-18 13:00:00+00:00,0.032654999999999997,0.0224
1990-08-18 14:00:00+00:00,0.0413175,0.0263
1990-08-18 15:00:00+00:00,0.21945,0.10294999999999999
1990-08-18 16:00:00+00:00,0.28959,0.13435
1990-08-18 17:00:00+00:00,0.31815,0.1471
1990-08-18 18:00:00+00:00,0.18963,0.09265
1990-08-18 19:00:00+00:00,0.18107250000000003,0.08885
1990-08-18 20:00:00+00:00,0.1788675,0.08785
1990-08-18 21:00:00+00:00,0.17062500000000003,0.0842
1990-08-18 22:00:00+00:00,0.1764,0.08675000000000001
1990-08-18 23:00:00+00:00,0.16422,0.0813
1990-08-19 00:00:00+00:00,0.1618575,0.08025
1990-08-19 01:00:00+00:00,0.1499925,0.0749
1990-08-19 02:00:00+00:00,0.14952,0.07474999999999998
1990-08-19 03:00:00+00:00,0.1494675,0.07469999999999999
1990-08-19 04:00:00+00:00,0.16427250000000002,0.08130000000000001
1990-08-19 05:00:00+00:00,0.19362000000000001,0.09445
1990-08-19 06:00:00+00:00,0.20454,0.09935
1990-08-19 07:00:00+00:00,0.18333,0.08990000000000001
1990-08-19 08:00:00+00:00,0.16495500000000002,0.0816
1990-08-19 09:00:00+00:00,0.15529500000000002,0.07730000000000001
1990-08-19 10:00:00+00:00,0.14784,0.07395
1990-08-19 11:00:00+00:00,0.14847,0.07425000000000001
1990-08-19 12:00:00+00:00,0.1428525,0.07175
1990-08-19 13:00:00+00:00,0.12725999999999998,0.06475
1990-08-19 14:00:00+00:00,0.142485,0.0716
1990-08-19 15:00:00+00:00,0.29735999999999996,0.1378
1990-08-19 16:00:00+00:00,0.31857,0.1473
1990-08-19 17:00:00+00:00,0.3486,0.16075
1990-08-19 18:00:00+00:00,0.210735,0.10214999999999999
1990-08-19 19:00:00+00:00,0.1969275,0.09595000000000001
1990-08-19 20:00:00+00:00,0.168315,0.0831
1990-08-19 21:00:00+00:00,0.1397025,0.07035
1990-08-19 22:00:00+00:00,0.12096000000000001,0.06194999999999999
1990-08-19 23:00:00+00:00,0.11371500000000001,0.0587
1990-08-20 00:00:00+00:00,0.1047375,0.0547
1990-08-20 01:00:00+00:00,0.07161000000000001,0.039850000000000003
1990-08-20 02:00:00+00:00,0.0672,0.03785
1990-08-20 03:00:00+00:00,0.0756,0.04164999999999999
1990-08-20 04:00:00+00:00,0.09749250000000001,0.051449999999999996
1990-08-20 05:00:00+00:00,0.14700000000000002,0.0736
1990-08-20 06:00:00+00:00,0.17304,0.0853
1990-08-20 07:00:00+00:00,0.160545,0.07965
1990-08-20 08:00:00+00:00,0.13587,0.0686
1990-08-20 09:00:00+00:00,0.092295,0.049100000000000005
1990-08-20 10:00:00+00:00,0.0624225,0.035750000000000004
1990-08-20 11:00:00+00:00,0.03927,0.0254
1990-08-20 12:00:00+00:00,0.036750000000000005,0.02425
1990-08-20 13:00:00+00:00,0.050925,0.030600000000000002
1990-08-20 14:00:00+00:00,0.05922,0.0343
1990-08-20 15:00:00+00:00,0.235095,0.10994999999999999
1990-08-20 16:00:00+00:00,0.272265,0.1266
1990-08-20 17:00:00+00:00,0.3311175,0.15295
1990-08-20 18:00:00+00:00,0.1935675,0.09445
1990-08-20 19:00:00+00:00,0.189525,0.09265000000000001
1990-08-20 20:00:00+00:00,0.168105,0.08305
1990-08-20 21:00:00+00:00,0.134295,0.0679
1990-08-20 22:00:00+00:00,0.06279,0.0359
1990-08-20 23:00:00+00:00,0.020055,0.01675
1990-08-21 00:00:00+00:00,0.04851,0.02955
1990-08-21 01:00:00+00:00,0.013125000000000001,0.0137
1990-08-21 02:00:00+00:00,0.01701,0.0154
1990-08-21 03:00:00+00:00,0.039375,0.0254
1990-08-21 04:00:00+00:00,0.0945,0.05009999999999999
1990-08-21 05:00:00+00:00,0.1323,0.06705
1990-08-21 06:00:00+00:00,0.12768000000000002,0.06495000000000001
1990-08-21 07:00:00+00:00,0.08232,0.044649999999999995
1990-08-21 08:00:00+00:00,0.0168,0.01535
1990-08-21 09:00:00+00:00,0.0,0.0078
1990-08-21 10:00:00+00:00,-0.00483,0.0056500000000000005
1990-08-21 11:00:00+00:00,-0.005039999999999999,0.005549999999999999
1990-08-21 12:00:00+00:00,-0.0042,0.0059
1990-08-21 13:00:00+00:00,-0.0042,0.0059
1990-08-21 14:00:00+00:00,0.007192499999999999,0.01105
1990-08-21 15:00:00+00:00,0.16485,0.07850000000000001
1990-08-21 16:00:00+00:00,0.27273749999999997,0.1268
1990-08-21 17:00:00+00:00,0.30791250000000003,0.14250000000000002
1990-08-21 18:00:00+00:00,0.1660575,0.08215
1990-08-21 19:00:00+00:00,0.1617,0.08015
1990-08-21 20:00:00+00:00,0.15435,0.0769
1990-08-21 21:00:00+00:00,0.112875,0.05835
1990-08-21 22:00:00+00:00,0.033705,0.02285
1990-08-21 23:00:00+00:00,0.00315,0.00925
1990-08-22 00:00:00+00:00,-0.014805000000000002,0.00155
1990-08-22 01:00:00+00:00,-0.00945,0.0039000000000000003
1990-08-22 02:00:00+00:00,-0.019950000000000002,0.0
1990-08-22 03:00:00+00:00,-0.019110000000000002,0.0
1990-08-22 04:00:00+00:00,0.013545000000000001,0.013850000000000001
1990-08-22 05:00:00+00:00,0.043155,0.0271
1990-08-22 06:00:00+00:00,0.0569625,0.0333
1990-08-22 07:00:00+00:00,0.057435,0.0335
1990-08-22 08:00:00+00:00,0.0450975,0.027999999999999997
1990-08-22 09:00:00+00:00,0.00126,0.00835
1990-08-22 10:00:00+00:00,-0.00336,0.0063
1990-08-22 11:00:00+00:00,-0.0168,0.0006
1990-08-22 12:00:00+00:00,-0.014804999999999999,0.0015
1990-08-22 13:00:00+00:00,-0.0189,0.0
1990-08-22 14:00:00+00:00,-0.0042000000000000015,0.0063
1990-08-22 15:00:00+00:00,0.1950375,0.092
1990-08-22 16:00:00+00:00,0.29484,0.1367
1990-08-22 17:00:00+00:00,0.3502275,0.16145
1990-08-22 18:00:00+00:00,0.22281,0.10754999999999999
1990-08-22 19:00:00+00:00,0.20307000000000003,0.09870000000000001
1990-08-22 20:00:00+00:00,0.1810725,0.08885
1990-08-22 21:00:00+00:00,0.1302,0.06605
1990-08-22 22:00:00+00:00,0.092505,0.049199999999999994
1990-08-22 23:00:00+00:00,0.0717675,0.039900000000000005
1990-08-23 00:00:00+00:00,0.063,0.036000000000000004
1990-08-23 01:00:00+00:00,0.030607500000000003,0.021500000000000002
1990-08-23 02:00:00+00:00,0.016800000000000002,0.015300000000000001
1990-08-23 03:00:00+00:00,0.0122325,0.0133
1990-08-23 04:00:00+00:00,0.02289,0.018050000000000004
1990-08-23 05:00:00+00:00,0.057225,0.0334
1990-08-23 06:00:00+00:00,0.05607,0.0329
1990-08-23 07:00:00+00:00,0.0191625,0.0164
1990-08-23 08:00:00+00:00,-0.004830000000000001,0.00645
1990-08-23 09:00:00+00:00,0.004200000000000001,0.00965
1990-08-23 10:00:00+00:00,0.002625,0.00895
1990-08-23 11:00:00+00:00,-0.008715,0.0039000000000000003
1990-08-23 12:00:00+00:00,-0.011025,0.0033
1990-08-23 13:00:00+00:00,-0.00026249999999999993,0.0077
1990-08-23 14:00:00+00:00,-0.0063,0.005
1990-08-23 15:00:00+00:00,0.1491,0.07145
1990-08-23 16:00:00+00:00,0.24349500000000002,0.1137
1990-08-23 17:00:00+00:00,0.31605,0.14615
1990-08-23 18:00:00+00:00,0.20370000000000002,0.099
1990-08-23 19:00:00+00:00,0.2016,0.098
1990-08-23 20:00:00+00:00,0.20055,0.09759999999999999
1990-08-23 21:00:00+00:00,0.1661625,0.08215
1990-08-23 22:00:00+00:00,0.16086,0.0798
1990-08-23 23:00:00+00:00,0.12201000000000001,0.0624
1990-08-24 00:00:00+00:00,0.125475,0.06395
1990-08-24 01:00:00+00:00,0.12285,0.0628
1990-08-24 02:00:00+00:00,0.12537,0.06390000000000001
1990-08-24 03:00:00+00:00,0.12936,0.0657
1990-08-24 04:00:00+00:00,0.14815499999999998,0.0741
1990-08-24 05:00:00+00:00,0.153405,0.07645
1990-08-24 06:00:00+00:00,0.1161825,0.059800000000000006
1990-08-24 07:00:00+00:00,0.17724,0.0871
1990-08-24 08:00:00+00:00,0.17661,0.08685000000000001
1990-08-24 09:00:00+00:00,0.1709925,0.08435000000000001
1990-08-24 10:00:00+00:00,0.18490499999999999,0.09055
1990-08-24 11:00:00+00:00,0.15792,0.07849999999999999
1990-08-24 12:00:00+00:00,0.12558,0.064
1990-08-24 13:00:00+00:00,0.03612,0.024
1990-08-24 14:00:00+00:00,0.04725,0.02895
1990-08-24 15:00:00+00:00,0.19761,0.09315000000000001
1990-08-24 16:00:00+00:00,0.25819499999999995,0.1203
1990-08-24 17:00:00+00:00,0.30534,0.14134999999999998
1990-08-24 18:00:00+00:00,0.13649999999999998,0.0689
1990-08-24 19:00:00+00:00,0.126,0.0642
1990-08-24 20:00:00+00:00,0.098805,0.05205
1990-08-24 21:00:00+00:00,0.06279,0.0359
1990-08-24 22:00:00+00:00,0.001575,0.010249999999999999
1990-08-24 23:00:00+00:00,-0.009975000000000001,0.0039000000000000003
1990-08-25 00:00:00+00:00,-0.013965000000000002,0.0021
1990-08-25 01:00:00+00:00,0.008714999999999999,0.0117
1990-08-25 02:00:00+00:00,0.00525,0.010150000000000001
1990-08-25 03:00:00+00:00,0.0049875,0.009999999999999998
1990-08-25 04:00:00+00:00,0.0010500000000000002,0.00825
1990-08-25 05:00:00+00:00,0.004252499999999999,0.0097
1990-08-25 06:00:00+00:00,-0.008505,0.004
1990-08-25 07:00:00+00:00,-0.008400000000000001,0.00405
1990-08-25 08:00:00+00:00,-0.011550000000000001,0.00345
1990-08-25 09:00:00+00:00,-0.012862499999999999,0.00205
1990-08-25 10:00:00+00:00,-0.0218925,0.0
1990-08-25 11:00:00+00:00,-0.021,0.0
1990-08-25 12:00:00+00:00,-0.01575,0.0008500000000000001
1990-08-25 13:00:00+00:00,0.000105,0.007850000000000001
1990-08-25 14:00:00+00:00,-0.019635,0.0011
1990-08-25 15:00:00+00:00,0.122115,0.05935
1990-08-25 16:00:00+00:00,0.2105775,0.09895
1990-08-25 17:00:00+00:00,0.29925,0.13865
1990-08-25 18:00:00+00:00,0.172095,0.0848
1990-08-25 19:00:00+00:00,0.1940925,0.09465
1990-08-25 20:00:00+00:00,0.175035,0.08615
1990-08-25 21:00:00+00:00,0.160965,0.07985
1990-08-25 22:00:00+00:00,0.09240000000000001,0.04915
1990-08-25 23:00:00+00:00,0.06825,0.03835
1990-08-26 00:00:00+00:00,0.05649,0.033100000000000004
1990-08-26 01:00:00+00:00,0.07035,0.0393
1990-08-26 02:00:00+00:00,0.0651525,0.037000000000000005
1990-08-26 03:00:00+00:00,0.07203,0.04005
1990-08-26 04:00:00+00:00,0.07518,0.04145
1990-08-26 05:00:00+00:00,0.08825250000000001,0.047299999999999995
1990-08-26 06:00:00+00:00,0.155085,0.07725
1990-08-26 07:00:00+00:00,0.12348,0.06305
1990-08-26 08:00:00+00:00,0.086415,0.0465
1990-08-26 09:00:00+00:00,0.07665,0.0421
1990-08-26 10:00:00+00:00,0.056595,0.03315
1990-08-26 11:00:00+00:00,0.0567,0.0332
1990-08-26 12:00:00+00:00,0.08547000000000002,0.04605
1990-08-26 13:00:00+00:00,0.098175,0.051750000000000004
1990-08-26 14:00:00+00:00,0.105,0.0548
1990-08-26 15:00:00+00:00,0.29715,0.13774999999999998
1990-08-26 16:00:00+00:00,0.32445,0.14995
1990-08-26 17:00:00+00:00,0.351645,0.16210000000000002
1990-08-26 18:00:00+00:00,0.21063,0.1021
1990-08-26 19:00:00+00:00,0.19792499999999996,0.09639999999999999
1990-08-26 20:00:00+00:00,0.18102000000000001,0.08879999999999999
1990-08-26 21:00:00+00:00,0.15435,0.0769
1990-08-26 22:00:00+00:00,0.16527,0.08174999999999999
1990-08-26 23:00:00+00:00,0.14805000000000001,0.07405
1990-08-27 00:00:00+00:00,0.0911925,0.04865
1990-08-27 01:00:00+00:00,0.09135,0.04870000000000001
1990-08-27 02:00:00+00:00,0.06950999999999999,0.038900000000000004
1990-08-27 03:00:00+00:00,0.08399999999999999,0.045399999999999996
1990-08-27 04:00:00+00:00,0.077385,0.04245
1990-08-27 05:00:00+00:00,0.106575,0.055499999999999994
1990-08-27 06:00:00+00:00,0.14343,0.07200000000000001
1990-08-27 07:00:00+00:00,0.130935,0.0664
1990-08-27 08:00:00+00:00,0.090195,0.04815
1990-08-27 09:00:00+00:00,0.048299999999999996,0.029400000000000003
1990-08-27 10:00:00+00:00,0.0145425,0.0143
1990-08-27 11:00:00+00:00,0.0086625,0.01165
1990-08-27 12:00:00+00:00,0.01029,0.012400000000000001
1990-08-27 13:00:00+00:00,0.049455,0.029949999999999997
1990-08-27 14:00:00+00:00,0.09240000000000001,0.04915
1990-08-27 15:00:00+00:00,0.29358,0.13615
1990-08-27 16:00:00+00:00,0.35175,0.16215
1990-08-27 17:00:00+00:00,0.35385,0.1631
1990-08-27 18:00:00+00:00,0.2226,0.10744999999999999
1990-08-27 19:00:00+00:00,0.2016,0.09805
1990-08-27 20:00:00+00:00,0.16868249999999999,0.0833
1990-08-27 21:00:00+00:00,0.135765,0.06855
1990-08-27 22:00:00+00:00,0.1701,0.08395
1990-08-27 23:00:00+00:00,0.176085,0.08665
1990-08-28 00:00:00+00:00,0.160335,0.0796
1990-08-28 01:00:00+00:00,0.15513749999999998,0.07725
1990-08-28 02:00:00+00:00,0.14595,0.07314999999999999
1990-08-28 03:00:00+00:00,0.163905,0.08115
1990-08-28 04:00:00+00:00,0.19278,0.09409999999999999
1990-08-28 05:00:00+00:00,0.21252,0.10295
1990-08-28 06:00:00+00:00,0.2016,0.09805
1990-08-28 07:00:00+00:00,0.19666499999999998,0.0958
1990-08-28 08:00:00+00:00,0.1800225,0.0884
1990-08-28 09:00:00+00:00,0.1777125,0.08735000000000001
1990-08-28 10:00:00+00:00,0.1316175,0.06675
1990-08-28 11:00:00+00:00,0.156345,0.0778
1990-08-28 12:00:00+00:00,0.151305,0.0755
1990-08-28 13:00:00+00:00,0.1537725,0.07665
1990-08-28 14:00:00+00:00,0.15015,0.075
1990-08-28 15:00:00+00:00,0.307335,0.14225
1990-08-28 16:00:00+00:00,0.34492500000000004,0.15910000000000002
1990-08-28 17:00:00+00:00,0.3738,0.17205
1990-08-28 18:00:00+00:00,0.2289,0.1103
1990-08-28 19:00:00+00:00,0.22491,0.10849999999999999
1990-08-28 20:00:00+00:00,0.19451249999999998,0.09484999999999999
1990-08-28 21:00:00+00:00,0.174405,0.08585
1990-08-28 22:00:00+00:00,0.1661625,0.0822
1990-08-28 23:00:00+00:00,0.166005,0.08215
1990-08-29 00:00:00+00:00,0.16978500000000002,0.0838
1990-08-29 01:00:00+00:00,0.15309,0.0763
1990-08-29 02:00:00+00:00,0.165795,0.08205
1990-08-29 03:00:00+00:00,0.15823500000000001,0.07865
1990-08-29 04:00:00+00:00,0.1973475,0.09614999999999999
1990-08-29 05:00:00+00:00,0.23709,0.11395
1990-08-29 06:00:00+00:00,0.214725,0.10389999999999999
1990-08-29 07:00:00+00:00,0.204645,0.09939999999999999
1990-08-29 08:00:00+00:00,0.17409000000000002,0.08574999999999999
1990-08-29 09:00:00+00:00,0.167475,0.08275
1990-08-29 10:00:00+00:00,0.126,0.06420000000000001
1990-08-29 11:00:00+00:00,0.09922500000000001,0.052199999999999996
1990-08-29 12:00:00+00:00,0.115815,0.059649999999999995
1990-08-29 13:00:00+00:00,0.1575,0.0783
1990-08-29 14:00:00+00:00,0.16695,0.08255000000000001
1990-08-29 15:00:00+00:00,0.32235,0.14895
1990-08-29 16:00:00+00:00,0.347445,0.1602
1990-08-29 17:00:00+00:00,0.379575,0.17460000000000003
1990-08-29 18:00:00+00:00,0.23309999999999997,0.1121
1990-08-29 19:00:00+00:00,0.24024,0.11535000000000001
1990-08-29 20:00:00+00:00,0.2024925,0.0984
1990-08-29 21:00:00+00:00,0.17241,0.08495
1990-08-29 22:00:00+00:00,0.19635,0.0957
1990-08-29 23:00:00+00:00,0.169575,0.0837
1990-08-30 00:00:00+00:00,0.16127999999999998,0.08
1990-08-30 01:00:00+00:00,0.14658,0.07345
1990-08-30 02:00:00+00:00,0.1407,0.0708
1990-08-30 03:00:00+00:00,0.14805000000000001,0.0741
1990-08-30 04:00:00+00:00,0.17703000000000002,0.087
1990-08-30 05:00:00+00:00,0.226275,0.1091
1990-08-30 06:00:00+00:00,0.22239,0.10735
1990-08-30 07:00:00+00:00,0.204225,0.0992
1990-08-30 08:00:00+00:00,0.17472,0.08600000000000001
1990-08-30 09:00:00+00:00,0.1575,0.0783
1990-08-30 10:00:00+00:00,0.152565,0.07605
1990-08-30 11:00:00+00:00,0.15298499999999998,0.0763
1990-08-30 12:00:00+00:00,0.16065000000000002,0.0797
1990-08-30 13:00:00+00:00,0.14889,0.07445
1990-08-30 14:00:00+00:00,0.13965,0.0703
1990-08-30 15:00:00+00:00,0.32345250000000003,0.14950000000000002
1990-08-30 16:00:00+00:00,0.35406000000000004,0.16319999999999998
1990-08-30 17:00:00+00:00,0.38041500000000006,0.175
1990-08-30 18:00:00+00:00,0.23981999999999998,0.11515
1990-08-30 19:00:00+00:00,0.19656,0.09575
1990-08-30 20:00:00+00:00,0.179025,0.08795
1990-08-30 21:00:00+00:00,0.17220000000000002,0.08485000000000001
1990-08-30 22:00:00+00:00,0.18059999999999998,0.0886
1990-08-30 23:00:00+00:00,0.17514000000000002,0.0862
1990-08-31 00:00:00+00:00,0.17703000000000002,0.08704999999999999
1990-08-31 01:00:00+00:00,0.17745,0.0872
1990-08-31 02:00:00+00:00,0.18144,0.089
1990-08-31 03:00:00+00:00,0.173145,0.0853
1990-08-31 04:00:00+00:00,0.16233,0.08045
1990-08-31 05:00:00+00:00,0.18249,0.0895
1990-08-31 06:00:00+00:00,0.189315,0.09255
1990-08-31 07:00:00+00:00,0.1848,0.0905
1990-08-31 08:00:00+00:00,0.17088750000000003,0.08429999999999999
1990-08-31 09:00:00+00:00,0.16022999999999998,0.07955
1990-08-31 10:00:00+00:00,0.138075,0.0696
1990-08-31 11:00:00+00:00,0.107205,0.05575
1990-08-31 12:00:00+00:00,0.08316,0.04505
1990-08-31 13:00:00+00:00,0.04998,0.030199999999999998
1990-08-31 14:00:00+00:00,0.0795375,0.043399999999999994
1990-08-31 15:00:00+00:00,0.29106,0.135
1990-08-31 16:00:00+00:00,0.34340249999999994,0.15839999999999999
1990-08-31 17:00:00+00:00,0.38766,0.17825
1990-08-31 18:00:00+00:00,0.21640500000000001,0.10464999999999999
1990-08-31 19:00:00+00:00,0.19267499999999999,0.09405
1990-08-31 20:00:00+00:00,0.16799999999999998,0.08299999999999999
1990-08-31 21:00:00+00:00,0.14637,0.07335
1990-08-31 22:00:00+00:00,0.17115,0.08445
1990-08-31 23:00:00+00:00,0.15225,0.07594999999999999
1990-09-01 00:00:00+00:00,0.14049,0.0707
1990-09-01 01:00:00+00:00,0.12516,0.06385
1990-09-01 02:00:00+00:00,0.1092,0.0567
1990-09-01 03:00:00+00:00,0.1155,0.059500000000000004
1990-09-01 04:00:00+00:00,0.12179999999999999,0.062299999999999994
1990-09-01 05:00:00+00:00,0.11707499999999998,0.0602
1990-09-01 06:00:00+00:00,0.11088,0.05740000000000001
1990-09-01 07:00:00+00:00,0.07244999999999999,0.04025
1990-09-01 08:00:00+00:00,0.0315,0.0219
1990-09-01 09:00:00+00:00,0.0286125,0.0206
1990-09-01 10:00:00+00:00,0.04515,0.028
1990-09-01 11:00:00+00:00,0.047985,0.029249999999999998
1990-09-01 12:00:00+00:00,0.050085000000000005,0.030199999999999998
1990-09-01 13:00:00+00:00,0.0588525,0.03415
1990-09-01 14:00:00+00:00,0.0725025,0.04025000000000001
1990-09-01 15:00:00+00:00,0.303555,0.14055
1990-09-01 16:00:00+00:00,0.35343,0.1629
1990-09-01 17:00:00+00:00,0.3675,0.16920000000000002
1990-09-01 18:00:00+00:00,0.20606250000000004,0.10005
1990-09-01 19:00:00+00:00,0.1944075,0.0948
1990-09-01 20:00:00+00:00,0.1925175,0.09395
1990-09-01 21:00:00+00:00,0.17220000000000002,0.08485000000000001
1990-09-01 22:00:00+00:00,0.16905,0.08345
1990-09-01 23:00:00+00:00,0.18059999999999998,0.08865
1990-09-02 00:00:00+00:00,0.1650075,0.08165
1990-09-02 01:00:00+00:00,0.16254000000000002,0.08055
1990-09-02 02:00:00+00:00,0.15435,0.0769
1990-09-02 03:00:00+00:00,0.15996749999999998,0.0794
1990-09-02 04:00:00+00:00,0.18585000000000002,0.091
1990-09-02 05:00:00+00:00,0.21336,0.1033
1990-09-02 06:00:00+00:00,0.2268,0.10930000000000001
1990-09-02 07:00:00+00:00,0.2083725,0.10105
1990-09-02 08:00:00+00:00,0.192465,0.09395
1990-09-02 09:00:00+00:00,0.18301499999999998,0.0897
1990-09-02 10:00:00+00:00,0.1659,0.0821
1990-09-02 11:00:00+00:00,0.16505999999999998,0.08170000000000001
1990-09-02 12:00:00+00:00,0.1714125,0.08449999999999999
1990-09-02 13:00:00+00:00,0.1814925,0.08904999999999999
1990-09-02 14:00:00+00:00,0.178815,0.08785000000000001
1990-09-02 15:00:00+00:00,0.3570525,0.16449999999999998
1990-09-02 16:00:00+00:00,0.39375,0.18095
1990-09-02 17:00:00+00:00,0.40425,0.18565000000000004
1990-09-02 18:00:00+00:00,0.25431000000000004,0.12165
1990-09-02 19:00:00+00:00,0.24359999999999998,0.11685000000000001
1990-09-02 20:00:00+00:00,0.20926499999999998,0.10144999999999998
1990-09-02 21:00:00+00:00,0.19005,0.0929
1990-09-02 22:00:00+00:00,0.16952250000000002,0.0837
1990-09-02 23:00:00+00:00,0.167475,0.08275
1990-09-03 00:00:00+00:00,0.16275,0.08065
1990-09-03 01:00:00+00:00,0.156975,0.0781
1990-09-03 02:00:00+00:00,0.15886499999999998,0.07894999999999999
1990-09-03 03:00:00+00:00,0.164325,0.08135
1990-09-03 04:00:00+00:00,0.19907999999999998,0.09690000000000001
1990-09-03 05:00:00+00:00,0.236775,0.11374999999999999
1990-09-03 06:00:00+00:00,0.2289,0.11030000000000001
1990-09-03 07:00:00+00:00,0.21693,0.10490000000000001
1990-09-03 08:00:00+00:00,0.197715,0.0963
1990-09-03 09:00:00+00:00,0.1758225,0.0865
1990-09-03 10:00:00+00:00,0.161385,0.08005
1990-09-03 11:00:00+00:00,0.1616475,0.08015
1990-09-03 12:00:00+00:00,0.16107,0.0799
1990-09-03 13:00:00+00:00,0.15666000000000002,0.0779
1990-09-03 14:00:00+00:00,0.171045,0.08439999999999999
1990-09-03 15:00:00+00:00,0.32445,0.14995
1990-09-03 16:00:00+00:00,0.3533775,0.1629
1990-09-03 17:00:00+00:00,0.3789975,0.17435
1990-09-03 18:00:00+00:00,0.2478,0.11875
1990-09-03 19:00:00+00:00,0.25095,0.1201
1990-09-03 20:00:00+00:00,0.22506749999999998,0.10855
1990-09-03 21:00:00+00:00,0.18884250000000002,0.09235
1990-09-03 22:00:00+00:00,0.1869,0.0915
1990-09-03 23:00:00+00:00,0.1639575,0.08115
1990-09-04 00:00:00+00:00,0.160965,0.07980000000000001
1990-09-04 01:00:00+00:00,0.160965,0.07980000000000001
1990-09-04 02:00:00+00:00,0.150255,0.07505
1990-09-04 03:00:00+00:00,0.160965,0.07980000000000001
1990-09-04 04:00:00+00:00,0.17545500000000003,0.08635
1990-09-04 05:00:00+00:00,0.209685,0.1017
1990-09-04 06:00:00+00:00,0.23016,0.11085
1990-09-04 07:00:00+00:00,0.22071000000000002,0.10655
1990-09-04 08:00:00+00:00,0.20579999999999998,0.0999
1990-09-04 09:00:00+00:00,0.169155,0.0835
1990-09-04 10:00:00+00:00,0.160965,0.07980000000000001
1990-09-04 11:00:00+00:00,0.1628025,0.08065
1990-09-04 12:00:00+00:00,0.16049249999999998,0.0796
1990-09-04 13:00:00+00:00,0.1630125,0.08075
1990-09-04 14:00:00+00:00,0.17629499999999998,0.08675
1990-09-04 15:00:00+00:00,0.336525,0.15535
1990-09-04 16:00:00+00:00,0.37905,0.17435
1990-09-04 17:00:00+00:00,0.37275,0.17154999999999998
1990-09-04 18:00:00+00:00,0.22995,0.11075
1990-09-04 19:00:00+00:00,0.21719249999999998,0.10500000000000001
1990-09-04 20:00:00+00:00,0.1828575,0.0896
1990-09-04 21:00:00+00:00,0.16957500000000003,0.0837
1990-09-04 22:00:00+00:00,0.1716225,0.08465
1990-09-04 23:00:00+00:00,0.17534999999999998,0.08629999999999999
1990-09-05 00:00:00+00:00,0.17120249999999998,0.0844
1990-09-05 01:00:00+00:00,0.1599675,0.0794
1990-09-05 02:00:00+00:00,0.15461249999999999,0.07705000000000001
1990-09-05 03:00:00+00:00,0.14658,0.07339999999999999
1990-09-05 04:00:00+00:00,0.16275,0.08065
1990-09-05 05:00:00+00:00,0.18984,0.09275
1990-09-05 06:00:00+00:00,0.21105,0.10225000000000001
1990-09-05 07:00:00+00:00,0.18427500000000002,0.0903
1990-09-05 08:00:00+00:00,0.18196500000000002,0.08925
1990-09-05 09:00:00+00:00,0.17282999999999998,0.0852
1990-09-05 10:00:00+00:00,0.1726725,0.0851
1990-09-05 11:00:00+00:00,0.1764,0.08675000000000001
1990-09-05 12:00:00+00:00,0.1548225,0.0771
1990-09-05 13:00:00+00:00,0.1386,0.06985
1990-09-05 14:00:00+00:00,0.145845,0.0731
1990-09-05 15:00:00+00:00,0.2873325,0.13335
1990-09-05 16:00:00+00:00,0.31353,0.14505
1990-09-05 17:00:00+00:00,0.33348,0.154
1990-09-05 18:00:00+00:00,0.18322500000000003,0.08984999999999999
1990-09-05 19:00:00+00:00,0.16842000000000001,0.0832
1990-09-05 20:00:00+00:00,0.151515,0.0756
1990-09-05 21:00:00+00:00,0.1349775,0.0682
1990-09-05 22:00:00+00:00,0.143955,0.07225000000000001
1990-09-05 23:00:00+00:00,0.1314075,0.06665
1990-09-06 00:00:00+00:00,0.11634,0.059899999999999995
1990-09-06 01:00:00+00:00,0.1038975,0.0543
1990-09-06 02:00:00+00:00,0.105,0.0548
1990-09-06 03:00:00+00:00,0.1362375,0.0688
1990-09-06 04:00:00+00:00,0.161805,0.0802
1990-09-06 05:00:00+00:00,0.200025,0.09734999999999999
1990-09-06 06:00:00+00:00,0.1911,0.0933
1990-09-06 07:00:00+00:00,0.18795,0.09190000000000001
1990-09-06 08:00:00+00:00,0.18291000000000002,0.08965000000000001
1990-09-06 09:00:00+00:00,0.1782375,0.0876
1990-09-06 10:00:00+00:00,0.166635,0.0824
1990-09-06 11:00:00+00:00,0.17535,0.0863
1990-09-06 12:00:00+00:00,0.16815750000000002,0.08305
1990-09-06 13:00:00+00:00,0.15587250000000002,0.07755
1990-09-06 14:00:00+00:00,0.14952,0.07475000000000001
1990-09-06 15:00:00+00:00,0.3066,0.14195
1990-09-06 16:00:00+00:00,0.338205,0.15610000000000002
1990-09-06 17:00:00+00:00,0.35458500000000004,0.1634
1990-09-06 18:00:00+00:00,0.21546,0.10425
1990-09-06 19:00:00+00:00,0.1833825,0.08985
1990-09-06 20:00:00+00:00,0.18291000000000002,0.08965000000000001
1990-09-06 21:00:00+00:00,0.1773975,0.0872
1990-09-06 22:00:00+00:00,0.18018,0.08845
1990-09-06 23:00:00+00:00,0.17955,0.0882
1990-09-07 00:00:00+00:00,0.16464,0.08149999999999999
1990-09-07 01:00:00+00:00,0.1491,0.07455
1990-09-07 02:00:00+00:00,0.1569225,0.07800000000000001
1990-09-07 03:00:00+00:00,0.1584975,0.07875
1990-09-07 04:00:00+00:00,0.15833999999999998,0.07869999999999999
1990-09-07 05:00:00+00:00,0.18059999999999998,0.08865
1990-09-07 06:00:00+00:00,0.1616475,0.08015
1990-09-07 07:00:00+00:00,0.1635375,0.081
1990-09-07 08:00:00+00:00,0.19383,0.0946
1990-09-07 09:00:00+00:00,0.194565,0.0949
1990-09-07 10:00:00+00:00,0.18480000000000002,0.09055
1990-09-07 11:00:00+00:00,0.18585,0.091
1990-09-07 12:00:00+00:00,0.15807749999999998,0.07855000000000001
1990-09-07 13:00:00+00:00,0.1750875,0.0862
1990-09-07 14:00:00+00:00,0.1739325,0.08565
1990-09-07 15:00:00+00:00,0.33494999999999997,0.15460000000000002
1990-09-07 16:00:00+00:00,0.38325,0.17625000000000002
1990-09-07 17:00:00+00:00,0.3833025,0.17625000000000002
1990-09-07 18:00:00+00:00,0.23478000000000002,0.1129
1990-09-07 19:00:00+00:00,0.20096999999999998,0.0978
1990-09-07 20:00:00+00:00,0.1680525,0.08304999999999998
1990-09-07 21:00:00+00:00,0.18002249999999997,0.0884
1990-09-07 22:00:00+00:00,0.205485,0.0998
1990-09-07 23:00:00+00:00,0.19792500000000002,0.09640000000000001
1990-09-08 00:00:00+00:00,0.18899999999999997,0.0924
1990-09-08 01:00:00+00:00,0.16311750000000003,0.0808
1990-09-08 02:00:00+00:00,0.1578675,0.07844999999999999
1990-09-08 03:00:00+00:00,0.156135,0.07769999999999999
1990-09-08 04:00:00+00:00,0.149205,0.0746
1990-09-08 05:00:00+00:00,0.1517775,0.07575
1990-09-08 06:00:00+00:00,0.1408575,0.07085
1990-09-08 07:00:00+00:00,0.1526175,0.0761
1990-09-08 08:00:00+00:00,0.18858000000000003,0.0922
1990-09-08 09:00:00+00:00,0.18942,0.09255
1990-09-08 10:00:00+00:00,0.191415,0.09345
1990-09-08 11:00:00+00:00,0.17566500000000002,0.08645
1990-09-08 12:00:00+00:00,0.1512,0.0755
1990-09-08 13:00:00+00:00,0.125685,0.06405
1990-09-08 14:00:00+00:00,0.13125,0.06655
1990-09-08 15:00:00+00:00,0.29883000000000004,0.13845000000000002
1990-09-08 16:00:00+00:00,0.32445,0.1499
1990-09-08 17:00:00+00:00,0.34797,0.16045
1990-09-08 18:00:00+00:00,0.2055375,0.0998
1990-09-08 19:00:00+00:00,0.19005,0.0929
1990-09-08 20:00:00+00:00,0.1659,0.0821
1990-09-08 21:00:00+00:00,0.1552425,0.07730000000000001
1990-09-08 22:00:00+00:00,0.17304,0.08524999999999999
1990-09-08 23:00:00+00:00,0.1596,0.07925
1990-09-09 00:00:00+00:00,0.15445499999999998,0.07690000000000001
1990-09-09 01:00:00+00:00,0.14547749999999998,0.07289999999999999
1990-09-09 02:00:00+00:00,0.149835,0.07485
1990-09-09 03:00:00+00:00,0.1431675,0.0719
1990-09-09 04:00:00+00:00,0.14448,0.07245
1990-09-09 05:00:00+00:00,0.1869,0.0915
1990-09-09 06:00:00+00:00,0.22596,0.10894999999999999
1990-09-09 07:00:00+00:00,0.22658999999999999,0.10925
1990-09-09 08:00:00+00:00,0.18795,0.0919
1990-09-09 09:00:00+00:00,0.155295,0.07730000000000001
1990-09-09 10:00:00+00:00,0.14437499999999998,0.07239999999999999
1990-09-09 11:00:00+00:00,0.14279999999999998,0.07175000000000001
1990-09-09 12:00:00+00:00,0.1407,0.0708
1990-09-09 13:00:00+00:00,0.14080499999999999,0.07085
1990-09-09 14:00:00+00:00,0.1386,0.06985
1990-09-09 15:00:00+00:00,0.29085,0.13490000000000002
1990-09-09 16:00:00+00:00,0.331275,0.15299999999999997
1990-09-09 17:00:00+00:00,0.371805,0.17115
1990-09-09 18:00:00+00:00,0.20847749999999998,0.1011
1990-09-09 19:00:00+00:00,0.1638,0.0811
1990-09-09 20:00:00+00:00,0.1436925,0.07214999999999999
1990-09-09 21:00:00+00:00,0.13083,0.06634999999999999
1990-09-09 22:00:00+00:00,0.1428,0.0717
1990-09-09 23:00:00+00:00,0.08399999999999999,0.045399999999999996
1990-09-10 00:00:00+00:00,0.04305,0.027049999999999998
1990-09-10 01:00:00+00:00,0.006195,0.01055
1990-09-10 02:00:00+00:00,0.0058275,0.010400000000000001
1990-09-10 03:00:00+00:00,0.020999999999999998,0.0172
1990-09-10 04:00:00+00:00,0.0177975,0.01575
1990-09-10 05:00:00+00:00,0.0651525,0.037
1990-09-10 06:00:00+00:00,0.11823,0.060700000000000004
1990-09-10 07:00:00+00:00,0.10605,0.05525
1990-09-10 08:00:00+00:00,0.09029999999999999,0.0482
1990-09-10 09:00:00+00:00,0.0172725,0.01555
1990-09-10 10:00:00+00:00,0.00010500000000000006,0.0078
1990-09-10 11:00:00+00:00,0.01386,0.014
1990-09-10 12:00:00+00:00,0.01218,0.013249999999999998
1990-09-10 13:00:00+00:00,0.014595,0.014349999999999998
1990-09-10 14:00:00+00:00,0.009975000000000001,0.01225
1990-09-10 15:00:00+00:00,0.22050000000000003,0.1034
1990-09-10 16:00:00+00:00,0.3102225,0.1436
1990-09-10 17:00:00+00:00,0.33159000000000005,0.1531
1990-09-10 18:00:00+00:00,0.1995525,0.09715
1990-09-10 19:00:00+00:00,0.20653499999999997,0.10024999999999999
1990-09-10 20:00:00+00:00,0.17765999999999998,0.0873
1990-09-10 21:00:00+00:00,0.11130000000000001,0.0576
1990-09-10 22:00:00+00:00,0.0590625,0.034249999999999996
1990-09-10 23:00:00+00:00,0.02982,0.02115
1990-09-11 00:00:00+00:00,0.027299999999999998,0.02005
1990-09-11 01:00:00+00:00,0.036645000000000004,0.0242
1990-09-11 02:00:00+00:00,0.032130000000000006,0.022150000000000003
1990-09-11 03:00:00+00:00,0.0322875,0.02225
1990-09-11 04:00:00+00:00,0.0534975,0.0317
1990-09-11 05:00:00+00:00,0.17272500000000002,0.08515
1990-09-11 06:00:00+00:00,0.19782,0.09634999999999999
1990-09-11 07:00:00+00:00,0.1827,0.08960000000000001
1990-09-11 08:00:00+00:00,0.12941249999999999,0.06575
1990-09-11 09:00:00+00:00,0.1001175,0.0526
1990-09-11 10:00:00+00:00,0.087885,0.047150000000000004
1990-09-11 11:00:00+00:00,0.085785,0.0462
1990-09-11 12:00:00+00:00,0.07591500000000001,0.041800000000000004
1990-09-11 13:00:00+00:00,0.07350000000000001,0.0407
1990-09-11 14:00:00+00:00,0.09659999999999999,0.05105
1990-09-11 15:00:00+00:00,0.3003,0.1391
1990-09-11 16:00:00+00:00,0.32130000000000003,0.14855000000000002
1990-09-11 17:00:00+00:00,0.35836499999999993,0.16515000000000002
1990-09-11 18:00:00+00:00,0.21483,0.10400000000000001
1990-09-11 19:00:00+00:00,0.19362000000000001,0.09445
1990-09-11 20:00:00+00:00,0.173775,0.08555
1990-09-11 21:00:00+00:00,0.17115000000000002,0.0844
1990-09-11 22:00:00+00:00,0.15267,0.07615
1990-09-11 23:00:00+00:00,0.145425,0.07289999999999999
1990-09-12 00:00:00+00:00,0.14238,0.07155
1990-09-12 01:00:00+00:00,0.13062,0.0663
1990-09-12 02:00:00+00:00,0.1242675,0.06345
1990-09-12 03:00:00+00:00,0.14133,0.07105
1990-09-12 04:00:00+00:00,0.1622775,0.08045
1990-09-12 05:00:00+00:00,0.21105000000000002,0.10225000000000001
1990-09-12 06:00:00+00:00,0.24055500000000002,0.11545
1990-09-12 07:00:00+00:00,0.1978725,0.09635
1990-09-12 08:00:00+00:00,0.159495,0.07915
1990-09-12 09:00:00+00:00,0.1397025,0.0703
1990-09-12 10:00:00+00:00,0.14217000000000002,0.07145
1990-09-12 11:00:00+00:00,0.14542499999999997,0.07289999999999999
1990-09-12 12:00:00+00:00,0.14406,0.0723
1990-09-12 13:00:00+00:00,0.148575,0.0743
1990-09-12 14:00:00+00:00,0.148575,0.07429999999999999
1990-09-12 15:00:00+00:00,0.3268125,0.151
1990-09-12 16:00:00+00:00,0.322875,0.14925
1990-09-12 17:00:00+00:00,0.377055,0.1735
1990-09-12 18:00:00+00:00,0.224595,0.10830000000000001
1990-09-12 19:00:00+00:00,0.20527499999999999,0.0997
1990-09-12 20:00:00+00:00,0.17592750000000001,0.08655
1990-09-12 21:00:00+00:00,0.168735,0.08335000000000001
1990-09-12 22:00:00+00:00,0.1743,0.08585000000000001
1990-09-12 23:00:00+00:00,0.1568175,0.078
1990-09-13 00:00:00+00:00,0.154455,0.07694999999999999
1990-09-13 01:00:00+00:00,0.152775,0.07619999999999999
1990-09-13 02:00:00+00:00,0.15267000000000003,0.0761
1990-09-13 03:00:00+00:00,0.15161999999999998,0.07565
1990-09-13 04:00:00+00:00,0.175875,0.0865
1990-09-13 05:00:00+00:00,0.22260000000000002,0.10744999999999999
1990-09-13 06:00:00+00:00,0.24171000000000004,0.116
1990-09-13 07:00:00+00:00,0.21162749999999997,0.10250000000000001
1990-09-13 08:00:00+00:00,0.17997000000000002,0.08835000000000001
1990-09-13 09:00:00+00:00,0.1614375,0.0801
1990-09-13 10:00:00+00:00,0.1554525,0.07735
1990-09-13 11:00:00+00:00,0.1536675,0.0766
1990-09-13 12:00:00+00:00,0.14721,0.0737
1990-09-13 13:00:00+00:00,0.1517775,0.07575000000000001
1990-09-13 14:00:00+00:00,0.15813,0.07855
1990-09-13 15:00:00+00:00,0.3173625,0.14675
1990-09-13 16:00:00+00:00,0.34482,0.15904999999999997
1990-09-13 17:00:00+00:00,0.357945,0.1649
1990-09-13 18:00:00+00:00,0.21719249999999998,0.10500000000000001
1990-09-13 19:00:00+00:00,0.2032275,0.09875
1990-09-13 20:00:00+00:00,0.1483125,0.07419999999999999
1990-09-13 21:00:00+00:00,0.14553,0.07294999999999999
1990-09-13 22:00:00+00:00,0.18375,0.09004999999999999
1990-09-13 23:00:00+00:00,0.18075750000000002,0.0887
1990-09-14 00:00:00+00:00,0.16968,0.08374999999999999
1990-09-14 01:00:00+00:00,0.151515,0.0756
1990-09-14 02:00:00+00:00,0.11213999999999999,0.057999999999999996
1990-09-14 03:00:00+00:00,0.11130000000000001,0.0576
1990-09-14 04:00:00+00:00,0.114345,0.059000000000000004
1990-09-14 05:00:00+00:00,0.17367,0.08549999999999999
1990-09-14 06:00:00+00:00,0.18648,0.09129999999999999
1990-09-14 07:00:00+00:00,0.17188499999999998,0.08474999999999999
1990-09-14 08:00:00+00:00,0.1483125,0.0742
1990-09-14 09:00:00+00:00,0.09029999999999999,0.0482
1990-09-14 10:00:00+00:00,0.014700000000000001,0.0144
1990-09-14 11:00:00+00:00,0.00105,0.00825
1990-09-14 12:00:00+00:00,-0.0022050000000000004,0.0068
1990-09-14 13:00:00+00:00,-0.0009975,0.007350000000000001
1990-09-14 14:00:00+00:00,0.01701,0.0154
1990-09-14 15:00:00+00:00,0.24339,0.11365
1990-09-14 16:00:00+00:00,0.30901500000000004,0.14305
1990-09-14 17:00:00+00:00,0.35700000000000004,0.16449999999999998
1990-09-14 18:00:00+00:00,0.19341000000000003,0.09435000000000002
1990-09-14 19:00:00+00:00,0.188055,0.092
1990-09-14 20:00:00+00:00,0.17052,0.08410000000000001
1990-09-14 21:00:00+00:00,0.16296,0.08074999999999999
1990-09-14 22:00:00+00:00,0.13545000000000001,0.06845
1990-09-14 23:00:00+00:00,0.1197,0.06135
1990-09-15 00:00:00+00:00,0.100275,0.0527
1990-09-15 01:00:00+00:00,0.11844,0.06080000000000001
1990-09-15 02:00:00+00:00,0.11991,0.0615
1990-09-15 03:00:00+00:00,0.12032999999999999,0.061649999999999996
1990-09-15 04:00:00+00:00,0.12337499999999998,0.06305
1990-09-15 05:00:00+00:00,0.14343,0.07200000000000001
1990-09-15 06:00:00+00:00,0.161385,0.08004999999999998
1990-09-15 07:00:00+00:00,0.16002,0.0794
1990-09-15 08:00:00+00:00,0.17850000000000002,0.0877
1990-09-15 09:00:00+00:00,0.17220000000000002,0.0849
1990-09-15 10:00:00+00:00,0.16395749999999998,0.0812
1990-09-15 11:00:00+00:00,0.168,0.083
1990-09-15 12:00:00+00:00,0.17141250000000002,0.08455
1990-09-15 13:00:00+00:00,0.16485,0.0816
1990-09-15 14:00:00+00:00,0.1701,0.08395
1990-09-15 15:00:00+00:00,0.29925,0.13865
1990-09-15 16:00:00+00:00,0.34030499999999997,0.15705
1990-09-15 17:00:00+00:00,0.38587499999999997,0.17745
1990-09-15 18:00:00+00:00,0.231,0.1112
1990-09-15 19:00:00+00:00,0.20201999999999998,0.09825
1990-09-15 20:00:00+00:00,0.19404,0.0947
1990-09-15 21:00:00+00:00,0.17031000000000002,0.08405000000000001
1990-09-15 22:00:00+00:00,0.1617,0.0802
1990-09-15 23:00:00+00:00,0.1491,0.0745
1990-09-16 00:00:00+00:00,0.14532,0.07285
1990-09-16 01:00:00+00:00,0.147,0.0736
1990-09-16 02:00:00+00:00,0.14805000000000001,0.07405
1990-09-16 03:00:00+00:00,0.14489999999999997,0.07264999999999999
1990-09-16 04:00:00+00:00,0.16863,0.0833
1990-09-16 05:00:00+00:00,0.22349249999999998,0.10785
1990-09-16 06:00:00+00:00,0.25326000000000004,0.1212
1990-09-16 07:00:00+00:00,0.21997500000000003,0.10625
1990-09-16 08:00:00+00:00,0.193305,0.0943
1990-09-16 09:00:00+00:00,0.162435,0.08049999999999999
1990-09-16 10:00:00+00:00,0.158445,0.0787
1990-09-16 11:00:00+00:00,0.15435,0.0769
1990-09-16 12:00:00+00:00,0.15141,0.0756
1990-09-16 13:00:00+00:00,0.15225,0.07594999999999999
1990-09-16 14:00:00+00:00,0.14710499999999999,0.07365
1990-09-16 15:00:00+00:00,0.3087,0.1429
1990-09-16 16:00:00+00:00,0.353745,0.16305
1990-09-16 17:00:00+00:00,0.3722775,0.1713
1990-09-16 18:00:00+00:00,0.22554000000000002,0.10875
1990-09-16 19:00:00+00:00,0.2123625,0.10285
1990-09-16 20:00:00+00:00,0.1594425,0.07915
1990-09-16 21:00:00+00:00,0.146055,0.0732
1990-09-16 22:00:00+00:00,0.1654275,0.08184999999999999
1990-09-16 23:00:00+00:00,0.1560825,0.07765
1990-09-17 00:00:00+00:00,0.15015,0.075
1990-09-17 01:00:00+00:00,0.15020250000000002,0.07505
1990-09-17 02:00:00+00:00,0.14915250000000002,0.07455
1990-09-17 03:00:00+00:00,0.16317000000000004,0.0808
1990-09-17 04:00:00+00:00,0.17556,0.0864
1990-09-17 05:00:00+00:00,0.20265,0.0985
1990-09-17 06:00:00+00:00,0.23856,0.1146
1990-09-17 07:00:00+00:00,0.20076,0.09764999999999999
1990-09-17 08:00:00+00:00,0.1646925,0.0815
1990-09-17 09:00:00+00:00,0.14909999999999998,0.07455
1990-09-17 10:00:00+00:00,0.14489999999999997,0.07264999999999999
1990-09-17 11:00:00+00:00,0.14468999999999999,0.07255
1990-09-17 12:00:00+00:00,0.1407,0.07075000000000001
1990-09-17 13:00:00+00:00,0.14185499999999998,0.0713
1990-09-17 14:00:00+00:00,0.1421175,0.07139999999999999
1990-09-17 15:00:00+00:00,0.31347749999999996,0.145
1990-09-17 16:00:00+00:00,0.357315,0.16465
1990-09-17 17:00:00+00:00,0.38319749999999997,0.17625
1990-09-17 18:00:00+00:00,0.2163,0.10460000000000001
1990-09-17 19:00:00+00:00,0.18217500000000003,0.08929999999999999
1990-09-17 20:00:00+00:00,0.15539999999999998,0.07735
1990-09-17 21:00:00+00:00,0.15855,0.0788
1990-09-17 22:00:00+00:00,0.1596,0.07924999999999999
1990-09-17 23:00:00+00:00,0.151515,0.07565
1990-09-18 00:00:00+00:00,0.1407,0.07075000000000001
1990-09-18 01:00:00+00:00,0.147,0.0736
1990-09-18 02:00:00+00:00,0.142485,0.07155
1990-09-18 03:00:00+00:00,0.14889,0.07445
1990-09-18 04:00:00+00:00,0.17115000000000002,0.0844
1990-09-18 05:00:00+00:00,0.19488,0.095
1990-09-18 06:00:00+00:00,0.2324175,0.11185
1990-09-18 07:00:00+00:00,0.19467,0.09495
1990-09-18 08:00:00+00:00,0.168315,0.08315
1990-09-18 09:00:00+00:00,0.1565025,0.07785
1990-09-18 10:00:00+00:00,0.14784,0.074
1990-09-18 11:00:00+00:00,0.140175,0.07055
1990-09-18 12:00:00+00:00,0.1407,0.07075000000000001
1990-09-18 13:00:00+00:00,0.13965,0.07035
1990-09-18 14:00:00+00:00,0.1350825,0.0683
1990-09-18 15:00:00+00:00,0.29022,0.1346
1990-09-18 16:00:00+00:00,0.345765,0.1595
1990-09-18 17:00:00+00:00,0.3789975,0.17435
1990-09-18 18:00:00+00:00,0.20748,0.10064999999999999
1990-09-18 19:00:00+00:00,0.17556,0.08635
1990-09-18 20:00:00+00:00,0.1632225,0.08085
1990-09-18 21:00:00+00:00,0.16275,0.08065
1990-09-18 22:00:00+00:00,0.141855,0.0713
1990-09-18 23:00:00+00:00,0.143955,0.07225000000000001
1990-09-19 00:00:00+00:00,0.14332499999999998,0.07195
1990-09-19 01:00:00+00:00,0.14384999999999998,0.0722
1990-09-19 02:00:00+00:00,0.14028,0.0706
1990-09-19 03:00:00+00:00,0.14742,0.0738
1990-09-19 04:00:00+00:00,0.1511475,0.0755
1990-09-19 05:00:00+00:00,0.189315,0.0925
1990-09-19 06:00:00+00:00,0.20265,0.0985
1990-09-19 07:00:00+00:00,0.20223,0.09834999999999999
1990-09-19 08:00:00+00:00,0.19404,0.09465000000000001
1990-09-19 09:00:00+00:00,0.17892000000000002,0.08785000000000001
1990-09-19 10:00:00+00:00,0.1499925,0.07495
1990-09-19 11:00:00+00:00,0.1482075,0.07415
1990-09-19 12:00:00+00:00,0.139125,0.07005
1990-09-19 13:00:00+00:00,0.143325,0.07195
1990-09-19 14:00:00+00:00,0.14327250000000002,0.07189999999999999
1990-09-19 15:00:00+00:00,0.30208500000000005,0.1399
1990-09-19 16:00:00+00:00,0.3479175,0.16044999999999998
1990-09-19 17:00:00+00:00,0.374325,0.17225000000000001
1990-09-19 18:00:00+00:00,0.2077425,0.1008
1990-09-19 19:00:00+00:00,0.18564,0.09090000000000001
1990-09-19 20:00:00+00:00,0.16012500000000002,0.07950000000000002
1990-09-19 21:00:00+00:00,0.1502025,0.07505
1990-09-19 22:00:00+00:00,0.185745,0.09095
1990-09-19 23:00:00+00:00,0.151935,0.0758
1990-09-20 00:00:00+00:00,0.1344,0.068
1990-09-20 01:00:00+00:00,0.134295,0.06795000000000001
1990-09-20 02:00:00+00:00,0.1359225,0.0686
1990-09-20 03:00:00+00:00,0.14154,0.07114999999999999
1990-09-20 04:00:00+00:00,0.173145,0.08535000000000001
1990-09-20 05:00:00+00:00,0.190995,0.0933
1990-09-20 06:00:00+00:00,0.199395,0.09705
1990-09-20 07:00:00+00:00,0.200445,0.09755
1990-09-20 08:00:00+00:00,0.19424999999999998,0.09475
1990-09-20 09:00:00+00:00,0.17125500000000002,0.08445
1990-09-20 10:00:00+00:00,0.16610999999999998,0.08215
1990-09-20 11:00:00+00:00,0.144585,0.07255
1990-09-20 12:00:00+00:00,0.13587,0.06865
1990-09-20 13:00:00+00:00,0.12999,0.066
1990-09-20 14:00:00+00:00,0.126,0.06420000000000001
1990-09-20 15:00:00+00:00,0.298935,0.1385
1990-09-20 16:00:00+00:00,0.3486,0.16075
1990-09-20 17:00:00+00:00,0.3885,0.17859999999999998
1990-09-20 18:00:00+00:00,0.215775,0.10439999999999999
1990-09-20 19:00:00+00:00,0.16695,0.08249999999999999
1990-09-20 20:00:00+00:00,0.16275,0.08065
1990-09-20 21:00:00+00:00,0.1566075,0.0779
1990-09-20 22:00:00+00:00,0.14595,0.07314999999999999
1990-09-20 23:00:00+00:00,0.159285,0.0791
1990-09-21 00:00:00+00:00,0.15020250000000002,0.07505
1990-09-21 01:00:00+00:00,0.15477000000000002,0.0771
1990-09-21 02:00:00+00:00,0.16338000000000003,0.0809
1990-09-21 03:00:00+00:00,0.15781499999999998,0.0784
1990-09-21 04:00:00+00:00,0.1764,0.08675000000000001
1990-09-21 05:00:00+00:00,0.1767675,0.08695
1990-09-21 06:00:00+00:00,0.1491,0.07455
1990-09-21 07:00:00+00:00,0.14805000000000001,0.07405
1990-09-21 08:00:00+00:00,0.17913,0.088
1990-09-21 09:00:00+00:00,0.16716,0.0826
1990-09-21 10:00:00+00:00,0.15204,0.07585
1990-09-21 11:00:00+00:00,0.1405425,0.0707
1990-09-21 12:00:00+00:00,0.1323,0.067
1990-09-21 13:00:00+00:00,0.13167,0.06675
1990-09-21 14:00:00+00:00,0.13303500000000001,0.06735
1990-09-21 15:00:00+00:00,0.3184125,0.1472
1990-09-21 16:00:00+00:00,0.36939,0.17004999999999998
1990-09-21 17:00:00+00:00,0.36687,0.1689
1990-09-21 18:00:00+00:00,0.20548499999999997,0.0998
1990-09-21 19:00:00+00:00,0.16842000000000001,0.0832
1990-09-21 20:00:00+00:00,0.156135,0.0777
1990-09-21 21:00:00+00:00,0.15539999999999998,0.07735
1990-09-21 22:00:00+00:00,0.19125750000000002,0.09340000000000001
1990-09-21 23:00:00+00:00,0.171675,0.08465
1990-09-22 00:00:00+00:00,0.1722,0.0849
1990-09-22 01:00:00+00:00,0.16842000000000001,0.0832
1990-09-22 02:00:00+00:00,0.16715999999999998,0.08265
1990-09-22 03:00:00+00:00,0.161805,0.08025
1990-09-22 04:00:00+00:00,0.1662675,0.0822
1990-09-22 05:00:00+00:00,0.169785,0.0838
1990-09-22 06:00:00+00:00,0.15077999999999997,0.0753
1990-09-22 07:00:00+00:00,0.16038750000000002,0.07955
1990-09-22 08:00:00+00:00,0.17724,0.08715
1990-09-22 09:00:00+00:00,0.183645,0.09
1990-09-22 10:00:00+00:00,0.1865325,0.09129999999999999
1990-09-22 11:00:00+00:00,0.19425,0.09475
1990-09-22 12:00:00+00:00,0.188055,0.092
1990-09-22 13:00:00+00:00,0.17220000000000002,0.08485000000000001
1990-09-22 14:00:00+00:00,0.14700000000000002,0.0736
1990-09-22 15:00:00+00:00,0.3066,0.14195000000000002
1990-09-22 16:00:00+00:00,0.362565,0.167
1990-09-22 17:00:00+00:00,0.37621499999999997,0.1731
1990-09-22 18:00:00+00:00,0.22407,0.1081
1990-09-22 19:00:00+00:00,0.1913625,0.09345
1990-09-22 20:00:00+00:00,0.19005,0.09285
1990-09-22 21:00:00+00:00,0.1554,0.07735
1990-09-22 22:00:00+00:00,0.155085,0.0772
1990-09-22 23:00:00+00:00,0.1407,0.07075000000000001
1990-09-23 00:00:00+00:00,0.13965,0.0703
1990-09-23 01:00:00+00:00,0.15036,0.0751
1990-09-23 02:00:00+00:00,0.14343,0.07200000000000001
1990-09-23 03:00:00+00:00,0.14889000000000002,0.07445
1990-09-23 04:00:00+00:00,0.1462125,0.07325000000000001
1990-09-23 05:00:00+00:00,0.16695000000000002,0.08249999999999999
1990-09-23 06:00:00+00:00,0.23309999999999997,0.11215
1990-09-23 07:00:00+00:00,0.214725,0.10389999999999999
1990-09-23 08:00:00+00:00,0.2037,0.099
1990-09-23 09:00:00+00:00,0.19971,0.09720000000000001
1990-09-23 10:00:00+00:00,0.18585,0.091
1990-09-23 11:00:00+00:00,0.19152,0.0935
1990-09-23 12:00:00+00:00,0.1659,0.08205
1990-09-23 13:00:00+00:00,0.1638,0.0811
1990-09-23 14:00:00+00:00,0.16758,0.08279999999999998
1990-09-23 15:00:00+00:00,0.38556,0.1773
1990-09-23 16:00:00+00:00,0.4179,0.19174999999999998
1990-09-23 17:00:00+00:00,0.41895,0.19224999999999998
1990-09-23 18:00:00+00:00,0.26627999999999996,0.127
1990-09-23 19:00:00+00:00,0.20517,0.0996
1990-09-23 20:00:00+00:00,0.16548000000000002,0.0819
1990-09-23 21:00:00+00:00,0.15015,0.075
1990-09-23 22:00:00+00:00,0.159915,0.0794
1990-09-23 23:00:00+00:00,0.14448,0.07250000000000001
1990-09-24 00:00:00+00:00,0.14658,0.07339999999999999
1990-09-24 01:00:00+00:00,0.1386,0.06985
1990-09-24 02:00:00+00:00,0.13681500000000002,0.06905
1990-09-24 03:00:00+00:00,0.137025,0.06915
1990-09-24 04:00:00+00:00,0.16401,0.0812
1990-09-24 05:00:00+00:00,0.170205,0.08399999999999999
1990-09-24 06:00:00+00:00,0.21000000000000002,0.1018
1990-09-24 07:00:00+00:00,0.194145,0.0947
1990-09-24 08:00:00+00:00,0.19529999999999997,0.0952
1990-09-24 09:00:00+00:00,0.1533,0.0764
1990-09-24 10:00:00+00:00,0.14973,0.0748
1990-09-24 11:00:00+00:00,0.148365,0.0742
1990-09-24 12:00:00+00:00,0.14468999999999999,0.07255
1990-09-24 13:00:00+00:00,0.146685,0.0735
1990-09-24 14:00:00+00:00,0.148365,0.0742
1990-09-24 15:00:00+00:00,0.32145749999999995,0.1486
1990-09-24 16:00:00+00:00,0.35689499999999996,0.16445
1990-09-24 17:00:00+00:00,0.37149,0.171
1990-09-24 18:00:00+00:00,0.20685,0.10035
1990-09-24 19:00:00+00:00,0.17062500000000003,0.0842
1990-09-24 20:00:00+00:00,0.15876,0.07885
1990-09-24 21:00:00+00:00,0.13607999999999998,0.06875
1990-09-24 22:00:00+00:00,0.1491,0.0745
1990-09-24 23:00:00+00:00,0.146475,0.07335
1990-09-25 00:00:00+00:00,0.147,0.0736
1990-09-25 01:00:00+00:00,0.14805000000000001,0.07405
1990-09-25 02:00:00+00:00,0.14784,0.07400000000000001
1990-09-25 03:00:00+00:00,0.14826,0.07415
1990-09-25 04:00:00+00:00,0.148365,0.0742
1990-09-25 05:00:00+00:00,0.164955,0.08165
1990-09-25 06:00:00+00:00,0.170835,0.08429999999999999
1990-09-25 07:00:00+00:00,0.20537999999999998,0.0997
1990-09-25 08:00:00+00:00,0.20579999999999998,0.09989999999999999
1990-09-25 09:00:00+00:00,0.20685,0.1004
1990-09-25 10:00:00+00:00,0.18816,0.092
1990-09-25 11:00:00+00:00,0.17913,0.08795
1990-09-25 12:00:00+00:00,0.166215,0.0822
1990-09-25 13:00:00+00:00,0.15708,0.0781
1990-09-25 14:00:00+00:00,0.165165,0.0817
1990-09-25 15:00:00+00:00,0.33809999999999996,0.15605
1990-09-25 16:00:00+00:00,0.39795,0.18285
1990-09-25 17:00:00+00:00,0.39899999999999997,0.1833
1990-09-25 18:00:00+00:00,0.2205,0.1065
1990-09-25 19:00:00+00:00,0.17850000000000002,0.0877
1990-09-25 20:00:00+00:00,0.168525,0.08324999999999999
1990-09-25 21:00:00+00:00,0.17167499999999997,0.08460000000000001
1990-09-25 22:00:00+00:00,0.1701,0.08395
1990-09-25 23:00:00+00:00,0.158445,0.0787
1990-09-26 00:00:00+00:00,0.14049,0.0707
1990-09-26 01:00:00+00:00,0.128625,0.06534999999999999
1990-09-26 02:00:00+00:00,0.11130000000000001,0.05765000000000001
1990-09-26 03:00:00+00:00,0.10332,0.05405
1990-09-26 04:00:00+00:00,0.11691750000000001,0.06015
1990-09-26 05:00:00+00:00,0.15624,0.07775
1990-09-26 06:00:00+00:00,0.1744575,0.0859
1990-09-26 07:00:00+00:00,0.1943025,0.09475
1990-09-26 08:00:00+00:00,0.19740000000000002,0.09615
1990-09-26 09:00:00+00:00,0.18836999999999998,0.09209999999999999
1990-09-26 10:00:00+00:00,0.1560825,0.07765
1990-09-26 11:00:00+00:00,0.1534575,0.0765
1990-09-26 12:00:00+00:00,0.15004499999999998,0.07495
1990-09-26 13:00:00+00:00,0.14658,0.07345
1990-09-26 14:00:00+00:00,0.15015,0.075
1990-09-26 15:00:00+00:00,0.31206,0.14435
1990-09-26 16:00:00+00:00,0.33631500000000003,0.15525
1990-09-26 17:00:00+00:00,0.336,0.15510000000000002
1990-09-26 18:00:00+00:00,0.18007499999999999,0.0884
1990-09-26 19:00:00+00:00,0.1785525,0.0877
1990-09-26 20:00:00+00:00,0.165375,0.0818
1990-09-26 21:00:00+00:00,0.09576,0.05065
1990-09-26 22:00:00+00:00,0.03003,0.021249999999999998
1990-09-26 23:00:00+00:00,-0.0006300000000000001,0.0075
1990-09-27 00:00:00+00:00,-0.00315,0.0063999999999999994
1990-09-27 01:00:00+00:00,-0.0088725,0.00385
1990-09-27 02:00:00+00:00,-0.0076124999999999995,0.0044
1990-09-27 03:00:00+00:00,-0.0071400000000000005,0.0046
1990-09-27 04:00:00+00:00,-0.0035700000000000003,0.0062
1990-09-27 05:00:00+00:00,0.05003250000000001,0.0302
1990-09-27 06:00:00+00:00,0.164955,0.08165
1990-09-27 07:00:00+00:00,0.20632499999999998,0.10014999999999999
1990-09-27 08:00:00+00:00,0.206115,0.1001
1990-09-27 09:00:00+00:00,0.191205,0.0934
1990-09-27 10:00:00+00:00,0.1694175,0.08365
1990-09-27 11:00:00+00:00,0.150255,0.07505
1990-09-27 12:00:00+00:00,0.120015,0.0615
1990-09-27 13:00:00+00:00,0.09849,0.0519
1990-09-27 14:00:00+00:00,0.11508,0.0593
1990-09-27 15:00:00+00:00,0.29473499999999997,0.13665
1990-09-27 16:00:00+00:00,0.31185,0.14429999999999998
1990-09-27 17:00:00+00:00,0.3469725,0.15999999999999998
1990-09-27 18:00:00+00:00,0.21000000000000002,0.1018
1990-09-27 19:00:00+00:00,0.201075,0.0978
1990-09-27 20:00:00+00:00,0.17514,0.0862
1990-09-27 21:00:00+00:00,0.170625,0.0842
1990-09-27 22:00:00+00:00,0.1407,0.0708
1990-09-27 23:00:00+00:00,0.12699749999999999,0.06465
1990-09-28 00:00:00+00:00,0.123375,0.06305
1990-09-28 01:00:00+00:00,0.12043499999999999,0.0617
1990-09-28 02:00:00+00:00,0.119175,0.061149999999999996
1990-09-28 03:00:00+00:00,0.13188,0.0668
1990-09-28 04:00:00+00:00,0.16695000000000002,0.08249999999999999
1990-09-28 05:00:00+00:00,0.1764,0.08675
1990-09-28 06:00:00+00:00,0.183225,0.0898
1990-09-28 07:00:00+00:00,0.19782,0.09634999999999999
1990-09-28 08:00:00+00:00,0.204225,0.0992
1990-09-28 09:00:00+00:00,0.18795,0.09195
1990-09-28 10:00:00+00:00,0.1504125,0.07515
1990-09-28 11:00:00+00:00,0.152775,0.07619999999999999
1990-09-28 12:00:00+00:00,0.1470525,0.0736
1990-09-28 13:00:00+00:00,0.15414,0.07680000000000001
1990-09-28 14:00:00+00:00,0.1450575,0.07275000000000001
1990-09-28 15:00:00+00:00,0.3108525,0.14385
1990-09-28 16:00:00+00:00,0.350175,0.16144999999999998
1990-09-28 17:00:00+00:00,0.396375,0.18215
1990-09-28 18:00:00+00:00,0.24381000000000003,0.11695
1990-09-28 19:00:00+00:00,0.19740000000000002,0.09614999999999999
1990-09-28 20:00:00+00:00,0.175665,0.08645
1990-09-28 21:00:00+00:00,0.1777125,0.08734999999999998
1990-09-28 22:00:00+00:00,0.2029125,0.09865
1990-09-28 23:00:00+00:00,0.17792249999999998,0.08745
1990-09-29 00:00:00+00:00,0.172725,0.08515
1990-09-29 01:00:00+00:00,0.177765,0.08735000000000001
1990-09-29 02:00:00+00:00,0.168735,0.08335000000000001
1990-09-29 03:00:00+00:00,0.14826,0.07415
1990-09-29 04:00:00+00:00,0.1491,0.0745
1990-09-29 05:00:00+00:00,0.1594425,0.0792
1990-09-29 06:00:00+00:00,0.15351,0.0765
1990-09-29 07:00:00+00:00,0.17781750000000002,0.0874
1990-09-29 08:00:00+00:00,0.19845,0.09665
1990-09-29 09:00:00+00:00,0.19005,0.09285
1990-09-29 10:00:00+00:00,0.17115,0.08445
1990-09-29 11:00:00+00:00,0.16695000000000002,0.08249999999999999
1990-09-29 12:00:00+00:00,0.156555,0.0779
1990-09-29 13:00:00+00:00,0.14279999999999998,0.0717
1990-09-29 14:00:00+00:00,0.12789,0.06505
1990-09-29 15:00:00+00:00,0.310065,0.1435
1990-09-29 16:00:00+00:00,0.38367,0.17645
1990-09-29 17:00:00+00:00,0.37379999999999997,0.17200000000000001
1990-09-29 18:00:00+00:00,0.18138749999999998,0.089
1990-09-29 19:00:00+00:00,0.1595475,0.07925
1990-09-29 20:00:00+00:00,0.13492500000000002,0.06820000000000001
1990-09-29 21:00:00+00:00,0.08778,0.0471
1990-09-29 22:00:00+00:00,0.0399,0.02565
1990-09-29 23:00:00+00:00,0.027299999999999998,0.02005
1990-09-30 00:00:00+00:00,0.0252,0.0191
1990-09-30 01:00:00+00:00,0.0077175,0.01125
1990-09-30 02:00:00+00:00,0.021997500000000003,0.01765
1990-09-30 03:00:00+00:00,0.0252,0.0191
1990-09-30 04:00:00+00:00,0.08210999999999999,0.044550000000000006
1990-09-30 05:00:00+00:00,0.1554,0.07735
1990-09-30 06:00:00+00:00,0.17335500000000004,0.0854
1990-09-30 07:00:00+00:00,0.1638,0.08115
1990-09-30 08:00:00+00:00,0.1863225,0.0912
1990-09-30 09:00:00+00:00,0.20055,0.09755
1990-09-30 10:00:00+00:00,0.19845,0.09665
1990-09-30 11:00:00+00:00,0.2037,0.09895000000000001
1990-09-30 12:00:00+00:00,0.19414499999999998,0.0947
1990-09-30 13:00:00+00:00,0.1764,0.08675
1990-09-30 14:00:00+00:00,0.17409000000000002,0.08575
1990-09-30 15:00:00+00:00,0.33369000000000004,0.15405000000000002
1990-09-30 16:00:00+00:00,0.36959999999999993,0.17015
1990-09-30 17:00:00+00:00,0.3696,0.17010000000000003
1990-09-30 18:00:00+00:00,0.223755,0.10794999999999999
1990-09-30 19:00:00+00:00,0.18102000000000001,0.0888
1990-09-30 20:00:00+00:00,0.16317000000000004,0.0808
1990-09-30 21:00:00+00:00,0.16799999999999998,0.08299999999999999
1990-09-30 22:00:00+00:00,0.17010000000000003,0.0839
1990-09-30 23:00:00+00:00,0.1289925,0.06555
1990-10-01 00:00:00+00:00,0.08211,0.044550000000000006
1990-10-01 01:00:00+00:00,0.0543375,0.03215
1990-10-01 02:00:00+00:00,0.03171,0.022
1990-10-01 03:00:00+00:00,0.03654,0.02415
1990-10-01 04:00:00+00:00,0.10752,0.05595
1990-10-01 05:00:00+00:00,0.1701,0.08395
1990-10-01 06:00:00+00:00,0.20117999999999997,0.09784999999999999
1990-10-01 07:00:00+00:00,0.20873999999999998,0.10125
1990-10-01 08:00:00+00:00,0.20579999999999998,0.0999
1990-10-01 09:00:00+00:00,0.17282999999999998,0.0852
1990-10-01 10:00:00+00:00,0.15582000000000001,0.07755
1990-10-01 11:00:00+00:00,0.1512,0.0755
1990-10-01 12:00:00+00:00,0.153195,0.07635
1990-10-01 13:00:00+00:00,0.14847,0.07425
1990-10-01 14:00:00+00:00,0.143955,0.07225000000000001
1990-10-01 15:00:00+00:00,0.32445,0.14995
1990-10-01 16:00:00+00:00,0.36539999999999995,0.16825
1990-10-01 17:00:00+00:00,0.38346,0.1763
1990-10-01 18:00:00+00:00,0.227325,0.10955000000000001
1990-10-01 19:00:00+00:00,0.17031000000000002,0.08405000000000001
1990-10-01 20:00:00+00:00,0.1619625,0.08030000000000001
1990-10-01 21:00:00+00:00,0.16338,0.08095
1990-10-01 22:00:00+00:00,0.15855000000000002,0.07875
1990-10-01 23:00:00+00:00,0.147,0.0736
1990-10-02 00:00:00+00:00,0.15015,0.075
1990-10-02 01:00:00+00:00,0.14762999999999998,0.0739
1990-10-02 02:00:00+00:00,0.152565,0.0761
1990-10-02 03:00:00+00:00,0.148575,0.0743
1990-10-02 04:00:00+00:00,0.16275,0.08065
1990-10-02 05:00:00+00:00,0.19635,0.09565
1990-10-02 06:00:00+00:00,0.23099999999999998,0.1112
1990-10-02 07:00:00+00:00,0.18406499999999998,0.0902
1990-10-02 08:00:00+00:00,0.17934,0.0881
1990-10-02 09:00:00+00:00,0.1534575,0.0765
1990-10-02 10:00:00+00:00,0.153195,0.07635
1990-10-02 11:00:00+00:00,0.147,0.0736
1990-10-02 12:00:00+00:00,0.14789249999999998,0.074
1990-10-02 13:00:00+00:00,0.13335,0.0675
1990-10-02 14:00:00+00:00,0.1389675,0.07
1990-10-02 15:00:00+00:00,0.3116925,0.1442
1990-10-02 16:00:00+00:00,0.360465,0.1661
1990-10-02 17:00:00+00:00,0.38304,0.17615
1990-10-02 18:00:00+00:00,0.21924,0.10595000000000002
1990-10-02 19:00:00+00:00,0.175875,0.0865
1990-10-02 20:00:00+00:00,0.17661,0.08685
1990-10-02 21:00:00+00:00,0.159495,0.07919999999999999
1990-10-02 22:00:00+00:00,0.1638525,0.08115
1990-10-02 23:00:00+00:00,0.15435,0.0769
1990-10-03 00:00:00+00:00,0.163485,0.08099999999999999
1990-10-03 01:00:00+00:00,0.16296,0.08074999999999999
1990-10-03 02:00:00+00:00,0.160335,0.0796
1990-10-03 03:00:00+00:00,0.17246250000000002,0.08499999999999999
1990-10-03 04:00:00+00:00,0.16548000000000002,0.08185
1990-10-03 05:00:00+00:00,0.20060250000000002,0.09755
1990-10-03 06:00:00+00:00,0.23603999999999997,0.11345
1990-10-03 07:00:00+00:00,0.23625,0.11359999999999999
1990-10-03 08:00:00+00:00,0.22076249999999997,0.10665
1990-10-03 09:00:00+00:00,0.18354,0.08990000000000001
1990-10-03 10:00:00+00:00,0.16149000000000002,0.0801
1990-10-03 11:00:00+00:00,0.1638,0.08109999999999999
1990-10-03 12:00:00+00:00,0.1575,0.0783
1990-10-03 13:00:00+00:00,0.16290749999999998,0.0807
1990-10-03 14:00:00+00:00,0.166005,0.0821
1990-10-03 15:00:00+00:00,0.326235,0.15075
1990-10-03 16:00:00+00:00,0.38424749999999996,0.1767
1990-10-03 17:00:00+00:00,0.41076,0.18855
1990-10-03 18:00:00+00:00,0.24601499999999998,0.11795
1990-10-03 19:00:00+00:00,0.192045,0.09375
1990-10-03 20:00:00+00:00,0.18164999999999998,0.0891
1990-10-03 21:00:00+00:00,0.16721250000000001,0.08265
1990-10-03 22:00:00+00:00,0.17220000000000002,0.0849
1990-10-03 23:00:00+00:00,0.1476825,0.0739
1990-10-04 00:00:00+00:00,0.13440000000000002,0.06795000000000001
1990-10-04 01:00:00+00:00,0.1323,0.067
1990-10-04 02:00:00+00:00,0.12915,0.06559999999999999
1990-10-04 03:00:00+00:00,0.11602499999999999,0.05975
1990-10-04 04:00:00+00:00,0.17282999999999998,0.08515
1990-10-04 05:00:00+00:00,0.20265,0.0985
1990-10-04 06:00:00+00:00,0.25851,0.1235
1990-10-04 07:00:00+00:00,0.217875,0.10535
1990-10-04 08:00:00+00:00,0.174615,0.086
1990-10-04 09:00:00+00:00,0.166005,0.08215
1990-10-04 10:00:00+00:00,0.15539999999999998,0.07735
1990-10-04 11:00:00+00:00,0.1512,0.0755
1990-10-04 12:00:00+00:00,0.14384999999999998,0.0722
1990-10-04 13:00:00+00:00,0.14553,0.07295
1990-10-04 14:00:00+00:00,0.15519,0.07730000000000001
1990-10-04 15:00:00+00:00,0.32025,0.14805
1990-10-04 16:00:00+00:00,0.35805,0.165
1990-10-04 17:00:00+00:00,0.39564,0.18180000000000002
1990-10-04 18:00:00+00:00,0.219765,0.1062
1990-10-04 19:00:00+00:00,0.1688925,0.0834
1990-10-04 20:00:00+00:00,0.16485,0.0816
1990-10-04 21:00:00+00:00,0.1466325,0.07345
1990-10-04 22:00:00+00:00,0.178605,0.08775
1990-10-04 23:00:00+00:00,0.14831249999999999,0.0742
1990-10-05 00:00:00+00:00,0.14090999999999998,0.07085
1990-10-05 01:00:00+00:00,0.1290975,0.0656
1990-10-05 02:00:00+00:00,0.12431999999999999,0.06345
1990-10-05 03:00:00+00:00,0.14521499999999998,0.0728
1990-10-05 04:00:00+00:00,0.15603,0.07765
1990-10-05 05:00:00+00:00,0.1932,0.0943
1990-10-05 06:00:00+00:00,0.213255,0.10325
1990-10-05 07:00:00+00:00,0.20244,0.09840000000000002
1990-10-05 08:00:00+00:00,0.1785,0.0877
1990-10-05 09:00:00+00:00,0.136605,0.06895
1990-10-05 10:00:00+00:00,0.096495,0.051000000000000004
1990-10-05 11:00:00+00:00,0.07885500000000001,0.0431
1990-10-05 12:00:00+00:00,0.07622999999999999,0.0419
1990-10-05 13:00:00+00:00,0.0972825,0.05135
1990-10-05 14:00:00+00:00,0.12510749999999998,0.0638
1990-10-05 15:00:00+00:00,0.2976225,0.1379
1990-10-05 16:00:00+00:00,0.358785,0.1653
1990-10-05 17:00:00+00:00,0.3801,0.17485
1990-10-05 18:00:00+00:00,0.19277999999999998,0.09405
1990-10-05 19:00:00+00:00,0.16569,0.08199999999999999
1990-10-05 20:00:00+00:00,0.1482075,0.07415
1990-10-05 21:00:00+00:00,0.08274,0.04485
1990-10-05 22:00:00+00:00,0.11549999999999999,0.059500000000000004
1990-10-05 23:00:00+00:00,0.1000125,0.05255
1990-10-06 00:00:00+00:00,0.0932925,0.0496
1990-10-06 01:00:00+00:00,0.089355,0.047799999999999995
1990-10-06 02:00:00+00:00,0.089775,0.048
1990-10-06 03:00:00+00:00,0.0903,0.04819999999999999
1990-10-06 04:00:00+00:00,0.09555,0.05055
1990-10-06 05:00:00+00:00,0.105,0.0548
1990-10-06 06:00:00+00:00,0.13776,0.06945
1990-10-06 07:00:00+00:00,0.12579,0.0641
1990-10-06 08:00:00+00:00,0.1806,0.08865
1990-10-06 09:00:00+00:00,0.19346249999999998,0.0944
1990-10-06 10:00:00+00:00,0.181965,0.08925000000000001
1990-10-06 11:00:00+00:00,0.19845000000000002,0.09665
1990-10-06 12:00:00+00:00,0.180915,0.08875
1990-10-06 13:00:00+00:00,0.18627,0.0912
1990-10-06 14:00:00+00:00,0.18007499999999999,0.0884
1990-10-06 15:00:00+00:00,0.33747,0.15575
1990-10-06 16:00:00+00:00,0.3716475,0.17104999999999998
1990-10-06 17:00:00+00:00,0.3836175,0.1764
1990-10-06 18:00:00+00:00,0.21918749999999998,0.10590000000000001
1990-10-06 19:00:00+00:00,0.19446000000000002,0.09484999999999999
1990-10-06 20:00:00+00:00,0.17493,0.08610000000000001
1990-10-06 21:00:00+00:00,0.168,0.083
1990-10-06 22:00:00+00:00,0.16296000000000002,0.0807
1990-10-06 23:00:00+00:00,0.12232499999999999,0.06255
1990-10-07 00:00:00+00:00,0.12495,0.0637
1990-10-07 01:00:00+00:00,0.143535,0.07205
1990-10-07 02:00:00+00:00,0.1430625,0.07185
1990-10-07 03:00:00+00:00,0.136605,0.06895
1990-10-07 04:00:00+00:00,0.13208999999999999,0.06695
1990-10-07 05:00:00+00:00,0.16799999999999998,0.08299999999999999
1990-10-07 06:00:00+00:00,0.194145,0.0947
1990-10-07 07:00:00+00:00,0.21083999999999997,0.1022
1990-10-07 08:00:00+00:00,0.1932,0.0943
1990-10-07 09:00:00+00:00,0.1928325,0.09409999999999999
1990-10-07 10:00:00+00:00,0.18186,0.0892
1990-10-07 11:00:00+00:00,0.1757175,0.08645
1990-10-07 12:00:00+00:00,0.1801275,0.08845
1990-10-07 13:00:00+00:00,0.179025,0.08795
1990-10-07 14:00:00+00:00,0.1869,0.0915
1990-10-07 15:00:00+00:00,0.36812999999999996,0.16945
1990-10-07 16:00:00+00:00,0.44645999999999997,0.20455
1990-10-07 17:00:00+00:00,0.48824999999999996,0.22325
1990-10-07 18:00:00+00:00,0.24895499999999998,0.11925
1990-10-07 19:00:00+00:00,0.18480000000000002,0.09054999999999999
1990-10-07 20:00:00+00:00,0.1897875,0.09275
1990-10-07 21:00:00+00:00,0.1764,0.08675
1990-10-07 22:00:00+00:00,0.1911,0.09334999999999999
1990-10-07 23:00:00+00:00,0.188055,0.09195
1990-10-08 00:00:00+00:00,0.1756125,0.08645
1990-10-08 01:00:00+00:00,0.15125249999999998,0.0755
1990-10-08 02:00:00+00:00,0.14448,0.07245
1990-10-08 03:00:00+00:00,0.1512,0.0755
1990-10-08 04:00:00+00:00,0.14805000000000001,0.07405
1990-10-08 05:00:00+00:00,0.17514000000000002,0.0862
1990-10-08 06:00:00+00:00,0.2079,0.10085
1990-10-08 07:00:00+00:00,0.22606500000000002,0.10894999999999999
1990-10-08 08:00:00+00:00,0.2147775,0.10395000000000001
1990-10-08 09:00:00+00:00,0.19866,0.09670000000000001
1990-10-08 10:00:00+00:00,0.181125,0.08885
1990-10-08 11:00:00+00:00,0.16201500000000002,0.08030000000000001
1990-10-08 12:00:00+00:00,0.1580775,0.07855
1990-10-08 13:00:00+00:00,0.1533,0.0764
1990-10-08 14:00:00+00:00,0.16401,0.08124999999999999
1990-10-08 15:00:00+00:00,0.34776,0.16035
1990-10-08 16:00:00+00:00,0.4053,0.1861
1990-10-08 17:00:00+00:00,0.399525,0.18350000000000002
1990-10-08 18:00:00+00:00,0.201705,0.09809999999999999
1990-10-08 19:00:00+00:00,0.17682,0.08695
1990-10-08 20:00:00+00:00,0.17445750000000002,0.0859
1990-10-08 21:00:00+00:00,0.15855,0.07874999999999999
1990-10-08 22:00:00+00:00,0.14521499999999998,0.0728
1990-10-08 23:00:00+00:00,0.11450250000000001,0.05904999999999999
1990-10-09 00:00:00+00:00,0.11691750000000001,0.0601
1990-10-09 01:00:00+00:00,0.10825499999999999,0.05625
1990-10-09 02:00:00+00:00,0.1044225,0.05455
1990-10-09 03:00:00+00:00,0.1155,0.059500000000000004
1990-10-09 04:00:00+00:00,0.14154,0.07115
1990-10-09 05:00:00+00:00,0.17367,0.08555
1990-10-09 06:00:00+00:00,0.1781325,0.08754999999999999
1990-10-09 07:00:00+00:00,0.20895,0.10135
1990-10-09 08:00:00+00:00,0.209895,0.10175000000000001
1990-10-09 09:00:00+00:00,0.202545,0.0985
1990-10-09 10:00:00+00:00,0.1794975,0.08815
1990-10-09 11:00:00+00:00,0.165585,0.0819
1990-10-09 12:00:00+00:00,0.1581825,0.0786
1990-10-09 13:00:00+00:00,0.150465,0.0751
1990-10-09 14:00:00+00:00,0.15886499999999998,0.0789
1990-10-09 15:00:00+00:00,0.33494999999999997,0.15460000000000002
1990-10-09 16:00:00+00:00,0.36372000000000004,0.16749999999999998
1990-10-09 17:00:00+00:00,0.37065000000000003,0.17065
1990-10-09 18:00:00+00:00,0.19131,0.09345
1990-10-09 19:00:00+00:00,0.17545499999999997,0.08635
1990-10-09 20:00:00+00:00,0.1764525,0.08679999999999999
1990-10-09 21:00:00+00:00,0.14511000000000002,0.07275
1990-10-09 22:00:00+00:00,0.10741500000000001,0.055900000000000005
1990-10-09 23:00:00+00:00,0.07455,0.041150000000000006
1990-10-10 00:00:00+00:00,0.06615,0.0374
1990-10-10 01:00:00+00:00,0.05985,0.034600000000000006
1990-10-10 02:00:00+00:00,0.052027500000000004,0.0311
1990-10-10 03:00:00+00:00,0.063,0.036000000000000004
1990-10-10 04:00:00+00:00,0.1092525,0.0567
1990-10-10 05:00:00+00:00,0.1503075,0.07505
1990-10-10 06:00:00+00:00,0.18921,0.09245
1990-10-10 07:00:00+00:00,0.20748,0.10064999999999999
1990-10-10 08:00:00+00:00,0.21105000000000002,0.1023
1990-10-10 09:00:00+00:00,0.177765,0.08735000000000001
1990-10-10 10:00:00+00:00,0.17083500000000001,0.0843
1990-10-10 11:00:00+00:00,0.16212000000000001,0.08035
1990-10-10 12:00:00+00:00,0.1533,0.0764
1990-10-10 13:00:00+00:00,0.15644999999999998,0.07785
1990-10-10 14:00:00+00:00,0.153825,0.07665
1990-10-10 15:00:00+00:00,0.31972500000000004,0.14784999999999998
1990-10-10 16:00:00+00:00,0.35007,0.1614
1990-10-10 17:00:00+00:00,0.39905250000000003,0.18335
1990-10-10 18:00:00+00:00,0.2258025,0.10885
1990-10-10 19:00:00+00:00,0.18795,0.09195
1990-10-10 20:00:00+00:00,0.17199,0.0848
1990-10-10 21:00:00+00:00,0.16401,0.0812
1990-10-10 22:00:00+00:00,0.18858,0.09225
1990-10-10 23:00:00+00:00,0.17514000000000002,0.0862
1990-10-11 00:00:00+00:00,0.14521499999999998,0.0728
1990-10-11 01:00:00+00:00,0.1456875,0.07300000000000001
1990-10-11 02:00:00+00:00,0.14721,0.07369999999999999
1990-10-11 03:00:00+00:00,0.14815499999999998,0.07415
1990-10-11 04:00:00+00:00,0.15960000000000002,0.07919999999999999
1990-10-11 05:00:00+00:00,0.2206575,0.10655
1990-10-11 06:00:00+00:00,0.25872,0.1236
1990-10-11 07:00:00+00:00,0.23047499999999999,0.11095000000000001
1990-10-11 08:00:00+00:00,0.23204999999999998,0.11165
1990-10-11 09:00:00+00:00,0.16799999999999998,0.08299999999999999
1990-10-11 10:00:00+00:00,0.1596525,0.07924999999999999
1990-10-11 11:00:00+00:00,0.1588125,0.0789
1990-10-11 12:00:00+00:00,0.15539999999999998,0.0774
1990-10-11 13:00:00+00:00,0.15728999999999999,0.07819999999999999
1990-10-11 14:00:00+00:00,0.15981,0.07930000000000001
1990-10-11 15:00:00+00:00,0.330645,0.1527
1990-10-11 16:00:00+00:00,0.40393500000000004,0.18555
1990-10-11 17:00:00+00:00,0.42903,0.19669999999999999
1990-10-11 18:00:00+00:00,0.23520000000000002,0.1131
1990-10-11 19:00:00+00:00,0.1628025,0.08065
1990-10-11 20:00:00+00:00,0.18417,0.0902
1990-10-11 21:00:00+00:00,0.16863,0.0833
1990-10-11 22:00:00+00:00,0.1701,0.0839
1990-10-11 23:00:00+00:00,0.1761375,0.08665
1990-10-12 00:00:00+00:00,0.16789500000000002,0.08295
1990-10-12 01:00:00+00:00,0.14384999999999998,0.0722
1990-10-12 02:00:00+00:00,0.1344,0.06795000000000001
1990-10-12 03:00:00+00:00,0.1278375,0.065
1990-10-12 04:00:00+00:00,0.1134,0.058550000000000005
1990-10-12 05:00:00+00:00,0.15749999999999997,0.07830000000000001
1990-10-12 06:00:00+00:00,0.181965,0.08929999999999999
1990-10-12 07:00:00+00:00,0.1968225,0.0959
1990-10-12 08:00:00+00:00,0.22102500000000003,0.10675
1990-10-12 09:00:00+00:00,0.19740000000000002,0.09620000000000001
1990-10-12 10:00:00+00:00,0.1766625,0.0869
1990-10-12 11:00:00+00:00,0.16505999999999998,0.0817
1990-10-12 12:00:00+00:00,0.15204,0.07585
1990-10-12 13:00:00+00:00,0.126,0.0642
1990-10-12 14:00:00+00:00,0.13188,0.0668
1990-10-12 15:00:00+00:00,0.31079999999999997,0.1438
1990-10-12 16:00:00+00:00,0.34650000000000003,0.1598
1990-10-12 17:00:00+00:00,0.3779475,0.17385
1990-10-12 18:00:00+00:00,0.19530000000000003,0.0952
1990-10-12 19:00:00+00:00,0.14700000000000002,0.0736
1990-10-12 20:00:00+00:00,0.082635,0.04479999999999999
1990-10-12 21:00:00+00:00,0.06783,0.03815
1990-10-12 22:00:00+00:00,0.00777,0.01125
1990-10-12 23:00:00+00:00,-0.0020999999999999994,0.00685
1990-10-13 00:00:00+00:00,-0.0003150000000000002,0.0076500000000000005
1990-10-13 01:00:00+00:00,-0.00294,0.0065
1990-10-13 02:00:00+00:00,-0.00525,0.00545
1990-10-13 03:00:00+00:00,0.007402499999999999,0.0111
1990-10-13 04:00:00+00:00,0.02205,0.01765
1990-10-13 05:00:00+00:00,0.050714999999999996,0.0305
1990-10-13 06:00:00+00:00,0.14384999999999998,0.0722
1990-10-13 07:00:00+00:00,0.17955,0.08815
1990-10-13 08:00:00+00:00,0.1997625,0.09725
1990-10-13 09:00:00+00:00,0.174825,0.08604999999999999
1990-10-13 10:00:00+00:00,0.17519249999999997,0.0862
1990-10-13 11:00:00+00:00,0.1869,0.09145
1990-10-13 12:00:00+00:00,0.19477499999999998,0.095
1990-10-13 13:00:00+00:00,0.18921,0.0925
1990-10-13 14:00:00+00:00,0.1844325,0.09034999999999999
1990-10-13 15:00:00+00:00,0.3549,0.16355
1990-10-13 16:00:00+00:00,0.40656000000000003,0.18669999999999998
1990-10-13 17:00:00+00:00,0.41270249999999997,0.18944999999999998
1990-10-13 18:00:00+00:00,0.233625,0.11235
1990-10-13 19:00:00+00:00,0.1911,0.09334999999999999
1990-10-13 20:00:00+00:00,0.16422,0.08130000000000001
1990-10-13 21:00:00+00:00,0.15708,0.0781
1990-10-13 22:00:00+00:00,0.188685,0.09225
1990-10-13 23:00:00+00:00,0.17535,0.0863
1990-10-14 00:00:00+00:00,0.16280250000000002,0.0807
1990-10-14 01:00:00+00:00,0.1634325,0.08095
1990-10-14 02:00:00+00:00,0.15582000000000001,0.07755000000000001
1990-10-14 03:00:00+00:00,0.14049,0.0707
1990-10-14 04:00:00+00:00,0.1428,0.0717
1990-10-14 05:00:00+00:00,0.19529999999999997,0.0952
1990-10-14 06:00:00+00:00,0.261345,0.1248
1990-10-14 07:00:00+00:00,0.247485,0.11860000000000001
1990-10-14 08:00:00+00:00,0.267645,0.1276
1990-10-14 09:00:00+00:00,0.25934999999999997,0.1239
1990-10-14 10:00:00+00:00,0.2247,0.1084
1990-10-14 11:00:00+00:00,0.2142,0.1037
1990-10-14 12:00:00+00:00,0.18480000000000002,0.0905
1990-10-14 13:00:00+00:00,0.1869,0.09145
1990-10-14 14:00:00+00:00,0.1935675,0.09444999999999999
1990-10-14 15:00:00+00:00,0.44645999999999997,0.20455
1990-10-14 16:00:00+00:00,0.621495,0.28290000000000004
1990-10-14 17:00:00+00:00,0.6537299999999999,0.2973
1990-10-14 18:00:00+00:00,0.33809999999999996,0.15915
1990-10-14 19:00:00+00:00,0.23094750000000003,0.11115
1990-10-14 20:00:00+00:00,0.18921,0.0925
1990-10-14 21:00:00+00:00,0.1764,0.08675
1990-10-14 22:00:00+00:00,0.1974,0.0962
1990-10-14 23:00:00+00:00,0.18569249999999998,0.09095
1990-10-15 00:00:00+00:00,0.166005,0.0821
1990-10-15 01:00:00+00:00,0.162435,0.0805
1990-10-15 02:00:00+00:00,0.16338000000000003,0.0809
1990-10-15 03:00:00+00:00,0.1662675,0.08225
1990-10-15 04:00:00+00:00,0.1835925,0.09
1990-10-15 05:00:00+00:00,0.2205,0.1065
1990-10-15 06:00:00+00:00,0.2579325,0.12325
1990-10-15 07:00:00+00:00,0.21042,0.10200000000000001
1990-10-15 08:00:00+00:00,0.182385,0.08945
1990-10-15 09:00:00+00:00,0.1596,0.07919999999999999
1990-10-15 10:00:00+00:00,0.1663725,0.08224999999999999
1990-10-15 11:00:00+00:00,0.1654275,0.08184999999999999
1990-10-15 12:00:00+00:00,0.16232999999999997,0.08045
1990-10-15 13:00:00+00:00,0.1617,0.0802
1990-10-15 14:00:00+00:00,0.17010000000000003,0.08395
1990-10-15 15:00:00+00:00,0.363615,0.16745
1990-10-15 16:00:00+00:00,0.38156999999999996,0.1755
1990-10-15 17:00:00+00:00,0.3528,0.1626
1990-10-15 18:00:00+00:00,0.1854825,0.0908
1990-10-15 19:00:00+00:00,0.176085,0.08665
1990-10-15 20:00:00+00:00,0.16149,0.0801
1990-10-15 21:00:00+00:00,0.13335,0.0675
1990-10-15 22:00:00+00:00,0.058800000000000005,0.0341
1990-10-15 23:00:00+00:00,0.037695,0.0247
1990-10-16 00:00:00+00:00,0.0252,0.0191
1990-10-16 01:00:00+00:00,0.018165,0.01595
1990-10-16 02:00:00+00:00,-0.0035700000000000003,0.006200000000000001
1990-10-16 03:00:00+00:00,-0.0037799999999999995,0.0061
1990-10-16 04:00:00+00:00,0.05313,0.031599999999999996
1990-10-16 05:00:00+00:00,0.09891,0.05205
1990-10-16 06:00:00+00:00,0.15498,0.07715
1990-10-16 07:00:00+00:00,0.162855,0.0807
1990-10-16 08:00:00+00:00,0.17892,0.0879
1990-10-16 09:00:00+00:00,0.17897249999999998,0.0879
1990-10-16 10:00:00+00:00,0.17808000000000002,0.08755
1990-10-16 11:00:00+00:00,0.186585,0.09129999999999999
1990-10-16 12:00:00+00:00,0.18542999999999998,0.09079999999999999
1990-10-16 13:00:00+00:00,0.1908375,0.09325
1990-10-16 14:00:00+00:00,0.182805,0.08965000000000001
1990-10-16 15:00:00+00:00,0.332955,0.1537
1990-10-16 16:00:00+00:00,0.355005,0.1636
1990-10-16 17:00:00+00:00,0.377475,0.17370000000000002
1990-10-16 18:00:00+00:00,0.20033999999999996,0.0975
1990-10-16 19:00:00+00:00,0.18490499999999999,0.09054999999999999
1990-10-16 20:00:00+00:00,0.17115,0.08445
1990-10-16 21:00:00+00:00,0.16863,0.08330000000000001
1990-10-16 22:00:00+00:00,0.17325000000000002,0.08535000000000001
1990-10-16 23:00:00+00:00,0.16695,0.08255
1990-10-17 00:00:00+00:00,0.1678425,0.08295
1990-10-17 01:00:00+00:00,0.160335,0.07955000000000001
1990-10-17 02:00:00+00:00,0.1512525,0.07550000000000001
1990-10-17 03:00:00+00:00,0.15645,0.0778
1990-10-17 04:00:00+00:00,0.163275,0.08085
1990-10-17 05:00:00+00:00,0.17519249999999997,0.08625
1990-10-17 06:00:00+00:00,0.20622000000000001,0.1001
1990-10-17 07:00:00+00:00,0.22953,0.11055000000000001
1990-10-17 08:00:00+00:00,0.218085,0.10544999999999999
1990-10-17 09:00:00+00:00,0.1760325,0.08660000000000001
1990-10-17 10:00:00+00:00,0.166215,0.0822
1990-10-17 11:00:00+00:00,0.162645,0.0806
1990-10-17 12:00:00+00:00,0.16448249999999998,0.0814
1990-10-17 13:00:00+00:00,0.1659,0.08205
1990-10-17 14:00:00+00:00,0.168,0.083
1990-10-17 15:00:00+00:00,0.35301,0.16275
1990-10-17 16:00:00+00:00,0.4251975,0.195
1990-10-17 17:00:00+00:00,0.4599,0.21055000000000001
1990-10-17 18:00:00+00:00,0.23541,0.11315
1990-10-17 19:00:00+00:00,0.1873725,0.0917
1990-10-17 20:00:00+00:00,0.18795,0.09195
1990-10-17 21:00:00+00:00,0.16569,0.08195
1990-10-17 22:00:00+00:00,0.19078499999999998,0.0932
1990-10-17 23:00:00+00:00,0.16779,0.0829
1990-10-18 00:00:00+00:00,0.16065,0.0797
1990-10-18 01:00:00+00:00,0.16022999999999998,0.07955
1990-10-18 02:00:00+00:00,0.1617,0.08015
1990-10-18 03:00:00+00:00,0.160545,0.0797
1990-10-18 04:00:00+00:00,0.15960000000000002,0.07924999999999999
1990-10-18 05:00:00+00:00,0.20118,0.09784999999999999
1990-10-18 06:00:00+00:00,0.23499000000000003,0.11299999999999999
1990-10-18 07:00:00+00:00,0.19887,0.0968
1990-10-18 08:00:00+00:00,0.170625,0.0842
1990-10-18 09:00:00+00:00,0.15771,0.0784
1990-10-18 10:00:00+00:00,0.15309,0.07635
1990-10-18 11:00:00+00:00,0.1533525,0.07644999999999999
1990-10-18 12:00:00+00:00,0.15644999999999998,0.07785
1990-10-18 13:00:00+00:00,0.14710499999999999,0.07365
1990-10-18 14:00:00+00:00,0.1640625,0.08125
1990-10-18 15:00:00+00:00,0.33967499999999995,0.1567
1990-10-18 16:00:00+00:00,0.3653475,0.16825
1990-10-18 17:00:00+00:00,0.38787,0.17835
1990-10-18 18:00:00+00:00,0.1805475,0.08865
1990-10-18 19:00:00+00:00,0.179655,0.08825
1990-10-18 20:00:00+00:00,0.1887375,0.09230000000000001
1990-10-18 21:00:00+00:00,0.1552425,0.07725000000000001
1990-10-18 22:00:00+00:00,0.14190750000000002,0.07135
1990-10-18 23:00:00+00:00,0.1323,0.067
1990-10-19 00:00:00+00:00,0.14279999999999998,0.07175000000000001
1990-10-19 01:00:00+00:00,0.13555499999999998,0.06845
1990-10-19 02:00:00+00:00,0.1407,0.0708
1990-10-19 03:00:00+00:00,0.14915250000000002,0.07455
1990-10-19 04:00:00+00:00,0.15792,0.0785
1990-10-19 05:00:00+00:00,0.1638525,0.08115
1990-10-19 06:00:00+00:00,0.173775,0.08554999999999999
1990-10-19 07:00:00+00:00,0.18784499999999998,0.09184999999999999
1990-10-19 08:00:00+00:00,0.200445,0.09755
1990-10-19 09:00:00+00:00,0.18784499999999998,0.0919
1990-10-19 10:00:00+00:00,0.17088750000000003,0.0843
1990-10-19 11:00:00+00:00,0.1499925,0.07494999999999999
1990-10-19 12:00:00+00:00,0.155715,0.07744999999999999
1990-10-19 13:00:00+00:00,0.15539999999999998,0.07735
1990-10-19 14:00:00+00:00,0.17052,0.08415
1990-10-19 15:00:00+00:00,0.32949,0.1522
1990-10-19 16:00:00+00:00,0.38745,0.17815000000000003
1990-10-19 17:00:00+00:00,0.39585,0.1819
1990-10-19 18:00:00+00:00,0.23467500000000002,0.11285
1990-10-19 19:00:00+00:00,0.1854825,0.09085
1990-10-19 20:00:00+00:00,0.19005,0.09290000000000001
1990-10-19 21:00:00+00:00,0.16983750000000003,0.0838
1990-10-19 22:00:00+00:00,0.18018,0.08845
1990-10-19 23:00:00+00:00,0.17729250000000002,0.0872
1990-10-20 00:00:00+00:00,0.18249,0.0895
1990-10-20 01:00:00+00:00,0.1281,0.06515
1990-10-20 02:00:00+00:00,0.021,0.0172
1990-10-20 03:00:00+00:00,0.029504999999999997,0.021
1990-10-20 04:00:00+00:00,0.0045674999999999995,0.009850000000000001
1990-10-20 05:00:00+00:00,0.0068249999999999995,0.01085
1990-10-20 06:00:00+00:00,0.00735,0.0111
1990-10-20 07:00:00+00:00,0.0315,0.021900000000000003
1990-10-20 08:00:00+00:00,0.0112875,0.01285
1990-10-20 09:00:00+00:00,0.00672,0.0108
1990-10-20 10:00:00+00:00,0.00903,0.011850000000000001
1990-10-20 11:00:00+00:00,0.013755,0.01395
1990-10-20 12:00:00+00:00,0.014595,0.014349999999999998
1990-10-20 13:00:00+00:00,0.019005,0.0163
1990-10-20 14:00:00+00:00,0.0205275,0.017
1990-10-20 15:00:00+00:00,0.2508975,0.11699999999999999
1990-10-20 16:00:00+00:00,0.274785,0.1277
1990-10-20 17:00:00+00:00,0.31206,0.1444
1990-10-20 18:00:00+00:00,0.12537,0.0639
1990-10-20 19:00:00+00:00,0.061687500000000006,0.0354
1990-10-20 20:00:00+00:00,0.032549999999999996,0.022350000000000002
1990-10-20 21:00:00+00:00,0.017640000000000003,0.015700000000000002
1990-10-20 22:00:00+00:00,0.0028350000000000007,0.00905
1990-10-20 23:00:00+00:00,-0.0036750000000000003,0.00615
1990-10-21 00:00:00+00:00,-0.00147,0.00715
1990-10-21 01:00:00+00:00,-0.007875,0.0043
1990-10-21 02:00:00+00:00,-0.00966,0.0035
1990-10-21 03:00:00+00:00,-0.003045,0.00645
1990-10-21 04:00:00+00:00,-0.01533,0.0009
1990-10-21 05:00:00+00:00,0.10998749999999999,0.057050000000000003
1990-10-21 06:00:00+00:00,0.19929,0.097
1990-10-21 07:00:00+00:00,0.200025,0.09734999999999999
1990-10-21 08:00:00+00:00,0.16002,0.07944999999999999
1990-10-21 09:00:00+00:00,0.1330875,0.0674
1990-10-21 10:00:00+00:00,0.15918,0.07905000000000001
1990-10-21 11:00:00+00:00,0.1659525,0.08205
1990-10-21 12:00:00+00:00,0.16674,0.08245
1990-10-21 13:00:00+00:00,0.16086,0.0798
1990-10-21 14:00:00+00:00,0.16275,0.08065
1990-10-21 15:00:00+00:00,0.33222,0.15339999999999998
1990-10-21 16:00:00+00:00,0.38587499999999997,0.17745
1990-10-21 17:00:00+00:00,0.42924,0.19679999999999997
1990-10-21 18:00:00+00:00,0.19782,0.09634999999999999
1990-10-21 19:00:00+00:00,0.1672125,0.08265
1990-10-21 20:00:00+00:00,0.188685,0.0923
1990-10-21 21:00:00+00:00,0.1633275,0.0809
1990-10-21 22:00:00+00:00,0.17792249999999998,0.08745
1990-10-21 23:00:00+00:00,0.1602825,0.07955
1990-10-22 00:00:00+00:00,0.1575,0.0783
1990-10-22 01:00:00+00:00,0.1512,0.07550000000000001
1990-10-22 02:00:00+00:00,0.14710499999999999,0.07365
1990-10-22 03:00:00+00:00,0.152565,0.0761
1990-10-22 04:00:00+00:00,0.15855,0.07880000000000001
1990-10-22 05:00:00+00:00,0.1953,0.09519999999999999
1990-10-22 06:00:00+00:00,0.2646,0.12625
1990-10-22 07:00:00+00:00,0.21,0.1018
1990-10-22 08:00:00+00:00,0.19949999999999998,0.09709999999999999
1990-10-22 09:00:00+00:00,0.17015249999999998,0.08395
1990-10-22 10:00:00+00:00,0.15970499999999999,0.0793
1990-10-22 11:00:00+00:00,0.1568175,0.078
1990-10-22 12:00:00+00:00,0.155925,0.07755
1990-10-22 13:00:00+00:00,0.15539999999999998,0.0774
1990-10-22 14:00:00+00:00,0.1827,0.08960000000000001
1990-10-22 15:00:00+00:00,0.351225,0.1619
1990-10-22 16:00:00+00:00,0.41264999999999996,0.1894
1990-10-22 17:00:00+00:00,0.4494,0.20584999999999998
1990-10-22 18:00:00+00:00,0.2646,0.12625
1990-10-22 19:00:00+00:00,0.19488,0.09505
1990-10-22 20:00:00+00:00,0.19425,0.09475
1990-10-22 21:00:00+00:00,0.17839500000000003,0.08764999999999999
1990-10-22 22:00:00+00:00,0.19215,0.0938
1990-10-22 23:00:00+00:00,0.18081,0.08869999999999999
1990-10-23 00:00:00+00:00,0.16122750000000002,0.07995
1990-10-23 01:00:00+00:00,0.15624,0.07775
1990-10-23 02:00:00+00:00,0.157395,0.07825
1990-10-23 03:00:00+00:00,0.16275,0.08065
1990-10-23 04:00:00+00:00,0.18338249999999998,0.08990000000000001
1990-10-23 05:00:00+00:00,0.19761,0.09625
1990-10-23 06:00:00+00:00,0.26523,0.1265
1990-10-23 07:00:00+00:00,0.23236500000000002,0.1118
1990-10-23 08:00:00+00:00,0.22260000000000002,0.10744999999999999
1990-10-23 09:00:00+00:00,0.18852750000000001,0.09215
1990-10-23 10:00:00+00:00,0.169365,0.08360000000000001
1990-10-23 11:00:00+00:00,0.16968,0.08374999999999999
1990-10-23 12:00:00+00:00,0.1691025,0.0835
1990-10-23 13:00:00+00:00,0.162015,0.08030000000000001
1990-10-23 14:00:00+00:00,0.172935,0.0852
1990-10-23 15:00:00+00:00,0.3523275,0.1624
1990-10-23 16:00:00+00:00,0.407505,0.1871
1990-10-23 17:00:00+00:00,0.43113,0.19770000000000001
1990-10-23 18:00:00+00:00,0.20097000000000004,0.09774999999999999
1990-10-23 19:00:00+00:00,0.174615,0.08595
1990-10-23 20:00:00+00:00,0.168735,0.0833
1990-10-23 21:00:00+00:00,0.14826,0.07419999999999999
1990-10-23 22:00:00+00:00,0.1488375,0.07445
1990-10-23 23:00:00+00:00,0.11644499999999999,0.05995
1990-10-24 00:00:00+00:00,0.11056500000000001,0.057249999999999995
1990-10-24 01:00:00+00:00,0.10730999999999999,0.0558
1990-10-24 02:00:00+00:00,0.10888500000000001,0.05655
1990-10-24 03:00:00+00:00,0.12243000000000001,0.0626
1990-10-24 04:00:00+00:00,0.13965,0.07035
1990-10-24 05:00:00+00:00,0.16904999999999998,0.08345
1990-10-24 06:00:00+00:00,0.22238999999999998,0.10735
1990-10-24 07:00:00+00:00,0.206955,0.10045
1990-10-24 08:00:00+00:00,0.186795,0.09145
1990-10-24 09:00:00+00:00,0.1706775,0.0842
1990-10-24 10:00:00+00:00,0.1659,0.08205
1990-10-24 11:00:00+00:00,0.156975,0.0781
1990-10-24 12:00:00+00:00,0.1517775,0.0757
1990-10-24 13:00:00+00:00,0.164325,0.08135
1990-10-24 14:00:00+00:00,0.172515,0.08499999999999999
1990-10-24 15:00:00+00:00,0.35043750000000007,0.16154999999999997
1990-10-24 16:00:00+00:00,0.38934,0.17895
1990-10-24 17:00:00+00:00,0.3776325,0.17375000000000002
1990-10-24 18:00:00+00:00,0.20726999999999998,0.10060000000000001
1990-10-24 19:00:00+00:00,0.189,0.0924
1990-10-24 20:00:00+00:00,0.18984,0.09275
1990-10-24 21:00:00+00:00,0.17093999999999998,0.0843
1990-10-24 22:00:00+00:00,0.18075750000000002,0.0887
1990-10-24 23:00:00+00:00,0.18075750000000002,0.0887
1990-10-25 00:00:00+00:00,0.18269999999999997,0.0896
1990-10-25 01:00:00+00:00,0.1767675,0.08695
1990-10-25 02:00:00+00:00,0.17335500000000004,0.0854
1990-10-25 03:00:00+00:00,0.1750875,0.08615
1990-10-25 04:00:00+00:00,0.18375,0.09005
1990-10-25 05:00:00+00:00,0.20390999999999998,0.09905
1990-10-25 06:00:00+00:00,0.24969,0.11955
1990-10-25 07:00:00+00:00,0.22669499999999998,0.1093
1990-10-25 08:00:00+00:00,0.2370375,0.1139
1990-10-25 09:00:00+00:00,0.23341499999999998,0.11229999999999998
1990-10-25 10:00:00+00:00,0.22722000000000003,0.1095
1990-10-25 11:00:00+00:00,0.2123625,0.10285
1990-10-25 12:00:00+00:00,0.19383,0.09455
1990-10-25 13:00:00+00:00,0.184695,0.0905
1990-10-25 14:00:00+00:00,0.2043825,0.0993
1990-10-25 15:00:00+00:00,0.42210000000000003,0.19365
1990-10-25 16:00:00+00:00,0.490875,0.22445
1990-10-25 17:00:00+00:00,0.48195,0.22044999999999998
1990-10-25 18:00:00+00:00,0.2415,0.1159
1990-10-25 19:00:00+00:00,0.20595750000000002,0.1
1990-10-25 20:00:00+00:00,0.1988175,0.0968
1990-10-25 21:00:00+00:00,0.1785,0.0877
1990-10-25 22:00:00+00:00,0.20559,0.0998
1990-10-25 23:00:00+00:00,0.18863249999999998,0.09225
1990-10-26 00:00:00+00:00,0.179235,0.088
1990-10-26 01:00:00+00:00,0.16926,0.08355
1990-10-26 02:00:00+00:00,0.17834250000000001,0.0876
1990-10-26 03:00:00+00:00,0.1757175,0.08645
1990-10-26 04:00:00+00:00,0.18438,0.09029999999999999
1990-10-26 05:00:00+00:00,0.19971,0.0972
1990-10-26 06:00:00+00:00,0.20454,0.09935
1990-10-26 07:00:00+00:00,0.2319975,0.11165
1990-10-26 08:00:00+00:00,0.24045,0.1154
1990-10-26 09:00:00+00:00,0.23047499999999999,0.11100000000000002
1990-10-26 10:00:00+00:00,0.168525,0.08324999999999999
1990-10-26 11:00:00+00:00,0.17256749999999998,0.0851
1990-10-26 12:00:00+00:00,0.16075499999999998,0.07974999999999999
1990-10-26 13:00:00+00:00,0.1575,0.0783
1990-10-26 14:00:00+00:00,0.18165,0.08915000000000001
1990-10-26 15:00:00+00:00,0.37274999999999997,0.17154999999999998
1990-10-26 16:00:00+00:00,0.399945,0.18370000000000003
1990-10-26 17:00:00+00:00,0.399315,0.18345
1990-10-26 18:00:00+00:00,0.22932000000000002,0.11044999999999999
1990-10-26 19:00:00+00:00,0.18606,0.09110000000000001
1990-10-26 20:00:00+00:00,0.19640249999999998,0.09570000000000001
1990-10-26 21:00:00+00:00,0.189945,0.0928
1990-10-26 22:00:00+00:00,0.24885000000000002,0.1192
1990-10-26 23:00:00+00:00,0.19241250000000001,0.09390000000000001
1990-10-27 00:00:00+00:00,0.1785,0.0877
1990-10-27 01:00:00+00:00,0.1945125,0.0949
1990-10-27 02:00:00+00:00,0.1491,0.07455
1990-10-27 03:00:00+00:00,0.1577625,0.0784
1990-10-27 04:00:00+00:00,0.1825425,0.0895
1990-10-27 05:00:00+00:00,0.17787000000000003,0.0874
1990-10-27 06:00:00+00:00,0.20055,0.09755
1990-10-27 07:00:00+00:00,0.18774,0.09185
1990-10-27 08:00:00+00:00,0.192255,0.09385000000000002
1990-10-27 09:00:00+00:00,0.1912575,0.0934
1990-10-27 10:00:00+00:00,0.16264499999999998,0.08059999999999999
1990-10-27 11:00:00+00:00,0.160125,0.07944999999999999
1990-10-27 12:00:00+00:00,0.157185,0.07815
1990-10-27 13:00:00+00:00,0.17262,0.08505
1990-10-27 14:00:00+00:00,0.1659,0.08205
1990-10-27 15:00:00+00:00,0.18123,0.08895
1990-10-27 16:00:00+00:00,0.353325,0.16285
1990-10-27 17:00:00+00:00,0.38724000000000003,0.17804999999999999
1990-10-27 18:00:00+00:00,0.3757425,0.1729
1990-10-27 19:00:00+00:00,0.18921,0.0925
1990-10-27 20:00:00+00:00,0.20433,0.09925
1990-10-27 21:00:00+00:00,0.2058,0.09989999999999999
1990-10-27 22:00:00+00:00,0.1853775,0.0908
1990-10-27 23:00:00+00:00,0.16275,0.08065
1990-10-28 00:00:00+00:00,0.1386,0.06985
1990-10-28 01:00:00+00:00,0.1328775,0.0673
1990-10-28 02:00:00+00:00,0.13251000000000002,0.06709999999999999
1990-10-28 03:00:00+00:00,0.134295,0.0679
1990-10-28 04:00:00+00:00,0.1533,0.0764
1990-10-28 05:00:00+00:00,0.164115,0.08124999999999999
1990-10-28 06:00:00+00:00,0.19257,0.094
1990-10-28 07:00:00+00:00,0.18023250000000002,0.08845
1990-10-28 08:00:00+00:00,0.189,0.09240000000000001
1990-10-28 09:00:00+00:00,0.18375,0.09004999999999999
1990-10-28 10:00:00+00:00,0.20579999999999998,0.0999
1990-10-28 11:00:00+00:00,0.20096999999999998,0.09775
1990-10-28 12:00:00+00:00,0.22596,0.10894999999999999
1990-10-28 13:00:00+00:00,0.214515,0.1038
1990-10-28 14:00:00+00:00,0.217455,0.10515
1990-10-28 15:00:00+00:00,0.23099999999999998,0.1112
1990-10-28 16:00:00+00:00,0.40425,0.18564999999999998
1990-10-28 17:00:00+00:00,0.40193999999999996,0.1846
1990-10-28 18:00:00+00:00,0.41475,0.19035000000000002
1990-10-28 19:00:00+00:00,0.2359875,0.1134
1990-10-28 20:00:00+00:00,0.22302,0.10765000000000001
1990-10-28 21:00:00+00:00,0.21924,0.10595
1990-10-28 22:00:00+00:00,0.187005,0.0915
1990-10-28 23:00:00+00:00,0.19341000000000003,0.09434999999999999
1990-10-29 00:00:00+00:00,0.18711,0.09154999999999999
1990-10-29 01:00:00+00:00,0.17676749999999997,0.0869
1990-10-29 02:00:00+00:00,0.1809675,0.08880000000000002
1990-10-29 03:00:00+00:00,0.1779225,0.08745
1990-10-29 04:00:00+00:00,0.18732000000000001,0.09165000000000001
1990-10-29 05:00:00+00:00,0.193305,0.09430000000000001
1990-10-29 06:00:00+00:00,0.20265,0.0985
1990-10-29 07:00:00+00:00,0.216615,0.10475
1990-10-29 08:00:00+00:00,0.20937,0.10155
1990-10-29 09:00:00+00:00,0.215565,0.1043
1990-10-29 10:00:00+00:00,0.1959825,0.0955
1990-10-29 11:00:00+00:00,0.18217500000000003,0.08934999999999998
1990-10-29 12:00:00+00:00,0.1980825,0.09645000000000001
1990-10-29 13:00:00+00:00,0.206955,0.10039999999999999
1990-10-29 14:00:00+00:00,0.2195025,0.10604999999999999
1990-10-29 15:00:00+00:00,0.24995249999999997,0.11965
1990-10-29 16:00:00+00:00,0.4641,0.21244999999999997
1990-10-29 17:00:00+00:00,0.52269,0.23865
1990-10-29 18:00:00+00:00,0.45491249999999994,0.20835
1990-10-29 19:00:00+00:00,0.231315,0.11135
1990-10-29 20:00:00+00:00,0.20832,0.101
1990-10-29 21:00:00+00:00,0.19131,0.09345
1990-10-29 22:00:00+00:00,0.1742475,0.0858
1990-10-29 23:00:00+00:00,0.189525,0.09265
1990-10-30 00:00:00+00:00,0.17886749999999998,0.08785000000000001
1990-10-30 01:00:00+00:00,0.17781750000000002,0.0874
1990-10-30 02:00:00+00:00,0.17115000000000002,0.0844
1990-10-30 03:00:00+00:00,0.17451,0.0859
1990-10-30 04:00:00+00:00,0.163065,0.0808
1990-10-30 05:00:00+00:00,0.17955,0.08815
1990-10-30 06:00:00+00:00,0.19971,0.09720000000000001
1990-10-30 07:00:00+00:00,0.222495,0.1074
1990-10-30 08:00:00+00:00,0.21619500000000003,0.1046
1990-10-30 09:00:00+00:00,0.20895000000000002,0.10135
1990-10-30 10:00:00+00:00,0.199815,0.09725
1990-10-30 11:00:00+00:00,0.18795,0.09195
1990-10-30 12:00:00+00:00,0.2037,0.09895000000000001
1990-10-30 13:00:00+00:00,0.212625,0.10300000000000001
1990-10-30 14:00:00+00:00,0.21105000000000002,0.1023
1990-10-30 15:00:00+00:00,0.253575,0.12129999999999999
1990-10-30 16:00:00+00:00,0.452655,0.2073
1990-10-30 17:00:00+00:00,0.46725,0.21384999999999998
1990-10-30 18:00:00+00:00,0.4261425,0.19545
1990-10-30 19:00:00+00:00,0.21378,0.10350000000000001
1990-10-30 20:00:00+00:00,0.19215,0.0938
1990-10-30 21:00:00+00:00,0.2016,0.098
1990-10-30 22:00:00+00:00,0.1953,0.09525
1990-10-30 23:00:00+00:00,0.203175,0.09875
1990-10-31 00:00:00+00:00,0.17766,0.08729999999999999
1990-10-31 01:00:00+00:00,0.15539999999999998,0.07735
1990-10-31 02:00:00+00:00,0.16022999999999998,0.07955000000000001
1990-10-31 03:00:00+00:00,0.15539999999999998,0.0774
1990-10-31 04:00:00+00:00,0.163275,0.0809
1990-10-31 05:00:00+00:00,0.1638,0.0811
1990-10-31 06:00:00+00:00,0.20579999999999998,0.09989999999999999
1990-10-31 07:00:00+00:00,0.2147775,0.10395
1990-10-31 08:00:00+00:00,0.2142,0.1037
1990-10-31 09:00:00+00:00,0.20895,0.10135
1990-10-31 10:00:00+00:00,0.172095,0.08479999999999999
1990-10-31 11:00:00+00:00,0.1702575,0.084
1990-10-31 12:00:00+00:00,0.171045,0.08435
1990-10-31 13:00:00+00:00,0.17451,0.08595
1990-10-31 14:00:00+00:00,0.17650500000000002,0.08679999999999999
1990-10-31 15:00:00+00:00,0.213675,0.10345
1990-10-31 16:00:00+00:00,0.38661,0.17775000000000002
1990-10-31 17:00:00+00:00,0.39081,0.17965
1990-10-31 18:00:00+00:00,0.36561,0.16835
1990-10-31 19:00:00+00:00,0.19088999999999998,0.09325
1990-10-31 20:00:00+00:00,0.19424999999999998,0.09475
1990-10-31 21:00:00+00:00,0.2034375,0.09885000000000001
1990-10-31 22:00:00+00:00,0.1757175,0.08645
1990-10-31 23:00:00+00:00,0.19424999999999998,0.09475
1990-11-01 00:00:00+00:00,0.20265,0.09849999999999999
1990-11-01 01:00:00+00:00,0.1743525,0.08585
1990-11-01 02:00:00+00:00,0.148785,0.0744
1990-11-01 03:00:00+00:00,0.147,0.0736
1990-11-01 04:00:00+00:00,0.160545,0.0797
1990-11-01 05:00:00+00:00,0.1575,0.0783
1990-11-01 06:00:00+00:00,0.18899999999999997,0.0924
1990-11-01 07:00:00+00:00,0.207585,0.10070000000000001
1990-11-01 08:00:00+00:00,0.19635,0.09570000000000001
1990-11-01 09:00:00+00:00,0.17786999999999997,0.08745
1990-11-01 10:00:00+00:00,0.1786575,0.08775000000000001
1990-11-01 11:00:00+00:00,0.182595,0.0895
1990-11-01 12:00:00+00:00,0.20475,0.09945000000000001
1990-11-01 13:00:00+00:00,0.19887,0.0968
1990-11-01 14:00:00+00:00,0.1743,0.0858
1990-11-01 15:00:00+00:00,0.1980825,0.09645000000000001
1990-11-01 16:00:00+00:00,0.38745,0.17814999999999998
1990-11-01 17:00:00+00:00,0.3940125,0.18105
1990-11-01 18:00:00+00:00,0.38955,0.17905
1990-11-01 19:00:00+00:00,0.218505,0.1056
1990-11-01 20:00:00+00:00,0.19949999999999998,0.09705
1990-11-01 21:00:00+00:00,0.191625,0.0936
1990-11-01 22:00:00+00:00,0.18795,0.09195
1990-11-01 23:00:00+00:00,0.18458999999999998,0.09040000000000001
1990-11-02 00:00:00+00:00,0.176295,0.08675
1990-11-02 01:00:00+00:00,0.167055,0.08255
1990-11-02 02:00:00+00:00,0.155715,0.0775
1990-11-02 03:00:00+00:00,0.1577625,0.0784
1990-11-02 04:00:00+00:00,0.16275,0.08065
1990-11-02 05:00:00+00:00,0.16926000000000002,0.08354999999999999
1990-11-02 06:00:00+00:00,0.1714125,0.08455000000000001
1990-11-02 07:00:00+00:00,0.180285,0.0885
1990-11-02 08:00:00+00:00,0.186375,0.0912
1990-11-02 09:00:00+00:00,0.19309500000000002,0.0942
1990-11-02 10:00:00+00:00,0.1953,0.09519999999999999
1990-11-02 11:00:00+00:00,0.18921,0.0925
1990-11-02 12:00:00+00:00,0.19341,0.09434999999999999
1990-11-02 13:00:00+00:00,0.19866,0.0967
1990-11-02 14:00:00+00:00,0.19949999999999998,0.09709999999999999
1990-11-02 15:00:00+00:00,0.209265,0.1015
1990-11-02 16:00:00+00:00,0.37831499999999996,0.17404999999999998
1990-11-02 17:00:00+00:00,0.39070499999999997,0.17959999999999998
1990-11-02 18:00:00+00:00,0.37632,0.17315
1990-11-02 19:00:00+00:00,0.20044499999999998,0.09755
1990-11-02 20:00:00+00:00,0.20333250000000003,0.0988
1990-11-02 21:00:00+00:00,0.19404,0.09465
1990-11-02 22:00:00+00:00,0.178395,0.08765
1990-11-02 23:00:00+00:00,0.18899999999999997,0.0924
1990-11-03 00:00:00+00:00,0.1827,0.08954999999999999
1990-11-03 01:00:00+00:00,0.17262,0.08510000000000001
1990-11-03 02:00:00+00:00,0.15855000000000002,0.07874999999999999
1990-11-03 03:00:00+00:00,0.15960000000000002,0.07919999999999999
1990-11-03 04:00:00+00:00,0.1617,0.08015
1990-11-03 05:00:00+00:00,0.1766625,0.08685
1990-11-03 06:00:00+00:00,0.17676750000000002,0.08695
1990-11-03 07:00:00+00:00,0.1688925,0.08335
1990-11-03 08:00:00+00:00,0.1638,0.08109999999999999
1990-11-03 09:00:00+00:00,0.19635,0.09570000000000001
1990-11-03 10:00:00+00:00,0.21336,0.1033
1990-11-03 11:00:00+00:00,0.19635,0.09570000000000001
1990-11-03 12:00:00+00:00,0.219975,0.10625
1990-11-03 13:00:00+00:00,0.196875,0.0959
1990-11-03 14:00:00+00:00,0.17225250000000003,0.0849
1990-11-03 15:00:00+00:00,0.1995,0.09709999999999999
1990-11-03 16:00:00+00:00,0.4011,0.18424999999999997
1990-11-03 17:00:00+00:00,0.3927,0.1805
1990-11-03 18:00:00+00:00,0.398055,0.18285
1990-11-03 19:00:00+00:00,0.21209999999999998,0.1027
1990-11-03 20:00:00+00:00,0.20181000000000002,0.09814999999999999
1990-11-03 21:00:00+00:00,0.1911,0.09334999999999999
1990-11-03 22:00:00+00:00,0.17535,0.08625
1990-11-03 23:00:00+00:00,0.1767675,0.0869
1990-11-04 00:00:00+00:00,0.17325000000000002,0.08535000000000001
1990-11-04 01:00:00+00:00,0.16842,0.0832
1990-11-04 02:00:00+00:00,0.16532249999999998,0.08180000000000001
1990-11-04 03:00:00+00:00,0.16359,0.08099999999999999
1990-11-04 04:00:00+00:00,0.16632,0.08225
1990-11-04 05:00:00+00:00,0.194145,0.0947
1990-11-04 06:00:00+00:00,0.20622000000000001,0.10014999999999999
1990-11-04 07:00:00+00:00,0.2289,0.11025
1990-11-04 08:00:00+00:00,0.21945,0.10605
1990-11-04 09:00:00+00:00,0.20202,0.09820000000000001
1990-11-04 10:00:00+00:00,0.19887,0.09684999999999999
1990-11-04 11:00:00+00:00,0.1974,0.09615
1990-11-04 12:00:00+00:00,0.1930425,0.0942
1990-11-04 13:00:00+00:00,0.20579999999999998,0.0999
1990-11-04 14:00:00+00:00,0.25032,0.11985
1990-11-04 15:00:00+00:00,0.2973075,0.14085
1990-11-04 16:00:00+00:00,0.5725125,0.26095
1990-11-04 17:00:00+00:00,0.6021224999999999,0.27425
1990-11-04 18:00:00+00:00,0.47565,0.2176
1990-11-04 19:00:00+00:00,0.24911250000000001,0.1193
1990-11-04 20:00:00+00:00,0.211995,0.1027
1990-11-04 21:00:00+00:00,0.1965075,0.0958
1990-11-04 22:00:00+00:00,0.1720425,0.0848
1990-11-04 23:00:00+00:00,0.17220000000000002,0.0849
1990-11-05 00:00:00+00:00,0.1716225,0.08465
1990-11-05 01:00:00+00:00,0.16485000000000002,0.08159999999999999
1990-11-05 02:00:00+00:00,0.163905,0.08115
1990-11-05 03:00:00+00:00,0.1638,0.08115
1990-11-05 04:00:00+00:00,0.1654275,0.08184999999999999
1990-11-05 05:00:00+00:00,0.17325000000000002,0.08535000000000001
1990-11-05 06:00:00+00:00,0.22480500000000003,0.1084
1990-11-05 07:00:00+00:00,0.23058,0.11100000000000002
1990-11-05 08:00:00+00:00,0.23247,0.11185
1990-11-05 09:00:00+00:00,0.21777000000000002,0.1053
1990-11-05 10:00:00+00:00,0.21630000000000002,0.10464999999999999
1990-11-05 11:00:00+00:00,0.22281,0.10754999999999999
1990-11-05 12:00:00+00:00,0.22081499999999998,0.1066
1990-11-05 13:00:00+00:00,0.2247,0.1084
1990-11-05 14:00:00+00:00,0.26292,0.1255
1990-11-05 15:00:00+00:00,0.32628749999999995,0.15385
1990-11-05 16:00:00+00:00,0.7392000000000001,0.3356
1990-11-05 17:00:00+00:00,0.7552125,0.34275
1990-11-05 18:00:00+00:00,0.69741,0.31689999999999996
1990-11-05 19:00:00+00:00,0.31452749999999996,0.1486
1990-11-05 20:00:00+00:00,0.252,0.1206
1990-11-05 21:00:00+00:00,0.20265,0.0985
1990-11-05 22:00:00+00:00,0.1842225,0.09029999999999999
1990-11-05 23:00:00+00:00,0.17729249999999996,0.08715
1990-11-06 00:00:00+00:00,0.1769775,0.087
1990-11-06 01:00:00+00:00,0.17230499999999999,0.08495
1990-11-06 02:00:00+00:00,0.16605749999999997,0.0821
1990-11-06 03:00:00+00:00,0.16905000000000003,0.08345
1990-11-06 04:00:00+00:00,0.17172750000000003,0.08465
1990-11-06 05:00:00+00:00,0.1864275,0.09125
1990-11-06 06:00:00+00:00,0.21000000000000002,0.1018
1990-11-06 07:00:00+00:00,0.2423925,0.1163
1990-11-06 08:00:00+00:00,0.256095,0.12245
1990-11-06 09:00:00+00:00,0.252,0.1206
1990-11-06 10:00:00+00:00,0.24359999999999998,0.1168
1990-11-06 11:00:00+00:00,0.23184000000000002,0.1116
1990-11-06 12:00:00+00:00,0.22995,0.11069999999999999
1990-11-06 13:00:00+00:00,0.247275,0.1185
1990-11-06 14:00:00+00:00,0.26900999999999997,0.12819999999999998
1990-11-06 15:00:00+00:00,0.297465,0.14095000000000002
1990-11-06 16:00:00+00:00,0.5969249999999999,0.2719
1990-11-06 17:00:00+00:00,0.664965,0.30235
1990-11-06 18:00:00+00:00,0.55335,0.2524
1990-11-06 19:00:00+00:00,0.2723175,0.12969999999999998
1990-11-06 20:00:00+00:00,0.22165500000000002,0.10704999999999999
1990-11-06 21:00:00+00:00,0.2013375,0.0979
1990-11-06 22:00:00+00:00,0.1859025,0.091
1990-11-06 23:00:00+00:00,0.18858000000000003,0.0922
1990-11-07 00:00:00+00:00,0.17346,0.08545
1990-11-07 01:00:00+00:00,0.17198999999999998,0.0848
1990-11-07 02:00:00+00:00,0.16757999999999998,0.0828
1990-11-07 03:00:00+00:00,0.1676325,0.08285
1990-11-07 04:00:00+00:00,0.1662675,0.08224999999999999
1990-11-07 05:00:00+00:00,0.175035,0.08615
1990-11-07 06:00:00+00:00,0.19299,0.0942
1990-11-07 07:00:00+00:00,0.19981500000000002,0.09725
1990-11-07 08:00:00+00:00,0.21052500000000002,0.10200000000000001
1990-11-07 09:00:00+00:00,0.21036749999999999,0.10200000000000001
1990-11-07 10:00:00+00:00,0.20517,0.09964999999999999
1990-11-07 11:00:00+00:00,0.2018625,0.09820000000000001
1990-11-07 12:00:00+00:00,0.206535,0.10025
1990-11-07 13:00:00+00:00,0.1995,0.09709999999999999
1990-11-07 14:00:00+00:00,0.20517000000000002,0.09965
1990-11-07 15:00:00+00:00,0.224595,0.10830000000000001
1990-11-07 16:00:00+00:00,0.39259499999999997,0.18045
1990-11-07 17:00:00+00:00,0.3952725,0.18159999999999998
1990-11-07 18:00:00+00:00,0.39375,0.18095
1990-11-07 19:00:00+00:00,0.21005249999999998,0.10185
1990-11-07 20:00:00+00:00,0.17955,0.08815
1990-11-07 21:00:00+00:00,0.1944075,0.0948
1990-11-07 22:00:00+00:00,0.179655,0.0882
1990-11-07 23:00:00+00:00,0.17970750000000002,0.08825
1990-11-08 00:00:00+00:00,0.1764,0.08675000000000001
1990-11-08 01:00:00+00:00,0.17010000000000003,0.0839
1990-11-08 02:00:00+00:00,0.17167500000000002,0.08465
1990-11-08 03:00:00+00:00,0.17272500000000002,0.08515
1990-11-08 04:00:00+00:00,0.17955,0.0882
1990-11-08 05:00:00+00:00,0.18795,0.09190000000000001
1990-11-08 06:00:00+00:00,0.19319999999999998,0.0943
1990-11-08 07:00:00+00:00,0.20475,0.09945
1990-11-08 08:00:00+00:00,0.21083999999999997,0.1022
1990-11-08 09:00:00+00:00,0.19845000000000002,0.09659999999999999
1990-11-08 10:00:00+00:00,0.20496,0.0995
1990-11-08 11:00:00+00:00,0.2037,0.09895000000000001
1990-11-08 12:00:00+00:00,0.2071125,0.1005
1990-11-08 13:00:00+00:00,0.20789999999999997,0.10085
1990-11-08 14:00:00+00:00,0.23751,0.11410000000000001
1990-11-08 15:00:00+00:00,0.23604,0.11345
1990-11-08 16:00:00+00:00,0.3915975,0.18
1990-11-08 17:00:00+00:00,0.38934,0.179
1990-11-08 18:00:00+00:00,0.37905,0.17435
1990-11-08 19:00:00+00:00,0.224385,0.10825000000000001
1990-11-08 20:00:00+00:00,0.20632499999999998,0.10014999999999999
1990-11-08 21:00:00+00:00,0.19529999999999997,0.0952
1990-11-08 22:00:00+00:00,0.19020750000000003,0.09295
1990-11-08 23:00:00+00:00,0.19041750000000002,0.09305
1990-11-09 00:00:00+00:00,0.18695250000000002,0.0915
1990-11-09 01:00:00+00:00,0.1860075,0.09104999999999999
1990-11-09 02:00:00+00:00,0.1827,0.08960000000000001
1990-11-09 03:00:00+00:00,0.18459,0.09045
1990-11-09 04:00:00+00:00,0.18732000000000001,0.09165000000000001
1990-11-09 05:00:00+00:00,0.18564,0.0909
1990-11-09 06:00:00+00:00,0.20076,0.09770000000000001
1990-11-09 07:00:00+00:00,0.209055,0.1014
1990-11-09 08:00:00+00:00,0.2247,0.1084
1990-11-09 09:00:00+00:00,0.22092,0.10669999999999999
1990-11-09 10:00:00+00:00,0.23073749999999998,0.1111
1990-11-09 11:00:00+00:00,0.23204999999999998,0.1117
1990-11-09 12:00:00+00:00,0.24359999999999998,0.11685
1990-11-09 13:00:00+00:00,0.23630249999999997,0.1136
1990-11-09 14:00:00+00:00,0.24696,0.1183
1990-11-09 15:00:00+00:00,0.262395,0.12525
1990-11-09 16:00:00+00:00,0.41874,0.1921
1990-11-09 17:00:00+00:00,0.4179,0.19175
1990-11-09 18:00:00+00:00,0.42063,0.19295
1990-11-09 19:00:00+00:00,0.237405,0.11405
1990-11-09 20:00:00+00:00,0.21808499999999997,0.1054
1990-11-09 21:00:00+00:00,0.218925,0.1058
1990-11-09 22:00:00+00:00,0.19845000000000002,0.0966
1990-11-09 23:00:00+00:00,0.18595499999999998,0.091
1990-11-10 00:00:00+00:00,0.18627,0.0912
1990-11-10 01:00:00+00:00,0.183855,0.09009999999999999
1990-11-10 02:00:00+00:00,0.17955,0.08815
1990-11-10 03:00:00+00:00,0.182805,0.0896
1990-11-10 04:00:00+00:00,0.179865,0.0883
1990-11-10 05:00:00+00:00,0.1806,0.08865
1990-11-10 06:00:00+00:00,0.18490499999999999,0.09060000000000001
1990-11-10 07:00:00+00:00,0.19293749999999998,0.09415
1990-11-10 08:00:00+00:00,0.19792500000000002,0.0964
1990-11-10 09:00:00+00:00,0.203175,0.09875
1990-11-10 10:00:00+00:00,0.195615,0.09534999999999999
1990-11-10 11:00:00+00:00,0.208215,0.101
1990-11-10 12:00:00+00:00,0.2221275,0.10720000000000002
1990-11-10 13:00:00+00:00,0.216615,0.10475000000000001
1990-11-10 14:00:00+00:00,0.2373,0.114
1990-11-10 15:00:00+00:00,0.234675,0.11285
1990-11-10 16:00:00+00:00,0.39753,0.18265
1990-11-10 17:00:00+00:00,0.39144,0.17995
1990-11-10 18:00:00+00:00,0.380205,0.1749
1990-11-10 19:00:00+00:00,0.20517000000000002,0.09965
1990-11-10 20:00:00+00:00,0.1895775,0.09265
1990-11-10 21:00:00+00:00,0.19829249999999998,0.09655
1990-11-10 22:00:00+00:00,0.18669000000000002,0.09135
1990-11-10 23:00:00+00:00,0.1833825,0.0899
1990-11-11 00:00:00+00:00,0.18081,0.08875
1990-11-11 01:00:00+00:00,0.16710750000000002,0.08259999999999999
1990-11-11 02:00:00+00:00,0.1575,0.0783
1990-11-11 03:00:00+00:00,0.1611225,0.0799
1990-11-11 04:00:00+00:00,0.1662675,0.0822
1990-11-11 05:00:00+00:00,0.17787,0.0874
1990-11-11 06:00:00+00:00,0.20811,0.10099999999999999
1990-11-11 07:00:00+00:00,0.19986749999999998,0.09725
1990-11-11 08:00:00+00:00,0.2174025,0.1051
1990-11-11 09:00:00+00:00,0.2123625,0.10285
1990-11-11 10:00:00+00:00,0.193305,0.09435
1990-11-11 11:00:00+00:00,0.2052225,0.09964999999999999
1990-11-11 12:00:00+00:00,0.2037,0.09895000000000001
1990-11-11 13:00:00+00:00,0.19845000000000002,0.09665
1990-11-11 14:00:00+00:00,0.22081499999999998,0.1066
1990-11-11 15:00:00+00:00,0.234045,0.11255
1990-11-11 16:00:00+00:00,0.3887625,0.1787
1990-11-11 17:00:00+00:00,0.391335,0.17989999999999998
1990-11-11 18:00:00+00:00,0.394275,0.18115
1990-11-11 19:00:00+00:00,0.1975575,0.09620000000000001
1990-11-11 20:00:00+00:00,0.1909425,0.09325
1990-11-11 21:00:00+00:00,0.1848,0.0905
1990-11-11 22:00:00+00:00,0.1957725,0.09545000000000001
1990-11-11 23:00:00+00:00,0.18616499999999997,0.09115000000000001
1990-11-12 00:00:00+00:00,0.17514000000000002,0.0862
1990-11-12 01:00:00+00:00,0.1743,0.0858
1990-11-12 02:00:00+00:00,0.17220000000000002,0.0849
1990-11-12 03:00:00+00:00,0.17850000000000002,0.0877
1990-11-12 04:00:00+00:00,0.18144,0.08905
1990-11-12 05:00:00+00:00,0.17850000000000002,0.0877
1990-11-12 06:00:00+00:00,0.19949999999999998,0.0971
1990-11-12 07:00:00+00:00,0.2207625,0.10665
1990-11-12 08:00:00+00:00,0.2208675,0.10665
1990-11-12 09:00:00+00:00,0.231945,0.11165
1990-11-12 10:00:00+00:00,0.206955,0.10045
1990-11-12 11:00:00+00:00,0.20096999999999998,0.09775
1990-11-12 12:00:00+00:00,0.224385,0.10825
1990-11-12 13:00:00+00:00,0.236985,0.1139
1990-11-12 14:00:00+00:00,0.25473,0.1218
1990-11-12 15:00:00+00:00,0.279615,0.133
1990-11-12 16:00:00+00:00,0.46199999999999997,0.2115
1990-11-12 17:00:00+00:00,0.474705,0.2172
1990-11-12 18:00:00+00:00,0.4465125,0.20455
1990-11-12 19:00:00+00:00,0.280875,0.13355
1990-11-12 20:00:00+00:00,0.23047499999999999,0.11095
1990-11-12 21:00:00+00:00,0.205065,0.0996
1990-11-12 22:00:00+00:00,0.190365,0.09305
1990-11-12 23:00:00+00:00,0.1848,0.09050000000000001
1990-11-13 00:00:00+00:00,0.17976,0.08829999999999999
1990-11-13 01:00:00+00:00,0.18480000000000002,0.0905
1990-11-13 02:00:00+00:00,0.179025,0.0879
1990-11-13 03:00:00+00:00,0.1869,0.09145
1990-11-13 04:00:00+00:00,0.1869,0.0915
1990-11-13 05:00:00+00:00,0.19551,0.0953
1990-11-13 06:00:00+00:00,0.2465925,0.11814999999999999
1990-11-13 07:00:00+00:00,0.259035,0.12375
1990-11-13 08:00:00+00:00,0.268695,0.12805
1990-11-13 09:00:00+00:00,0.27762,0.1321
1990-11-13 10:00:00+00:00,0.2604,0.12434999999999999
1990-11-13 11:00:00+00:00,0.2573025,0.12295
1990-11-13 12:00:00+00:00,0.24528,0.1176
1990-11-13 13:00:00+00:00,0.245385,0.11764999999999999
1990-11-13 14:00:00+00:00,0.2646525,0.12625
1990-11-13 15:00:00+00:00,0.27153,0.12935
1990-11-13 16:00:00+00:00,0.43911,0.20124999999999998
1990-11-13 17:00:00+00:00,0.42818999999999996,0.19635
1990-11-13 18:00:00+00:00,0.44709,0.20479999999999998
1990-11-13 19:00:00+00:00,0.2394,0.11495
1990-11-13 20:00:00+00:00,0.20821499999999998,0.101
1990-11-13 21:00:00+00:00,0.20732250000000002,0.1006
1990-11-13 22:00:00+00:00,0.1842225,0.09025
1990-11-13 23:00:00+00:00,0.18942,0.09259999999999999
1990-11-14 00:00:00+00:00,0.18144,0.08905
1990-11-14 01:00:00+00:00,0.17571750000000003,0.08645
1990-11-14 02:00:00+00:00,0.17850000000000002,0.0877
1990-11-14 03:00:00+00:00,0.17850000000000002,0.0877
1990-11-14 04:00:00+00:00,0.1785,0.0877
1990-11-14 05:00:00+00:00,0.18679500000000002,0.09140000000000001
1990-11-14 06:00:00+00:00,0.20579999999999998,0.0999
1990-11-14 07:00:00+00:00,0.2247,0.10835
1990-11-14 08:00:00+00:00,0.229215,0.1104
1990-11-14 09:00:00+00:00,0.2231775,0.1077
1990-11-14 10:00:00+00:00,0.22974,0.1106
1990-11-14 11:00:00+00:00,0.22575,0.10885
1990-11-14 12:00:00+00:00,0.224175,0.10815
1990-11-14 13:00:00+00:00,0.23393999999999998,0.11255
1990-11-14 14:00:00+00:00,0.251475,0.12035
1990-11-14 15:00:00+00:00,0.25934999999999997,0.12390000000000001
1990-11-14 16:00:00+00:00,0.41054999999999997,0.18845
1990-11-14 17:00:00+00:00,0.403095,0.1851
1990-11-14 18:00:00+00:00,0.399,0.18330000000000002
1990-11-14 19:00:00+00:00,0.23604,0.11345
1990-11-14 20:00:00+00:00,0.22580250000000002,0.10890000000000001
1990-11-14 21:00:00+00:00,0.2144625,0.1038
1990-11-14 22:00:00+00:00,0.19740000000000002,0.09620000000000001
1990-11-14 23:00:00+00:00,0.19424999999999998,0.09475
1990-11-15 00:00:00+00:00,0.1873725,0.0917
1990-11-15 01:00:00+00:00,0.18164999999999998,0.08910000000000001
1990-11-15 02:00:00+00:00,0.18269999999999997,0.0896
1990-11-15 03:00:00+00:00,0.18375,0.09004999999999999
1990-11-15 04:00:00+00:00,0.1869525,0.0915
1990-11-15 05:00:00+00:00,0.21724500000000002,0.10505
1990-11-15 06:00:00+00:00,0.23147250000000003,0.11145
1990-11-15 07:00:00+00:00,0.25772249999999997,0.12314999999999998
1990-11-15 08:00:00+00:00,0.25116,0.12025
1990-11-15 09:00:00+00:00,0.231525,0.1114
1990-11-15 10:00:00+00:00,0.22365000000000002,0.1079
1990-11-15 11:00:00+00:00,0.21105000000000002,0.10225000000000001
1990-11-15 12:00:00+00:00,0.20847749999999998,0.1011
1990-11-15 13:00:00+00:00,0.20664,0.1003
1990-11-15 14:00:00+00:00,0.20653499999999997,0.10025
1990-11-15 15:00:00+00:00,0.2085825,0.10115
1990-11-15 16:00:00+00:00,0.3761625,0.17305000000000004
1990-11-15 17:00:00+00:00,0.3756375,0.17285
1990-11-15 18:00:00+00:00,0.35595,0.16404999999999997
1990-11-15 19:00:00+00:00,0.211155,0.1023
1990-11-15 20:00:00+00:00,0.20149499999999998,0.09795
1990-11-15 21:00:00+00:00,0.2016,0.098
1990-11-15 22:00:00+00:00,0.18269999999999997,0.0896
1990-11-15 23:00:00+00:00,0.189,0.09240000000000001
1990-11-16 00:00:00+00:00,0.16695,0.08255
1990-11-16 01:00:00+00:00,0.16884,0.0834
1990-11-16 02:00:00+00:00,0.1621725,0.0804
1990-11-16 03:00:00+00:00,0.16044,0.0796
1990-11-16 04:00:00+00:00,0.17094,0.0843
1990-11-16 05:00:00+00:00,0.1651125,0.0817
1990-11-16 06:00:00+00:00,0.17387999999999998,0.08564999999999999
1990-11-16 07:00:00+00:00,0.1869,0.09145
1990-11-16 08:00:00+00:00,0.2058,0.09994999999999998
1990-11-16 09:00:00+00:00,0.211995,0.1027
1990-11-16 10:00:00+00:00,0.21651,0.10475000000000001
1990-11-16 11:00:00+00:00,0.2111025,0.1023
1990-11-16 12:00:00+00:00,0.20181000000000002,0.0981
1990-11-16 13:00:00+00:00,0.18795,0.0919
1990-11-16 14:00:00+00:00,0.19094250000000001,0.09325
1990-11-16 15:00:00+00:00,0.20013,0.09734999999999999
1990-11-16 16:00:00+00:00,0.38829,0.17855000000000001
1990-11-16 17:00:00+00:00,0.3837225,0.1765
1990-11-16 18:00:00+00:00,0.38367,0.17645
1990-11-16 19:00:00+00:00,0.212205,0.1028
1990-11-16 20:00:00+00:00,0.19640249999999998,0.0957
1990-11-16 21:00:00+00:00,0.193515,0.09440000000000001
1990-11-16 22:00:00+00:00,0.17745,0.08725
1990-11-16 23:00:00+00:00,0.1601775,0.0795
1990-11-17 00:00:00+00:00,0.15036,0.0751
1990-11-17 01:00:00+00:00,0.13041,0.06620000000000001
1990-11-17 02:00:00+00:00,0.11066999999999999,0.05735
1990-11-17 03:00:00+00:00,0.09387,0.0498
1990-11-17 04:00:00+00:00,0.1134,0.058550000000000005
1990-11-17 05:00:00+00:00,0.13104,0.0665
1990-11-17 06:00:00+00:00,0.17009999999999997,0.08395
1990-11-17 07:00:00+00:00,0.16842000000000001,0.08315
1990-11-17 08:00:00+00:00,0.188055,0.092
1990-11-17 09:00:00+00:00,0.21,0.1018
1990-11-17 10:00:00+00:00,0.20758500000000002,0.10074999999999999
1990-11-17 11:00:00+00:00,0.19319999999999998,0.09425
1990-11-17 12:00:00+00:00,0.2058525,0.09994999999999998
1990-11-17 13:00:00+00:00,0.216405,0.10469999999999999
1990-11-17 14:00:00+00:00,0.20265,0.0985
1990-11-17 15:00:00+00:00,0.204855,0.0995
1990-11-17 16:00:00+00:00,0.3886575,0.17870000000000003
1990-11-17 17:00:00+00:00,0.403725,0.1854
1990-11-17 18:00:00+00:00,0.418635,0.1921
1990-11-17 19:00:00+00:00,0.22632750000000001,0.10915
1990-11-17 20:00:00+00:00,0.20895,0.10135
1990-11-17 21:00:00+00:00,0.20579999999999998,0.09989999999999999
1990-11-17 22:00:00+00:00,0.193935,0.0946
1990-11-17 23:00:00+00:00,0.16474500000000003,0.08155000000000001
1990-11-18 00:00:00+00:00,0.16505999999999998,0.08170000000000001
1990-11-18 01:00:00+00:00,0.1617,0.0802
1990-11-18 02:00:00+00:00,0.1575,0.0783
1990-11-18 03:00:00+00:00,0.17219999999999996,0.08485
1990-11-18 04:00:00+00:00,0.16558499999999998,0.0819
1990-11-18 05:00:00+00:00,0.180915,0.08875
1990-11-18 06:00:00+00:00,0.213885,0.10355
1990-11-18 07:00:00+00:00,0.2318925,0.11159999999999999
1990-11-18 08:00:00+00:00,0.24255000000000002,0.11635
1990-11-18 09:00:00+00:00,0.21971249999999998,0.10615
1990-11-18 10:00:00+00:00,0.2150925,0.10405
1990-11-18 11:00:00+00:00,0.252525,0.12085000000000001
1990-11-18 12:00:00+00:00,0.27058499999999996,0.12890000000000001
1990-11-18 13:00:00+00:00,0.27541499999999997,0.1311
1990-11-18 14:00:00+00:00,0.25767,0.12315000000000001
1990-11-18 15:00:00+00:00,0.27468000000000004,0.13075
1990-11-18 16:00:00+00:00,0.42735,0.196
1990-11-18 17:00:00+00:00,0.42903,0.19675
1990-11-18 18:00:00+00:00,0.42609,0.19545
1990-11-18 19:00:00+00:00,0.23467500000000002,0.11284999999999999
1990-11-18 20:00:00+00:00,0.21294,0.1031
1990-11-18 21:00:00+00:00,0.20538,0.09975
1990-11-18 22:00:00+00:00,0.1966125,0.09585
1990-11-18 23:00:00+00:00,0.1994475,0.09709999999999999
1990-11-19 00:00:00+00:00,0.20811,0.10094999999999998
1990-11-19 01:00:00+00:00,0.1869,0.09145
1990-11-19 02:00:00+00:00,0.1761375,0.08665
1990-11-19 03:00:00+00:00,0.17256749999999998,0.08505
1990-11-19 04:00:00+00:00,0.17304,0.08530000000000001
1990-11-19 05:00:00+00:00,0.1868475,0.09145
1990-11-19 06:00:00+00:00,0.2114175,0.10245
1990-11-19 07:00:00+00:00,0.22071,0.1066
1990-11-19 08:00:00+00:00,0.2609775,0.12465000000000001
1990-11-19 09:00:00+00:00,0.2609775,0.12465
1990-11-19 10:00:00+00:00,0.2559375,0.12240000000000001
1990-11-19 11:00:00+00:00,0.247065,0.1184
1990-11-19 12:00:00+00:00,0.23850749999999998,0.11455000000000001
1990-11-19 13:00:00+00:00,0.23184,0.1116
1990-11-19 14:00:00+00:00,0.224805,0.10844999999999999
1990-11-19 15:00:00+00:00,0.23709000000000002,0.11395
1990-11-19 16:00:00+00:00,0.38472000000000006,0.17695
1990-11-19 17:00:00+00:00,0.3784725,0.1741
1990-11-19 18:00:00+00:00,0.37285500000000005,0.17159999999999997
1990-11-19 19:00:00+00:00,0.2163,0.1046
1990-11-19 20:00:00+00:00,0.2121,0.10275000000000001
1990-11-19 21:00:00+00:00,0.20244,0.09839999999999999
1990-11-19 22:00:00+00:00,0.1922025,0.09385
1990-11-19 23:00:00+00:00,0.1911,0.09335
1990-11-20 00:00:00+00:00,0.1638,0.0811
1990-11-20 01:00:00+00:00,0.15309,0.07635
1990-11-20 02:00:00+00:00,0.15298499999999998,0.0763
1990-11-20 03:00:00+00:00,0.1617,0.0802
1990-11-20 04:00:00+00:00,0.165165,0.08175
1990-11-20 05:00:00+00:00,0.17760750000000003,0.08729999999999999
1990-11-20 06:00:00+00:00,0.22533,0.1087
1990-11-20 07:00:00+00:00,0.24255,0.11635
1990-11-20 08:00:00+00:00,0.24675000000000002,0.11825
1990-11-20 09:00:00+00:00,0.22774499999999998,0.10974999999999999
1990-11-20 10:00:00+00:00,0.20055,0.09755
1990-11-20 11:00:00+00:00,0.1784475,0.08765
1990-11-20 12:00:00+00:00,0.18679500000000002,0.09140000000000001
1990-11-20 13:00:00+00:00,0.195825,0.09545000000000001
1990-11-20 14:00:00+00:00,0.21819,0.10550000000000001
1990-11-20 15:00:00+00:00,0.2373,0.11399999999999999
1990-11-20 16:00:00+00:00,0.39311999999999997,0.18064999999999998
1990-11-20 17:00:00+00:00,0.3923325,0.18030000000000002
1990-11-20 18:00:00+00:00,0.40571999999999997,0.1863
1990-11-20 19:00:00+00:00,0.247485,0.11860000000000001
1990-11-20 20:00:00+00:00,0.2289,0.11024999999999999
1990-11-20 21:00:00+00:00,0.21651,0.1047
1990-11-20 22:00:00+00:00,0.19278,0.09409999999999999
1990-11-20 23:00:00+00:00,0.204015,0.09914999999999999
1990-11-21 00:00:00+00:00,0.19845000000000002,0.0966
1990-11-21 01:00:00+00:00,0.19319999999999998,0.09425
1990-11-21 02:00:00+00:00,0.18689999999999998,0.09145
1990-11-21 03:00:00+00:00,0.1848,0.09054999999999999
1990-11-21 04:00:00+00:00,0.18102000000000001,0.08885000000000001
1990-11-21 05:00:00+00:00,0.19593,0.0955
1990-11-21 06:00:00+00:00,0.21750750000000002,0.1052
1990-11-21 07:00:00+00:00,0.2421825,0.11624999999999999
1990-11-21 08:00:00+00:00,0.24359999999999998,0.11685
1990-11-21 09:00:00+00:00,0.23089500000000002,0.11115
1990-11-21 10:00:00+00:00,0.22134,0.1069
1990-11-21 11:00:00+00:00,0.21735000000000002,0.1051
1990-11-21 12:00:00+00:00,0.227325,0.10955000000000001
1990-11-21 13:00:00+00:00,0.22795500000000002,0.10985
1990-11-21 14:00:00+00:00,0.24297,0.11655
1990-11-21 15:00:00+00:00,0.248325,0.119
1990-11-21 16:00:00+00:00,0.39795,0.18285
1990-11-21 17:00:00+00:00,0.392385,0.18035
1990-11-21 18:00:00+00:00,0.38639999999999997,0.17764999999999997
1990-11-21 19:00:00+00:00,0.21288749999999998,0.1031
1990-11-21 20:00:00+00:00,0.210105,0.10185
1990-11-21 21:00:00+00:00,0.21162750000000002,0.10255
1990-11-21 22:00:00+00:00,0.19099500000000003,0.0933
1990-11-21 23:00:00+00:00,0.1985025,0.09664999999999999
1990-11-22 00:00:00+00:00,0.1701,0.08395
1990-11-22 01:00:00+00:00,0.16296,0.08074999999999999
1990-11-22 02:00:00+00:00,0.149625,0.07475000000000001
1990-11-22 03:00:00+00:00,0.151725,0.07575
1990-11-22 04:00:00+00:00,0.1756125,0.0864
1990-11-22 05:00:00+00:00,0.1953,0.09525
1990-11-22 06:00:00+00:00,0.22055249999999998,0.10655
1990-11-22 07:00:00+00:00,0.25221,0.1207
1990-11-22 08:00:00+00:00,0.26123999999999997,0.12475
1990-11-22 09:00:00+00:00,0.24066,0.11555
1990-11-22 10:00:00+00:00,0.21892499999999998,0.1058
1990-11-22 11:00:00+00:00,0.1906275,0.09315
1990-11-22 12:00:00+00:00,0.2134125,0.1033
1990-11-22 13:00:00+00:00,0.21892499999999998,0.10575000000000001
1990-11-22 14:00:00+00:00,0.2333625,0.11225
1990-11-22 15:00:00+00:00,0.22501500000000002,0.10855000000000001
1990-11-22 16:00:00+00:00,0.42708749999999995,0.19585000000000002
1990-11-22 17:00:00+00:00,0.43281000000000003,0.1984
1990-11-22 18:00:00+00:00,0.40656000000000003,0.1867
1990-11-22 19:00:00+00:00,0.27825,0.13235000000000002
1990-11-22 20:00:00+00:00,0.2273775,0.1096
1990-11-22 21:00:00+00:00,0.22113,0.10675
1990-11-22 22:00:00+00:00,0.216825,0.10485
1990-11-22 23:00:00+00:00,0.22391250000000001,0.10805000000000001
1990-11-23 00:00:00+00:00,0.217245,0.10505
1990-11-23 01:00:00+00:00,0.20433,0.0993
1990-11-23 02:00:00+00:00,0.1786575,0.08775
1990-11-23 03:00:00+00:00,0.20175749999999998,0.0981
1990-11-23 04:00:00+00:00,0.14752500000000002,0.0738
1990-11-23 05:00:00+00:00,0.14784,0.07400000000000001
1990-11-23 06:00:00+00:00,0.151095,0.07545
1990-11-23 07:00:00+00:00,0.1553475,0.07735
1990-11-23 08:00:00+00:00,0.1553475,0.07735
1990-11-23 09:00:00+00:00,0.15624,0.07775
1990-11-23 10:00:00+00:00,0.17451,0.08595
1990-11-23 11:00:00+00:00,0.19194,0.0937
1990-11-23 12:00:00+00:00,0.2205,0.1065
1990-11-23 13:00:00+00:00,0.2062725,0.1001
1990-11-23 14:00:00+00:00,0.21372750000000001,0.10350000000000001
1990-11-23 15:00:00+00:00,0.209895,0.10175000000000001
1990-11-23 16:00:00+00:00,0.39060000000000006,0.17955
1990-11-23 17:00:00+00:00,0.405825,0.18635000000000002
1990-11-23 18:00:00+00:00,0.39343500000000003,0.18085
1990-11-23 19:00:00+00:00,0.21167999999999998,0.10255
1990-11-23 20:00:00+00:00,0.19687500000000002,0.09595000000000001
1990-11-23 21:00:00+00:00,0.102585,0.0537
1990-11-23 22:00:00+00:00,-0.00315,0.01095
1990-11-23 23:00:00+00:00,0.022785000000000003,0.018000000000000002
1990-11-24 00:00:00+00:00,0.00147,0.00845
1990-11-24 01:00:00+00:00,-0.016905,0.0011
1990-11-24 02:00:00+00:00,-0.016800000000000002,0.0011
1990-11-24 03:00:00+00:00,-0.0201075,0.0004
1990-11-24 04:00:00+00:00,-0.00756,0.00445
1990-11-24 05:00:00+00:00,-0.008085,0.004200000000000001
1990-11-24 06:00:00+00:00,-0.0063,0.005
1990-11-24 07:00:00+00:00,-0.00525,0.00545
1990-11-24 08:00:00+00:00,-0.008925,0.0053
1990-11-24 09:00:00+00:00,-0.0010499999999999997,0.007350000000000001
1990-11-24 10:00:00+00:00,0.046305,0.0285
1990-11-24 11:00:00+00:00,0.0444675,0.0277
1990-11-24 12:00:00+00:00,0.055912500000000004,0.032850000000000004
1990-11-24 13:00:00+00:00,0.06825,0.03835
1990-11-24 14:00:00+00:00,0.10647000000000001,0.0555
1990-11-24 15:00:00+00:00,0.1281,0.06515
1990-11-24 16:00:00+00:00,0.34314,0.1583
1990-11-24 17:00:00+00:00,0.362565,0.167
1990-11-24 18:00:00+00:00,0.32633999999999996,0.15075
1990-11-24 19:00:00+00:00,0.12684,0.06459999999999999
1990-11-24 20:00:00+00:00,0.0442575,0.0276
1990-11-24 21:00:00+00:00,0.022155,0.0177
1990-11-24 22:00:00+00:00,-0.0005250000000000003,0.007600000000000001
1990-11-24 23:00:00+00:00,0.020895,0.01715
1990-11-25 00:00:00+00:00,0.0032549999999999996,0.00925
1990-11-25 01:00:00+00:00,-0.009555000000000001,0.00355
1990-11-25 02:00:00+00:00,-0.019635,0.0
1990-11-25 03:00:00+00:00,-0.01239,0.0022500000000000003
1990-11-25 04:00:00+00:00,-0.00042,0.0076
1990-11-25 05:00:00+00:00,0.00525,0.010150000000000001
1990-11-25 06:00:00+00:00,0.076335,0.04195
1990-11-25 07:00:00+00:00,0.1548225,0.0771
1990-11-25 08:00:00+00:00,0.17298750000000002,0.08524999999999999
1990-11-25 09:00:00+00:00,0.18984,0.09275
1990-11-25 10:00:00+00:00,0.190575,0.09309999999999999
1990-11-25 11:00:00+00:00,0.18522,0.0907
1990-11-25 12:00:00+00:00,0.18322499999999997,0.08985000000000001
1990-11-25 13:00:00+00:00,0.19152,0.0935
1990-11-25 14:00:00+00:00,0.19635,0.09570000000000001
1990-11-25 15:00:00+00:00,0.19739999999999996,0.09615
1990-11-25 16:00:00+00:00,0.3796275,0.17465
1990-11-25 17:00:00+00:00,0.39233250000000003,0.18035
1990-11-25 18:00:00+00:00,0.37233,0.17135
1990-11-25 19:00:00+00:00,0.19587749999999998,0.09545000000000001
1990-11-25 20:00:00+00:00,0.2142,0.10370000000000001
1990-11-25 21:00:00+00:00,0.17535,0.08625
1990-11-25 22:00:00+00:00,0.12957,0.0658
1990-11-25 23:00:00+00:00,0.16779,0.0829
1990-11-26 00:00:00+00:00,0.16926,0.0836
1990-11-26 01:00:00+00:00,0.13965,0.0703
1990-11-26 02:00:00+00:00,0.14805000000000001,0.0741
1990-11-26 03:00:00+00:00,0.155505,0.0774
1990-11-26 04:00:00+00:00,0.1658475,0.08205
1990-11-26 05:00:00+00:00,0.1903125,0.093
1990-11-26 06:00:00+00:00,0.22113,0.1068
1990-11-26 07:00:00+00:00,0.2304225,0.11095
1990-11-26 08:00:00+00:00,0.231,0.1112
1990-11-26 09:00:00+00:00,0.227535,0.10965
1990-11-26 10:00:00+00:00,0.20895,0.1013
1990-11-26 11:00:00+00:00,0.211995,0.1027
1990-11-26 12:00:00+00:00,0.20916,0.10139999999999999
1990-11-26 13:00:00+00:00,0.2208675,0.10665
1990-11-26 14:00:00+00:00,0.23582999999999998,0.1134
1990-11-26 15:00:00+00:00,0.26208,0.1251
1990-11-26 16:00:00+00:00,0.47596499999999997,0.21775
1990-11-26 17:00:00+00:00,0.4704,0.2152
1990-11-26 18:00:00+00:00,0.49035,0.2242
1990-11-26 19:00:00+00:00,0.30061499999999997,0.14234999999999998
1990-11-26 20:00:00+00:00,0.26964,0.1285
1990-11-26 21:00:00+00:00,0.22606500000000002,0.10894999999999999
1990-11-26 22:00:00+00:00,0.2237025,0.10794999999999999
1990-11-26 23:00:00+00:00,0.21357,0.10339999999999999
1990-11-27 00:00:00+00:00,0.2227575,0.10750000000000001
1990-11-27 01:00:00+00:00,0.2015475,0.098
1990-11-27 02:00:00+00:00,0.18899999999999997,0.0924
1990-11-27 03:00:00+00:00,0.18795,0.09195
1990-11-27 04:00:00+00:00,0.1903125,0.093
1990-11-27 05:00:00+00:00,0.1893675,0.09255
1990-11-27 06:00:00+00:00,0.21829500000000002,0.1055
1990-11-27 07:00:00+00:00,0.24045,0.11545
1990-11-27 08:00:00+00:00,0.2415,0.1159
1990-11-27 09:00:00+00:00,0.2550975,0.12195
1990-11-27 10:00:00+00:00,0.252,0.1206
1990-11-27 11:00:00+00:00,0.2478,0.11875
1990-11-27 12:00:00+00:00,0.234255,0.11265
1990-11-27 13:00:00+00:00,0.219765,0.10615
1990-11-27 14:00:00+00:00,0.2211825,0.1068
1990-11-27 15:00:00+00:00,0.22092,0.10665
1990-11-27 16:00:00+00:00,0.39753000000000005,0.18265
1990-11-27 17:00:00+00:00,0.38556,0.1773
1990-11-27 18:00:00+00:00,0.391125,0.17975000000000002
1990-11-27 19:00:00+00:00,0.23498999999999998,0.11295
1990-11-27 20:00:00+00:00,0.231315,0.11135
1990-11-27 21:00:00+00:00,0.21787499999999999,0.1053
1990-11-27 22:00:00+00:00,0.19089,0.09325
1990-11-27 23:00:00+00:00,0.204645,0.09939999999999999
1990-11-28 00:00:00+00:00,0.2141475,0.1037
1990-11-28 01:00:00+00:00,0.1996575,0.09720000000000001
1990-11-28 02:00:00+00:00,0.20034,0.09744999999999998
1990-11-28 03:00:00+00:00,0.1932,0.0943
1990-11-28 04:00:00+00:00,0.19005,0.0929
1990-11-28 05:00:00+00:00,0.1911,0.09335
1990-11-28 06:00:00+00:00,0.2203425,0.10645
1990-11-28 07:00:00+00:00,0.24927,0.11934999999999998
1990-11-28 08:00:00+00:00,0.26607000000000003,0.1269
1990-11-28 09:00:00+00:00,0.26039999999999996,0.12434999999999999
1990-11-28 10:00:00+00:00,0.23971499999999998,0.11510000000000001
1990-11-28 11:00:00+00:00,0.21892499999999998,0.1058
1990-11-28 12:00:00+00:00,0.203175,0.09875
1990-11-28 13:00:00+00:00,0.196665,0.09584999999999999
1990-11-28 14:00:00+00:00,0.19845,0.09665
1990-11-28 15:00:00+00:00,0.2373,0.11399999999999999
1990-11-28 16:00:00+00:00,0.40656,0.18664999999999998
1990-11-28 17:00:00+00:00,0.42021,0.1928
1990-11-28 18:00:00+00:00,0.4088175,0.18769999999999998
1990-11-28 19:00:00+00:00,0.24171000000000004,0.11599999999999999
1990-11-28 20:00:00+00:00,0.232365,0.1118
1990-11-28 21:00:00+00:00,0.21861,0.10565
1990-11-28 22:00:00+00:00,0.1974,0.09615000000000001
1990-11-28 23:00:00+00:00,0.2016,0.09805
1990-11-29 00:00:00+00:00,0.19424999999999998,0.09475
1990-11-29 01:00:00+00:00,0.18805499999999997,0.09195
1990-11-29 02:00:00+00:00,0.18028500000000003,0.0885
1990-11-29 03:00:00+00:00,0.18144,0.08905
1990-11-29 04:00:00+00:00,0.195195,0.09515
1990-11-29 05:00:00+00:00,0.2058,0.09995
1990-11-29 06:00:00+00:00,0.2202375,0.1064
1990-11-29 07:00:00+00:00,0.2398725,0.1152
1990-11-29 08:00:00+00:00,0.248535,0.11905
1990-11-29 09:00:00+00:00,0.24276,0.11645
1990-11-29 10:00:00+00:00,0.21819,0.10544999999999999
1990-11-29 11:00:00+00:00,0.20055,0.09755
1990-11-29 12:00:00+00:00,0.20280749999999997,0.09855
1990-11-29 13:00:00+00:00,0.19855499999999998,0.09665
1990-11-29 14:00:00+00:00,0.2016,0.09805
1990-11-29 15:00:00+00:00,0.22365000000000002,0.1079
1990-11-29 16:00:00+00:00,0.4074,0.18705
1990-11-29 17:00:00+00:00,0.38534999999999997,0.17719999999999997
1990-11-29 18:00:00+00:00,0.378315,0.174
1990-11-29 19:00:00+00:00,0.2163,0.10464999999999999
1990-11-29 20:00:00+00:00,0.201915,0.09814999999999999
1990-11-29 21:00:00+00:00,0.22154999999999997,0.10695
1990-11-29 22:00:00+00:00,0.190995,0.0933
1990-11-29 23:00:00+00:00,0.1756125,0.0864
1990-11-30 00:00:00+00:00,0.17204250000000001,0.0848
1990-11-30 01:00:00+00:00,0.1583925,0.07869999999999999
1990-11-30 02:00:00+00:00,0.15582000000000001,0.07755
1990-11-30 03:00:00+00:00,0.15539999999999998,0.07735
1990-11-30 04:00:00+00:00,0.16065000000000002,0.0797
1990-11-30 05:00:00+00:00,0.1617,0.08015
1990-11-30 06:00:00+00:00,0.1848,0.09050000000000001
1990-11-30 07:00:00+00:00,0.20579999999999998,0.0999
1990-11-30 08:00:00+00:00,0.2058,0.09989999999999999
1990-11-30 09:00:00+00:00,0.20679750000000002,0.10039999999999999
1990-11-30 10:00:00+00:00,0.218505,0.1056
1990-11-30 11:00:00+00:00,0.203175,0.09875
1990-11-30 12:00:00+00:00,0.20496,0.09955
1990-11-30 13:00:00+00:00,0.17892000000000002,0.0879
1990-11-30 14:00:00+00:00,0.20569500000000002,0.0999
1990-11-30 15:00:00+00:00,0.22097250000000002,0.10669999999999999
1990-11-30 16:00:00+00:00,0.384195,0.1767
1990-11-30 17:00:00+00:00,0.3903375,0.17945
1990-11-30 18:00:00+00:00,0.37968,0.17465
1990-11-30 19:00:00+00:00,0.21598499999999998,0.10445
1990-11-30 20:00:00+00:00,0.19404,0.09465
1990-11-30 21:00:00+00:00,0.1913625,0.0935
1990-11-30 22:00:00+00:00,0.169365,0.08360000000000001
1990-11-30 23:00:00+00:00,0.1881075,0.092
1990-12-01 00:00:00+00:00,0.14742,0.07375000000000001
1990-12-01 01:00:00+00:00,0.131565,0.0667
1990-12-01 02:00:00+00:00,0.127575,0.0649
1990-12-01 03:00:00+00:00,0.11865,0.060899999999999996
1990-12-01 04:00:00+00:00,0.12768000000000002,0.06495000000000001
1990-12-01 05:00:00+00:00,0.14007,0.0705
1990-12-01 06:00:00+00:00,0.16878749999999998,0.08335000000000001
1990-12-01 07:00:00+00:00,0.18417,0.09025
1990-12-01 08:00:00+00:00,0.163695,0.0811
1990-12-01 09:00:00+00:00,0.20044499999999998,0.09755
1990-12-01 10:00:00+00:00,0.2072175,0.1005
1990-12-01 11:00:00+00:00,0.21504,0.1041
1990-12-01 12:00:00+00:00,0.2142,0.10369999999999999
1990-12-01 13:00:00+00:00,0.20989500000000003,0.10175
1990-12-01 14:00:00+00:00,0.22365000000000002,0.1079
1990-12-01 15:00:00+00:00,0.2080575,0.10095000000000001
1990-12-01 16:00:00+00:00,0.38750249999999997,0.17814999999999998
1990-12-01 17:00:00+00:00,0.41034,0.18835000000000002
1990-12-01 18:00:00+00:00,0.4027275,0.185
1990-12-01 19:00:00+00:00,0.210315,0.10195
1990-12-01 20:00:00+00:00,0.20517,0.09964999999999999
1990-12-01 21:00:00+00:00,0.2163525,0.1046
1990-12-01 22:00:00+00:00,0.1785,0.0877
1990-12-01 23:00:00+00:00,0.1533,0.0764
1990-12-02 00:00:00+00:00,0.126105,0.06425
1990-12-02 01:00:00+00:00,0.10772999999999999,0.05605
1990-12-02 02:00:00+00:00,0.08589,0.04625
1990-12-02 03:00:00+00:00,0.08452499999999999,0.045649999999999996
1990-12-02 04:00:00+00:00,0.1258425,0.06415
1990-12-02 05:00:00+00:00,0.17734499999999997,0.0872
1990-12-02 06:00:00+00:00,0.2120475,0.10275000000000001
1990-12-02 07:00:00+00:00,0.23184,0.1116
1990-12-02 08:00:00+00:00,0.2048025,0.0995
1990-12-02 09:00:00+00:00,0.2096325,0.10164999999999999
1990-12-02 10:00:00+00:00,0.203805,0.09899999999999999
1990-12-02 11:00:00+00:00,0.197085,0.096
1990-12-02 12:00:00+00:00,0.21378000000000003,0.10350000000000001
1990-12-02 13:00:00+00:00,0.22176,0.1071
1990-12-02 14:00:00+00:00,0.22396500000000003,0.10805000000000001
1990-12-02 15:00:00+00:00,0.23577749999999997,0.11335
1990-12-02 16:00:00+00:00,0.39648,0.18214999999999998
1990-12-02 17:00:00+00:00,0.41223,0.18925
1990-12-02 18:00:00+00:00,0.38639999999999997,0.17765
1990-12-02 19:00:00+00:00,0.22512,0.10855000000000001
1990-12-02 20:00:00+00:00,0.2186625,0.10569999999999999
1990-12-02 21:00:00+00:00,0.2192925,0.10595
1990-12-02 22:00:00+00:00,0.19005,0.09285
1990-12-02 23:00:00+00:00,0.185745,0.09090000000000001
1990-12-03 00:00:00+00:00,0.186585,0.09134999999999999
1990-12-03 01:00:00+00:00,0.186585,0.0913
1990-12-03 02:00:00+00:00,0.1932,0.0943
1990-12-03 03:00:00+00:00,0.181545,0.08905
1990-12-03 04:00:00+00:00,0.19319999999999998,0.0943
1990-12-03 05:00:00+00:00,0.22491,0.10844999999999999
1990-12-03 06:00:00+00:00,0.2352525,0.1131
1990-12-03 07:00:00+00:00,0.2836575,0.13474999999999998
1990-12-03 08:00:00+00:00,0.27447,0.13065
1990-12-03 09:00:00+00:00,0.27000749999999996,0.12865000000000001
1990-12-03 10:00:00+00:00,0.24654,0.11815
1990-12-03 11:00:00+00:00,0.2409225,0.11565
1990-12-03 12:00:00+00:00,0.23635499999999998,0.1136
1990-12-03 13:00:00+00:00,0.26790749999999997,0.12775
1990-12-03 14:00:00+00:00,0.2835,0.1347
1990-12-03 15:00:00+00:00,0.322875,0.15234999999999999
1990-12-03 16:00:00+00:00,0.50841,0.23224999999999998
1990-12-03 17:00:00+00:00,0.502845,0.22975
1990-12-03 18:00:00+00:00,0.50925,0.23265
1990-12-03 19:00:00+00:00,0.31836,0.1503
1990-12-03 20:00:00+00:00,0.2688,0.12815
1990-12-03 21:00:00+00:00,0.236355,0.11354999999999998
1990-12-03 22:00:00+00:00,0.21682500000000002,0.10485
1990-12-03 23:00:00+00:00,0.21525,0.10414999999999999
1990-12-04 00:00:00+00:00,0.2120475,0.1027
1990-12-04 01:00:00+00:00,0.18774,0.09179999999999999
1990-12-04 02:00:00+00:00,0.18059999999999998,0.0886
1990-12-04 03:00:00+00:00,0.181755,0.08915000000000001
1990-12-04 04:00:00+00:00,0.192045,0.09375
1990-12-04 05:00:00+00:00,0.2193975,0.106
1990-12-04 06:00:00+00:00,0.27468000000000004,0.13075
1990-12-04 07:00:00+00:00,0.3555825,0.16695
1990-12-04 08:00:00+00:00,0.35694750000000003,0.16760000000000003
1990-12-04 09:00:00+00:00,0.34755,0.16335
1990-12-04 10:00:00+00:00,0.32350500000000004,0.1526
1990-12-04 11:00:00+00:00,0.306495,0.145
1990-12-04 12:00:00+00:00,0.30555,0.1446
1990-12-04 13:00:00+00:00,0.32245500000000005,0.15215
1990-12-04 14:00:00+00:00,0.28602,0.13579999999999998
1990-12-04 15:00:00+00:00,0.30135,0.1427
1990-12-04 16:00:00+00:00,0.48846,0.22335
1990-12-04 17:00:00+00:00,0.4704,0.21530000000000002
1990-12-04 18:00:00+00:00,0.415275,0.1906
1990-12-04 19:00:00+00:00,0.2331,0.11215
1990-12-04 20:00:00+00:00,0.2058,0.09995
1990-12-04 21:00:00+00:00,0.206955,0.10045000000000001
1990-12-04 22:00:00+00:00,0.196245,0.09565000000000001
1990-12-04 23:00:00+00:00,0.189,0.09240000000000001
1990-12-05 00:00:00+00:00,0.18081,0.08875
1990-12-05 01:00:00+00:00,0.1698375,0.0838
1990-12-05 02:00:00+00:00,0.164325,0.08135
1990-12-05 03:00:00+00:00,0.1616475,0.08015
1990-12-05 04:00:00+00:00,0.1701,0.08395
1990-12-05 05:00:00+00:00,0.195195,0.09515
1990-12-05 06:00:00+00:00,0.21346500000000002,0.10335
1990-12-05 07:00:00+00:00,0.22338750000000002,0.10779999999999999
1990-12-05 08:00:00+00:00,0.24086999999999997,0.11560000000000001
1990-12-05 09:00:00+00:00,0.22396499999999997,0.10805000000000001
1990-12-05 10:00:00+00:00,0.2115225,0.1025
1990-12-05 11:00:00+00:00,0.21220499999999998,0.1028
1990-12-05 12:00:00+00:00,0.223335,0.10774999999999998
1990-12-05 13:00:00+00:00,0.21735,0.1051
1990-12-05 14:00:00+00:00,0.20895,0.1013
1990-12-05 15:00:00+00:00,0.20847749999999998,0.10115
1990-12-05 16:00:00+00:00,0.37359,0.17195
1990-12-05 17:00:00+00:00,0.36119999999999997,0.16635
1990-12-05 18:00:00+00:00,0.345345,0.1593
1990-12-05 19:00:00+00:00,0.20606249999999998,0.10005
1990-12-05 20:00:00+00:00,0.18669,0.09134999999999999
1990-12-05 21:00:00+00:00,0.1161825,0.059800000000000006
1990-12-05 22:00:00+00:00,0.054862499999999995,0.03235
1990-12-05 23:00:00+00:00,0.031185,0.02175
1990-12-06 00:00:00+00:00,0.024675,0.018850000000000002
1990-12-06 01:00:00+00:00,0.015645,0.01485
1990-12-06 02:00:00+00:00,0.01218,0.01325
1990-12-06 03:00:00+00:00,0.0164325,0.01515
1990-12-06 04:00:00+00:00,0.0261975,0.019549999999999998
1990-12-06 05:00:00+00:00,0.1054725,0.05499999999999999
1990-12-06 06:00:00+00:00,0.1556625,0.07744999999999999
1990-12-06 07:00:00+00:00,0.2113125,0.1024
1990-12-06 08:00:00+00:00,0.20937,0.1015
1990-12-06 09:00:00+00:00,0.20475,0.0995
1990-12-06 10:00:00+00:00,0.2205,0.1065
1990-12-06 11:00:00+00:00,0.2160375,0.1045
1990-12-06 12:00:00+00:00,0.22322999999999998,0.10769999999999999
1990-12-06 13:00:00+00:00,0.221445,0.1069
1990-12-06 14:00:00+00:00,0.22312500000000002,0.1077
1990-12-06 15:00:00+00:00,0.2364075,0.1136
1990-12-06 16:00:00+00:00,0.40073249999999994,0.18405
1990-12-06 17:00:00+00:00,0.40571999999999997,0.1863
1990-12-06 18:00:00+00:00,0.38997000000000004,0.17925000000000002
1990-12-06 19:00:00+00:00,0.22995,0.11074999999999999
1990-12-06 20:00:00+00:00,0.20832,0.10105
1990-12-06 21:00:00+00:00,0.21063,0.1021
1990-12-06 22:00:00+00:00,0.158445,0.07875000000000001
1990-12-06 23:00:00+00:00,0.1322475,0.06695
1990-12-07 00:00:00+00:00,0.13009500000000002,0.06605
1990-12-07 01:00:00+00:00,0.11865,0.0609
1990-12-07 02:00:00+00:00,0.1134,0.05855
1990-12-07 03:00:00+00:00,0.086205,0.0464
1990-12-07 04:00:00+00:00,0.08904000000000001,0.0477
1990-12-07 05:00:00+00:00,0.09229499999999999,0.0491
1990-12-07 06:00:00+00:00,0.07602,0.041800000000000004
1990-12-07 07:00:00+00:00,0.10605,0.05525
1990-12-07 08:00:00+00:00,0.1278375,0.065
1990-12-07 09:00:00+00:00,0.20622000000000001,0.1001
1990-12-07 10:00:00+00:00,0.232155,0.11174999999999999
1990-12-07 11:00:00+00:00,0.22491,0.10845
1990-12-07 12:00:00+00:00,0.22113,0.1068
1990-12-07 13:00:00+00:00,0.19782,0.09634999999999999
1990-12-07 14:00:00+00:00,0.165375,0.08184999999999999
1990-12-07 15:00:00+00:00,0.15855,0.0788
1990-12-07 16:00:00+00:00,0.33075,0.15275
1990-12-07 17:00:00+00:00,0.3486,0.16075
1990-12-07 18:00:00+00:00,0.32045999999999997,0.14815
1990-12-07 19:00:00+00:00,0.1267875,0.06455
1990-12-07 20:00:00+00:00,0.1082025,0.05625
1990-12-07 21:00:00+00:00,0.11928,0.061200000000000004
1990-12-07 22:00:00+00:00,0.09360749999999998,0.049699999999999994
1990-12-07 23:00:00+00:00,0.070455,0.039349999999999996
1990-12-08 00:00:00+00:00,0.07161,0.03985
1990-12-08 01:00:00+00:00,0.0735,0.0407
1990-12-08 02:00:00+00:00,0.060585,0.0349
1990-12-08 03:00:00+00:00,0.0344925,0.02325
1990-12-08 04:00:00+00:00,0.0378,0.02475
1990-12-08 05:00:00+00:00,0.041685,0.0265
1990-12-08 06:00:00+00:00,0.037065,0.02435
1990-12-08 07:00:00+00:00,0.0686175,0.03855
1990-12-08 08:00:00+00:00,0.111825,0.05789999999999999
1990-12-08 09:00:00+00:00,0.16306500000000002,0.0808
1990-12-08 10:00:00+00:00,0.18375,0.09005000000000002
1990-12-08 11:00:00+00:00,0.18858000000000003,0.0922
1990-12-08 12:00:00+00:00,0.21493500000000001,0.10400000000000001
1990-12-08 13:00:00+00:00,0.22365000000000002,0.1079
1990-12-08 14:00:00+00:00,0.20181000000000002,0.09809999999999999
1990-12-08 15:00:00+00:00,0.20201999999999998,0.09820000000000001
1990-12-08 16:00:00+00:00,0.364665,0.1679
1990-12-08 17:00:00+00:00,0.39700500000000005,0.1824
1990-12-08 18:00:00+00:00,0.37989,0.17475
1990-12-08 19:00:00+00:00,0.211365,0.10239999999999999
1990-12-08 20:00:00+00:00,0.206115,0.10005
1990-12-08 21:00:00+00:00,0.207165,0.10049999999999999
1990-12-08 22:00:00+00:00,0.15854999999999997,0.07874999999999999
1990-12-08 23:00:00+00:00,0.11234999999999998,0.0581
1990-12-09 00:00:00+00:00,0.134715,0.0681
1990-12-09 01:00:00+00:00,0.12789,0.065
1990-12-09 02:00:00+00:00,0.12558000000000002,0.06405
1990-12-09 03:00:00+00:00,0.1281,0.0651
1990-12-09 04:00:00+00:00,0.1383375,0.06975
1990-12-09 05:00:00+00:00,0.1449,0.07264999999999999
1990-12-09 06:00:00+00:00,0.1911,0.09334999999999999
1990-12-09 07:00:00+00:00,0.21462,0.10385
1990-12-09 08:00:00+00:00,0.2415,0.1159
1990-12-09 09:00:00+00:00,0.2331,0.11215
1990-12-09 10:00:00+00:00,0.2230725,0.10765
1990-12-09 11:00:00+00:00,0.23016,0.11080000000000001
1990-12-09 12:00:00+00:00,0.23063250000000002,0.11100000000000002
1990-12-09 13:00:00+00:00,0.21430500000000002,0.1037
1990-12-09 14:00:00+00:00,0.2176125,0.10520000000000002
1990-12-09 15:00:00+00:00,0.2302125,0.11085
1990-12-09 16:00:00+00:00,0.39648,0.18219999999999997
1990-12-09 17:00:00+00:00,0.4032,0.1852
1990-12-09 18:00:00+00:00,0.40571999999999997,0.1863
1990-12-09 19:00:00+00:00,0.24412499999999998,0.1171
1990-12-09 20:00:00+00:00,0.226275,0.1091
1990-12-09 21:00:00+00:00,0.2144625,0.1038
1990-12-09 22:00:00+00:00,0.188475,0.09215000000000001
1990-12-09 23:00:00+00:00,0.192255,0.09385
1990-12-10 00:00:00+00:00,0.1915725,0.09359999999999999
1990-12-10 01:00:00+00:00,0.1852725,0.09075
1990-12-10 02:00:00+00:00,0.182175,0.0894
1990-12-10 03:00:00+00:00,0.1811775,0.08895
1990-12-10 04:00:00+00:00,0.17808,0.0875
1990-12-10 05:00:00+00:00,0.17325000000000002,0.08535000000000001
1990-12-10 06:00:00+00:00,0.20291250000000002,0.09865
1990-12-10 07:00:00+00:00,0.23520000000000002,0.11309999999999999
1990-12-10 08:00:00+00:00,0.25893,0.1237
1990-12-10 09:00:00+00:00,0.24024,0.11535000000000001
1990-12-10 10:00:00+00:00,0.22764,0.10969999999999999
1990-12-10 11:00:00+00:00,0.22008,0.1063
1990-12-10 12:00:00+00:00,0.235095,0.11299999999999999
1990-12-10 13:00:00+00:00,0.23961,0.11505000000000001
1990-12-10 14:00:00+00:00,0.26229,0.12519999999999998
1990-12-10 15:00:00+00:00,0.27573000000000003,0.13119999999999998
1990-12-10 16:00:00+00:00,0.45864,0.21000000000000002
1990-12-10 17:00:00+00:00,0.47082,0.21539999999999998
1990-12-10 18:00:00+00:00,0.48809250000000004,0.22319999999999998
1990-12-10 19:00:00+00:00,0.3045,0.1441
1990-12-10 20:00:00+00:00,0.268275,0.12785000000000002
1990-12-10 21:00:00+00:00,0.24675000000000002,0.11825
1990-12-10 22:00:00+00:00,0.21672000000000002,0.1048
1990-12-10 23:00:00+00:00,0.19477499999999998,0.095
1990-12-11 00:00:00+00:00,0.1869,0.09145
1990-12-11 01:00:00+00:00,0.18585000000000002,0.091
1990-12-11 02:00:00+00:00,0.180915,0.08879999999999999
1990-12-11 03:00:00+00:00,0.1827,0.08960000000000001
1990-12-11 04:00:00+00:00,0.18375,0.09005000000000002
1990-12-11 05:00:00+00:00,0.1878975,0.09190000000000001
1990-12-11 06:00:00+00:00,0.24633,0.11805
1990-12-11 07:00:00+00:00,0.36204000000000003,0.1699
1990-12-11 08:00:00+00:00,0.416535,0.19424999999999998
1990-12-11 09:00:00+00:00,0.41196750000000004,0.19219999999999998
1990-12-11 10:00:00+00:00,0.41958,0.1956
1990-12-11 11:00:00+00:00,0.44772,0.2082
1990-12-11 12:00:00+00:00,0.48846,0.22645
1990-12-11 13:00:00+00:00,0.53613,0.2478
1990-12-11 14:00:00+00:00,0.5060475,0.2343
1990-12-11 15:00:00+00:00,0.6382950000000001,0.2935
1990-12-11 16:00:00+00:00,0.8902950000000001,0.4032
1990-12-11 17:00:00+00:00,0.83601,0.3789
1990-12-11 18:00:00+00:00,0.730275,0.3316
1990-12-11 19:00:00+00:00,0.37558499999999995,0.1759
1990-12-11 20:00:00+00:00,0.30135,0.1427
1990-12-11 21:00:00+00:00,0.27195,0.12955
1990-12-11 22:00:00+00:00,0.23478,0.1129
1990-12-11 23:00:00+00:00,0.23520000000000002,0.11309999999999999
1990-12-12 00:00:00+00:00,0.20328,0.0988
1990-12-12 01:00:00+00:00,0.19782,0.09635
1990-12-12 02:00:00+00:00,0.18327749999999998,0.08985000000000001
1990-12-12 03:00:00+00:00,0.186375,0.09125
1990-12-12 04:00:00+00:00,0.1894725,0.09259999999999999
1990-12-12 05:00:00+00:00,0.2323125,0.11180000000000001
1990-12-12 06:00:00+00:00,0.2898,0.1375
1990-12-12 07:00:00+00:00,0.4824225,0.2237
1990-12-12 08:00:00+00:00,0.5877375,0.27090000000000003
1990-12-12 09:00:00+00:00,0.5943,0.27385
1990-12-12 10:00:00+00:00,0.616455,0.28375
1990-12-12 11:00:00+00:00,0.571515,0.2636
1990-12-12 12:00:00+00:00,0.667485,0.3066
1990-12-12 13:00:00+00:00,0.71715,0.32880000000000004
1990-12-12 14:00:00+00:00,0.7438199999999999,0.34075
1990-12-12 15:00:00+00:00,0.8409975,0.38425
1990-12-12 16:00:00+00:00,0.999915,0.5276000000000001
1990-12-12 17:00:00+00:00,0.999915,0.49015
1990-12-12 18:00:00+00:00,0.9746625,0.46864999999999996
1990-12-12 19:00:00+00:00,0.58527,0.26975
1990-12-12 20:00:00+00:00,0.31521,0.1489
1990-12-12 21:00:00+00:00,0.2793,0.13285
1990-12-12 22:00:00+00:00,0.26365500000000003,0.1258
1990-12-12 23:00:00+00:00,0.22659,0.10925
1990-12-13 00:00:00+00:00,0.19005,0.09285
1990-12-13 01:00:00+00:00,0.187215,0.09159999999999999
1990-12-13 02:00:00+00:00,0.18627,0.0912
1990-12-13 03:00:00+00:00,0.17325000000000002,0.08535000000000001
1990-12-13 04:00:00+00:00,0.1817025,0.08915000000000001
1990-12-13 05:00:00+00:00,0.2226,0.10745
1990-12-13 06:00:00+00:00,0.30324,0.1435
1990-12-13 07:00:00+00:00,0.39920999999999995,0.1865
1990-12-13 08:00:00+00:00,0.41139000000000003,0.19195
1990-12-13 09:00:00+00:00,0.3402,0.16010000000000002
1990-12-13 10:00:00+00:00,0.3045,0.1441
1990-12-13 11:00:00+00:00,0.3069675,0.1452
1990-12-13 12:00:00+00:00,0.30218999999999996,0.14305
1990-12-13 13:00:00+00:00,0.30324,0.14355
1990-12-13 14:00:00+00:00,0.36550499999999997,0.1714
1990-12-13 15:00:00+00:00,0.45218250000000004,0.2102
1990-12-13 16:00:00+00:00,0.646275,0.294
1990-12-13 17:00:00+00:00,0.63756,0.2901
1990-12-13 18:00:00+00:00,0.51345,0.23454999999999998
1990-12-13 19:00:00+00:00,0.305865,0.1447
1990-12-13 20:00:00+00:00,0.25956,0.124
1990-12-13 21:00:00+00:00,0.23572500000000002,0.11329999999999998
1990-12-13 22:00:00+00:00,0.199395,0.09705
1990-12-13 23:00:00+00:00,0.19792500000000002,0.09639999999999999
1990-12-14 00:00:00+00:00,0.2158275,0.10439999999999999
1990-12-14 01:00:00+00:00,0.18186000000000002,0.0892
1990-12-14 02:00:00+00:00,0.168525,0.08324999999999999
1990-12-14 03:00:00+00:00,0.16107,0.0799
1990-12-14 04:00:00+00:00,0.1617,0.0802
1990-12-14 05:00:00+00:00,0.1617,0.0802
1990-12-14 06:00:00+00:00,0.17172750000000003,0.08465
1990-12-14 07:00:00+00:00,0.200025,0.09734999999999999
1990-12-14 08:00:00+00:00,0.21000000000000002,0.1018
1990-12-14 09:00:00+00:00,0.23373,0.11245
1990-12-14 10:00:00+00:00,0.21378000000000003,0.1035
1990-12-14 11:00:00+00:00,0.191625,0.0936
1990-12-14 12:00:00+00:00,0.17839499999999997,0.0877
1990-12-14 13:00:00+00:00,0.17676750000000002,0.08695
1990-12-14 14:00:00+00:00,0.1832775,0.08984999999999999
1990-12-14 15:00:00+00:00,0.18963000000000002,0.0927
1990-12-14 16:00:00+00:00,0.3705975,0.1706
1990-12-14 17:00:00+00:00,0.3822,0.17579999999999998
1990-12-14 18:00:00+00:00,0.3553725,0.16375
1990-12-14 19:00:00+00:00,0.1804425,0.08855
1990-12-14 20:00:00+00:00,0.1911,0.09335
1990-12-14 21:00:00+00:00,0.19319999999999998,0.0943
1990-12-14 22:00:00+00:00,0.175875,0.08655
1990-12-14 23:00:00+00:00,0.1432725,0.07189999999999999
1990-12-15 00:00:00+00:00,0.12453,0.06355
1990-12-15 01:00:00+00:00,0.0882,0.047299999999999995
1990-12-15 02:00:00+00:00,0.10263749999999999,0.053750000000000006
1990-12-15 03:00:00+00:00,0.07769999999999999,0.0426
1990-12-15 04:00:00+00:00,0.0735,0.0407
1990-12-15 05:00:00+00:00,0.069405,0.038900000000000004
1990-12-15 06:00:00+00:00,0.08399999999999999,0.045399999999999996
1990-12-15 07:00:00+00:00,0.112455,0.05815
1990-12-15 08:00:00+00:00,0.107625,0.05600000000000001
1990-12-15 09:00:00+00:00,0.105735,0.055150000000000005
1990-12-15 10:00:00+00:00,0.10647000000000001,0.05545
1990-12-15 11:00:00+00:00,0.11035500000000001,0.0572
1990-12-15 12:00:00+00:00,0.10668,0.05555
1990-12-15 13:00:00+00:00,0.11130000000000001,0.05765000000000001
1990-12-15 14:00:00+00:00,0.1008,0.0529
1990-12-15 15:00:00+00:00,0.147735,0.0739
1990-12-15 16:00:00+00:00,0.33809999999999996,0.15605
1990-12-15 17:00:00+00:00,0.35033250000000005,0.16155
1990-12-15 18:00:00+00:00,0.3276,0.1513
1990-12-15 19:00:00+00:00,0.1422225,0.07145
1990-12-15 20:00:00+00:00,0.12390000000000001,0.06325
1990-12-15 21:00:00+00:00,0.09397499999999999,0.049850000000000005
1990-12-15 22:00:00+00:00,0.054075,0.032
1990-12-15 23:00:00+00:00,0.0223125,0.0178
1990-12-16 00:00:00+00:00,0.01575,0.01485
1990-12-16 01:00:00+00:00,0.00168,0.008549999999999999
1990-12-16 02:00:00+00:00,-0.0011025,0.007299999999999999
1990-12-16 03:00:00+00:00,0.0015225,0.00845
1990-12-16 04:00:00+00:00,0.0021,0.0087
1990-12-16 05:00:00+00:00,0.018795,0.0162
1990-12-16 06:00:00+00:00,0.13875749999999998,0.06989999999999999
1990-12-16 07:00:00+00:00,0.18836999999999998,0.0921
1990-12-16 08:00:00+00:00,0.2069025,0.1004
1990-12-16 09:00:00+00:00,0.200655,0.09759999999999999
1990-12-16 10:00:00+00:00,0.179025,0.08789999999999999
1990-12-16 11:00:00+00:00,0.17262,0.08504999999999999
1990-12-16 12:00:00+00:00,0.16443,0.0814
1990-12-16 13:00:00+00:00,0.1596525,0.0793
1990-12-16 14:00:00+00:00,0.174405,0.08585
1990-12-16 15:00:00+00:00,0.16799999999999998,0.083
1990-12-16 16:00:00+00:00,0.35826,0.16504999999999997
1990-12-16 17:00:00+00:00,0.37007249999999997,0.17035
1990-12-16 18:00:00+00:00,0.359625,0.1657
1990-12-16 19:00:00+00:00,0.18375000000000002,0.09004999999999999
1990-12-16 20:00:00+00:00,0.19740000000000002,0.09615
1990-12-16 21:00:00+00:00,0.20034000000000002,0.0975
1990-12-16 22:00:00+00:00,0.1617,0.0802
1990-12-16 23:00:00+00:00,0.11718,0.060250000000000005
1990-12-17 00:00:00+00:00,0.1161825,0.05985
1990-12-17 01:00:00+00:00,0.1198575,0.0615
1990-12-17 02:00:00+00:00,0.13019999999999998,0.0661
1990-12-17 03:00:00+00:00,0.129885,0.06589999999999999
1990-12-17 04:00:00+00:00,0.12285000000000001,0.0628
1990-12-17 05:00:00+00:00,0.1645875,0.08145
1990-12-17 06:00:00+00:00,0.19152000000000002,0.09355
1990-12-17 07:00:00+00:00,0.20055,0.09755
1990-12-17 08:00:00+00:00,0.203595,0.09895000000000001
1990-12-17 09:00:00+00:00,0.1995,0.09709999999999999
1990-12-17 10:00:00+00:00,0.189,0.09240000000000001
1990-12-17 11:00:00+00:00,0.18795,0.0919
1990-12-17 12:00:00+00:00,0.18542999999999998,0.09079999999999999
1990-12-17 13:00:00+00:00,0.187845,0.09184999999999999
1990-12-17 14:00:00+00:00,0.18700499999999998,0.0915
1990-12-17 15:00:00+00:00,0.18784499999999998,0.09190000000000001
1990-12-17 16:00:00+00:00,0.345975,0.15955
1990-12-17 17:00:00+00:00,0.34503,0.1591
1990-12-17 18:00:00+00:00,0.3196725,0.14780000000000001
1990-12-17 19:00:00+00:00,0.17325000000000002,0.08535000000000001
1990-12-17 20:00:00+00:00,0.17115000000000002,0.0844
1990-12-17 21:00:00+00:00,0.14721,0.0737
1990-12-17 22:00:00+00:00,0.12526500000000002,0.06385
1990-12-17 23:00:00+00:00,0.071295,0.0397
1990-12-18 00:00:00+00:00,0.07266,0.0403
1990-12-18 01:00:00+00:00,0.028560000000000002,0.0206
1990-12-18 02:00:00+00:00,0.027299999999999998,0.019999999999999997
1990-12-18 03:00:00+00:00,0.0138075,0.013949999999999999
1990-12-18 04:00:00+00:00,0.01281,0.01355
1990-12-18 05:00:00+00:00,0.031815,0.02205
1990-12-18 06:00:00+00:00,0.1058925,0.0552
1990-12-18 07:00:00+00:00,0.141855,0.0713
1990-12-18 08:00:00+00:00,0.1363425,0.06885
1990-12-18 09:00:00+00:00,0.1437975,0.07214999999999999
1990-12-18 10:00:00+00:00,0.144585,0.07255
1990-12-18 11:00:00+00:00,0.13482,0.06815
1990-12-18 12:00:00+00:00,0.14679,0.07350000000000001
1990-12-18 13:00:00+00:00,0.17031,0.08405
1990-12-18 14:00:00+00:00,0.189525,0.09265
1990-12-18 15:00:00+00:00,0.1776075,0.0873
1990-12-18 16:00:00+00:00,0.34104,0.15735
1990-12-18 17:00:00+00:00,0.366345,0.16870000000000002
1990-12-18 18:00:00+00:00,0.3675,0.16920000000000002
1990-12-18 19:00:00+00:00,0.22312500000000002,0.10765
1990-12-18 20:00:00+00:00,0.19046999999999997,0.09305
1990-12-18 21:00:00+00:00,0.181965,0.08925
1990-12-18 22:00:00+00:00,0.166425,0.0823
1990-12-18 23:00:00+00:00,0.055439999999999996,0.032600000000000004
1990-12-19 00:00:00+00:00,0.028665,0.02065
1990-12-19 01:00:00+00:00,0.02205,0.01765
1990-12-19 02:00:00+00:00,0.01344,0.0138
1990-12-19 03:00:00+00:00,0.01764,0.0157
1990-12-19 04:00:00+00:00,0.020475,0.017
1990-12-19 05:00:00+00:00,0.034230000000000003,0.0231
1990-12-19 06:00:00+00:00,0.11823,0.060700000000000004
1990-12-19 07:00:00+00:00,0.16453500000000001,0.08145
1990-12-19 08:00:00+00:00,0.17409,0.08574999999999999
1990-12-19 09:00:00+00:00,0.1790775,0.08795
1990-12-19 10:00:00+00:00,0.17031000000000002,0.08405
1990-12-19 11:00:00+00:00,0.1570275,0.0781
1990-12-19 12:00:00+00:00,0.15771000000000002,0.0784
1990-12-19 13:00:00+00:00,0.1673175,0.0827
1990-12-19 14:00:00+00:00,0.1704675,0.08410000000000001
1990-12-19 15:00:00+00:00,0.18784499999999998,0.0919
1990-12-19 16:00:00+00:00,0.35784000000000005,0.16485
1990-12-19 17:00:00+00:00,0.35852249999999997,0.1652
1990-12-19 18:00:00+00:00,0.3465525,0.15985
1990-12-19 19:00:00+00:00,0.20790000000000003,0.10085
1990-12-19 20:00:00+00:00,0.1911,0.09335
1990-12-19 21:00:00+00:00,0.18522,0.0907
1990-12-19 22:00:00+00:00,0.170625,0.0842
1990-12-19 23:00:00+00:00,0.1320375,0.0669
1990-12-20 00:00:00+00:00,0.1187025,0.060899999999999996
1990-12-20 01:00:00+00:00,0.103425,0.054099999999999995
1990-12-20 02:00:00+00:00,0.051135,0.0307
1990-12-20 03:00:00+00:00,0.047355,0.028999999999999998
1990-12-20 04:00:00+00:00,0.0716625,0.03985
1990-12-20 05:00:00+00:00,0.10946249999999999,0.0568
1990-12-20 06:00:00+00:00,0.18973500000000001,0.09275
1990-12-20 07:00:00+00:00,0.199395,0.09705
1990-12-20 08:00:00+00:00,0.204645,0.0994
1990-12-20 09:00:00+00:00,0.20475,0.09945000000000001
1990-12-20 10:00:00+00:00,0.18165,0.0891
1990-12-20 11:00:00+00:00,0.1707825,0.08424999999999999
1990-12-20 12:00:00+00:00,0.1785525,0.08775
1990-12-20 13:00:00+00:00,0.168945,0.0834
1990-12-20 14:00:00+00:00,0.18228,0.0894
1990-12-20 15:00:00+00:00,0.188265,0.09204999999999999
1990-12-20 16:00:00+00:00,0.35022749999999997,0.16144999999999998
1990-12-20 17:00:00+00:00,0.355005,0.16365000000000002
1990-12-20 18:00:00+00:00,0.34965,0.1612
1990-12-20 19:00:00+00:00,0.18165,0.08910000000000001
1990-12-20 20:00:00+00:00,0.18406499999999998,0.0902
1990-12-20 21:00:00+00:00,0.1554,0.07735
1990-12-20 22:00:00+00:00,0.1032675,0.05399999999999999
1990-12-20 23:00:00+00:00,0.06090000000000001,0.03505
1990-12-21 00:00:00+00:00,0.02835,0.0205
1990-12-21 01:00:00+00:00,0.019215000000000003,0.01635
1990-12-21 02:00:00+00:00,0.016800000000000002,0.0153
1990-12-21 03:00:00+00:00,0.019215,0.016399999999999998
1990-12-21 04:00:00+00:00,0.027299999999999998,0.019999999999999997
1990-12-21 05:00:00+00:00,0.01722,0.0155
1990-12-21 06:00:00+00:00,0.01575,0.014849999999999999
1990-12-21 07:00:00+00:00,0.0273525,0.02005
1990-12-21 08:00:00+00:00,0.063525,0.03625
1990-12-21 09:00:00+00:00,0.059219999999999995,0.034300000000000004
1990-12-21 10:00:00+00:00,0.066675,0.03765
1990-12-21 11:00:00+00:00,0.059324999999999996,0.034350000000000006
1990-12-21 12:00:00+00:00,0.05985,0.034600000000000006
1990-12-21 13:00:00+00:00,0.05544,0.03265
1990-12-21 14:00:00+00:00,0.06237,0.035699999999999996
1990-12-21 15:00:00+00:00,0.06846,0.03845
1990-12-21 16:00:00+00:00,0.252,0.1175
1990-12-21 17:00:00+00:00,0.272475,0.1267
1990-12-21 18:00:00+00:00,0.25016249999999995,0.11665
1990-12-21 19:00:00+00:00,0.07056,0.039400000000000004
1990-12-21 20:00:00+00:00,0.0252,0.019049999999999997
1990-12-21 21:00:00+00:00,0.028717500000000003,0.02065
1990-12-21 22:00:00+00:00,0.013230000000000002,0.013699999999999999
1990-12-21 23:00:00+00:00,0.0231,0.01815
1990-12-22 00:00:00+00:00,-0.0041475,0.00595
1990-12-22 01:00:00+00:00,-0.0110775,0.0028499999999999997
1990-12-22 02:00:00+00:00,-0.0062475000000000004,0.005
1990-12-22 03:00:00+00:00,-0.008505,0.004
1990-12-22 04:00:00+00:00,-0.0056700000000000006,0.00525
1990-12-22 05:00:00+00:00,-0.002415,0.00675
1990-12-22 06:00:00+00:00,0.0,0.0078000000000000005
1990-12-22 07:00:00+00:00,0.0024675,0.0089
1990-12-22 08:00:00+00:00,0.02961,0.02105
1990-12-22 09:00:00+00:00,0.062107499999999996,0.0356
1990-12-22 10:00:00+00:00,0.0294,0.02095
1990-12-22 11:00:00+00:00,0.02982,0.021150000000000002
1990-12-22 12:00:00+00:00,0.028769999999999997,0.02065
1990-12-22 13:00:00+00:00,0.0426825,0.0269
1990-12-22 14:00:00+00:00,0.079065,0.0432
1990-12-22 15:00:00+00:00,0.09240000000000001,0.04915
1990-12-22 16:00:00+00:00,0.28056000000000003,0.1303
1990-12-22 17:00:00+00:00,0.307335,0.14225
1990-12-22 18:00:00+00:00,0.274785,0.12764999999999999
1990-12-22 19:00:00+00:00,0.12389999999999998,0.06325
1990-12-22 20:00:00+00:00,0.11759999999999998,0.060450000000000004
1990-12-22 21:00:00+00:00,0.0945,0.050100000000000006
1990-12-22 22:00:00+00:00,0.058800000000000005,0.0341
1990-12-22 23:00:00+00:00,0.0756,0.04165
1990-12-23 00:00:00+00:00,0.05145,0.030850000000000002
1990-12-23 01:00:00+00:00,0.03444,0.0232
1990-12-23 02:00:00+00:00,0.05187,0.03105
1990-12-23 03:00:00+00:00,0.00315,0.0092
1990-12-23 04:00:00+00:00,0.014332499999999998,0.0142
1990-12-23 05:00:00+00:00,0.040845,0.026099999999999998
1990-12-23 06:00:00+00:00,0.09880499999999999,0.052000000000000005
1990-12-23 07:00:00+00:00,0.190575,0.09309999999999999
1990-12-23 08:00:00+00:00,0.20280750000000003,0.09855
1990-12-23 09:00:00+00:00,0.20548499999999997,0.09975
1990-12-23 10:00:00+00:00,0.200025,0.09734999999999999
1990-12-23 11:00:00+00:00,0.20055,0.09755
1990-12-23 12:00:00+00:00,0.19971,0.09720000000000001
1990-12-23 13:00:00+00:00,0.19424999999999998,0.09475
1990-12-23 14:00:00+00:00,0.1769775,0.08705
1990-12-23 15:00:00+00:00,0.19529999999999997,0.09519999999999999
1990-12-23 16:00:00+00:00,0.376635,0.1733
1990-12-23 17:00:00+00:00,0.392595,0.18045
1990-12-23 18:00:00+00:00,0.3850875,0.1771
1990-12-23 19:00:00+00:00,0.2202375,0.1064
1990-12-23 20:00:00+00:00,0.19949999999999998,0.09709999999999999
1990-12-23 21:00:00+00:00,0.19236,0.09390000000000001
1990-12-23 22:00:00+00:00,0.177345,0.0872
1990-12-23 23:00:00+00:00,0.15424500000000002,0.07685
1990-12-24 00:00:00+00:00,0.131775,0.06675
1990-12-24 01:00:00+00:00,0.1262625,0.06435
1990-12-24 02:00:00+00:00,0.126,0.0642
1990-12-24 03:00:00+00:00,0.137865,0.0695
1990-12-24 04:00:00+00:00,0.12768000000000002,0.06495000000000001
1990-12-24 05:00:00+00:00,0.1386,0.06985
1990-12-24 06:00:00+00:00,0.183855,0.0901
1990-12-24 07:00:00+00:00,0.18726749999999998,0.09165000000000001
1990-12-24 08:00:00+00:00,0.20359500000000003,0.09895000000000001
1990-12-24 09:00:00+00:00,0.2037,0.099
1990-12-24 10:00:00+00:00,0.20895,0.10135
1990-12-24 11:00:00+00:00,0.1995,0.09709999999999999
1990-12-24 12:00:00+00:00,0.19902750000000002,0.09684999999999999
1990-12-24 13:00:00+00:00,0.1930425,0.0942
1990-12-24 14:00:00+00:00,0.19845000000000002,0.09659999999999999
1990-12-24 15:00:00+00:00,0.21525,0.10414999999999999
1990-12-24 16:00:00+00:00,0.37295999999999996,0.17165
1990-12-24 17:00:00+00:00,0.36288,0.16715000000000002
1990-12-24 18:00:00+00:00,0.35106750000000003,0.16185
1990-12-24 19:00:00+00:00,0.20097000000000004,0.09775
1990-12-24 20:00:00+00:00,0.1867425,0.09140000000000001
1990-12-24 21:00:00+00:00,0.190155,0.09295
1990-12-24 22:00:00+00:00,0.137025,0.06914999999999999
1990-12-24 23:00:00+00:00,0.19005,0.09285
1990-12-25 00:00:00+00:00,0.158655,0.07880000000000001
1990-12-25 01:00:00+00:00,0.14364,0.0721
1990-12-25 02:00:00+00:00,0.1323,0.067
1990-12-25 03:00:00+00:00,0.1362375,0.0688
1990-12-25 04:00:00+00:00,0.126,0.0642
1990-12-25 05:00:00+00:00,0.1233225,0.063
1990-12-25 06:00:00+00:00,0.15487499999999998,0.07715
1990-12-25 07:00:00+00:00,0.18291000000000002,0.08965000000000001
1990-12-25 08:00:00+00:00,0.18784499999999998,0.0919
1990-12-25 09:00:00+00:00,0.1909425,0.09325
1990-12-25 10:00:00+00:00,0.19194,0.0937
1990-12-25 11:00:00+00:00,0.19782,0.09635000000000002
1990-12-25 12:00:00+00:00,0.217455,0.10515
1990-12-25 13:00:00+00:00,0.22365000000000002,0.1079
1990-12-25 14:00:00+00:00,0.21147,0.10250000000000001
1990-12-25 15:00:00+00:00,0.2081625,0.10099999999999999
1990-12-25 16:00:00+00:00,0.35826,0.16505000000000003
1990-12-25 17:00:00+00:00,0.36014999999999997,0.16590000000000002
1990-12-25 18:00:00+00:00,0.36125250000000003,0.16645
1990-12-25 19:00:00+00:00,0.20548500000000003,0.0998
1990-12-25 20:00:00+00:00,0.1925175,0.09395
1990-12-25 21:00:00+00:00,0.1936725,0.09445
1990-12-25 22:00:00+00:00,0.19613999999999998,0.09559999999999999
1990-12-25 23:00:00+00:00,0.21147,0.10245
1990-12-26 00:00:00+00:00,0.20475,0.09945000000000001
1990-12-26 01:00:00+00:00,0.2012325,0.0979
1990-12-26 02:00:00+00:00,0.1949325,0.09505000000000001
1990-12-26 03:00:00+00:00,0.17765999999999998,0.08729999999999999
1990-12-26 04:00:00+00:00,0.1866375,0.09135
1990-12-26 05:00:00+00:00,0.19015500000000002,0.09290000000000001
1990-12-26 06:00:00+00:00,0.19094250000000001,0.09325
1990-12-26 07:00:00+00:00,0.20853,0.10115
1990-12-26 08:00:00+00:00,0.21430500000000002,0.10370000000000001
1990-12-26 09:00:00+00:00,0.1932,0.0943
1990-12-26 10:00:00+00:00,0.20055,0.09755
1990-12-26 11:00:00+00:00,0.2142,0.1037
1990-12-26 12:00:00+00:00,0.22554000000000002,0.10875
1990-12-26 13:00:00+00:00,0.2289,0.11025
1990-12-26 14:00:00+00:00,0.21997499999999998,0.10625
1990-12-26 15:00:00+00:00,0.22638,0.10915
1990-12-26 16:00:00+00:00,0.3882375,0.17845
1990-12-26 17:00:00+00:00,0.39732,0.18255000000000002
1990-12-26 18:00:00+00:00,0.390075,0.17930000000000001
1990-12-26 19:00:00+00:00,0.22659,0.10919999999999999
1990-12-26 20:00:00+00:00,0.212625,0.10300000000000001
1990-12-26 21:00:00+00:00,0.20527499999999999,0.09965
1990-12-26 22:00:00+00:00,0.2121,0.10275
1990-12-26 23:00:00+00:00,0.2192925,0.10595
1990-12-27 00:00:00+00:00,0.21882000000000001,0.10575
1990-12-27 01:00:00+00:00,0.20811000000000002,0.10094999999999998
1990-12-27 02:00:00+00:00,0.19776749999999998,0.09634999999999999
1990-12-27 03:00:00+00:00,0.20380500000000001,0.09905
1990-12-27 04:00:00+00:00,0.197925,0.09639999999999999
1990-12-27 05:00:00+00:00,0.2192925,0.10594999999999999
1990-12-27 06:00:00+00:00,0.22008,0.1063
1990-12-27 07:00:00+00:00,0.21693,0.1049
1990-12-27 08:00:00+00:00,0.20811000000000002,0.10094999999999998
1990-12-27 09:00:00+00:00,0.21488249999999998,0.104
1990-12-27 10:00:00+00:00,0.22543500000000002,0.10869999999999999
1990-12-27 11:00:00+00:00,0.211995,0.10264999999999999
1990-12-27 12:00:00+00:00,0.22081499999999998,0.1066
1990-12-27 13:00:00+00:00,0.22932,0.11044999999999999
1990-12-27 14:00:00+00:00,0.24423,0.11710000000000001
1990-12-27 15:00:00+00:00,0.27447,0.13065
1990-12-27 16:00:00+00:00,0.43994999999999995,0.20165
1990-12-27 17:00:00+00:00,0.4450425,0.20390000000000003
1990-12-27 18:00:00+00:00,0.42315,0.19415
1990-12-27 19:00:00+00:00,0.26292,0.1255
1990-12-27 20:00:00+00:00,0.22701,0.1094
1990-12-27 21:00:00+00:00,0.2185575,0.1056
1990-12-27 22:00:00+00:00,0.211575,0.10255
1990-12-27 23:00:00+00:00,0.2248575,0.10844999999999999
1990-12-28 00:00:00+00:00,0.21839999999999998,0.10555
1990-12-28 01:00:00+00:00,0.1940925,0.0947
1990-12-28 02:00:00+00:00,0.19194,0.09375
1990-12-28 03:00:00+00:00,0.205905,0.09995000000000001
1990-12-28 04:00:00+00:00,0.19797749999999997,0.09645
1990-12-28 05:00:00+00:00,0.21036749999999999,0.10194999999999999
1990-12-28 06:00:00+00:00,0.21315,0.1032
1990-12-28 07:00:00+00:00,0.22365000000000002,0.1079
1990-12-28 08:00:00+00:00,0.2219175,0.10715000000000001
1990-12-28 09:00:00+00:00,0.22590749999999998,0.1089
1990-12-28 10:00:00+00:00,0.209685,0.10164999999999999
1990-12-28 11:00:00+00:00,0.20821499999999998,0.101
1990-12-28 12:00:00+00:00,0.1989225,0.09684999999999999
1990-12-28 13:00:00+00:00,0.218505,0.1056
1990-12-28 14:00:00+00:00,0.2121,0.10275
1990-12-28 15:00:00+00:00,0.2307375,0.11105
1990-12-28 16:00:00+00:00,0.40593,0.1864
1990-12-28 17:00:00+00:00,0.40719,0.187
1990-12-28 18:00:00+00:00,0.401205,0.18430000000000002
1990-12-28 19:00:00+00:00,0.22575,0.10885
1990-12-28 20:00:00+00:00,0.211575,0.1025
1990-12-28 21:00:00+00:00,0.19635,0.09565
1990-12-28 22:00:00+00:00,0.1893675,0.09255
1990-12-28 23:00:00+00:00,0.216195,0.10455
1990-12-29 00:00:00+00:00,0.2071125,0.1005
1990-12-29 01:00:00+00:00,0.199395,0.09705
1990-12-29 02:00:00+00:00,0.18301499999999998,0.08975
1990-12-29 03:00:00+00:00,0.15907500000000002,0.079
1990-12-29 04:00:00+00:00,0.1602825,0.0795
1990-12-29 05:00:00+00:00,0.1553475,0.07735
1990-12-29 06:00:00+00:00,0.1659,0.08205
1990-12-29 07:00:00+00:00,0.165375,0.08180000000000001
1990-12-29 08:00:00+00:00,0.18863249999999998,0.09225
1990-12-29 09:00:00+00:00,0.19404,0.09465
1990-12-29 10:00:00+00:00,0.190365,0.093
1990-12-29 11:00:00+00:00,0.19094250000000001,0.09325
1990-12-29 12:00:00+00:00,0.18480000000000002,0.0905
1990-12-29 13:00:00+00:00,0.18941999999999998,0.09255000000000001
1990-12-29 14:00:00+00:00,0.19666500000000003,0.0958
1990-12-29 15:00:00+00:00,0.207375,0.1006
1990-12-29 16:00:00+00:00,0.38892,0.17880000000000001
1990-12-29 17:00:00+00:00,0.39102,0.1797
1990-12-29 18:00:00+00:00,0.38577,0.1774
1990-12-29 19:00:00+00:00,0.22008,0.1063
1990-12-29 20:00:00+00:00,0.20627250000000003,0.10014999999999999
1990-12-29 21:00:00+00:00,0.20795249999999998,0.10085
1990-12-29 22:00:00+00:00,0.185535,0.09085
1990-12-29 23:00:00+00:00,0.15298499999999998,0.07629999999999999
1990-12-30 00:00:00+00:00,0.14805000000000001,0.07405
1990-12-30 01:00:00+00:00,0.123795,0.06319999999999999
1990-12-30 02:00:00+00:00,0.08001,0.04365
1990-12-30 03:00:00+00:00,0.09492,0.0503
1990-12-30 04:00:00+00:00,0.10353,0.0541
1990-12-30 05:00:00+00:00,0.08882999999999999,0.047549999999999995
1990-12-30 06:00:00+00:00,0.15351,0.07650000000000001
1990-12-30 07:00:00+00:00,0.1995,0.09709999999999999
1990-12-30 08:00:00+00:00,0.20789999999999997,0.10085
1990-12-30 09:00:00+00:00,0.20795249999999998,0.1009
1990-12-30 10:00:00+00:00,0.20538,0.09975
1990-12-30 11:00:00+00:00,0.182805,0.08965
1990-12-30 12:00:00+00:00,0.18784499999999998,0.0919
1990-12-30 13:00:00+00:00,0.19383,0.0946
1990-12-30 14:00:00+00:00,0.20181,0.09814999999999999
1990-12-30 15:00:00+00:00,0.2205,0.10650000000000001
1990-12-30 16:00:00+00:00,0.39553499999999997,0.18175000000000002
1990-12-30 17:00:00+00:00,0.39989250000000004,0.1837
1990-12-30 18:00:00+00:00,0.3756375,0.1728
1990-12-30 19:00:00+00:00,0.24359999999999998,0.11685000000000001
1990-12-30 20:00:00+00:00,0.20816250000000003,0.10095
1990-12-30 21:00:00+00:00,0.1996575,0.09715
1990-12-30 22:00:00+00:00,0.1500975,0.07500000000000001
1990-12-30 23:00:00+00:00,0.119175,0.06115
1990-12-31 00:00:00+00:00,0.0733425,0.04065
1990-12-31 01:00:00+00:00,0.06636,0.0375
1990-12-31 02:00:00+00:00,0.0462,0.0285
1990-12-31 03:00:00+00:00,0.0420525,0.02665
1990-12-31 04:00:00+00:00,0.035385,0.023649999999999997
1990-12-31 05:00:00+00:00,0.02835,0.02045
1990-12-31 06:00:00+00:00,0.0609,0.035050000000000005
1990-12-31 07:00:00+00:00,0.09387000000000001,0.04985
1990-12-31 08:00:00+00:00,0.11602499999999999,0.05975
1990-12-31 09:00:00+00:00,0.17220000000000002,0.0849
1990-12-31 10:00:00+00:00,0.16227750000000002,0.08045
1990-12-31 11:00:00+00:00,0.163065,0.0808
1990-12-31 12:00:00+00:00,0.1575525,0.07830000000000001
1990-12-31 13:00:00+00:00,0.15539999999999998,0.07735
1990-12-31 14:00:00+00:00,0.160545,0.07965
1990-12-31 15:00:00+00:00,0.1641675,0.0813
1990-12-31 16:00:00+00:00,0.33348,0.15399999999999997
1990-12-31 17:00:00+00:00,0.33747,0.15575
1990-12-31 18:00:00+00:00,0.31289999999999996,0.14475
1990-12-31 19:00:00+00:00,0.13146,0.06665
1990-12-31 20:00:00+00:00,0.1121925,0.057999999999999996
1990-12-31 21:00:00+00:00,0.06405,0.036449999999999996
1990-12-31 22:00:00+00:00,-0.010185000000000003,0.00875
1990-12-31 23:00:00+00:00,0.00693,0.0109
