time(UTC),temp_air,relative_humidity,ghi,dni,dhi,IR(h),wind_speed,wind_direction,pressure
1990-01-01 00:30:00+00:00,5.17,93.35,0.0,0.0,0.0,307.68,3.69,104.0,102210.0
1990-01-01 01:30:00+00:00,5.08,94.63,0.0,0.0,0.0,311.39,3.19,110.0,102120.0
1990-01-01 02:30:00+00:00,4.99,95.9,0.0,0.0,0.0,315.09,2.69,121.0,102050.0
1990-01-01 03:30:00+00:00,4.9,97.17,0.0,0.0,0.0,318.8,2.19,132.0,102030.0
1990-01-01 04:30:00+00:00,4.81,98.44,0.0,0.0,0.0,322.51,1.69,146.0,101980.0
1990-01-01 05:30:00+00:00,4.72,99.71,0.0,0.0,0.0,326.21,1.19,165.0,102010.0
1990-01-01 06:30:00+00:00,4.63,100.0,0.0,0.0,0.0,329.92,0.7,167.0,101980.0
1990-01-01 07:30:00+00:00,4.54,100.0,0.0,0.0,0.0,333.63,0.2,176.0,101980.0
1990-01-01 08:30:00+00:00,4.52,95.75,0.0,0.0,0.0,321.05,1.59,186.0,101960.0
1990-01-01 09:30:00+00:00,4.36,99.4,42.0,145.25,30.0,321.05,1.72,199.0,101980.0
1990-01-01 10:30:00+00:00,4.23,92.2,105.0,194.29,72.0,319.3,2.14,204.0,101970.0
1990-01-01 11:30:00+00:00,4.29,92.2,114.0,71.36,98.0,319.9,2.34,187.0,101940.0
1990-01-01 12:30:00+00:00,4.48,88.85,73.0,0.0,73.0,312.75,2.97,196.0,101870.0
1990-01-01 13:30:00+00:00,4.54,88.85,55.0,0.0,55.0,322.2,3.17,216.0,101830.0
1990-01-01 14:30:00+00:00,4.44,88.85,44.0,0.0,44.0,316.4,3.17,219.0,101770.0
1990-01-01 15:30:00+00:00,4.38,88.85,28.0,39.01,25.0,327.65,3.24,216.0,101720.0
1990-01-01 16:30:00+00:00,4.24,92.2,0.0,0.0,0.0,322.4,2.9,215.0,101730.0
1990-01-01 17:30:00+00:00,4.36,92.2,0.0,0.0,0.0,326.85,2.83,214.0,101740.0
1990-01-01 18:30:00+00:00,4.53,92.25,0.0,0.0,0.0,326.85,3.03,215.0,101740.0
1990-01-01 19:30:00+00:00,5.39,92.3,0.0,0.0,0.0,331.9,3.17,204.0,101710.0
1990-01-01 20:30:00+00:00,5.73,92.3,0.0,0.0,0.0,334.6,3.45,202.0,101680.0
1990-01-01 21:30:00+00:00,6.04,92.3,0.0,0.0,0.0,339.05,3.72,200.0,101610.0
1990-01-01 22:30:00+00:00,6.2,95.8,0.0,0.0,0.0,337.5,3.79,202.0,101560.0
1990-01-01 23:30:00+00:00,6.32,99.4,0.0,0.0,0.0,335.95,4.0,204.0,101500.0
1990-01-02 00:30:00+00:00,6.41,95.8,0.0,0.0,0.0,335.0,4.14,204.0,101390.0
1990-01-02 01:30:00+00:00,6.65,95.8,0.0,0.0,0.0,345.95,4.34,204.0,101310.0
1990-01-02 02:30:00+00:00,6.69,95.8,0.0,0.0,0.0,335.55,4.48,204.0,101250.0
1990-01-02 03:30:00+00:00,6.74,99.4,0.0,0.0,0.0,333.65,4.69,203.0,101190.0
1990-01-02 04:30:00+00:00,6.83,99.4,0.0,0.0,0.0,332.65,4.9,203.0,101120.0
1990-01-02 05:30:00+00:00,6.9,95.8,0.0,0.0,0.0,327.85,5.1,202.0,101050.0
1990-01-02 06:30:00+00:00,6.93,95.8,0.0,0.0,0.0,319.9,5.38,201.0,100980.0
1990-01-02 07:30:00+00:00,6.72,95.8,0.0,0.0,0.0,302.65,5.38,203.0,100960.0
1990-01-02 08:30:00+00:00,6.99,95.8,0.0,0.0,0.0,326.3,5.79,204.0,100930.0
1990-01-02 09:30:00+00:00,7.17,95.8,28.0,24.04,26.0,332.65,6.07,205.0,100890.0
1990-01-02 10:30:00+00:00,7.51,92.4,25.0,0.0,25.0,342.15,6.55,206.0,100840.0
1990-01-02 11:30:00+00:00,7.8,89.05,73.0,4.44,72.0,322.4,7.03,206.0,100740.0
1990-01-02 12:30:00+00:00,8.19,89.05,119.0,61.6,104.0,324.55,6.9,206.0,100620.0
1990-01-02 13:30:00+00:00,8.61,85.9,75.0,8.93,73.0,324.35,6.62,206.0,100480.0
1990-01-02 14:30:00+00:00,8.76,85.9,60.0,17.88,57.0,331.5,7.66,210.0,100360.0
1990-01-02 15:30:00+00:00,8.83,89.1,13.0,0.0,13.0,339.45,7.59,213.0,100290.0
1990-01-02 16:30:00+00:00,8.76,85.9,0.0,0.0,0.0,339.85,7.59,216.0,100240.0
1990-01-02 17:30:00+00:00,8.8,85.9,0.0,0.0,0.0,342.15,7.52,216.0,100230.0
1990-01-02 18:30:00+00:00,8.92,82.85,0.0,0.0,0.0,343.9,7.45,214.0,100180.0
1990-01-02 19:30:00+00:00,9.08,85.95,0.0,0.0,0.0,344.65,7.24,215.0,100160.0
1990-01-02 20:30:00+00:00,9.28,89.1,0.0,0.0,0.0,349.7,7.03,216.0,100140.0
1990-01-02 21:30:00+00:00,9.44,85.95,0.0,0.0,0.0,352.8,6.83,215.0,100110.0
1990-01-02 22:30:00+00:00,9.56,89.15,0.0,0.0,0.0,354.15,6.62,214.0,100090.0
1990-01-02 23:30:00+00:00,9.67,89.15,0.0,0.0,0.0,355.1,6.28,215.0,100100.0
1990-01-03 00:30:00+00:00,9.71,89.15,0.0,0.0,0.0,355.9,5.79,216.0,100080.0
1990-01-03 01:30:00+00:00,9.81,92.45,0.0,0.0,0.0,357.95,5.31,217.0,100030.0
1990-01-03 02:30:00+00:00,9.67,95.85,0.0,0.0,0.0,352.0,4.9,220.0,100000.0
1990-01-03 03:30:00+00:00,9.56,95.85,0.0,0.0,0.0,344.3,4.34,230.0,100000.0
1990-01-03 04:30:00+00:00,9.44,92.45,0.0,0.0,0.0,338.85,4.21,250.0,100070.0
1990-01-03 05:30:00+00:00,9.32,95.85,0.0,0.0,0.0,351.85,4.76,280.0,100150.0
1990-01-03 06:30:00+00:00,8.28,95.8,0.0,0.0,0.0,350.65,6.21,305.0,100310.0
1990-01-03 07:30:00+00:00,7.7,89.05,0.0,0.0,0.0,328.4,5.72,310.0,100430.0
1990-01-03 08:30:00+00:00,6.88,82.6,0.0,0.0,0.0,328.6,5.72,315.0,100620.0
1990-01-03 09:30:00+00:00,6.02,76.55,30.0,35.75,27.0,304.05,5.59,316.0,100850.0
1990-01-03 10:30:00+00:00,5.62,76.5,26.0,0.0,26.0,253.1,4.97,316.0,101000.0
1990-01-03 11:30:00+00:00,6.07,73.7,192.0,555.81,66.0,258.15,4.97,312.0,101170.0
1990-01-03 12:30:00+00:00,6.74,73.8,221.0,648.69,62.0,242.5,4.48,303.0,101260.0
1990-01-03 13:30:00+00:00,7.26,71.15,193.0,571.53,64.0,251.95,4.97,299.0,101330.0
1990-01-03 14:30:00+00:00,7.3,71.15,132.0,476.98,51.0,255.45,5.66,303.0,101400.0
1990-01-03 15:30:00+00:00,6.91,68.5,48.0,270.8,26.0,264.15,5.24,300.0,101510.0
1990-01-03 16:30:00+00:00,5.91,73.7,0.0,0.0,0.0,249.45,4.76,291.0,101630.0
1990-01-03 17:30:00+00:00,5.33,79.35,0.0,0.0,0.0,256.4,4.62,286.0,101740.0
1990-01-03 18:30:00+00:00,5.18,79.35,0.0,0.0,0.0,270.15,4.28,281.0,101830.0
1990-01-03 19:30:00+00:00,4.85,85.55,0.0,0.0,0.0,262.4,4.34,273.0,101870.0
1990-01-03 20:30:00+00:00,5.1,82.4,0.0,0.0,0.0,286.6,4.41,269.0,101940.0
1990-01-03 21:30:00+00:00,4.86,85.55,0.0,0.0,0.0,271.5,4.62,268.0,101990.0
1990-01-03 22:30:00+00:00,4.85,85.55,0.0,0.0,0.0,274.6,5.03,266.0,102030.0
1990-01-03 23:30:00+00:00,4.96,82.4,0.0,0.0,0.0,281.2,5.59,267.0,102060.0
1990-01-04 00:30:00+00:00,5.03,82.4,0.0,0.0,0.0,273.85,5.93,269.0,102090.0
1990-01-04 01:30:00+00:00,5.2,85.6,0.0,0.0,0.0,275.9,6.14,268.0,102080.0
1990-01-04 02:30:00+00:00,5.23,85.6,0.0,0.0,0.0,269.6,5.86,267.0,102100.0
1990-01-04 03:30:00+00:00,5.52,85.65,0.0,0.0,0.0,287.55,5.72,264.0,102110.0
1990-01-04 04:30:00+00:00,5.94,82.55,0.0,0.0,0.0,309.05,5.66,263.0,102110.0
1990-01-04 05:30:00+00:00,6.01,82.55,0.0,0.0,0.0,302.85,5.38,264.0,102130.0
1990-01-04 06:30:00+00:00,5.7,85.65,0.0,0.0,0.0,281.6,5.17,266.0,102150.0
1990-01-04 07:30:00+00:00,5.78,85.65,0.0,0.0,0.0,283.1,5.59,272.0,102100.0
1990-01-04 08:30:00+00:00,5.55,82.5,0.0,0.0,0.0,275.4,5.59,275.0,102110.0
1990-01-04 09:30:00+00:00,6.0,79.5,10.0,0.0,10.0,311.95,5.79,280.0,102150.0
1990-01-04 10:30:00+00:00,6.49,79.55,52.0,5.79,51.0,324.15,5.72,283.0,102200.0
1990-01-04 11:30:00+00:00,6.95,79.65,60.0,0.0,60.0,304.05,4.69,285.0,102240.0
1990-01-04 12:30:00+00:00,7.42,76.8,205.0,498.33,82.0,298.4,4.34,280.0,102230.0
1990-01-04 13:30:00+00:00,8.07,76.8,98.0,35.14,90.0,310.6,6.0,292.0,102200.0
1990-01-04 14:30:00+00:00,8.07,79.7,27.0,0.0,27.0,325.3,4.28,288.0,102230.0
1990-01-04 15:30:00+00:00,7.82,79.7,13.0,0.0,13.0,317.75,4.0,281.0,102270.0
1990-01-04 16:30:00+00:00,6.98,79.65,0.0,0.0,0.0,294.75,3.24,266.0,102300.0
1990-01-04 17:30:00+00:00,5.89,85.7,0.0,0.0,0.0,281.0,2.9,245.0,102370.0
1990-01-04 18:30:00+00:00,5.86,88.9,0.0,0.0,0.0,307.9,3.24,235.0,102390.0
1990-01-04 19:30:00+00:00,5.32,92.25,0.0,0.0,0.0,283.5,3.1,238.0,102420.0
1990-01-04 20:30:00+00:00,4.94,92.25,0.0,0.0,0.0,280.2,3.31,241.0,102430.0
1990-01-04 21:30:00+00:00,4.69,92.25,0.0,0.0,0.0,279.45,3.38,244.0,102390.0
1990-01-04 22:30:00+00:00,4.41,92.25,0.0,0.0,0.0,270.15,3.31,243.0,102400.0
1990-01-04 23:30:00+00:00,4.16,95.75,0.0,0.0,0.0,266.3,3.24,240.0,102380.0
1990-01-05 00:30:00+00:00,4.05,95.75,0.0,0.0,0.0,267.45,3.31,235.0,102360.0
1990-01-05 01:30:00+00:00,3.9,92.2,0.0,0.0,0.0,269.3,3.38,233.0,102320.0
1990-01-05 02:30:00+00:00,3.81,95.7,0.0,0.0,0.0,266.65,3.52,231.0,102310.0
1990-01-05 03:30:00+00:00,3.86,92.2,0.0,0.0,0.0,271.1,3.66,228.0,102320.0
1990-01-05 04:30:00+00:00,3.93,95.75,0.0,0.0,0.0,269.95,3.79,226.0,102280.0
1990-01-05 05:30:00+00:00,4.12,95.75,0.0,0.0,0.0,273.65,3.93,224.0,102260.0
1990-01-05 06:30:00+00:00,4.31,95.75,0.0,0.0,0.0,271.7,4.21,223.0,102230.0
1990-01-05 07:30:00+00:00,5.8,92.3,0.0,0.0,0.0,321.85,4.69,226.0,102150.0
1990-01-05 08:30:00+00:00,6.32,92.3,0.0,0.0,0.0,326.85,4.83,226.0,102140.0
1990-01-05 09:30:00+00:00,6.76,89.0,34.0,46.65,30.0,334.6,4.97,225.0,102130.0
1990-01-05 10:30:00+00:00,7.23,89.0,56.0,5.74,55.0,337.1,5.24,225.0,102120.0
1990-01-05 11:30:00+00:00,7.64,85.85,79.0,8.71,77.0,340.0,5.03,226.0,102120.0
1990-01-05 12:30:00+00:00,8.01,89.05,52.0,0.0,52.0,335.95,5.31,223.0,102090.0
1990-01-05 13:30:00+00:00,8.28,89.05,119.0,82.69,100.0,313.7,5.31,225.0,102030.0
1990-01-05 14:30:00+00:00,8.51,85.9,66.0,22.95,62.0,311.95,4.97,222.0,102010.0
1990-01-05 15:30:00+00:00,8.54,85.9,27.0,23.25,25.0,319.1,4.9,226.0,101990.0
1990-01-05 16:30:00+00:00,8.07,85.85,0.0,0.0,0.0,314.1,4.55,224.0,101970.0
1990-01-05 17:30:00+00:00,7.74,85.85,0.0,0.0,0.0,318.55,4.41,221.0,101960.0
1990-01-05 18:30:00+00:00,7.41,85.85,0.0,0.0,0.0,316.6,4.41,219.0,101940.0
1990-01-05 19:30:00+00:00,7.6,85.85,0.0,0.0,0.0,331.9,4.69,218.0,101900.0
1990-01-05 20:30:00+00:00,6.98,89.0,0.0,0.0,0.0,308.1,4.69,217.0,101860.0
1990-01-05 21:30:00+00:00,6.52,89.0,0.0,0.0,0.0,302.3,4.62,217.0,101820.0
1990-01-05 22:30:00+00:00,6.15,92.3,0.0,0.0,0.0,300.95,4.55,216.0,101770.0
1990-01-05 23:30:00+00:00,5.88,88.95,0.0,0.0,0.0,302.3,4.55,215.0,101710.0
1990-01-06 00:30:00+00:00,5.92,88.95,0.0,0.0,0.0,319.5,4.76,211.0,101640.0
1990-01-06 01:30:00+00:00,5.67,88.9,0.0,0.0,0.0,306.45,5.03,207.0,101560.0
1990-01-06 02:30:00+00:00,5.62,88.9,0.0,0.0,0.0,307.7,5.38,205.0,101440.0
1990-01-06 03:30:00+00:00,5.65,85.65,0.0,0.0,0.0,303.65,5.66,206.0,101370.0
1990-01-06 04:30:00+00:00,5.78,85.65,0.0,0.0,0.0,307.9,6.0,207.0,101270.0
1990-01-06 05:30:00+00:00,6.07,82.55,0.0,0.0,0.0,327.05,6.28,205.0,101180.0
1990-01-06 06:30:00+00:00,6.19,82.55,0.0,0.0,0.0,332.85,6.55,203.0,101090.0
1990-01-06 07:30:00+00:00,6.37,85.7,0.0,0.0,0.0,333.65,6.48,201.0,101060.0
1990-01-06 08:30:00+00:00,6.26,82.55,0.0,0.0,0.0,331.9,6.62,197.0,100950.0
1990-01-06 09:30:00+00:00,6.13,79.5,14.0,0.0,14.0,329.75,6.9,196.0,100850.0
1990-01-06 10:30:00+00:00,6.13,79.5,30.0,0.0,30.0,317.2,7.17,199.0,100790.0
1990-01-06 11:30:00+00:00,6.41,76.65,26.0,0.0,26.0,309.25,7.1,195.0,100680.0
1990-01-06 12:30:00+00:00,6.62,79.55,115.0,43.89,104.0,321.65,7.45,192.0,100520.0
1990-01-06 13:30:00+00:00,7.01,79.65,93.0,21.55,88.0,320.5,6.97,192.0,100380.0
1990-01-06 14:30:00+00:00,7.49,79.7,76.0,39.61,69.0,327.65,7.59,195.0,100270.0
1990-01-06 15:30:00+00:00,7.91,85.85,8.0,0.0,8.0,334.2,7.79,202.0,100180.0
1990-01-06 16:30:00+00:00,8.46,89.1,0.0,0.0,0.0,340.4,7.79,213.0,100160.0
1990-01-06 17:30:00+00:00,8.87,89.1,0.0,0.0,0.0,347.4,7.03,248.0,100290.0
1990-01-06 18:30:00+00:00,8.27,85.85,0.0,0.0,0.0,313.7,6.07,268.0,100430.0
1990-01-06 19:30:00+00:00,7.56,82.7,0.0,0.0,0.0,290.3,5.03,256.0,100650.0
1990-01-06 20:30:00+00:00,6.63,82.6,0.0,0.0,0.0,266.3,4.69,255.0,100770.0
1990-01-06 21:30:00+00:00,5.94,85.7,0.0,0.0,0.0,259.3,4.62,253.0,100840.0
1990-01-06 22:30:00+00:00,5.46,85.65,0.0,0.0,0.0,258.35,4.48,252.0,100900.0
1990-01-06 23:30:00+00:00,5.13,88.85,0.0,0.0,0.0,257.4,4.28,251.0,100990.0
1990-01-07 00:30:00+00:00,4.68,92.25,0.0,0.0,0.0,249.25,4.21,248.0,101050.0
1990-01-07 01:30:00+00:00,4.42,88.85,0.0,0.0,0.0,247.8,4.41,244.0,101090.0
1990-01-07 02:30:00+00:00,4.36,92.2,0.0,0.0,0.0,250.05,4.34,242.0,101120.0
1990-01-07 03:30:00+00:00,4.25,92.2,0.0,0.0,0.0,255.25,4.07,234.0,101100.0
1990-01-07 04:30:00+00:00,4.11,92.2,0.0,0.0,0.0,255.25,4.07,227.0,101080.0
1990-01-07 05:30:00+00:00,4.33,95.75,0.0,0.0,0.0,269.75,4.21,222.0,101010.0
1990-01-07 06:30:00+00:00,4.91,92.25,0.0,0.0,0.0,293.75,4.41,216.0,101030.0
1990-01-07 07:30:00+00:00,6.56,92.35,0.0,0.0,0.0,314.3,5.45,218.0,101020.0
1990-01-07 08:30:00+00:00,7.09,92.35,0.0,0.0,0.0,331.7,5.86,214.0,100980.0
1990-01-07 09:30:00+00:00,7.38,89.0,7.0,0.0,7.0,331.3,6.21,214.0,100990.0
1990-01-07 10:30:00+00:00,7.79,82.7,72.0,33.9,66.0,328.4,6.48,212.0,100950.0
1990-01-07 11:30:00+00:00,8.13,85.85,96.0,25.74,90.0,322.05,6.97,211.0,100860.0
1990-01-07 12:30:00+00:00,8.68,89.1,76.0,3.96,75.0,320.85,7.45,212.0,100790.0
1990-01-07 13:30:00+00:00,9.3,92.45,37.0,0.0,37.0,338.65,7.72,210.0,100660.0
1990-01-07 14:30:00+00:00,9.89,95.85,56.0,5.58,55.0,347.95,7.93,209.0,100530.0
1990-01-07 15:30:00+00:00,10.69,92.5,26.0,10.96,25.0,360.35,8.28,211.0,100420.0
1990-01-07 16:30:00+00:00,11.22,92.55,0.0,0.0,0.0,367.1,8.41,216.0,100390.0
1990-01-07 17:30:00+00:00,11.68,92.55,0.0,0.0,0.0,367.7,8.48,219.0,100350.0
1990-01-07 18:30:00+00:00,12.05,92.6,0.0,0.0,0.0,371.55,8.48,221.0,100320.0
1990-01-07 19:30:00+00:00,12.09,92.6,0.0,0.0,0.0,371.0,8.55,221.0,100300.0
1990-01-07 20:30:00+00:00,12.13,92.6,0.0,0.0,0.0,370.2,8.34,226.0,100310.0
1990-01-07 21:30:00+00:00,12.21,92.6,0.0,0.0,0.0,371.2,8.21,228.0,100330.0
1990-01-07 22:30:00+00:00,12.27,89.35,0.0,0.0,0.0,364.8,8.0,232.0,100350.0
1990-01-07 23:30:00+00:00,12.38,89.35,0.0,0.0,0.0,370.6,7.86,236.0,100400.0
1990-01-08 00:30:00+00:00,12.26,86.2,0.0,0.0,0.0,367.1,7.59,240.0,100450.0
1990-01-08 01:30:00+00:00,12.13,86.2,0.0,0.0,0.0,363.35,7.24,243.0,100500.0
1990-01-08 02:30:00+00:00,11.71,86.15,0.0,0.0,0.0,354.35,6.9,246.0,100560.0
1990-01-08 03:30:00+00:00,11.2,83.05,0.0,0.0,0.0,343.3,6.41,250.0,100640.0
1990-01-08 04:30:00+00:00,10.77,83.0,0.0,0.0,0.0,345.45,5.86,253.0,100700.0
1990-01-08 05:30:00+00:00,10.17,86.0,0.0,0.0,0.0,333.05,5.17,257.0,100770.0
1990-01-08 06:30:00+00:00,9.73,85.95,0.0,0.0,0.0,333.65,4.69,262.0,100870.0
1990-01-08 07:30:00+00:00,9.59,89.15,0.0,0.0,0.0,311.75,4.28,263.0,100840.0
1990-01-08 08:30:00+00:00,8.73,92.4,0.0,0.0,0.0,292.6,3.93,265.0,100950.0
1990-01-08 09:30:00+00:00,8.49,89.1,30.0,22.37,28.0,308.3,3.66,263.0,101050.0
1990-01-08 10:30:00+00:00,8.48,85.9,81.0,55.99,71.0,294.75,3.59,259.0,101100.0
1990-01-08 11:30:00+00:00,8.91,85.9,168.0,302.04,97.0,276.15,3.45,260.0,101150.0
1990-01-08 12:30:00+00:00,9.02,74.15,85.0,3.92,84.0,267.05,4.34,268.0,101190.0
1990-01-08 13:30:00+00:00,8.89,71.35,130.0,109.82,104.0,291.45,4.14,271.0,101180.0
1990-01-08 14:30:00+00:00,8.61,71.35,67.0,16.49,64.0,268.8,3.38,267.0,101180.0
1990-01-08 15:30:00+00:00,8.23,73.95,39.0,74.47,32.0,287.0,2.55,258.0,101210.0
1990-01-08 16:30:00+00:00,7.49,73.95,0.0,0.0,0.0,302.3,1.86,245.0,101210.0
1990-01-08 17:30:00+00:00,6.97,76.7,0.0,0.0,0.0,314.3,1.59,226.0,101210.0
1990-01-08 18:30:00+00:00,6.55,82.6,0.0,0.0,0.0,316.6,1.52,211.0,101170.0
1990-01-08 19:30:00+00:00,6.5,85.75,0.0,0.0,0.0,301.7,2.34,191.0,101070.0
1990-01-08 20:30:00+00:00,6.79,85.75,0.0,0.0,0.0,319.1,2.69,169.0,100960.0
1990-01-08 21:30:00+00:00,6.98,82.65,0.0,0.0,0.0,321.65,3.38,163.0,100840.0
1990-01-08 22:30:00+00:00,6.59,82.6,0.0,0.0,0.0,311.75,2.9,150.0,100750.0
1990-01-08 23:30:00+00:00,6.19,88.95,0.0,0.0,0.0,320.85,2.62,120.0,100600.0
1990-01-09 00:30:00+00:00,6.13,88.95,0.0,0.0,0.0,330.35,3.66,87.0,100360.0
1990-01-09 01:30:00+00:00,6.12,92.3,0.0,0.0,0.0,333.15,4.62,89.0,100060.0
1990-01-09 02:30:00+00:00,6.67,95.8,0.0,0.0,0.0,340.2,4.41,111.0,99840.0
1990-01-09 03:30:00+00:00,7.93,99.4,0.0,0.0,0.0,346.0,4.0,154.0,99610.0
1990-01-09 04:30:00+00:00,10.14,95.9,0.0,0.0,0.0,353.4,6.83,197.0,99400.0
1990-01-09 05:30:00+00:00,11.06,92.55,0.0,0.0,0.0,366.35,8.97,206.0,99280.0
1990-01-09 06:30:00+00:00,10.64,89.25,0.0,0.0,0.0,356.1,9.1,210.0,99220.0
1990-01-09 07:30:00+00:00,10.5,89.25,0.0,0.0,0.0,362.5,8.55,214.0,99110.0
1990-01-09 08:30:00+00:00,9.72,89.15,0.0,0.0,0.0,352.8,8.28,220.0,99130.0
1990-01-09 09:30:00+00:00,9.1,89.1,36.0,55.03,31.0,344.65,7.93,225.0,99210.0
1990-01-09 10:30:00+00:00,8.87,89.1,116.0,232.85,74.0,345.45,7.52,232.0,99330.0
1990-01-09 11:30:00+00:00,8.79,89.1,144.0,160.26,106.0,342.15,6.76,241.0,99360.0
1990-01-09 12:30:00+00:00,8.74,79.75,190.0,326.56,106.0,342.55,6.48,252.0,99380.0
1990-01-09 13:30:00+00:00,8.18,79.7,187.0,417.85,87.0,323.55,5.66,259.0,99370.0
1990-01-09 14:30:00+00:00,7.49,76.8,71.0,21.67,67.0,326.1,4.55,274.0,99400.0
1990-01-09 15:30:00+00:00,6.68,76.65,19.0,0.0,19.0,322.6,3.38,301.0,99480.0
1990-01-09 16:30:00+00:00,6.0,76.55,0.0,0.0,0.0,323.95,2.34,319.0,99530.0
1990-01-09 17:30:00+00:00,5.68,79.4,0.0,0.0,0.0,326.3,1.93,335.0,99610.0
1990-01-09 18:30:00+00:00,5.5,79.4,0.0,0.0,0.0,327.25,2.0,348.0,99670.0
1990-01-09 19:30:00+00:00,5.73,82.5,0.0,0.0,0.0,329.0,2.83,357.0,99590.0
1990-01-09 20:30:00+00:00,5.67,82.5,0.0,0.0,0.0,332.3,3.24,353.0,99690.0
1990-01-09 21:30:00+00:00,5.49,82.5,0.0,0.0,0.0,325.3,3.45,347.0,99780.0
1990-01-09 22:30:00+00:00,5.37,85.6,0.0,0.0,0.0,325.5,3.86,341.0,99900.0
1990-01-09 23:30:00+00:00,5.24,85.6,0.0,0.0,0.0,321.25,4.14,335.0,99990.0
1990-01-10 00:30:00+00:00,5.24,82.4,0.0,0.0,0.0,324.15,4.55,330.0,100120.0
1990-01-10 01:30:00+00:00,5.3,82.4,0.0,0.0,0.0,322.5,4.69,329.0,100270.0
1990-01-10 02:30:00+00:00,5.17,82.4,0.0,0.0,0.0,315.85,4.48,328.0,100400.0
1990-01-10 03:30:00+00:00,4.95,82.4,0.0,0.0,0.0,309.25,4.21,325.0,100560.0
1990-01-10 04:30:00+00:00,4.71,85.55,0.0,0.0,0.0,308.5,3.86,323.0,100690.0
1990-01-10 05:30:00+00:00,4.18,85.5,0.0,0.0,0.0,292.2,3.17,317.0,100800.0
1990-01-10 06:30:00+00:00,3.28,92.15,0.0,0.0,0.0,264.75,2.97,303.0,100940.0
1990-01-10 07:30:00+00:00,2.8,92.15,0.0,0.0,0.0,253.5,3.03,300.0,101060.0
1990-01-10 08:30:00+00:00,2.48,92.15,0.0,0.0,0.0,257.4,2.83,292.0,101180.0
1990-01-10 09:30:00+00:00,2.35,92.15,60.0,324.53,30.0,248.5,2.62,283.0,101300.0
1990-01-10 10:30:00+00:00,3.56,88.75,150.0,532.23,53.0,258.75,2.41,273.0,101390.0
1990-01-10 11:30:00+00:00,4.97,85.6,133.0,108.65,107.0,257.75,2.69,265.0,101470.0
1990-01-10 12:30:00+00:00,5.99,79.5,171.0,207.96,117.0,262.2,3.59,267.0,101510.0
1990-01-10 13:30:00+00:00,6.36,79.5,120.0,66.12,104.0,279.85,3.72,267.0,101520.0
1990-01-10 14:30:00+00:00,6.39,76.65,118.0,208.03,79.0,307.9,3.24,248.0,101500.0
1990-01-10 15:30:00+00:00,6.3,76.55,70.0,420.73,28.0,321.65,3.79,242.0,101560.0
1990-01-10 16:30:00+00:00,5.97,76.55,0.0,0.0,0.0,317.95,2.83,221.0,101560.0
1990-01-10 17:30:00+00:00,5.72,79.4,0.0,0.0,0.0,311.75,3.24,216.0,101620.0
1990-01-10 18:30:00+00:00,5.56,76.5,0.0,0.0,0.0,304.4,3.79,204.0,101620.0
1990-01-10 19:30:00+00:00,4.41,85.55,0.0,0.0,0.0,259.1,4.55,202.0,101610.0
1990-01-10 20:30:00+00:00,4.31,88.8,0.0,0.0,0.0,260.85,5.17,202.0,101590.0
1990-01-10 21:30:00+00:00,4.54,85.55,0.0,0.0,0.0,267.45,5.86,207.0,101560.0
1990-01-10 22:30:00+00:00,4.8,82.35,0.0,0.0,0.0,273.85,6.0,205.0,101510.0
1990-01-10 23:30:00+00:00,5.13,79.35,0.0,0.0,0.0,284.65,6.48,207.0,101460.0
1990-01-11 00:30:00+00:00,5.54,76.5,0.0,0.0,0.0,288.35,6.9,210.0,101430.0
1990-01-11 01:30:00+00:00,5.94,73.7,0.0,0.0,0.0,292.15,7.24,211.0,101370.0
1990-01-11 02:30:00+00:00,6.35,76.55,0.0,0.0,0.0,298.05,7.59,211.0,101290.0
1990-01-11 03:30:00+00:00,6.87,76.65,0.0,0.0,0.0,313.9,7.72,213.0,101250.0
1990-01-11 04:30:00+00:00,7.22,76.7,0.0,0.0,0.0,307.5,7.72,214.0,101200.0
1990-01-11 05:30:00+00:00,7.5,76.8,0.0,0.0,0.0,302.65,7.72,214.0,101120.0
1990-01-11 06:30:00+00:00,7.55,79.7,0.0,0.0,0.0,287.4,7.93,214.0,101050.0
1990-01-11 07:30:00+00:00,8.27,82.7,0.0,0.0,0.0,315.85,8.48,216.0,101000.0
1990-01-11 08:30:00+00:00,8.58,79.75,0.0,0.0,0.0,330.95,8.62,214.0,100950.0
1990-01-11 09:30:00+00:00,8.72,79.75,42.0,84.97,34.0,326.5,8.83,214.0,100930.0
1990-01-11 10:30:00+00:00,9.12,79.85,32.0,0.0,32.0,341.55,9.1,215.0,100920.0
1990-01-11 11:30:00+00:00,9.37,79.85,46.0,0.0,46.0,345.45,9.17,216.0,100890.0
1990-01-11 12:30:00+00:00,9.65,79.9,55.0,0.0,55.0,348.75,9.24,217.0,100820.0
1990-01-11 13:30:00+00:00,9.95,77.1,35.0,0.0,35.0,346.6,9.24,218.0,100740.0
1990-01-11 14:30:00+00:00,10.15,79.95,47.0,0.0,47.0,344.65,9.1,218.0,100670.0
1990-01-11 15:30:00+00:00,10.4,82.95,24.0,0.0,24.0,353.4,8.83,217.0,100640.0
1990-01-11 16:30:00+00:00,10.59,83.0,0.0,0.0,0.0,355.3,8.69,217.0,100580.0
1990-01-11 17:30:00+00:00,10.66,83.0,0.0,0.0,0.0,347.95,8.48,215.0,100570.0
1990-01-11 18:30:00+00:00,10.77,83.0,0.0,0.0,0.0,357.05,8.41,213.0,100520.0
1990-01-11 19:30:00+00:00,10.62,83.0,0.0,0.0,0.0,357.65,8.62,216.0,100490.0
1990-01-11 20:30:00+00:00,10.51,83.0,0.0,0.0,0.0,358.0,8.34,216.0,100490.0
1990-01-11 21:30:00+00:00,10.33,86.0,0.0,0.0,0.0,357.85,8.07,216.0,100450.0
1990-01-11 22:30:00+00:00,10.11,89.2,0.0,0.0,0.0,356.5,7.59,216.0,100460.0
1990-01-11 23:30:00+00:00,9.8,92.45,0.0,0.0,0.0,357.85,7.1,215.0,100430.0
1990-01-12 00:30:00+00:00,9.66,92.45,0.0,0.0,0.0,357.85,6.62,217.0,100400.0
1990-01-12 01:30:00+00:00,9.57,92.45,0.0,0.0,0.0,356.95,6.0,219.0,100370.0
1990-01-12 02:30:00+00:00,9.52,92.45,0.0,0.0,0.0,355.5,5.66,221.0,100340.0
1990-01-12 03:30:00+00:00,9.46,92.45,0.0,0.0,0.0,357.65,5.24,220.0,100300.0
1990-01-12 04:30:00+00:00,9.41,99.4,0.0,0.0,0.0,357.65,4.69,223.0,100260.0
1990-01-12 05:30:00+00:00,9.31,95.85,0.0,0.0,0.0,358.4,4.48,233.0,100260.0
1990-01-12 06:30:00+00:00,9.01,95.85,0.0,0.0,0.0,353.4,4.76,243.0,100240.0
1990-01-12 07:30:00+00:00,8.45,95.85,0.0,0.0,0.0,332.65,4.55,229.0,100150.0
1990-01-12 08:30:00+00:00,8.29,95.8,0.0,0.0,0.0,325.5,5.45,236.0,100170.0
1990-01-12 09:30:00+00:00,7.91,92.4,55.0,208.37,35.0,313.5,6.0,238.0,100230.0
1990-01-12 10:30:00+00:00,7.76,92.4,104.0,134.14,79.0,329.95,6.55,240.0,100300.0
1990-01-12 11:30:00+00:00,7.65,89.05,130.0,90.17,108.0,331.1,6.21,259.0,100400.0
1990-01-12 12:30:00+00:00,7.17,89.0,37.0,0.0,37.0,337.7,5.86,275.0,100520.0
1990-01-12 13:30:00+00:00,7.19,89.0,211.0,561.21,72.0,318.55,5.59,268.0,100590.0
1990-01-12 14:30:00+00:00,7.1,85.8,114.0,165.38,82.0,292.2,5.66,260.0,100660.0
1990-01-12 15:30:00+00:00,6.86,85.75,46.0,66.0,39.0,284.3,5.24,255.0,100700.0
1990-01-12 16:30:00+00:00,6.24,85.7,0.0,0.0,0.0,280.2,4.48,250.0,100750.0
1990-01-12 17:30:00+00:00,5.68,85.65,0.0,0.0,0.0,280.05,4.0,245.0,100800.0
1990-01-12 18:30:00+00:00,5.46,85.65,0.0,0.0,0.0,287.4,3.66,239.0,100850.0
1990-01-12 19:30:00+00:00,5.04,88.85,0.0,0.0,0.0,259.7,3.38,224.0,100820.0
1990-01-12 20:30:00+00:00,4.75,92.25,0.0,0.0,0.0,263.4,3.59,217.0,100820.0
1990-01-12 21:30:00+00:00,4.5,92.25,0.0,0.0,0.0,256.2,3.93,215.0,100790.0
1990-01-12 22:30:00+00:00,4.51,92.25,0.0,0.0,0.0,261.85,4.28,215.0,100760.0
1990-01-12 23:30:00+00:00,4.48,92.25,0.0,0.0,0.0,261.45,4.48,211.0,100700.0
1990-01-13 00:30:00+00:00,4.51,92.25,0.0,0.0,0.0,260.65,4.9,212.0,100680.0
1990-01-13 01:30:00+00:00,4.55,92.25,0.0,0.0,0.0,264.45,4.9,211.0,100620.0
1990-01-13 02:30:00+00:00,4.6,92.25,0.0,0.0,0.0,270.15,4.83,208.0,100540.0
1990-01-13 03:30:00+00:00,4.82,95.75,0.0,0.0,0.0,282.95,4.9,205.0,100440.0
1990-01-13 04:30:00+00:00,4.93,92.25,0.0,0.0,0.0,283.1,4.83,205.0,100370.0
1990-01-13 05:30:00+00:00,4.85,95.75,0.0,0.0,0.0,277.3,4.62,204.0,100290.0
1990-01-13 06:30:00+00:00,4.83,95.75,0.0,0.0,0.0,285.25,4.55,200.0,100210.0
1990-01-13 07:30:00+00:00,4.89,92.25,0.0,0.0,0.0,286.8,4.48,200.0,100180.0
1990-01-13 08:30:00+00:00,4.6,92.25,0.0,0.0,0.0,271.3,4.55,190.0,100090.0
1990-01-13 09:30:00+00:00,4.56,92.25,60.0,255.27,35.0,260.85,5.17,184.0,99960.0
1990-01-13 10:30:00+00:00,5.44,92.3,50.0,0.0,50.0,268.4,5.45,180.0,99790.0
1990-01-13 11:30:00+00:00,6.39,89.0,111.0,40.56,101.0,287.4,5.66,175.0,99610.0
1990-01-13 12:30:00+00:00,7.46,82.7,110.0,22.41,104.0,309.85,7.66,176.0,99400.0
1990-01-13 13:30:00+00:00,7.85,85.85,100.0,19.95,95.0,316.6,6.21,169.0,99120.0
1990-01-13 14:30:00+00:00,8.22,82.7,55.0,0.0,55.0,301.1,9.17,181.0,98860.0
1990-01-13 15:30:00+00:00,8.26,82.7,15.0,0.0,15.0,329.95,9.59,184.0,98640.0
1990-01-13 16:30:00+00:00,8.27,82.7,0.0,0.0,0.0,336.75,9.93,186.0,98400.0
1990-01-13 17:30:00+00:00,7.99,85.85,0.0,0.0,0.0,336.15,10.55,188.0,98200.0
1990-01-13 18:30:00+00:00,8.44,89.1,0.0,0.0,0.0,339.25,10.9,199.0,98100.0
1990-01-13 19:30:00+00:00,9.19,92.45,0.0,0.0,0.0,348.95,10.07,213.0,98070.0
1990-01-13 20:30:00+00:00,8.21,85.85,0.0,0.0,0.0,343.3,7.93,231.0,98160.0
1990-01-13 21:30:00+00:00,6.8,79.55,0.0,0.0,0.0,310.4,6.9,223.0,98190.0
1990-01-13 22:30:00+00:00,6.19,79.5,0.0,0.0,0.0,283.7,6.97,218.0,98250.0
1990-01-13 23:30:00+00:00,6.03,79.5,0.0,0.0,0.0,283.3,6.9,217.0,98280.0
1990-01-14 00:30:00+00:00,6.03,79.5,0.0,0.0,0.0,286.6,6.9,218.0,98290.0
1990-01-14 01:30:00+00:00,6.0,76.55,0.0,0.0,0.0,283.45,6.69,220.0,98300.0
1990-01-14 02:30:00+00:00,6.04,76.55,0.0,0.0,0.0,298.6,6.48,222.0,98340.0
1990-01-14 03:30:00+00:00,5.83,76.5,0.0,0.0,0.0,288.35,6.28,221.0,98380.0
1990-01-14 04:30:00+00:00,5.25,76.4,0.0,0.0,0.0,258.95,6.07,219.0,98440.0
1990-01-14 05:30:00+00:00,4.72,79.3,0.0,0.0,0.0,249.65,5.79,215.0,98470.0
1990-01-14 06:30:00+00:00,4.36,85.5,0.0,0.0,0.0,247.3,5.66,210.0,98530.0
1990-01-14 07:30:00+00:00,5.25,85.6,0.0,0.0,0.0,258.75,5.86,202.0,98460.0
1990-01-14 08:30:00+00:00,5.34,85.6,0.0,0.0,0.0,260.3,6.07,199.0,98470.0
1990-01-14 09:30:00+00:00,5.91,79.5,25.0,0.0,25.0,286.2,6.21,197.0,98450.0
1990-01-14 10:30:00+00:00,6.69,79.55,38.0,0.0,38.0,293.75,6.48,192.0,98390.0
1990-01-14 11:30:00+00:00,7.38,79.65,45.0,0.0,45.0,306.55,6.83,191.0,98290.0
1990-01-14 12:30:00+00:00,7.66,82.7,23.0,0.0,23.0,318.75,6.83,188.0,98160.0
1990-01-14 13:30:00+00:00,7.81,89.05,125.0,66.98,108.0,337.7,6.34,174.0,97840.0
1990-01-14 14:30:00+00:00,8.91,92.45,54.0,0.0,54.0,343.9,8.97,184.0,97560.0
1990-01-14 15:30:00+00:00,11.16,89.3,35.0,17.75,33.0,352.8,10.97,210.0,97480.0
1990-01-14 16:30:00+00:00,12.0,86.2,0.0,0.0,0.0,342.15,10.62,212.0,97500.0
1990-01-14 17:30:00+00:00,12.17,89.35,0.0,0.0,0.0,364.2,9.79,214.0,97580.0
1990-01-14 18:30:00+00:00,11.81,92.55,0.0,0.0,0.0,365.95,8.9,229.0,97730.0
1990-01-14 19:30:00+00:00,11.26,89.3,0.0,0.0,0.0,360.95,7.79,235.0,97830.0
1990-01-14 20:30:00+00:00,10.07,86.0,0.0,0.0,0.0,342.35,7.38,236.0,98000.0
1990-01-14 21:30:00+00:00,9.02,85.95,0.0,0.0,0.0,332.85,6.76,232.0,98140.0
1990-01-14 22:30:00+00:00,8.16,85.85,0.0,0.0,0.0,329.0,6.41,231.0,98250.0
1990-01-14 23:30:00+00:00,7.41,82.7,0.0,0.0,0.0,313.5,6.07,232.0,98390.0
1990-01-15 00:30:00+00:00,6.77,85.75,0.0,0.0,0.0,296.65,5.45,231.0,98500.0
1990-01-15 01:30:00+00:00,6.46,82.6,0.0,0.0,0.0,304.9,5.03,226.0,98560.0
1990-01-15 02:30:00+00:00,6.05,85.7,0.0,0.0,0.0,290.65,4.83,221.0,98630.0
1990-01-15 03:30:00+00:00,5.71,88.9,0.0,0.0,0.0,281.75,4.83,222.0,98690.0
1990-01-15 04:30:00+00:00,5.58,88.9,0.0,0.0,0.0,289.3,4.76,220.0,98720.0
1990-01-15 05:30:00+00:00,5.31,88.85,0.0,0.0,0.0,278.5,4.76,218.0,98780.0
1990-01-15 06:30:00+00:00,5.05,88.85,0.0,0.0,0.0,270.35,4.76,219.0,98870.0
1990-01-15 07:30:00+00:00,5.51,85.65,0.0,0.0,0.0,282.55,5.03,217.0,98920.0
1990-01-15 08:30:00+00:00,5.47,85.65,0.0,0.0,0.0,290.5,4.9,218.0,98960.0
1990-01-15 09:30:00+00:00,5.52,85.65,30.0,9.78,29.0,290.5,5.1,217.0,99060.0
1990-01-15 10:30:00+00:00,5.96,82.55,52.0,0.0,52.0,294.75,5.45,221.0,99170.0
1990-01-15 11:30:00+00:00,6.54,79.55,174.0,254.04,110.0,287.4,5.72,225.0,99260.0
1990-01-15 12:30:00+00:00,7.28,79.65,241.0,592.09,79.0,259.3,5.66,224.0,99340.0
1990-01-15 13:30:00+00:00,7.74,73.95,209.0,455.22,92.0,251.95,6.34,227.0,99390.0
1990-01-15 14:30:00+00:00,7.89,71.25,139.0,275.46,83.0,253.9,6.76,231.0,99490.0
1990-01-15 15:30:00+00:00,7.68,68.6,81.0,387.58,36.0,263.95,6.34,234.0,99600.0
1990-01-15 16:30:00+00:00,7.22,65.95,0.0,0.0,0.0,273.25,6.14,232.0,99740.0
1990-01-15 17:30:00+00:00,6.58,68.4,0.0,0.0,0.0,268.6,5.86,229.0,99890.0
1990-01-15 18:30:00+00:00,6.13,70.95,0.0,0.0,0.0,264.75,5.79,225.0,100040.0
1990-01-15 19:30:00+00:00,5.83,76.5,0.0,0.0,0.0,253.3,6.0,220.0,100120.0
1990-01-15 20:30:00+00:00,5.65,76.5,0.0,0.0,0.0,250.6,6.14,218.0,100220.0
1990-01-15 21:30:00+00:00,5.53,76.5,0.0,0.0,0.0,250.05,6.14,218.0,100330.0
1990-01-15 22:30:00+00:00,5.44,76.5,0.0,0.0,0.0,253.3,5.86,216.0,100400.0
1990-01-15 23:30:00+00:00,5.31,82.4,0.0,0.0,0.0,254.5,5.59,213.0,100490.0
1990-01-16 00:30:00+00:00,5.1,82.4,0.0,0.0,0.0,254.85,5.24,210.0,100560.0
1990-01-16 01:30:00+00:00,4.95,82.4,0.0,0.0,0.0,259.45,5.1,206.0,100580.0
1990-01-16 02:30:00+00:00,5.02,79.35,0.0,0.0,0.0,269.95,4.9,203.0,100620.0
1990-01-16 03:30:00+00:00,4.83,82.35,0.0,0.0,0.0,261.65,4.69,199.0,100650.0
1990-01-16 04:30:00+00:00,4.58,85.55,0.0,0.0,0.0,252.75,4.62,192.0,100640.0
1990-01-16 05:30:00+00:00,4.83,88.85,0.0,0.0,0.0,264.35,4.9,184.0,100590.0
1990-01-16 06:30:00+00:00,5.28,88.85,0.0,0.0,0.0,271.5,5.31,179.0,100540.0
1990-01-16 07:30:00+00:00,5.99,88.95,0.0,0.0,0.0,283.7,5.52,174.0,100480.0
1990-01-16 08:30:00+00:00,6.14,88.95,0.0,0.0,0.0,293.2,5.79,170.0,100460.0
1990-01-16 09:30:00+00:00,6.14,85.7,49.0,95.68,39.0,274.8,6.21,169.0,100450.0
1990-01-16 10:30:00+00:00,6.94,82.65,79.0,25.5,74.0,293.75,6.62,167.0,100350.0
1990-01-16 11:30:00+00:00,7.54,82.7,83.0,3.92,82.0,269.2,5.79,160.0,100200.0
1990-01-16 12:30:00+00:00,8.33,85.85,57.0,0.0,57.0,274.8,6.41,156.0,100030.0
1990-01-16 13:30:00+00:00,8.85,89.1,75.0,0.0,75.0,301.5,6.55,155.0,99830.0
1990-01-16 14:30:00+00:00,9.35,85.95,45.0,0.0,45.0,310.2,8.69,170.0,99670.0
1990-01-16 15:30:00+00:00,9.34,89.1,41.0,25.08,38.0,342.35,8.9,172.0,99540.0
1990-01-16 16:30:00+00:00,9.55,89.15,0.0,0.0,0.0,345.05,9.52,176.0,99460.0
1990-01-16 17:30:00+00:00,10.49,86.05,0.0,0.0,0.0,353.2,9.72,190.0,99410.0
1990-01-16 18:30:00+00:00,10.93,86.1,0.0,0.0,0.0,354.15,8.69,197.0,99450.0
1990-01-16 19:30:00+00:00,10.93,89.25,0.0,0.0,0.0,360.55,8.97,193.0,99450.0
1990-01-16 20:30:00+00:00,10.8,92.5,0.0,0.0,0.0,360.15,8.41,203.0,99500.0
1990-01-16 21:30:00+00:00,10.54,89.25,0.0,0.0,0.0,351.45,6.76,211.0,99570.0
1990-01-16 22:30:00+00:00,9.78,89.15,0.0,0.0,0.0,337.1,5.93,218.0,99650.0
1990-01-16 23:30:00+00:00,8.83,92.4,0.0,0.0,0.0,319.1,5.31,217.0,99730.0
1990-01-17 00:30:00+00:00,8.05,89.05,0.0,0.0,0.0,308.3,4.76,211.0,99760.0
1990-01-17 01:30:00+00:00,7.26,92.35,0.0,0.0,0.0,279.75,4.34,204.0,99770.0
1990-01-17 02:30:00+00:00,6.93,89.0,0.0,0.0,0.0,288.15,4.07,199.0,99780.0
1990-01-17 03:30:00+00:00,6.88,92.35,0.0,0.0,0.0,300.95,3.93,195.0,99750.0
1990-01-17 04:30:00+00:00,6.8,95.8,0.0,0.0,0.0,302.85,3.52,190.0,99710.0
1990-01-17 05:30:00+00:00,6.65,95.8,0.0,0.0,0.0,302.65,3.24,187.0,99660.0
1990-01-17 06:30:00+00:00,6.45,92.35,0.0,0.0,0.0,299.95,3.31,193.0,99660.0
1990-01-17 07:30:00+00:00,7.37,95.8,0.0,0.0,0.0,339.65,4.41,200.0,99570.0
1990-01-17 08:30:00+00:00,7.47,89.05,0.0,0.0,0.0,334.6,4.41,206.0,99570.0
1990-01-17 09:30:00+00:00,7.19,89.0,14.0,0.0,14.0,327.85,5.38,216.0,99600.0
1990-01-17 10:30:00+00:00,6.89,85.8,15.0,0.0,15.0,288.35,5.79,229.0,99670.0
1990-01-17 11:30:00+00:00,6.37,88.95,59.0,0.0,59.0,292.2,5.93,264.0,99750.0
1990-01-17 12:30:00+00:00,5.28,95.75,77.0,0.0,77.0,319.9,5.72,282.0,99920.0
1990-01-17 13:30:00+00:00,4.84,92.25,133.0,68.24,115.0,303.25,6.07,280.0,100000.0
1990-01-17 14:30:00+00:00,5.11,82.4,109.0,90.34,90.0,305.2,5.45,269.0,100110.0
1990-01-17 15:30:00+00:00,5.44,79.4,38.0,8.11,37.0,297.25,4.76,255.0,100190.0
1990-01-17 16:30:00+00:00,5.19,82.4,0.0,0.0,0.0,284.65,4.48,247.0,100270.0
1990-01-17 17:30:00+00:00,4.58,85.55,0.0,0.0,0.0,270.95,4.48,242.0,100360.0
1990-01-17 18:30:00+00:00,4.23,85.5,0.0,0.0,0.0,271.7,4.48,242.0,100440.0
1990-01-17 19:30:00+00:00,3.14,92.15,0.0,0.0,0.0,239.4,4.55,243.0,100500.0
1990-01-17 20:30:00+00:00,2.92,92.15,0.0,0.0,0.0,244.8,4.55,245.0,100560.0
1990-01-17 21:30:00+00:00,2.8,92.15,0.0,0.0,0.0,245.6,4.55,248.0,100620.0
1990-01-17 22:30:00+00:00,2.9,88.7,0.0,0.0,0.0,257.95,4.48,256.0,100710.0
1990-01-17 23:30:00+00:00,2.86,88.7,0.0,0.0,0.0,261.85,4.48,265.0,100790.0
1990-01-18 00:30:00+00:00,3.01,85.4,0.0,0.0,0.0,267.25,4.55,271.0,100890.0
1990-01-18 01:30:00+00:00,3.21,88.7,0.0,0.0,0.0,266.0,4.69,276.0,100980.0
1990-01-18 02:30:00+00:00,3.08,88.7,0.0,0.0,0.0,250.05,4.69,279.0,101060.0
1990-01-18 03:30:00+00:00,2.9,85.4,0.0,0.0,0.0,247.9,4.62,280.0,101110.0
1990-01-18 04:30:00+00:00,2.66,88.65,0.0,0.0,0.0,245.4,4.48,279.0,101180.0
1990-01-18 05:30:00+00:00,2.55,88.65,0.0,0.0,0.0,251.75,4.48,277.0,101230.0
1990-01-18 06:30:00+00:00,2.38,88.65,0.0,0.0,0.0,245.95,4.34,278.0,101310.0
1990-01-18 07:30:00+00:00,2.07,88.65,0.0,0.0,0.0,245.95,4.21,270.0,101400.0
1990-01-18 08:30:00+00:00,1.93,88.65,0.0,0.0,0.0,242.1,4.0,274.0,101480.0
1990-01-18 09:30:00+00:00,2.08,92.1,79.0,429.26,32.0,240.95,3.93,277.0,101560.0
1990-01-18 10:30:00+00:00,3.08,88.7,171.0,555.51,59.0,237.45,3.79,280.0,101670.0
1990-01-18 11:30:00+00:00,4.26,85.5,234.0,613.26,74.0,237.45,3.66,279.0,101740.0
1990-01-18 12:30:00+00:00,5.26,82.4,267.0,695.36,70.0,239.95,4.34,289.0,101800.0
1990-01-18 13:30:00+00:00,5.85,73.65,244.0,650.96,70.0,247.5,4.83,299.0,101820.0
1990-01-18 14:30:00+00:00,6.13,70.95,182.0,556.15,63.0,261.45,4.48,300.0,101890.0
1990-01-18 15:30:00+00:00,5.85,73.65,90.0,393.82,40.0,250.8,3.86,295.0,101920.0
1990-01-18 16:30:00+00:00,4.88,73.55,0.0,0.0,0.0,243.85,3.72,290.0,102000.0
1990-01-18 17:30:00+00:00,3.83,82.25,0.0,0.0,0.0,243.25,3.86,291.0,102090.0
1990-01-18 18:30:00+00:00,3.61,82.25,0.0,0.0,0.0,256.05,4.0,299.0,102220.0
1990-01-18 19:30:00+00:00,3.4,85.45,0.0,0.0,0.0,246.95,4.07,308.0,102290.0
1990-01-18 20:30:00+00:00,3.31,88.7,0.0,0.0,0.0,252.75,4.07,315.0,102380.0
1990-01-18 21:30:00+00:00,3.2,88.7,0.0,0.0,0.0,256.05,3.86,318.0,102450.0
1990-01-18 22:30:00+00:00,3.01,88.7,0.0,0.0,0.0,255.45,3.66,321.0,102540.0
1990-01-18 23:30:00+00:00,2.51,88.65,0.0,0.0,0.0,241.3,3.52,322.0,102610.0
1990-01-19 00:30:00+00:00,2.13,88.65,0.0,0.0,0.0,237.05,3.31,326.0,102740.0
1990-01-19 01:30:00+00:00,1.64,88.6,0.0,0.0,0.0,232.15,3.03,329.0,102850.0
1990-01-19 02:30:00+00:00,0.97,85.2,0.0,0.0,0.0,227.95,2.76,330.0,102890.0
1990-01-19 03:30:00+00:00,0.26,88.45,0.0,0.0,0.0,225.05,2.55,333.0,102920.0
1990-01-19 04:30:00+00:00,-0.35,85.05,0.0,0.0,0.0,224.3,2.55,334.0,103000.0
1990-01-19 05:30:00+00:00,-0.9,88.4,0.0,0.0,0.0,223.9,2.41,333.0,103090.0
1990-01-19 06:30:00+00:00,-1.48,88.35,0.0,0.0,0.0,223.15,2.34,326.0,103170.0
1990-01-19 07:30:00+00:00,-1.89,91.85,0.0,0.0,0.0,224.1,2.41,313.0,103250.0
1990-01-19 08:30:00+00:00,-2.0,91.85,0.0,0.0,0.0,223.7,2.48,309.0,103380.0
1990-01-19 09:30:00+00:00,-1.61,91.9,80.0,392.32,36.0,223.3,2.28,302.0,103460.0
1990-01-19 10:30:00+00:00,0.54,88.5,171.0,527.95,63.0,225.85,1.86,297.0,103520.0
1990-01-19 11:30:00+00:00,3.29,82.2,236.0,605.8,76.0,228.75,1.93,293.0,103550.0
1990-01-19 12:30:00+00:00,4.99,76.4,268.0,683.53,72.0,232.8,1.93,288.0,103560.0
1990-01-19 13:30:00+00:00,5.94,73.7,251.0,675.47,68.0,237.65,1.93,290.0,103540.0
1990-01-19 14:30:00+00:00,6.32,73.7,191.0,610.89,58.0,243.05,2.0,298.0,103600.0
1990-01-19 15:30:00+00:00,5.98,76.55,99.0,474.18,37.0,247.7,1.66,293.0,103650.0
1990-01-19 16:30:00+00:00,4.77,82.35,0.0,0.0,0.0,241.9,2.28,277.0,103690.0
1990-01-19 17:30:00+00:00,2.89,88.7,0.0,0.0,0.0,239.95,2.48,270.0,103690.0
1990-01-19 18:30:00+00:00,1.76,95.65,0.0,0.0,0.0,241.3,2.34,265.0,103740.0
1990-01-19 19:30:00+00:00,0.98,95.65,0.0,0.0,0.0,239.95,2.34,255.0,103780.0
1990-01-19 20:30:00+00:00,0.58,95.65,0.0,0.0,0.0,239.4,2.48,256.0,103820.0
1990-01-19 21:30:00+00:00,0.15,95.6,0.0,0.0,0.0,237.45,2.41,247.0,103800.0
1990-01-19 22:30:00+00:00,0.43,95.65,0.0,0.0,0.0,262.8,2.41,255.0,103860.0
1990-01-19 23:30:00+00:00,1.03,92.05,0.0,0.0,0.0,282.95,2.48,256.0,103850.0
1990-01-20 00:30:00+00:00,0.85,92.05,0.0,0.0,0.0,264.95,2.55,255.0,103860.0
1990-01-20 01:30:00+00:00,0.7,92.0,0.0,0.0,0.0,269.9,2.41,254.0,103870.0
1990-01-20 02:30:00+00:00,0.03,92.0,0.0,0.0,0.0,246.15,2.41,253.0,103870.0
1990-01-20 03:30:00+00:00,-0.49,88.45,0.0,0.0,0.0,240.75,2.41,248.0,103840.0
1990-01-20 04:30:00+00:00,-0.82,91.95,0.0,0.0,0.0,239.2,2.55,249.0,103820.0
1990-01-20 05:30:00+00:00,-0.85,91.95,0.0,0.0,0.0,239.6,2.69,256.0,103790.0
1990-01-20 06:30:00+00:00,-0.73,91.95,0.0,0.0,0.0,239.95,2.76,257.0,103810.0
1990-01-20 07:30:00+00:00,-0.23,95.6,0.0,0.0,0.0,239.6,2.62,255.0,103770.0
1990-01-20 08:30:00+00:00,-0.41,91.95,0.0,0.0,0.0,238.8,2.62,247.0,103790.0
1990-01-20 09:30:00+00:00,-0.11,92.0,70.0,234.93,43.0,237.85,2.62,244.0,103820.0
1990-01-20 10:30:00+00:00,1.56,92.05,169.0,496.1,66.0,239.2,2.62,246.0,103830.0
1990-01-20 11:30:00+00:00,3.48,88.75,238.0,613.23,74.0,241.5,3.03,252.0,103800.0
1990-01-20 12:30:00+00:00,5.05,85.6,263.0,633.84,79.0,248.3,3.38,259.0,103760.0
1990-01-20 13:30:00+00:00,5.96,79.5,250.0,655.4,70.0,248.65,3.52,264.0,103660.0
1990-01-20 14:30:00+00:00,6.39,82.55,191.0,591.3,60.0,251.6,3.31,262.0,103590.0
1990-01-20 15:30:00+00:00,6.14,82.55,101.0,460.54,39.0,250.4,2.97,255.0,103560.0
1990-01-20 16:30:00+00:00,5.01,85.6,0.0,0.0,0.0,249.65,3.03,251.0,103570.0
1990-01-20 17:30:00+00:00,3.7,92.15,0.0,0.0,0.0,251.4,3.1,250.0,103590.0
1990-01-20 18:30:00+00:00,2.96,92.15,0.0,0.0,0.0,250.8,3.03,248.0,103580.0
1990-01-20 19:30:00+00:00,2.73,95.7,0.0,0.0,0.0,247.7,3.38,254.0,103510.0
1990-01-20 20:30:00+00:00,2.5,92.15,0.0,0.0,0.0,246.15,3.45,261.0,103510.0
1990-01-20 21:30:00+00:00,2.28,95.65,0.0,0.0,0.0,245.2,3.31,268.0,103480.0
1990-01-20 22:30:00+00:00,2.1,92.1,0.0,0.0,0.0,248.85,3.17,272.0,103460.0
1990-01-20 23:30:00+00:00,1.78,95.65,0.0,0.0,0.0,244.8,2.97,273.0,103430.0
1990-01-21 00:30:00+00:00,1.4,92.05,0.0,0.0,0.0,242.85,2.69,269.0,103380.0
1990-01-21 01:30:00+00:00,1.4,92.05,0.0,0.0,0.0,262.15,2.48,263.0,103370.0
1990-01-21 02:30:00+00:00,0.94,92.05,0.0,0.0,0.0,248.5,2.41,258.0,103340.0
1990-01-21 03:30:00+00:00,0.79,95.65,0.0,0.0,0.0,258.15,2.34,259.0,103310.0
1990-01-21 04:30:00+00:00,0.79,95.65,0.0,0.0,0.0,263.4,2.34,264.0,103270.0
1990-01-21 05:30:00+00:00,0.92,95.65,0.0,0.0,0.0,269.95,2.28,266.0,103250.0
1990-01-21 06:30:00+00:00,0.81,99.4,0.0,0.0,0.0,262.8,2.34,271.0,103250.0
1990-01-21 07:30:00+00:00,1.28,99.35,0.0,0.0,0.0,268.2,2.48,277.0,103190.0
1990-01-21 08:30:00+00:00,1.78,99.4,0.0,0.0,0.0,289.1,2.28,268.0,103210.0
1990-01-21 09:30:00+00:00,1.71,95.65,80.0,347.99,39.0,263.4,2.28,261.0,103230.0
1990-01-21 10:30:00+00:00,3.31,95.7,171.0,488.64,68.0,269.2,2.14,265.0,103240.0
1990-01-21 11:30:00+00:00,5.01,92.25,234.0,550.1,85.0,274.05,2.28,268.0,103270.0
1990-01-21 12:30:00+00:00,6.22,88.95,266.0,636.18,79.0,280.6,2.76,273.0,103220.0
1990-01-21 13:30:00+00:00,6.89,85.8,249.0,621.28,76.0,298.4,3.03,281.0,103160.0
1990-01-21 14:30:00+00:00,7.15,85.8,112.0,70.96,96.0,289.9,3.31,284.0,103090.0
1990-01-21 15:30:00+00:00,6.97,85.8,66.0,79.38,55.0,287.4,2.97,285.0,103050.0
1990-01-21 16:30:00+00:00,6.14,92.3,0.0,0.0,0.0,288.95,2.83,290.0,103010.0
1990-01-21 17:30:00+00:00,5.7,95.75,0.0,0.0,0.0,309.05,2.62,295.0,103000.0
1990-01-21 18:30:00+00:00,5.26,95.75,0.0,0.0,0.0,300.35,2.48,296.0,103010.0
1990-01-21 19:30:00+00:00,4.94,95.75,0.0,0.0,0.0,294.95,2.28,292.0,102970.0
1990-01-21 20:30:00+00:00,4.67,95.75,0.0,0.0,0.0,294.95,2.41,298.0,102990.0
1990-01-21 21:30:00+00:00,4.62,95.75,0.0,0.0,0.0,295.7,2.41,305.0,102980.0
1990-01-21 22:30:00+00:00,4.53,95.75,0.0,0.0,0.0,294.75,2.21,304.0,102960.0
1990-01-21 23:30:00+00:00,4.59,95.75,0.0,0.0,0.0,305.55,2.14,294.0,102960.0
1990-01-22 00:30:00+00:00,4.72,99.4,0.0,0.0,0.0,312.55,2.07,291.0,102960.0
1990-01-22 01:30:00+00:00,5.1,95.75,0.0,0.0,0.0,323.3,2.07,289.0,102940.0
1990-01-22 02:30:00+00:00,5.67,99.4,0.0,0.0,0.0,339.65,2.0,290.0,102920.0
1990-01-22 03:30:00+00:00,5.94,95.8,0.0,0.0,0.0,338.5,2.07,294.0,102890.0
1990-01-22 04:30:00+00:00,6.2,99.4,0.0,0.0,0.0,342.75,2.07,299.0,102850.0
1990-01-22 05:30:00+00:00,6.36,99.4,0.0,0.0,0.0,341.75,2.07,303.0,102820.0
1990-01-22 06:30:00+00:00,6.55,95.8,0.0,0.0,0.0,344.3,2.07,310.0,102810.0
1990-01-22 07:30:00+00:00,6.52,95.8,0.0,0.0,0.0,338.1,2.14,332.0,102780.0
1990-01-22 08:30:00+00:00,6.63,95.8,0.0,0.0,0.0,345.25,1.93,333.0,102800.0
1990-01-22 09:30:00+00:00,6.54,95.8,84.0,389.0,37.0,327.65,1.79,336.0,102850.0
1990-01-22 10:30:00+00:00,7.32,99.4,166.0,439.11,72.0,328.6,1.38,342.0,102840.0
1990-01-22 11:30:00+00:00,7.84,95.8,171.0,174.93,123.0,328.2,1.24,350.0,102850.0
1990-01-22 12:30:00+00:00,8.64,95.85,142.0,50.39,127.0,342.95,0.97,349.0,102860.0
1990-01-22 13:30:00+00:00,9.14,92.45,134.0,53.12,119.0,344.85,1.03,340.0,102830.0
1990-01-22 14:30:00+00:00,9.45,89.15,115.0,78.44,97.0,343.3,0.9,331.0,102780.0
1990-01-22 15:30:00+00:00,9.15,92.45,85.0,210.37,55.0,345.85,0.76,277.0,102740.0
1990-01-22 16:30:00+00:00,8.73,95.85,0.0,0.0,0.0,347.4,1.31,259.0,102750.0
1990-01-22 17:30:00+00:00,8.02,99.4,0.0,0.0,0.0,339.25,1.72,267.0,102750.0
1990-01-22 18:30:00+00:00,7.34,99.4,0.0,0.0,0.0,324.15,1.86,274.0,102760.0
1990-01-22 19:30:00+00:00,6.91,95.8,0.0,0.0,0.0,319.1,1.72,305.0,102710.0
1990-01-22 20:30:00+00:00,6.56,99.4,0.0,0.0,0.0,322.2,1.59,305.0,102700.0
1990-01-22 21:30:00+00:00,5.66,99.4,0.0,0.0,0.0,298.05,1.59,302.0,102680.0
1990-01-22 22:30:00+00:00,5.12,99.4,0.0,0.0,0.0,319.1,1.24,288.0,102670.0
1990-01-22 23:30:00+00:00,4.49,99.4,0.0,0.0,0.0,317.4,1.1,277.0,102650.0
1990-01-23 00:30:00+00:00,4.58,99.4,0.0,0.0,0.0,332.85,0.83,274.0,102650.0
1990-01-23 01:30:00+00:00,4.53,99.4,0.0,0.0,0.0,329.7,0.9,267.0,102600.0
1990-01-23 02:30:00+00:00,4.46,99.4,0.0,0.0,0.0,325.5,1.03,265.0,102560.0
1990-01-23 03:30:00+00:00,4.64,99.4,0.0,0.0,0.0,333.05,1.17,266.0,102520.0
1990-01-23 04:30:00+00:00,4.66,99.4,0.0,0.0,0.0,331.5,1.31,265.0,102490.0
1990-01-23 05:30:00+00:00,4.62,99.4,0.0,0.0,0.0,331.9,1.45,262.0,102440.0
1990-01-23 06:30:00+00:00,4.62,99.4,0.0,0.0,0.0,335.55,1.66,256.0,102430.0
1990-01-23 07:30:00+00:00,4.58,99.4,0.0,0.0,0.0,335.4,1.52,280.0,102370.0
1990-01-23 08:30:00+00:00,4.58,99.4,0.0,0.0,0.0,334.8,1.52,273.0,102360.0
1990-01-23 09:30:00+00:00,4.59,99.4,47.0,32.27,43.0,333.85,1.66,264.0,102360.0
1990-01-23 10:30:00+00:00,4.82,99.4,63.0,0.0,63.0,331.5,1.45,263.0,102310.0
1990-01-23 11:30:00+00:00,5.28,99.4,81.0,0.0,81.0,331.7,1.38,264.0,102280.0
1990-01-23 12:30:00+00:00,6.01,95.8,76.0,0.0,76.0,337.9,1.45,254.0,102230.0
1990-01-23 13:30:00+00:00,6.51,95.8,68.0,0.0,68.0,334.0,1.66,249.0,102140.0
1990-01-23 14:30:00+00:00,6.74,95.8,49.0,0.0,49.0,339.25,1.86,258.0,102060.0
1990-01-23 15:30:00+00:00,6.79,95.8,41.0,6.82,40.0,342.55,2.0,274.0,101980.0
1990-01-23 16:30:00+00:00,6.7,95.8,1.0,0.0,1.0,340.4,1.72,281.0,101950.0
1990-01-23 17:30:00+00:00,6.53,95.8,0.0,0.0,0.0,342.95,1.38,274.0,101920.0
1990-01-23 18:30:00+00:00,6.41,95.8,0.0,0.0,0.0,340.8,1.38,275.0,101910.0
1990-01-23 19:30:00+00:00,6.3,99.4,0.0,0.0,0.0,339.05,1.66,262.0,101830.0
1990-01-23 20:30:00+00:00,6.01,95.8,0.0,0.0,0.0,329.75,1.72,252.0,101780.0
1990-01-23 21:30:00+00:00,5.98,95.8,0.0,0.0,0.0,335.55,1.72,257.0,101740.0
1990-01-23 22:30:00+00:00,5.98,95.8,0.0,0.0,0.0,336.95,1.66,267.0,101720.0
1990-01-23 23:30:00+00:00,5.93,95.8,0.0,0.0,0.0,334.6,1.66,268.0,101670.0
1990-01-24 00:30:00+00:00,5.92,95.8,0.0,0.0,0.0,335.4,1.59,263.0,101640.0
1990-01-24 01:30:00+00:00,5.85,99.4,0.0,0.0,0.0,333.95,1.59,259.0,101620.0
1990-01-24 02:30:00+00:00,5.92,95.8,0.0,0.0,0.0,341.4,1.59,248.0,101570.0
1990-01-24 03:30:00+00:00,5.83,99.4,0.0,0.0,0.0,338.65,1.72,240.0,101510.0
1990-01-24 04:30:00+00:00,5.42,99.4,0.0,0.0,0.0,319.5,1.93,249.0,101460.0
1990-01-24 05:30:00+00:00,5.53,99.4,0.0,0.0,0.0,335.2,2.0,254.0,101400.0
1990-01-24 06:30:00+00:00,5.53,99.4,0.0,0.0,0.0,334.6,2.14,259.0,101400.0
1990-01-24 07:30:00+00:00,5.8,99.4,0.0,0.0,0.0,338.1,2.14,269.0,101350.0
1990-01-24 08:30:00+00:00,5.81,99.4,0.0,0.0,0.0,333.45,2.14,276.0,101350.0
1990-01-24 09:30:00+00:00,6.11,95.8,24.0,0.0,24.0,339.45,2.07,276.0,101360.0
1990-01-24 10:30:00+00:00,6.62,92.35,58.0,0.0,58.0,341.2,2.14,273.0,101360.0
1990-01-24 11:30:00+00:00,7.12,89.0,45.0,0.0,45.0,341.2,2.62,290.0,101350.0
1990-01-24 12:30:00+00:00,7.38,89.0,42.0,0.0,42.0,337.3,2.76,298.0,101320.0
1990-01-24 13:30:00+00:00,7.65,85.85,50.0,0.0,50.0,340.6,2.55,295.0,101250.0
1990-01-24 14:30:00+00:00,7.81,85.85,34.0,0.0,34.0,339.25,2.34,291.0,101180.0
1990-01-24 15:30:00+00:00,7.78,85.85,44.0,6.63,43.0,339.65,2.0,283.0,101180.0
1990-01-24 16:30:00+00:00,7.46,85.85,1.0,0.0,1.0,339.65,1.86,278.0,101180.0
1990-01-24 17:30:00+00:00,7.14,89.0,0.0,0.0,0.0,342.35,1.66,269.0,101180.0
1990-01-24 18:30:00+00:00,6.91,89.0,0.0,0.0,0.0,342.75,1.59,259.0,101180.0
1990-01-24 19:30:00+00:00,6.59,92.35,0.0,0.0,0.0,340.0,1.79,263.0,101170.0
1990-01-24 20:30:00+00:00,6.48,92.35,0.0,0.0,0.0,341.0,1.66,261.0,101160.0
1990-01-24 21:30:00+00:00,6.33,95.8,0.0,0.0,0.0,338.5,1.66,246.0,101140.0
1990-01-24 22:30:00+00:00,6.25,95.8,0.0,0.0,0.0,339.65,1.79,234.0,101110.0
1990-01-24 23:30:00+00:00,6.13,95.8,0.0,0.0,0.0,337.3,1.93,231.0,101070.0
1990-01-25 00:30:00+00:00,6.09,95.8,0.0,0.0,0.0,337.9,1.93,234.0,101050.0
1990-01-25 01:30:00+00:00,6.04,95.8,0.0,0.0,0.0,338.0,2.0,234.0,101010.0
1990-01-25 02:30:00+00:00,5.95,92.3,0.0,0.0,0.0,336.55,2.07,230.0,100970.0
1990-01-25 03:30:00+00:00,5.86,95.75,0.0,0.0,0.0,336.15,2.14,224.0,100940.0
1990-01-25 04:30:00+00:00,5.63,95.75,0.0,0.0,0.0,329.75,2.28,219.0,100870.0
1990-01-25 05:30:00+00:00,5.55,95.75,0.0,0.0,0.0,332.1,2.41,218.0,100830.0
1990-01-25 06:30:00+00:00,5.43,95.75,0.0,0.0,0.0,329.2,2.55,218.0,100820.0
1990-01-25 07:30:00+00:00,5.47,92.3,0.0,0.0,0.0,335.0,2.83,225.0,100840.0
1990-01-25 08:30:00+00:00,5.44,92.3,0.0,0.0,0.0,334.0,2.9,218.0,100830.0
1990-01-25 09:30:00+00:00,5.5,92.3,37.0,7.66,36.0,334.8,3.24,212.0,100850.0
1990-01-25 10:30:00+00:00,5.59,88.9,47.0,0.0,47.0,327.05,3.72,209.0,100850.0
1990-01-25 11:30:00+00:00,5.81,82.5,37.0,0.0,37.0,319.5,4.28,212.0,100840.0
1990-01-25 12:30:00+00:00,5.86,79.4,67.0,0.0,67.0,324.35,4.55,214.0,100830.0
1990-01-25 13:30:00+00:00,5.82,79.4,56.0,0.0,56.0,327.65,4.41,213.0,100740.0
1990-01-25 14:30:00+00:00,5.9,76.55,65.0,0.0,65.0,327.25,4.34,212.0,100670.0
1990-01-25 15:30:00+00:00,6.07,79.5,46.0,6.45,45.0,328.8,4.41,212.0,100620.0
1990-01-25 16:30:00+00:00,6.02,82.55,1.0,0.0,1.0,333.45,3.52,204.0,100570.0
1990-01-25 17:30:00+00:00,5.92,82.55,0.0,0.0,0.0,332.65,3.03,191.0,100560.0
1990-01-25 18:30:00+00:00,5.93,85.7,0.0,0.0,0.0,331.1,3.1,180.0,100530.0
1990-01-25 19:30:00+00:00,5.88,92.3,0.0,0.0,0.0,336.55,3.38,172.0,100500.0
1990-01-25 20:30:00+00:00,6.01,92.3,0.0,0.0,0.0,339.65,3.79,172.0,100460.0
1990-01-25 21:30:00+00:00,6.03,92.3,0.0,0.0,0.0,340.0,4.07,174.0,100430.0
1990-01-25 22:30:00+00:00,6.0,95.8,0.0,0.0,0.0,339.85,4.21,175.0,100340.0
1990-01-25 23:30:00+00:00,6.06,95.8,0.0,0.0,0.0,340.6,4.34,178.0,100280.0
1990-01-26 00:30:00+00:00,6.2,95.8,0.0,0.0,0.0,340.2,4.41,181.0,100230.0
1990-01-26 01:30:00+00:00,6.46,92.35,0.0,0.0,0.0,339.35,4.48,183.0,100160.0
1990-01-26 02:30:00+00:00,6.65,95.8,0.0,0.0,0.0,338.85,4.62,183.0,100090.0
1990-01-26 03:30:00+00:00,6.84,95.8,0.0,0.0,0.0,339.65,4.76,184.0,100040.0
1990-01-26 04:30:00+00:00,7.04,92.35,0.0,0.0,0.0,342.35,4.97,187.0,99980.0
1990-01-26 05:30:00+00:00,7.22,92.35,0.0,0.0,0.0,343.3,5.59,193.0,99920.0
1990-01-26 06:30:00+00:00,7.24,92.35,0.0,0.0,0.0,339.05,5.38,195.0,99900.0
1990-01-26 07:30:00+00:00,7.02,89.0,0.0,0.0,0.0,341.4,5.45,199.0,99870.0
1990-01-26 08:30:00+00:00,6.68,92.35,0.0,0.0,0.0,329.95,5.38,196.0,99850.0
1990-01-26 09:30:00+00:00,6.66,92.35,73.0,149.33,53.0,324.15,5.66,192.0,99820.0
1990-01-26 10:30:00+00:00,7.18,85.8,122.0,100.77,99.0,307.1,7.31,190.0,99740.0
1990-01-26 11:30:00+00:00,7.92,82.7,95.0,3.45,94.0,304.6,8.21,194.0,99670.0
1990-01-26 12:30:00+00:00,8.25,89.05,38.0,0.0,38.0,319.9,6.9,195.0,99600.0
1990-01-26 13:30:00+00:00,8.02,92.4,45.0,0.0,45.0,330.55,6.97,196.0,99510.0
1990-01-26 14:30:00+00:00,7.97,95.8,68.0,0.0,68.0,343.7,6.62,200.0,99440.0
1990-01-26 15:30:00+00:00,8.11,95.8,32.0,0.0,32.0,348.15,6.28,210.0,99380.0
1990-01-26 16:30:00+00:00,8.16,95.8,3.0,0.0,3.0,349.9,5.45,223.0,99360.0
1990-01-26 17:30:00+00:00,7.8,95.8,0.0,0.0,0.0,344.1,3.93,244.0,99370.0
1990-01-26 18:30:00+00:00,7.17,92.35,0.0,0.0,0.0,325.5,2.83,265.0,99400.0
1990-01-26 19:30:00+00:00,7.13,92.35,0.0,0.0,0.0,332.5,2.34,267.0,99420.0
1990-01-26 20:30:00+00:00,6.17,95.8,0.0,0.0,0.0,307.3,2.0,241.0,99410.0
1990-01-26 21:30:00+00:00,4.96,95.75,0.0,0.0,0.0,277.3,2.34,223.0,99400.0
1990-01-26 22:30:00+00:00,3.91,95.75,0.0,0.0,0.0,247.5,2.76,211.0,99370.0
1990-01-26 23:30:00+00:00,3.58,95.7,0.0,0.0,0.0,245.4,3.38,207.0,99340.0
1990-01-27 00:30:00+00:00,3.69,95.7,0.0,0.0,0.0,247.15,4.14,206.0,99300.0
1990-01-27 01:30:00+00:00,4.28,95.75,0.0,0.0,0.0,266.6,5.03,208.0,99270.0
1990-01-27 02:30:00+00:00,4.62,92.25,0.0,0.0,0.0,266.5,5.31,209.0,99190.0
1990-01-27 03:30:00+00:00,4.84,95.75,0.0,0.0,0.0,265.1,5.52,210.0,99130.0
1990-01-27 04:30:00+00:00,5.12,92.25,0.0,0.0,0.0,282.15,5.72,213.0,99080.0
1990-01-27 05:30:00+00:00,5.05,92.25,0.0,0.0,0.0,271.3,5.59,217.0,99040.0
1990-01-27 06:30:00+00:00,5.22,92.25,0.0,0.0,0.0,293.95,5.59,221.0,99030.0
1990-01-27 07:30:00+00:00,4.9,88.85,0.0,0.0,0.0,270.55,4.83,220.0,99040.0
1990-01-27 08:30:00+00:00,4.43,92.25,0.0,0.0,0.0,268.6,4.48,218.0,99050.0
1990-01-27 09:30:00+00:00,4.34,95.75,84.0,225.49,53.0,253.1,4.41,215.0,99050.0
1990-01-27 10:30:00+00:00,5.11,92.25,184.0,443.88,81.0,250.6,3.79,210.0,99010.0
1990-01-27 11:30:00+00:00,6.05,82.55,279.0,728.99,65.0,249.45,5.93,216.0,98950.0
1990-01-27 12:30:00+00:00,6.69,76.65,226.0,264.29,142.0,266.5,5.59,218.0,98870.0
1990-01-27 13:30:00+00:00,7.06,73.9,105.0,6.6,103.0,269.6,5.24,216.0,98770.0
1990-01-27 14:30:00+00:00,7.01,73.9,87.0,7.98,85.0,302.5,4.14,203.0,98650.0
1990-01-27 15:30:00+00:00,6.71,79.55,66.0,30.52,61.0,302.3,3.52,187.0,98520.0
1990-01-27 16:30:00+00:00,6.07,82.55,3.0,0.0,3.0,288.15,3.38,180.0,98410.0
1990-01-27 17:30:00+00:00,5.16,88.85,0.0,0.0,0.0,278.65,3.52,187.0,98330.0
1990-01-27 18:30:00+00:00,4.65,92.25,0.0,0.0,0.0,275.6,3.79,193.0,98280.0
1990-01-27 19:30:00+00:00,5.31,92.25,0.0,0.0,0.0,331.3,3.52,200.0,98230.0
1990-01-27 20:30:00+00:00,5.04,92.25,0.0,0.0,0.0,309.85,3.59,196.0,98130.0
1990-01-27 21:30:00+00:00,5.01,92.25,0.0,0.0,0.0,309.45,4.21,200.0,98070.0
1990-01-27 22:30:00+00:00,4.98,92.25,0.0,0.0,0.0,311.55,4.62,205.0,97960.0
1990-01-27 23:30:00+00:00,4.69,92.25,0.0,0.0,0.0,302.85,4.69,209.0,97870.0
1990-01-28 00:30:00+00:00,4.23,92.2,0.0,0.0,0.0,293.4,4.69,217.0,97810.0
1990-01-28 01:30:00+00:00,3.8,92.15,0.0,0.0,0.0,286.15,4.69,226.0,97800.0
1990-01-28 02:30:00+00:00,3.59,88.75,0.0,0.0,0.0,299.0,4.9,241.0,97770.0
1990-01-28 03:30:00+00:00,3.25,88.7,0.0,0.0,0.0,290.3,4.55,250.0,97800.0
1990-01-28 04:30:00+00:00,2.5,85.35,0.0,0.0,0.0,267.05,4.97,257.0,97830.0
1990-01-28 05:30:00+00:00,1.65,85.25,0.0,0.0,0.0,247.15,5.52,260.0,97930.0
1990-01-28 06:30:00+00:00,1.06,85.2,0.0,0.0,0.0,234.55,5.86,262.0,98030.0
1990-01-28 07:30:00+00:00,1.28,85.2,0.0,0.0,0.0,255.45,5.86,266.0,98080.0
1990-01-28 08:30:00+00:00,1.01,81.95,0.0,0.0,0.0,239.4,5.79,261.0,98160.0
1990-01-28 09:30:00+00:00,1.23,81.95,84.0,191.31,57.0,224.5,5.66,257.0,98240.0
1990-01-28 10:30:00+00:00,2.29,82.05,215.0,669.65,57.0,227.2,5.03,249.0,98260.0
1990-01-28 11:30:00+00:00,3.46,76.15,288.0,749.13,65.0,242.5,5.66,242.0,98320.0
1990-01-28 12:30:00+00:00,4.58,73.45,313.0,751.26,71.0,253.9,7.03,244.0,98340.0
1990-01-28 13:30:00+00:00,5.35,68.1,227.0,302.33,134.0,269.0,7.79,251.0,98340.0
1990-01-28 14:30:00+00:00,5.77,63.15,59.0,0.0,59.0,276.75,7.52,254.0,98360.0
1990-01-28 15:30:00+00:00,5.52,65.65,104.0,207.99,69.0,266.65,6.76,255.0,98420.0
1990-01-28 16:30:00+00:00,5.08,68.1,11.0,0.0,11.0,278.5,6.07,260.0,98480.0
1990-01-28 17:30:00+00:00,4.51,70.7,0.0,0.0,0.0,282.55,5.59,258.0,98600.0
1990-01-28 18:30:00+00:00,4.09,73.4,0.0,0.0,0.0,275.0,5.66,256.0,98690.0
1990-01-28 19:30:00+00:00,3.9,73.4,0.0,0.0,0.0,276.95,5.66,258.0,98750.0
1990-01-28 20:30:00+00:00,3.45,73.3,0.0,0.0,0.0,262.4,5.66,258.0,98810.0
1990-01-28 21:30:00+00:00,3.03,79.1,0.0,0.0,0.0,250.8,5.66,258.0,98860.0
1990-01-28 22:30:00+00:00,2.76,82.15,0.0,0.0,0.0,246.35,5.79,257.0,98910.0
1990-01-28 23:30:00+00:00,2.82,82.15,0.0,0.0,0.0,255.65,6.07,256.0,98990.0
1990-01-29 00:30:00+00:00,2.86,76.1,0.0,0.0,0.0,252.75,6.14,257.0,99030.0
1990-01-29 01:30:00+00:00,2.78,79.0,0.0,0.0,0.0,247.45,6.07,259.0,99090.0
1990-01-29 02:30:00+00:00,2.64,76.0,0.0,0.0,0.0,242.1,6.14,262.0,99150.0
1990-01-29 03:30:00+00:00,2.67,73.1,0.0,0.0,0.0,246.15,6.34,266.0,99220.0
1990-01-29 04:30:00+00:00,2.65,73.1,0.0,0.0,0.0,244.4,6.34,268.0,99260.0
1990-01-29 05:30:00+00:00,2.69,73.1,0.0,0.0,0.0,251.75,6.28,269.0,99340.0
1990-01-29 06:30:00+00:00,2.6,73.1,0.0,0.0,0.0,245.2,6.07,268.0,99420.0
1990-01-29 07:30:00+00:00,2.95,76.1,0.0,0.0,0.0,249.65,6.07,266.0,99470.0
1990-01-29 08:30:00+00:00,3.27,76.1,0.0,0.0,0.0,269.6,5.79,264.0,99540.0
1990-01-29 09:30:00+00:00,3.46,76.15,115.0,517.66,40.0,240.35,5.66,262.0,99600.0
1990-01-29 10:30:00+00:00,4.53,76.3,219.0,670.99,58.0,243.45,4.9,259.0,99660.0
1990-01-29 11:30:00+00:00,5.77,73.65,279.0,672.43,76.0,249.05,5.52,254.0,99680.0
1990-01-29 12:30:00+00:00,6.93,68.5,228.0,238.89,150.0,254.5,6.9,262.0,99750.0
1990-01-29 13:30:00+00:00,7.71,63.6,125.0,16.02,120.0,266.85,7.52,266.0,99740.0
1990-01-29 14:30:00+00:00,8.09,66.05,116.0,38.51,106.0,294.55,6.28,250.0,99730.0
1990-01-29 15:30:00+00:00,8.12,68.6,42.0,0.0,42.0,294.15,6.41,240.0,99710.0
1990-01-29 16:30:00+00:00,7.87,68.6,12.0,0.0,12.0,284.5,6.55,236.0,99710.0
1990-01-29 17:30:00+00:00,7.46,71.25,0.0,0.0,0.0,288.95,6.9,233.0,99680.0
1990-01-29 18:30:00+00:00,7.21,73.9,0.0,0.0,0.0,282.95,7.17,235.0,99690.0
1990-01-29 19:30:00+00:00,7.42,76.8,0.0,0.0,0.0,312.55,7.24,236.0,99670.0
1990-01-29 20:30:00+00:00,7.58,79.7,0.0,0.0,0.0,322.6,7.17,236.0,99690.0
1990-01-29 21:30:00+00:00,7.62,79.7,0.0,0.0,0.0,320.1,6.97,236.0,99670.0
1990-01-29 22:30:00+00:00,7.86,82.7,0.0,0.0,0.0,334.0,6.69,234.0,99690.0
1990-01-29 23:30:00+00:00,7.85,82.7,0.0,0.0,0.0,331.5,6.41,234.0,99680.0
1990-01-30 00:30:00+00:00,7.82,82.7,0.0,0.0,0.0,335.0,5.93,234.0,99730.0
1990-01-30 01:30:00+00:00,7.42,82.7,0.0,0.0,0.0,327.15,5.31,232.0,99720.0
1990-01-30 02:30:00+00:00,7.09,82.65,0.0,0.0,0.0,323.55,4.69,228.0,99730.0
1990-01-30 03:30:00+00:00,6.28,88.95,0.0,0.0,0.0,295.5,4.28,220.0,99690.0
1990-01-30 04:30:00+00:00,5.7,92.3,0.0,0.0,0.0,292.8,4.34,212.0,99620.0
1990-01-30 05:30:00+00:00,5.49,92.3,0.0,0.0,0.0,300.55,4.55,209.0,99550.0
1990-01-30 06:30:00+00:00,5.44,92.3,0.0,0.0,0.0,305.75,4.41,208.0,99480.0
1990-01-30 07:30:00+00:00,5.86,95.75,0.0,0.0,0.0,311.4,4.62,207.0,99380.0
1990-01-30 08:30:00+00:00,6.15,95.8,0.0,0.0,0.0,318.95,4.83,199.0,99290.0
1990-01-30 09:30:00+00:00,6.91,92.35,57.0,26.89,53.0,332.85,5.1,197.0,99200.0
1990-01-30 10:30:00+00:00,7.61,92.4,163.0,237.67,105.0,341.95,4.97,200.0,99170.0
1990-01-30 11:30:00+00:00,8.12,95.8,61.0,0.0,61.0,347.0,4.62,196.0,99110.0
1990-01-30 12:30:00+00:00,8.36,99.4,27.0,0.0,27.0,349.9,4.48,193.0,99010.0
1990-01-30 13:30:00+00:00,8.78,95.85,29.0,0.0,29.0,351.05,4.9,199.0,98870.0
1990-01-30 14:30:00+00:00,9.33,95.85,48.0,0.0,48.0,355.1,4.9,209.0,98800.0
1990-01-30 15:30:00+00:00,9.78,92.45,69.0,28.19,64.0,356.85,6.07,219.0,98760.0
1990-01-30 16:30:00+00:00,10.34,92.5,6.0,0.0,6.0,358.0,6.34,237.0,98720.0
1990-01-30 17:30:00+00:00,10.64,89.25,0.0,0.0,0.0,355.5,6.9,247.0,98730.0
1990-01-30 18:30:00+00:00,10.46,86.05,0.0,0.0,0.0,355.1,8.0,258.0,98790.0
1990-01-30 19:30:00+00:00,10.38,89.2,0.0,0.0,0.0,357.45,8.76,261.0,98770.0
1990-01-30 20:30:00+00:00,10.04,86.0,0.0,0.0,0.0,354.15,8.34,260.0,98820.0
1990-01-30 21:30:00+00:00,9.73,82.9,0.0,0.0,0.0,337.9,7.66,261.0,98910.0
1990-01-30 22:30:00+00:00,9.2,82.85,0.0,0.0,0.0,313.9,6.34,261.0,99070.0
1990-01-30 23:30:00+00:00,8.51,82.75,0.0,0.0,0.0,298.05,4.97,254.0,99230.0
1990-01-31 00:30:00+00:00,7.8,85.85,0.0,0.0,0.0,292.2,4.14,245.0,99340.0
1990-01-31 01:30:00+00:00,6.94,89.0,0.0,0.0,0.0,279.55,3.86,233.0,99410.0
1990-01-31 02:30:00+00:00,6.37,92.3,0.0,0.0,0.0,272.65,4.07,226.0,99420.0
1990-01-31 03:30:00+00:00,6.41,89.0,0.0,0.0,0.0,280.8,4.41,225.0,99420.0
1990-01-31 04:30:00+00:00,6.79,92.35,0.0,0.0,0.0,294.95,4.76,225.0,99400.0
1990-01-31 05:30:00+00:00,7.6,89.05,0.0,0.0,0.0,323.0,5.31,225.0,99380.0
1990-01-31 06:30:00+00:00,8.78,92.4,0.0,0.0,0.0,348.55,6.14,227.0,99350.0
1990-01-31 07:30:00+00:00,10.22,89.2,0.0,0.0,0.0,351.65,7.03,228.0,99280.0
1990-01-31 08:30:00+00:00,10.54,89.25,2.0,0.0,2.0,354.35,7.59,226.0,99300.0
1990-01-31 09:30:00+00:00,10.57,89.25,33.0,0.0,33.0,355.5,7.93,226.0,99310.0
1990-01-31 10:30:00+00:00,10.35,89.2,43.0,0.0,43.0,354.15,7.79,226.0,99320.0
1990-01-31 11:30:00+00:00,10.16,86.0,84.0,0.0,84.0,357.05,7.17,220.0,99280.0
1990-01-31 12:30:00+00:00,9.84,89.15,81.0,0.0,81.0,352.6,7.31,218.0,99270.0
1990-01-31 13:30:00+00:00,9.43,92.45,136.0,24.9,128.0,350.3,7.72,223.0,99230.0
1990-01-31 14:30:00+00:00,9.68,92.45,119.0,37.18,109.0,355.9,7.52,223.0,99190.0
1990-01-31 15:30:00+00:00,10.06,92.5,55.0,5.49,54.0,356.5,7.17,222.0,99130.0
1990-01-31 16:30:00+00:00,12.45,95.34,3.0,0.0,3.0,373.36,7.3,222.0,99090.0
1990-01-31 17:30:00+00:00,11.48,94.17,0.0,0.0,0.0,365.19,7.14,221.0,99100.0
1990-01-31 18:30:00+00:00,10.5,93.0,0.0,0.0,0.0,357.02,6.98,222.0,99090.0
1990-01-31 19:30:00+00:00,9.53,91.83,0.0,0.0,0.0,348.84,6.82,222.0,98980.0
1990-01-31 20:30:00+00:00,8.55,90.66,0.0,0.0,0.0,340.67,6.66,224.0,98960.0
1990-01-31 21:30:00+00:00,7.58,89.49,0.0,0.0,0.0,332.5,6.51,224.0,98930.0
1990-01-31 22:30:00+00:00,6.6,88.32,0.0,0.0,0.0,324.33,6.35,223.0,98950.0
1990-01-31 23:30:00+00:00,5.62,87.15,0.0,0.0,0.0,316.16,6.19,222.0,98890.0
1990-02-01 00:30:00+00:00,4.65,85.98,0.0,0.0,0.0,307.99,6.03,95.0,100620.0
1990-02-01 01:30:00+00:00,3.67,84.81,0.0,0.0,0.0,299.82,5.87,90.0,100650.0
1990-02-01 02:30:00+00:00,2.7,83.64,0.0,0.0,0.0,291.65,5.71,89.0,100660.0
1990-02-01 03:30:00+00:00,1.72,82.47,0.0,0.0,0.0,283.48,5.55,88.0,100640.0
1990-02-01 04:30:00+00:00,0.75,81.3,0.0,0.0,0.0,275.31,5.39,86.0,100630.0
1990-02-01 05:30:00+00:00,-0.23,80.13,0.0,0.0,0.0,267.14,5.23,85.0,100630.0
1990-02-01 06:30:00+00:00,-1.2,78.95,0.0,0.0,0.0,258.97,5.07,83.0,100620.0
1990-02-01 07:30:00+00:00,-2.18,77.78,0.0,0.0,0.0,250.8,4.92,79.0,100650.0
1990-02-01 08:30:00+00:00,0.19,75.6,3.0,0.0,3.0,288.15,5.59,77.0,100650.0
1990-02-01 09:30:00+00:00,0.52,72.75,46.0,6.38,45.0,284.85,4.97,74.0,100650.0
1990-02-01 10:30:00+00:00,1.1,72.85,58.0,0.0,58.0,286.6,5.24,70.0,100630.0
1990-02-01 11:30:00+00:00,1.83,64.8,256.0,406.28,128.0,276.75,7.45,78.0,100570.0
1990-02-01 12:30:00+00:00,2.19,62.35,56.0,0.0,56.0,255.65,7.93,77.0,100530.0
1990-02-01 13:30:00+00:00,2.05,67.5,146.0,30.67,136.0,266.85,7.38,74.0,100440.0
1990-02-01 14:30:00+00:00,1.58,70.1,41.0,0.0,41.0,275.2,6.83,68.0,100380.0
1990-02-01 15:30:00+00:00,0.67,72.75,119.0,219.64,78.0,259.5,6.76,65.0,100370.0
1990-02-01 16:30:00+00:00,-0.18,75.55,18.0,14.1,17.0,240.35,6.55,63.0,100380.0
1990-02-01 17:30:00+00:00,-0.94,72.5,0.0,0.0,0.0,237.65,6.28,64.0,100380.0
1990-02-01 18:30:00+00:00,-1.37,72.4,0.0,0.0,0.0,240.15,6.14,64.0,100440.0
1990-02-01 19:30:00+00:00,-2.11,75.3,0.0,0.0,0.0,222.55,5.59,62.0,100390.0
1990-02-01 20:30:00+00:00,-2.3,75.2,0.0,0.0,0.0,222.95,4.97,56.0,100350.0
1990-02-01 21:30:00+00:00,-2.39,75.2,0.0,0.0,0.0,224.65,4.69,47.0,100300.0
1990-02-01 22:30:00+00:00,-2.4,75.2,0.0,0.0,0.0,229.7,4.83,48.0,100270.0
1990-02-01 23:30:00+00:00,-2.45,78.3,0.0,0.0,0.0,231.45,4.62,53.0,100250.0
1990-02-02 00:30:00+00:00,-2.41,81.5,0.0,0.0,0.0,239.2,4.34,52.0,100220.0
1990-02-02 01:30:00+00:00,-2.26,84.85,0.0,0.0,0.0,244.15,4.14,47.0,100160.0
1990-02-02 02:30:00+00:00,-2.42,88.25,0.0,0.0,0.0,234.55,4.07,39.0,100090.0
1990-02-02 03:30:00+00:00,-2.63,88.25,0.0,0.0,0.0,228.35,4.21,36.0,99980.0
1990-02-02 04:30:00+00:00,-2.43,88.25,0.0,0.0,0.0,240.75,4.34,36.0,99920.0
1990-02-02 05:30:00+00:00,-2.58,84.85,0.0,0.0,0.0,229.15,4.34,32.0,99860.0
1990-02-02 06:30:00+00:00,-2.63,84.85,0.0,0.0,0.0,226.6,4.48,28.0,99780.0
1990-02-02 07:30:00+00:00,-1.96,81.55,0.0,0.0,0.0,253.3,4.83,34.0,99650.0
1990-02-02 08:30:00+00:00,-1.88,81.55,8.0,0.0,8.0,252.15,4.83,33.0,99590.0
1990-02-02 09:30:00+00:00,-1.33,78.45,71.0,49.72,63.0,253.9,4.48,31.0,99500.0
1990-02-02 10:30:00+00:00,-0.45,72.6,83.0,3.89,82.0,250.6,5.38,28.0,99420.0
1990-02-02 11:30:00+00:00,0.32,72.65,74.0,0.0,74.0,231.05,5.86,29.0,99310.0
1990-02-02 12:30:00+00:00,1.17,67.3,65.0,0.0,65.0,258.55,6.83,44.0,99210.0
1990-02-02 13:30:00+00:00,1.43,64.8,146.0,27.21,137.0,250.4,6.76,51.0,99100.0
1990-02-02 14:30:00+00:00,1.1,72.85,38.0,0.0,38.0,279.25,5.17,46.0,99050.0
1990-02-02 15:30:00+00:00,0.68,81.9,14.0,0.0,14.0,295.5,4.83,30.0,98910.0
1990-02-02 16:30:00+00:00,0.45,88.5,21.0,13.24,20.0,302.1,4.69,22.0,98830.0
1990-02-02 17:30:00+00:00,0.47,92.0,0.0,0.0,0.0,306.35,5.66,32.0,98740.0
1990-02-02 18:30:00+00:00,0.55,95.65,0.0,0.0,0.0,309.05,5.31,37.0,98650.0
1990-02-02 19:30:00+00:00,0.31,95.6,0.0,0.0,0.0,307.7,4.83,31.0,98480.0
1990-02-02 20:30:00+00:00,0.46,95.65,0.0,0.0,0.0,310.05,4.48,42.0,98420.0
1990-02-02 21:30:00+00:00,0.61,99.4,0.0,0.0,0.0,312.35,4.28,56.0,98360.0
1990-02-02 22:30:00+00:00,0.69,99.4,0.0,0.0,0.0,313.5,4.14,66.0,98330.0
1990-02-02 23:30:00+00:00,0.74,99.4,0.0,0.0,0.0,314.1,4.21,71.0,98300.0
1990-02-03 00:30:00+00:00,0.8,99.4,0.0,0.0,0.0,314.85,4.07,77.0,98270.0
1990-02-03 01:30:00+00:00,0.93,99.35,0.0,0.0,0.0,317.1,3.86,89.0,98250.0
1990-02-03 02:30:00+00:00,0.93,99.35,0.0,0.0,0.0,316.6,3.59,112.0,98240.0
1990-02-03 03:30:00+00:00,0.65,99.4,0.0,0.0,0.0,317.0,3.86,141.0,98280.0
1990-02-03 04:30:00+00:00,-0.01,92.0,0.0,0.0,0.0,307.9,4.48,160.0,98350.0
1990-02-03 05:30:00+00:00,-0.79,91.95,0.0,0.0,0.0,291.25,4.21,161.0,98420.0
1990-02-03 06:30:00+00:00,-1.27,91.9,0.0,0.0,0.0,288.55,4.0,158.0,98500.0
1990-02-03 07:30:00+00:00,-2.37,95.55,0.0,0.0,0.0,279.25,3.66,149.0,98570.0
1990-02-03 08:30:00+00:00,-2.61,91.85,14.0,71.11,11.0,270.95,3.45,141.0,98670.0
1990-02-03 09:30:00+00:00,-2.65,91.85,94.0,151.4,69.0,240.55,3.59,136.0,98710.0
1990-02-03 10:30:00+00:00,-1.89,91.85,160.0,153.06,120.0,218.65,3.66,126.0,98750.0
1990-02-03 11:30:00+00:00,-1.44,88.35,205.0,157.29,154.0,214.05,4.0,119.0,98750.0
1990-02-03 12:30:00+00:00,-0.2,85.05,131.0,8.58,128.0,212.7,4.48,119.0,98740.0
1990-02-03 13:30:00+00:00,0.99,78.8,185.0,86.41,156.0,227.6,5.1,132.0,98720.0
1990-02-03 14:30:00+00:00,2.5,73.1,82.0,0.0,82.0,242.1,5.1,148.0,98720.0
1990-02-03 15:30:00+00:00,2.76,73.1,96.0,71.36,82.0,268.4,4.28,144.0,98730.0
1990-02-03 16:30:00+00:00,2.37,73.1,36.0,112.19,27.0,259.1,4.0,141.0,98750.0
1990-02-03 17:30:00+00:00,1.51,78.9,0.0,0.0,0.0,265.5,3.79,140.0,98800.0
1990-02-03 18:30:00+00:00,0.75,85.15,0.0,0.0,0.0,255.65,3.72,139.0,98820.0
1990-02-03 19:30:00+00:00,0.11,88.45,0.0,0.0,0.0,254.1,3.86,137.0,98840.0
1990-02-03 20:30:00+00:00,-0.47,91.95,0.0,0.0,0.0,248.65,3.52,134.0,98860.0
1990-02-03 21:30:00+00:00,-1.12,91.95,0.0,0.0,0.0,241.15,3.24,130.0,98860.0
1990-02-03 22:30:00+00:00,-1.79,91.85,0.0,0.0,0.0,227.4,3.03,125.0,98850.0
1990-02-03 23:30:00+00:00,-2.02,91.85,0.0,0.0,0.0,238.6,2.97,122.0,98850.0
1990-02-04 00:30:00+00:00,-2.24,95.55,0.0,0.0,0.0,238.2,3.03,122.0,98830.0
1990-02-04 01:30:00+00:00,-1.82,91.85,0.0,0.0,0.0,263.1,2.97,125.0,98790.0
1990-02-04 02:30:00+00:00,-1.21,88.35,0.0,0.0,0.0,281.95,2.97,129.0,98770.0
1990-02-04 03:30:00+00:00,-0.73,91.95,0.0,0.0,0.0,291.45,3.03,133.0,98760.0
1990-02-04 04:30:00+00:00,-0.85,91.95,0.0,0.0,0.0,272.1,3.03,135.0,98720.0
1990-02-04 05:30:00+00:00,-0.79,95.6,0.0,0.0,0.0,275.0,2.97,138.0,98720.0
1990-02-04 06:30:00+00:00,-1.02,91.95,0.0,0.0,0.0,264.55,2.83,142.0,98700.0
1990-02-04 07:30:00+00:00,-1.2,95.6,0.0,0.0,0.0,263.6,2.48,146.0,98660.0
1990-02-04 08:30:00+00:00,-1.08,95.6,15.0,43.21,13.0,272.5,2.21,142.0,98670.0
1990-02-04 09:30:00+00:00,-0.56,91.95,65.0,23.6,61.0,267.45,1.93,137.0,98690.0
1990-02-04 10:30:00+00:00,0.66,92.0,195.0,312.17,112.0,253.7,2.41,140.0,98680.0
1990-02-04 11:30:00+00:00,2.02,82.05,234.0,252.3,151.0,250.6,3.45,152.0,98670.0
1990-02-04 12:30:00+00:00,2.92,76.1,272.0,327.29,156.0,237.25,3.45,159.0,98660.0
1990-02-04 13:30:00+00:00,3.45,73.3,281.0,431.7,134.0,247.3,2.97,161.0,98630.0
1990-02-04 14:30:00+00:00,3.65,67.8,212.0,305.35,124.0,235.9,2.62,157.0,98590.0
1990-02-04 15:30:00+00:00,3.54,65.2,151.0,388.03,73.0,239.6,2.14,141.0,98550.0
1990-02-04 16:30:00+00:00,2.86,70.4,44.0,176.62,29.0,240.55,1.79,100.0,98540.0
1990-02-04 17:30:00+00:00,1.2,78.8,0.0,0.0,0.0,242.85,2.55,83.0,98540.0
1990-02-04 18:30:00+00:00,0.17,81.8,0.0,0.0,0.0,254.3,2.69,86.0,98560.0
1990-02-04 19:30:00+00:00,-0.25,88.45,0.0,0.0,0.0,247.9,2.55,101.0,98540.0
1990-02-04 20:30:00+00:00,-0.7,91.95,0.0,0.0,0.0,253.3,2.41,96.0,98530.0
1990-02-04 21:30:00+00:00,-1.15,88.4,0.0,0.0,0.0,249.45,2.55,98.0,98490.0
1990-02-04 22:30:00+00:00,-1.41,88.35,0.0,0.0,0.0,251.4,2.62,103.0,98500.0
1990-02-04 23:30:00+00:00,-1.77,91.85,0.0,0.0,0.0,247.5,2.41,103.0,98490.0
1990-02-05 00:30:00+00:00,-2.14,91.85,0.0,0.0,0.0,243.65,2.41,83.0,98470.0
1990-02-05 01:30:00+00:00,-2.36,95.55,0.0,0.0,0.0,247.8,2.55,73.0,98440.0
1990-02-05 02:30:00+00:00,-2.36,91.85,0.0,0.0,0.0,256.8,2.69,61.0,98430.0
1990-02-05 03:30:00+00:00,-2.17,91.85,0.0,0.0,0.0,269.2,3.03,48.0,98350.0
1990-02-05 04:30:00+00:00,-2.04,91.85,0.0,0.0,0.0,274.2,3.24,47.0,98290.0
1990-02-05 05:30:00+00:00,-2.04,91.85,0.0,0.0,0.0,285.65,3.17,49.0,98260.0
1990-02-05 06:30:00+00:00,-1.75,95.55,0.0,0.0,0.0,287.0,3.38,40.0,98230.0
1990-02-05 07:30:00+00:00,-1.67,95.55,0.0,0.0,0.0,277.5,3.86,33.0,98160.0
1990-02-05 08:30:00+00:00,-1.42,95.6,21.0,118.86,15.0,286.4,4.07,31.0,98150.0
1990-02-05 09:30:00+00:00,-0.92,95.6,20.0,0.0,20.0,293.0,4.14,30.0,98150.0
1990-02-05 10:30:00+00:00,-0.35,95.6,79.0,0.0,79.0,286.05,4.55,31.0,98130.0
1990-02-05 11:30:00+00:00,0.43,92.0,59.0,0.0,59.0,269.2,4.69,29.0,98130.0
1990-02-05 12:30:00+00:00,1.09,92.05,68.0,0.0,68.0,294.35,4.69,28.0,98150.0
1990-02-05 13:30:00+00:00,1.3,92.05,39.0,0.0,39.0,311.55,4.62,26.0,98130.0
1990-02-05 14:30:00+00:00,1.4,88.6,64.0,0.0,64.0,311.4,4.76,24.0,98130.0
1990-02-05 15:30:00+00:00,1.38,88.6,44.0,0.0,44.0,304.6,4.97,24.0,98140.0
1990-02-05 16:30:00+00:00,1.11,92.05,10.0,0.0,10.0,302.5,3.79,18.0,98160.0
1990-02-05 17:30:00+00:00,0.89,92.05,0.0,0.0,0.0,307.5,3.59,15.0,98200.0
1990-02-05 18:30:00+00:00,0.7,95.65,0.0,0.0,0.0,305.2,3.31,12.0,98250.0
1990-02-05 19:30:00+00:00,0.27,95.6,0.0,0.0,0.0,284.85,3.52,8.0,98300.0
1990-02-05 20:30:00+00:00,0.09,95.6,0.0,0.0,0.0,286.6,3.31,7.0,98340.0
1990-02-05 21:30:00+00:00,-0.15,92.0,0.0,0.0,0.0,282.75,3.03,1.0,98370.0
1990-02-05 22:30:00+00:00,-0.06,95.6,0.0,0.0,0.0,298.4,3.31,0.0,98400.0
1990-02-05 23:30:00+00:00,-0.25,95.6,0.0,0.0,0.0,285.05,3.31,360.0,98420.0
1990-02-06 00:30:00+00:00,-0.29,95.6,0.0,0.0,0.0,288.35,3.24,3.0,98470.0
1990-02-06 01:30:00+00:00,-0.59,91.95,0.0,0.0,0.0,274.5,3.79,4.0,98420.0
1990-02-06 02:30:00+00:00,-0.65,91.95,0.0,0.0,0.0,276.55,4.0,6.0,98400.0
1990-02-06 03:30:00+00:00,-0.9,91.95,0.0,0.0,0.0,267.85,3.79,7.0,98370.0
1990-02-06 04:30:00+00:00,-1.08,91.95,0.0,0.0,0.0,268.6,3.79,7.0,98360.0
1990-02-06 05:30:00+00:00,-0.97,91.95,0.0,0.0,0.0,282.55,3.79,6.0,98360.0
1990-02-06 06:30:00+00:00,-0.97,91.95,0.0,0.0,0.0,281.2,3.79,4.0,98380.0
1990-02-06 07:30:00+00:00,-0.51,91.95,0.0,0.0,0.0,282.35,4.14,10.0,98370.0
1990-02-06 08:30:00+00:00,-0.53,91.95,10.0,0.0,10.0,282.15,4.14,10.0,98360.0
1990-02-06 09:30:00+00:00,-0.47,91.95,34.0,0.0,34.0,273.05,3.79,9.0,98390.0
1990-02-06 10:30:00+00:00,-0.2,88.45,44.0,0.0,44.0,276.35,2.9,4.0,98440.0
1990-02-06 11:30:00+00:00,-0.05,85.1,160.0,38.39,147.0,278.65,2.97,359.0,98460.0
1990-02-06 12:30:00+00:00,0.23,81.8,194.0,71.37,168.0,286.05,3.1,356.0,98450.0
1990-02-06 13:30:00+00:00,0.53,78.75,222.0,156.92,167.0,279.85,2.97,353.0,98400.0
1990-02-06 14:30:00+00:00,0.81,78.75,136.0,36.9,125.0,276.35,2.69,346.0,98370.0
1990-02-06 15:30:00+00:00,0.95,75.75,105.0,75.9,89.0,269.0,2.62,336.0,98360.0
1990-02-06 16:30:00+00:00,0.6,78.75,30.0,21.17,28.0,264.15,2.48,328.0,98390.0
1990-02-06 17:30:00+00:00,-0.36,81.75,0.0,0.0,0.0,255.25,2.62,322.0,98390.0
1990-02-06 18:30:00+00:00,-1.14,85.0,0.0,0.0,0.0,251.95,2.83,317.0,98450.0
1990-02-06 19:30:00+00:00,-1.91,88.3,0.0,0.0,0.0,226.05,3.31,312.0,98470.0
1990-02-06 20:30:00+00:00,-2.47,91.85,0.0,0.0,0.0,215.95,3.38,310.0,98470.0
1990-02-06 21:30:00+00:00,-3.0,88.25,0.0,0.0,0.0,212.5,3.38,306.0,98490.0
1990-02-06 22:30:00+00:00,-3.41,88.25,0.0,0.0,0.0,209.75,3.45,304.0,98510.0
1990-02-06 23:30:00+00:00,-3.65,84.8,0.0,0.0,0.0,207.85,3.52,302.0,98510.0
1990-02-07 00:30:00+00:00,-3.85,88.2,0.0,0.0,0.0,207.65,3.45,298.0,98520.0
1990-02-07 01:30:00+00:00,-4.03,84.7,0.0,0.0,0.0,207.35,3.38,292.0,98510.0
1990-02-07 02:30:00+00:00,-3.99,84.7,0.0,0.0,0.0,212.5,3.38,288.0,98500.0
1990-02-07 03:30:00+00:00,-3.9,88.2,0.0,0.0,0.0,215.75,3.31,288.0,98470.0
1990-02-07 04:30:00+00:00,-3.64,88.25,0.0,0.0,0.0,224.65,3.24,294.0,98490.0
1990-02-07 05:30:00+00:00,-3.67,88.25,0.0,0.0,0.0,220.6,3.17,301.0,98490.0
1990-02-07 06:30:00+00:00,-3.87,91.8,0.0,0.0,0.0,218.5,3.17,303.0,98540.0
1990-02-07 07:30:00+00:00,-3.07,88.25,0.0,0.0,0.0,223.7,3.52,299.0,98510.0
1990-02-07 08:30:00+00:00,-2.94,91.85,24.0,101.44,18.0,225.45,3.31,302.0,98560.0
1990-02-07 09:30:00+00:00,-2.44,91.85,105.0,142.08,79.0,219.25,3.1,304.0,98590.0
1990-02-07 10:30:00+00:00,-1.05,88.4,176.0,164.28,130.0,223.3,3.1,306.0,98650.0
1990-02-07 11:30:00+00:00,0.56,85.15,232.0,200.84,163.0,224.5,3.52,313.0,98700.0
1990-02-07 12:30:00+00:00,1.65,78.9,248.0,189.53,178.0,236.1,4.0,318.0,98760.0
1990-02-07 13:30:00+00:00,2.24,75.95,234.0,180.0,170.0,237.05,4.41,323.0,98770.0
1990-02-07 14:30:00+00:00,2.43,76.0,209.0,234.18,138.0,243.65,4.21,325.0,98820.0
1990-02-07 15:30:00+00:00,2.58,76.0,116.0,101.96,94.0,275.6,4.14,327.0,98870.0
1990-02-07 16:30:00+00:00,2.28,78.95,33.0,20.14,31.0,269.75,3.86,324.0,98940.0
1990-02-07 17:30:00+00:00,1.45,78.9,0.0,0.0,0.0,257.2,3.59,315.0,99030.0
1990-02-07 18:30:00+00:00,0.6,81.9,0.0,0.0,0.0,248.85,3.66,310.0,99100.0
1990-02-07 19:30:00+00:00,-0.1,85.1,0.0,0.0,0.0,239.75,3.31,313.0,99150.0
1990-02-07 20:30:00+00:00,-0.8,88.4,0.0,0.0,0.0,235.15,3.24,312.0,99230.0
1990-02-07 21:30:00+00:00,-1.45,88.35,0.0,0.0,0.0,229.9,3.31,309.0,99280.0
1990-02-07 22:30:00+00:00,-2.15,88.3,0.0,0.0,0.0,219.05,3.24,306.0,99340.0
1990-02-07 23:30:00+00:00,-2.96,88.25,0.0,0.0,0.0,218.1,2.69,313.0,99330.0
1990-02-08 00:30:00+00:00,-4.16,84.7,0.0,0.0,0.0,213.05,2.55,310.0,99330.0
1990-02-08 01:30:00+00:00,-5.53,88.05,0.0,0.0,0.0,209.7,2.83,293.0,99400.0
1990-02-08 02:30:00+00:00,-6.69,88.0,0.0,0.0,0.0,208.05,2.76,285.0,99400.0
1990-02-08 03:30:00+00:00,-7.98,91.55,0.0,0.0,0.0,204.95,2.55,281.0,99360.0
1990-02-08 04:30:00+00:00,-8.84,95.35,0.0,0.0,0.0,208.8,2.62,275.0,99340.0
1990-02-08 05:30:00+00:00,-9.28,95.35,0.0,0.0,0.0,207.85,2.55,269.0,99370.0
1990-02-08 06:30:00+00:00,-8.38,95.35,0.0,0.0,0.0,220.05,2.28,261.0,99370.0
1990-02-08 07:30:00+00:00,-7.14,91.6,0.0,0.0,0.0,234.95,2.14,252.0,99360.0
1990-02-08 08:30:00+00:00,-6.8,95.45,23.0,62.87,19.0,252.95,2.21,246.0,99380.0
1990-02-08 09:30:00+00:00,-5.41,91.7,104.0,127.87,80.0,257.4,2.0,238.0,99380.0
1990-02-08 10:30:00+00:00,-3.67,88.25,157.0,94.78,130.0,263.6,2.14,230.0,99380.0
1990-02-08 11:30:00+00:00,-0.64,85.05,153.0,25.82,144.0,265.5,2.34,220.0,99390.0
1990-02-08 12:30:00+00:00,1.07,81.95,211.0,88.13,178.0,258.95,2.62,210.0,99360.0
1990-02-08 13:30:00+00:00,1.76,78.9,201.0,88.72,169.0,256.6,2.97,204.0,99290.0
1990-02-08 14:30:00+00:00,2.19,75.95,148.0,45.41,134.0,269.4,3.45,208.0,99230.0
1990-02-08 15:30:00+00:00,2.29,75.95,92.0,27.18,86.0,280.8,3.1,204.0,99210.0
1990-02-08 16:30:00+00:00,1.81,82.0,28.0,9.6,27.0,276.95,3.1,201.0,99190.0
1990-02-08 17:30:00+00:00,1.2,88.55,0.0,0.0,0.0,299.2,2.97,192.0,99160.0
1990-02-08 18:30:00+00:00,0.85,92.05,0.0,0.0,0.0,301.5,2.97,182.0,99130.0
1990-02-08 19:30:00+00:00,0.51,95.65,0.0,0.0,0.0,287.2,2.9,184.0,99100.0
1990-02-08 20:30:00+00:00,0.6,99.4,0.0,0.0,0.0,304.4,3.24,192.0,99090.0
1990-02-08 21:30:00+00:00,0.68,99.4,0.0,0.0,0.0,309.65,3.52,202.0,99080.0
1990-02-08 22:30:00+00:00,0.76,99.4,0.0,0.0,0.0,306.35,3.59,217.0,99090.0
1990-02-08 23:30:00+00:00,0.64,95.65,0.0,0.0,0.0,280.6,3.52,233.0,99100.0
1990-02-09 00:30:00+00:00,0.3,95.6,0.0,0.0,0.0,246.35,3.52,244.0,99140.0
1990-02-09 01:30:00+00:00,0.1,92.0,0.0,0.0,0.0,246.45,3.38,248.0,99140.0
1990-02-09 02:30:00+00:00,-0.58,91.95,0.0,0.0,0.0,228.95,3.17,246.0,99140.0
1990-02-09 03:30:00+00:00,-1.19,95.6,0.0,0.0,0.0,230.5,3.1,239.0,99120.0
1990-02-09 04:30:00+00:00,-1.64,91.9,0.0,0.0,0.0,230.3,3.17,230.0,99110.0
1990-02-09 05:30:00+00:00,-2.0,91.85,0.0,0.0,0.0,228.35,3.1,225.0,99080.0
1990-02-09 06:30:00+00:00,-2.27,95.55,0.0,0.0,0.0,232.2,2.97,220.0,99080.0
1990-02-09 07:30:00+00:00,-1.75,95.55,0.0,0.0,0.0,256.8,2.83,210.0,99060.0
1990-02-09 08:30:00+00:00,-1.63,91.9,22.0,29.33,20.0,257.4,2.62,205.0,99040.0
1990-02-09 09:30:00+00:00,-1.22,95.6,103.0,114.31,81.0,257.75,2.21,200.0,99000.0
1990-02-09 10:30:00+00:00,-0.22,99.4,171.0,131.12,133.0,265.3,1.86,193.0,98970.0
1990-02-09 11:30:00+00:00,1.04,95.65,182.0,62.21,160.0,270.95,1.86,183.0,98920.0
1990-02-09 12:30:00+00:00,1.52,95.65,100.0,0.0,100.0,289.9,1.59,165.0,98860.0
1990-02-09 13:30:00+00:00,1.88,95.65,93.0,0.0,93.0,302.1,1.66,142.0,98740.0
1990-02-09 14:30:00+00:00,2.09,95.65,68.0,0.0,68.0,311.0,2.14,109.0,98620.0
1990-02-09 15:30:00+00:00,2.0,95.65,55.0,0.0,55.0,323.4,2.34,81.0,98530.0
1990-02-09 16:30:00+00:00,1.67,99.4,14.0,0.0,14.0,322.2,2.83,69.0,98400.0
1990-02-09 17:30:00+00:00,1.39,99.4,0.0,0.0,0.0,321.85,3.17,62.0,98300.0
1990-02-09 18:30:00+00:00,1.3,99.35,0.0,0.0,0.0,322.2,3.52,57.0,98210.0
1990-02-09 19:30:00+00:00,1.25,99.35,0.0,0.0,0.0,320.5,4.41,58.0,98010.0
1990-02-09 20:30:00+00:00,1.03,99.35,0.0,0.0,0.0,319.3,4.55,50.0,97900.0
1990-02-09 21:30:00+00:00,0.92,99.35,0.0,0.0,0.0,318.75,5.1,40.0,97770.0
1990-02-09 22:30:00+00:00,0.84,100.0,0.0,0.0,0.0,318.15,5.45,31.0,97700.0
1990-02-09 23:30:00+00:00,0.83,99.4,0.0,0.0,0.0,315.25,5.79,23.0,97710.0
1990-02-10 00:30:00+00:00,0.81,99.4,0.0,0.0,0.0,315.45,6.07,15.0,97710.0
1990-02-10 01:30:00+00:00,0.83,99.4,0.0,0.0,0.0,314.4,6.41,8.0,97770.0
1990-02-10 02:30:00+00:00,0.93,95.65,0.0,0.0,0.0,313.7,6.62,3.0,97840.0
1990-02-10 03:30:00+00:00,1.01,95.65,0.0,0.0,0.0,314.85,6.62,359.0,97930.0
1990-02-10 04:30:00+00:00,1.09,95.65,0.0,0.0,0.0,315.45,6.21,353.0,98080.0
1990-02-10 05:30:00+00:00,1.16,95.65,0.0,0.0,0.0,315.45,5.86,345.0,98250.0
1990-02-10 06:30:00+00:00,1.24,95.65,0.0,0.0,0.0,316.2,5.66,335.0,98430.0
1990-02-10 07:30:00+00:00,1.38,92.05,0.0,0.0,0.0,312.35,5.72,332.0,98670.0
1990-02-10 08:30:00+00:00,1.28,92.05,44.0,315.81,21.0,303.05,5.59,323.0,98880.0
1990-02-10 09:30:00+00:00,1.35,88.6,120.0,182.46,84.0,289.1,5.52,316.0,99060.0
1990-02-10 10:30:00+00:00,1.65,88.6,193.0,196.72,135.0,275.95,5.66,313.0,99230.0
1990-02-10 11:30:00+00:00,2.13,85.3,255.0,250.85,165.0,264.55,5.66,313.0,99370.0
1990-02-10 12:30:00+00:00,2.49,79.0,331.0,488.58,143.0,267.25,5.93,315.0,99510.0
1990-02-10 13:30:00+00:00,2.76,76.0,339.0,614.43,111.0,255.65,5.66,311.0,99630.0
1990-02-10 14:30:00+00:00,2.99,73.2,255.0,404.91,126.0,266.3,5.38,309.0,99750.0
1990-02-10 15:30:00+00:00,2.93,73.2,191.0,524.06,70.0,266.65,4.69,306.0,99870.0
1990-02-10 16:30:00+00:00,2.49,76.0,64.0,193.04,42.0,258.95,3.93,301.0,99950.0
1990-02-10 17:30:00+00:00,1.45,78.9,0.0,0.0,0.0,243.65,3.38,296.0,100060.0
1990-02-10 18:30:00+00:00,0.13,81.8,0.0,0.0,0.0,236.3,3.1,293.0,100150.0
1990-02-10 19:30:00+00:00,-0.49,85.05,0.0,0.0,0.0,226.8,2.97,286.0,100250.0
1990-02-10 20:30:00+00:00,-1.32,88.35,0.0,0.0,0.0,221.75,2.97,283.0,100320.0
1990-02-10 21:30:00+00:00,-1.91,91.85,0.0,0.0,0.0,224.65,2.9,278.0,100370.0
1990-02-10 22:30:00+00:00,-2.47,91.85,0.0,0.0,0.0,221.2,2.97,272.0,100420.0
1990-02-10 23:30:00+00:00,-2.56,91.85,0.0,0.0,0.0,227.4,3.1,265.0,100480.0
1990-02-11 00:30:00+00:00,-2.31,95.55,0.0,0.0,0.0,232.6,3.17,262.0,100520.0
1990-02-11 01:30:00+00:00,-1.94,91.85,0.0,0.0,0.0,234.25,3.24,261.0,100540.0
1990-02-11 02:30:00+00:00,-1.5,91.9,0.0,0.0,0.0,237.65,3.31,262.0,100570.0
1990-02-11 03:30:00+00:00,-1.3,91.9,0.0,0.0,0.0,231.65,3.45,264.0,100560.0
1990-02-11 04:30:00+00:00,-1.06,91.95,0.0,0.0,0.0,234.55,3.45,265.0,100560.0
1990-02-11 05:30:00+00:00,-0.84,91.95,0.0,0.0,0.0,239.2,3.38,267.0,100560.0
1990-02-11 06:30:00+00:00,-0.82,91.95,0.0,0.0,0.0,235.3,3.38,266.0,100570.0
1990-02-11 07:30:00+00:00,-0.17,95.6,0.0,0.0,0.0,247.3,3.45,267.0,100590.0
1990-02-11 08:30:00+00:00,0.25,95.6,34.0,103.15,26.0,256.4,3.45,266.0,100650.0
1990-02-11 09:30:00+00:00,1.28,92.05,131.0,227.47,85.0,261.85,3.45,266.0,100670.0
1990-02-11 10:30:00+00:00,2.53,92.15,225.0,326.75,127.0,271.5,3.45,265.0,100710.0
1990-02-11 11:30:00+00:00,3.48,88.75,199.0,79.67,170.0,280.6,4.41,270.0,100720.0
1990-02-11 12:30:00+00:00,4.22,85.5,174.0,25.64,164.0,289.3,4.69,283.0,100730.0
1990-02-11 13:30:00+00:00,4.62,85.55,138.0,7.97,135.0,305.55,4.14,293.0,100730.0
1990-02-11 14:30:00+00:00,4.23,88.8,87.0,0.0,87.0,304.6,4.55,310.0,100750.0
1990-02-11 15:30:00+00:00,3.94,92.2,103.0,38.14,94.0,304.6,3.72,336.0,100820.0
1990-02-11 16:30:00+00:00,3.35,95.7,55.0,84.09,45.0,300.55,3.93,5.0,100890.0
1990-02-11 17:30:00+00:00,2.21,92.1,0.0,0.0,0.0,279.85,3.59,10.0,100980.0
1990-02-11 18:30:00+00:00,1.24,88.55,0.0,0.0,0.0,267.45,3.59,2.0,101110.0
1990-02-11 19:30:00+00:00,0.64,85.15,0.0,0.0,0.0,267.65,3.17,8.0,101200.0
1990-02-11 20:30:00+00:00,-0.3,85.05,0.0,0.0,0.0,244.6,3.24,359.0,101310.0
1990-02-11 21:30:00+00:00,-1.33,88.35,0.0,0.0,0.0,222.35,3.17,349.0,101370.0
1990-02-11 22:30:00+00:00,-2.07,88.3,0.0,0.0,0.0,215.4,3.1,340.0,101440.0
1990-02-11 23:30:00+00:00,-2.55,88.25,0.0,0.0,0.0,214.05,3.1,335.0,101510.0
1990-02-12 00:30:00+00:00,-3.0,81.5,0.0,0.0,0.0,210.35,3.1,330.0,101570.0
1990-02-12 01:30:00+00:00,-3.34,81.45,0.0,0.0,0.0,211.05,3.17,324.0,101600.0
1990-02-12 02:30:00+00:00,-3.54,78.2,0.0,0.0,0.0,211.3,3.17,319.0,101630.0
1990-02-12 03:30:00+00:00,-3.69,78.2,0.0,0.0,0.0,211.7,3.17,313.0,101620.0
1990-02-12 04:30:00+00:00,-3.79,81.4,0.0,0.0,0.0,212.5,3.03,310.0,101610.0
1990-02-12 05:30:00+00:00,-3.91,78.15,0.0,0.0,0.0,212.7,2.97,311.0,101630.0
1990-02-12 06:30:00+00:00,-3.97,78.15,0.0,0.0,0.0,212.65,2.9,311.0,101670.0
1990-02-12 07:30:00+00:00,-3.61,81.45,0.0,0.0,0.0,215.4,2.69,312.0,101690.0
1990-02-12 08:30:00+00:00,-3.44,81.45,36.0,97.12,28.0,223.7,2.41,305.0,101720.0
1990-02-12 09:30:00+00:00,-1.7,84.85,161.0,434.3,71.0,244.05,1.93,295.0,101720.0
1990-02-12 10:30:00+00:00,-2.1,88.3,248.0,442.51,113.0,260.85,1.93,284.0,101730.0
1990-02-12 11:30:00+00:00,0.31,85.1,50.0,0.0,50.0,278.3,2.14,272.0,101750.0
1990-02-12 12:30:00+00:00,1.32,81.95,208.0,65.76,182.0,289.1,2.55,261.0,101730.0
1990-02-12 13:30:00+00:00,1.43,82.0,212.0,86.47,179.0,296.5,2.76,248.0,101670.0
1990-02-12 14:30:00+00:00,1.32,85.2,87.0,0.0,87.0,296.5,2.9,232.0,101610.0
1990-02-12 15:30:00+00:00,1.3,85.2,94.0,20.74,89.0,298.05,3.1,216.0,101550.0
1990-02-12 16:30:00+00:00,1.21,81.95,39.0,8.07,38.0,301.1,3.86,212.0,101440.0
1990-02-12 17:30:00+00:00,1.21,78.8,0.0,0.0,0.0,304.2,4.28,223.0,101370.0
1990-02-12 18:30:00+00:00,1.37,78.9,0.0,0.0,0.0,313.3,4.34,233.0,101300.0
1990-02-12 19:30:00+00:00,0.83,92.0,0.0,0.0,0.0,314.1,4.41,223.0,101210.0
1990-02-12 20:30:00+00:00,1.77,95.65,0.0,0.0,0.0,316.8,4.48,243.0,101110.0
1990-02-12 21:30:00+00:00,3.48,92.15,0.0,0.0,0.0,324.15,5.03,270.0,101030.0
1990-02-12 22:30:00+00:00,5.21,95.75,0.0,0.0,0.0,331.7,5.66,289.0,101000.0
1990-02-12 23:30:00+00:00,5.83,95.75,0.0,0.0,0.0,338.65,5.52,299.0,101010.0
1990-02-13 00:30:00+00:00,5.83,95.75,0.0,0.0,0.0,340.6,4.62,312.0,101050.0
1990-02-13 01:30:00+00:00,5.34,99.4,0.0,0.0,0.0,340.5,3.79,338.0,101100.0
1990-02-13 02:30:00+00:00,4.24,95.75,0.0,0.0,0.0,335.4,3.86,5.0,101150.0
1990-02-13 03:30:00+00:00,2.92,92.15,0.0,0.0,0.0,331.1,4.07,13.0,101200.0
1990-02-13 04:30:00+00:00,2.0,92.1,0.0,0.0,0.0,322.8,3.93,13.0,101230.0
1990-02-13 05:30:00+00:00,1.57,92.05,0.0,0.0,0.0,306.15,3.66,15.0,101280.0
1990-02-13 06:30:00+00:00,1.39,92.05,0.0,0.0,0.0,301.7,3.38,14.0,101320.0
1990-02-13 07:30:00+00:00,1.26,95.65,0.0,0.0,0.0,305.55,2.83,2.0,101380.0
1990-02-13 08:30:00+00:00,1.15,92.05,52.0,275.0,28.0,293.95,2.55,357.0,101430.0
1990-02-13 09:30:00+00:00,1.9,88.65,161.0,409.78,74.0,298.4,2.41,354.0,101460.0
1990-02-13 10:30:00+00:00,2.61,85.35,234.0,341.61,128.0,292.05,2.76,351.0,101500.0
1990-02-13 11:30:00+00:00,3.32,82.2,340.0,616.72,109.0,287.4,3.1,351.0,101550.0
1990-02-13 12:30:00+00:00,4.02,76.25,297.0,289.48,181.0,277.7,3.52,0.0,101570.0
1990-02-13 13:30:00+00:00,4.44,70.7,327.0,478.04,142.0,289.3,3.45,6.0,101580.0
1990-02-13 14:30:00+00:00,4.58,68.0,254.0,343.97,139.0,291.65,3.17,9.0,101590.0
1990-02-13 15:30:00+00:00,4.65,68.0,217.0,629.33,62.0,287.6,2.97,12.0,101610.0
1990-02-13 16:30:00+00:00,4.39,68.0,90.0,403.42,38.0,286.4,2.14,6.0,101620.0
1990-02-13 17:30:00+00:00,3.54,73.3,0.0,0.0,0.0,282.35,1.79,352.0,101650.0
1990-02-13 18:30:00+00:00,2.78,79.0,0.0,0.0,0.0,297.25,1.79,346.0,101700.0
1990-02-13 19:30:00+00:00,1.56,88.6,0.0,0.0,0.0,261.65,1.93,357.0,101700.0
1990-02-13 20:30:00+00:00,0.39,88.5,0.0,0.0,0.0,257.4,2.0,359.0,101740.0
1990-02-13 21:30:00+00:00,-0.67,91.95,0.0,0.0,0.0,249.85,2.0,2.0,101780.0
1990-02-13 22:30:00+00:00,-1.6,91.9,0.0,0.0,0.0,241.7,2.0,6.0,101790.0
1990-02-13 23:30:00+00:00,-2.08,91.85,0.0,0.0,0.0,245.95,1.79,8.0,101830.0
1990-02-14 00:30:00+00:00,-2.54,95.55,0.0,0.0,0.0,243.85,1.72,7.0,101830.0
1990-02-14 01:30:00+00:00,-2.7,95.55,0.0,0.0,0.0,249.15,1.52,360.0,101840.0
1990-02-14 02:30:00+00:00,-2.88,91.85,0.0,0.0,0.0,244.2,1.38,355.0,101850.0
1990-02-14 03:30:00+00:00,-3.03,91.85,0.0,0.0,0.0,240.75,1.24,355.0,101830.0
1990-02-14 04:30:00+00:00,-2.69,91.85,0.0,0.0,0.0,244.4,0.97,350.0,101850.0
1990-02-14 05:30:00+00:00,-2.05,91.85,0.0,0.0,0.0,241.15,0.62,328.0,101870.0
1990-02-14 06:30:00+00:00,-2.09,91.85,0.0,0.0,0.0,243.05,0.62,276.0,101890.0
1990-02-14 07:30:00+00:00,-2.13,91.85,0.0,0.0,0.0,242.85,0.48,256.0,101910.0
1990-02-14 08:30:00+00:00,-2.45,95.55,53.0,238.48,31.0,240.15,0.83,227.0,101970.0
1990-02-14 09:30:00+00:00,-0.84,95.6,183.0,565.63,60.0,248.5,0.62,198.0,101990.0
1990-02-14 10:30:00+00:00,1.88,85.3,201.0,174.28,146.0,258.75,1.24,190.0,102010.0
1990-02-14 11:30:00+00:00,3.29,82.2,210.0,86.86,177.0,259.5,1.93,191.0,102030.0
1990-02-14 12:30:00+00:00,4.19,76.25,203.0,51.71,182.0,280.4,2.55,197.0,102020.0
1990-02-14 13:30:00+00:00,4.36,73.4,173.0,25.49,163.0,279.25,2.76,202.0,102000.0
1990-02-14 14:30:00+00:00,4.56,70.7,84.0,0.0,84.0,306.95,2.97,208.0,101980.0
1990-02-14 15:30:00+00:00,4.36,76.25,111.0,39.76,101.0,303.25,2.69,211.0,101980.0
1990-02-14 16:30:00+00:00,4.14,79.2,28.0,0.0,28.0,316.6,2.69,212.0,101960.0
1990-02-14 17:30:00+00:00,3.69,82.25,0.0,0.0,0.0,319.1,2.69,215.0,101950.0
1990-02-14 18:30:00+00:00,3.17,85.4,0.0,0.0,0.0,313.1,2.69,219.0,101950.0
1990-02-14 19:30:00+00:00,3.08,88.7,0.0,0.0,0.0,321.05,2.48,214.0,101990.0
1990-02-14 20:30:00+00:00,3.01,92.15,0.0,0.0,0.0,319.7,2.62,218.0,101980.0
1990-02-14 21:30:00+00:00,3.09,92.15,0.0,0.0,0.0,323.75,2.69,225.0,101990.0
1990-02-14 22:30:00+00:00,3.1,92.15,0.0,0.0,0.0,322.4,2.69,233.0,101960.0
1990-02-14 23:30:00+00:00,2.92,92.15,0.0,0.0,0.0,310.4,2.69,236.0,101960.0
1990-02-15 00:30:00+00:00,2.89,92.15,0.0,0.0,0.0,309.45,2.62,240.0,101950.0
1990-02-15 01:30:00+00:00,2.6,95.7,0.0,0.0,0.0,293.5,2.69,243.0,101920.0
1990-02-15 02:30:00+00:00,2.17,95.65,0.0,0.0,0.0,277.1,2.83,244.0,101910.0
1990-02-15 03:30:00+00:00,1.84,99.4,0.0,0.0,0.0,269.2,3.03,245.0,101880.0
1990-02-15 04:30:00+00:00,1.79,99.4,0.0,0.0,0.0,274.8,3.1,243.0,101850.0
1990-02-15 05:30:00+00:00,1.92,95.65,0.0,0.0,0.0,282.35,3.24,241.0,101800.0
1990-02-15 06:30:00+00:00,2.33,95.65,0.0,0.0,0.0,300.15,3.31,245.0,101780.0
1990-02-15 07:30:00+00:00,2.72,92.15,0.0,0.0,0.0,291.85,3.59,255.0,101760.0
1990-02-15 08:30:00+00:00,3.06,92.15,25.0,0.0,25.0,290.1,3.79,256.0,101770.0
1990-02-15 09:30:00+00:00,4.15,88.8,54.0,0.0,54.0,309.65,4.21,258.0,101750.0
1990-02-15 10:30:00+00:00,5.16,88.85,37.0,0.0,37.0,322.4,4.28,260.0,101730.0
1990-02-15 11:30:00+00:00,6.1,88.95,161.0,18.17,154.0,318.15,4.14,260.0,101710.0
1990-02-15 12:30:00+00:00,6.82,89.0,177.0,21.87,168.0,332.1,3.93,263.0,101730.0
1990-02-15 13:30:00+00:00,7.64,85.85,58.0,0.0,58.0,339.45,5.03,281.0,101680.0
1990-02-15 14:30:00+00:00,8.25,85.85,51.0,0.0,51.0,339.45,4.55,291.0,101640.0
1990-02-15 15:30:00+00:00,8.19,85.85,159.0,179.2,113.0,340.2,4.83,297.0,101630.0
1990-02-15 16:30:00+00:00,7.77,82.7,52.0,28.78,48.0,335.75,4.48,295.0,101630.0
1990-02-15 17:30:00+00:00,7.2,85.8,0.0,0.0,0.0,327.85,4.21,294.0,101650.0
1990-02-15 18:30:00+00:00,6.51,89.0,0.0,0.0,0.0,314.1,4.07,294.0,101680.0
1990-02-15 19:30:00+00:00,6.51,92.35,0.0,0.0,0.0,321.85,4.07,293.0,101710.0
1990-02-15 20:30:00+00:00,6.28,95.8,0.0,0.0,0.0,314.85,3.86,295.0,101720.0
1990-02-15 21:30:00+00:00,6.29,95.8,0.0,0.0,0.0,321.85,3.59,295.0,101710.0
1990-02-15 22:30:00+00:00,6.38,95.8,0.0,0.0,0.0,329.75,3.38,293.0,101710.0
1990-02-15 23:30:00+00:00,6.42,92.35,0.0,0.0,0.0,328.4,3.52,295.0,101720.0
1990-02-16 00:30:00+00:00,6.13,92.3,0.0,0.0,0.0,303.85,3.59,296.0,101720.0
1990-02-16 01:30:00+00:00,5.83,95.75,0.0,0.0,0.0,299.3,3.31,291.0,101700.0
1990-02-16 02:30:00+00:00,5.25,95.75,0.0,0.0,0.0,281.6,3.17,287.0,101690.0
1990-02-16 03:30:00+00:00,4.99,92.25,0.0,0.0,0.0,281.75,3.45,286.0,101700.0
1990-02-16 04:30:00+00:00,4.82,95.75,0.0,0.0,0.0,280.2,3.45,284.0,101660.0
1990-02-16 05:30:00+00:00,4.67,95.75,0.0,0.0,0.0,277.3,3.52,281.0,101660.0
1990-02-16 06:30:00+00:00,4.63,95.75,0.0,0.0,0.0,280.6,3.59,282.0,101660.0
1990-02-16 07:30:00+00:00,5.35,95.75,0.0,0.0,0.0,303.45,3.66,281.0,101640.0
1990-02-16 08:30:00+00:00,5.6,95.75,29.0,9.76,28.0,307.1,3.66,279.0,101650.0
1990-02-16 09:30:00+00:00,6.51,92.35,91.0,26.32,85.0,324.75,3.52,280.0,101660.0
1990-02-16 10:30:00+00:00,7.29,89.0,247.0,346.28,134.0,332.1,4.41,282.0,101670.0
1990-02-16 11:30:00+00:00,8.01,85.85,322.0,437.53,151.0,336.35,5.17,288.0,101680.0
1990-02-16 12:30:00+00:00,8.87,82.75,396.0,704.92,102.0,336.95,5.59,294.0,101690.0
1990-02-16 13:30:00+00:00,9.29,76.95,371.0,642.27,112.0,343.1,5.86,296.0,101670.0
1990-02-16 14:30:00+00:00,9.29,76.95,242.0,236.91,159.0,332.3,5.59,295.0,101650.0
1990-02-16 15:30:00+00:00,9.05,76.95,166.0,198.53,114.0,297.25,4.83,289.0,101640.0
1990-02-16 16:30:00+00:00,8.49,76.85,59.0,41.66,53.0,304.8,4.62,282.0,101620.0
1990-02-16 17:30:00+00:00,7.67,79.7,0.0,0.0,0.0,305.55,4.69,280.0,101600.0
1990-02-16 18:30:00+00:00,6.97,79.65,0.0,0.0,0.0,306.75,4.69,282.0,101620.0
1990-02-16 19:30:00+00:00,6.5,82.6,0.0,0.0,0.0,292.4,4.97,287.0,101560.0
1990-02-16 20:30:00+00:00,6.16,85.7,0.0,0.0,0.0,292.05,4.83,291.0,101560.0
1990-02-16 21:30:00+00:00,6.19,88.95,0.0,0.0,0.0,305.4,4.62,296.0,101560.0
1990-02-16 22:30:00+00:00,6.27,88.95,0.0,0.0,0.0,309.05,4.41,301.0,101570.0
1990-02-16 23:30:00+00:00,6.3,88.95,0.0,0.0,0.0,304.4,4.48,303.0,101590.0
1990-02-17 00:30:00+00:00,6.33,88.95,0.0,0.0,0.0,302.1,4.48,302.0,101590.0
1990-02-17 01:30:00+00:00,6.21,88.95,0.0,0.0,0.0,296.6,4.55,299.0,101590.0
1990-02-17 02:30:00+00:00,5.96,88.95,0.0,0.0,0.0,287.95,4.62,298.0,101560.0
1990-02-17 03:30:00+00:00,5.97,92.3,0.0,0.0,0.0,297.65,4.9,299.0,101560.0
1990-02-17 04:30:00+00:00,6.18,92.3,0.0,0.0,0.0,313.7,5.1,302.0,101560.0
1990-02-17 05:30:00+00:00,6.51,89.0,0.0,0.0,0.0,329.2,5.03,304.0,101570.0
1990-02-17 06:30:00+00:00,6.67,89.0,0.0,0.0,0.0,333.05,4.9,304.0,101600.0
1990-02-17 07:30:00+00:00,6.87,92.35,0.0,0.0,0.0,328.6,4.55,305.0,101600.0
1990-02-17 08:30:00+00:00,6.98,89.0,43.0,55.74,37.0,325.7,4.28,307.0,101660.0
1990-02-17 09:30:00+00:00,7.45,89.05,76.0,8.57,74.0,331.9,4.14,310.0,101700.0
1990-02-17 10:30:00+00:00,7.94,89.05,149.0,33.15,138.0,341.55,4.41,312.0,101740.0
1990-02-17 11:30:00+00:00,8.5,89.1,297.0,312.86,173.0,341.2,4.21,311.0,101780.0
1990-02-17 12:30:00+00:00,9.01,85.95,241.0,99.39,199.0,341.0,4.48,311.0,101800.0
1990-02-17 13:30:00+00:00,9.52,85.95,189.0,34.25,175.0,332.65,4.55,309.0,101770.0
1990-02-17 14:30:00+00:00,9.71,85.95,155.0,28.11,145.0,312.95,4.28,311.0,101780.0
1990-02-17 15:30:00+00:00,9.54,85.95,128.0,59.89,112.0,334.4,3.86,316.0,101830.0
1990-02-17 16:30:00+00:00,9.19,89.1,57.0,33.53,52.0,344.65,3.17,315.0,101860.0
1990-02-17 17:30:00+00:00,8.55,92.4,0.0,0.0,0.0,342.15,2.9,316.0,101880.0
1990-02-17 18:30:00+00:00,8.07,95.8,0.0,0.0,0.0,344.3,2.69,320.0,101930.0
1990-02-17 19:30:00+00:00,8.25,95.8,0.0,0.0,0.0,349.9,2.62,312.0,101890.0
1990-02-17 20:30:00+00:00,7.93,95.8,0.0,0.0,0.0,342.15,2.62,309.0,101910.0
1990-02-17 21:30:00+00:00,7.77,95.8,0.0,0.0,0.0,346.2,2.62,309.0,101900.0
1990-02-17 22:30:00+00:00,7.56,95.8,0.0,0.0,0.0,344.5,2.62,309.0,101890.0
1990-02-17 23:30:00+00:00,7.34,95.8,0.0,0.0,0.0,341.55,2.48,312.0,101900.0
1990-02-18 00:30:00+00:00,7.35,95.8,0.0,0.0,0.0,347.55,2.14,319.0,101900.0
1990-02-18 01:30:00+00:00,7.34,95.8,0.0,0.0,0.0,347.7,1.86,324.0,101920.0
1990-02-18 02:30:00+00:00,7.23,95.8,0.0,0.0,0.0,346.2,1.72,320.0,101900.0
1990-02-18 03:30:00+00:00,7.16,95.8,0.0,0.0,0.0,347.4,1.66,313.0,101880.0
1990-02-18 04:30:00+00:00,7.07,95.8,0.0,0.0,0.0,346.8,1.72,307.0,101850.0
1990-02-18 05:30:00+00:00,7.0,95.8,0.0,0.0,0.0,346.4,1.66,307.0,101840.0
1990-02-18 06:30:00+00:00,6.96,95.8,0.0,0.0,0.0,348.95,1.31,309.0,101830.0
1990-02-18 07:30:00+00:00,6.8,99.4,0.0,0.0,0.0,346.4,1.03,308.0,101830.0
1990-02-18 08:30:00+00:00,6.65,99.4,43.0,44.28,38.0,342.75,0.97,307.0,101840.0
1990-02-18 09:30:00+00:00,6.9,95.8,65.0,0.0,65.0,338.3,1.1,296.0,101850.0
1990-02-18 10:30:00+00:00,7.33,99.4,54.0,0.0,54.0,340.0,1.52,295.0,101830.0
1990-02-18 11:30:00+00:00,7.62,95.8,66.0,0.0,66.0,336.95,1.45,291.0,101850.0
1990-02-18 12:30:00+00:00,8.12,95.8,61.0,0.0,61.0,340.2,1.79,305.0,101840.0
1990-02-18 13:30:00+00:00,8.38,95.8,72.0,0.0,72.0,347.4,1.86,304.0,101780.0
1990-02-18 14:30:00+00:00,8.28,95.8,66.0,0.0,66.0,347.95,1.86,301.0,101730.0
1990-02-18 15:30:00+00:00,8.09,95.8,68.0,0.0,68.0,344.1,1.66,296.0,101720.0
1990-02-18 16:30:00+00:00,7.99,95.8,52.0,19.45,49.0,344.1,1.59,298.0,101700.0
1990-02-18 17:30:00+00:00,7.7,95.8,0.0,0.0,0.0,340.8,1.52,304.0,101720.0
1990-02-18 18:30:00+00:00,7.24,95.8,0.0,0.0,0.0,336.15,1.52,312.0,101720.0
1990-02-18 19:30:00+00:00,7.15,95.8,0.0,0.0,0.0,341.2,1.72,336.0,101720.0
1990-02-18 20:30:00+00:00,6.99,95.8,0.0,0.0,0.0,340.0,1.59,330.0,101730.0
1990-02-18 21:30:00+00:00,6.79,95.8,0.0,0.0,0.0,337.7,1.66,317.0,101740.0
1990-02-18 22:30:00+00:00,6.49,95.8,0.0,0.0,0.0,332.1,1.93,307.0,101720.0
1990-02-18 23:30:00+00:00,6.26,95.8,0.0,0.0,0.0,331.5,2.21,308.0,101750.0
1990-02-19 00:30:00+00:00,6.06,92.3,0.0,0.0,0.0,334.2,2.34,312.0,101740.0
1990-02-19 01:30:00+00:00,5.94,88.95,0.0,0.0,0.0,334.7,2.41,315.0,101760.0
1990-02-19 02:30:00+00:00,5.74,88.9,0.0,0.0,0.0,331.3,2.41,317.0,101760.0
1990-02-19 03:30:00+00:00,5.49,82.5,0.0,0.0,0.0,326.1,2.34,318.0,101760.0
1990-02-19 04:30:00+00:00,5.08,82.4,0.0,0.0,0.0,317.55,2.28,317.0,101760.0
1990-02-19 05:30:00+00:00,4.01,85.5,0.0,0.0,0.0,278.3,2.41,315.0,101790.0
1990-02-19 06:30:00+00:00,3.35,88.7,0.0,0.0,0.0,277.3,2.34,312.0,101800.0
1990-02-19 07:30:00+00:00,3.01,92.15,0.0,0.0,0.0,289.7,1.93,294.0,101840.0
1990-02-19 08:30:00+00:00,2.67,95.7,85.0,439.75,33.0,275.95,2.0,286.0,101880.0
1990-02-19 09:30:00+00:00,3.54,92.15,205.0,544.63,72.0,266.1,1.93,273.0,101870.0
1990-02-19 10:30:00+00:00,5.41,88.9,306.0,597.9,101.0,270.35,2.28,266.0,101850.0
1990-02-19 11:30:00+00:00,7.01,79.65,201.0,49.08,181.0,275.2,2.9,269.0,101860.0
1990-02-19 12:30:00+00:00,8.05,76.8,120.0,0.0,120.0,266.65,3.45,274.0,101860.0
1990-02-19 13:30:00+00:00,8.55,71.35,138.0,2.38,137.0,275.0,3.93,280.0,101840.0
1990-02-19 14:30:00+00:00,9.1,68.8,223.0,139.13,172.0,300.95,4.97,295.0,101830.0
1990-02-19 15:30:00+00:00,9.1,71.4,179.0,201.64,123.0,323.95,4.41,298.0,101820.0
1990-02-19 16:30:00+00:00,8.64,74.05,66.0,43.94,59.0,337.1,3.1,291.0,101810.0
1990-02-19 17:30:00+00:00,7.78,79.7,0.0,0.0,0.0,318.35,2.69,283.0,101820.0
1990-02-19 18:30:00+00:00,7.32,82.65,0.0,0.0,0.0,330.95,2.97,286.0,101880.0
1990-02-19 19:30:00+00:00,7.17,85.8,0.0,0.0,0.0,335.4,3.24,291.0,101950.0
1990-02-19 20:30:00+00:00,6.89,89.0,0.0,0.0,0.0,338.5,3.52,298.0,101980.0
1990-02-19 21:30:00+00:00,6.39,92.3,0.0,0.0,0.0,327.25,3.24,304.0,102010.0
1990-02-19 22:30:00+00:00,5.85,92.3,0.0,0.0,0.0,317.55,2.62,306.0,101990.0
1990-02-19 23:30:00+00:00,4.97,92.25,0.0,0.0,0.0,291.25,2.41,307.0,102020.0
1990-02-20 00:30:00+00:00,4.52,95.75,0.0,0.0,0.0,297.45,2.21,313.0,102060.0
1990-02-20 01:30:00+00:00,4.01,95.75,0.0,0.0,0.0,294.05,2.07,319.0,102080.0
1990-02-20 02:30:00+00:00,3.91,95.75,0.0,0.0,0.0,306.75,1.79,323.0,102110.0
1990-02-20 03:30:00+00:00,3.27,99.4,0.0,0.0,0.0,283.7,1.79,320.0,102110.0
1990-02-20 04:30:00+00:00,3.38,95.7,0.0,0.0,0.0,311.4,1.38,310.0,102120.0
1990-02-20 05:30:00+00:00,3.06,95.7,0.0,0.0,0.0,297.85,1.66,299.0,102150.0
1990-02-20 06:30:00+00:00,3.01,95.7,0.0,0.0,0.0,305.4,1.52,293.0,102160.0
1990-02-20 07:30:00+00:00,2.42,95.7,0.0,0.0,0.0,290.65,1.79,293.0,102220.0
1990-02-20 08:30:00+00:00,2.69,99.4,72.0,210.26,46.0,296.65,1.66,291.0,102250.0
1990-02-20 09:30:00+00:00,3.42,95.7,189.0,380.4,94.0,283.7,1.93,290.0,102280.0
1990-02-20 10:30:00+00:00,4.72,92.25,295.0,499.31,121.0,314.65,2.07,288.0,102290.0
1990-02-20 11:30:00+00:00,5.61,85.65,388.0,670.43,111.0,305.4,2.41,292.0,102340.0
1990-02-20 12:30:00+00:00,6.34,82.55,256.0,102.42,211.0,320.85,2.55,290.0,102360.0
1990-02-20 13:30:00+00:00,6.75,76.65,233.0,79.93,199.0,319.7,2.69,282.0,102330.0
1990-02-20 14:30:00+00:00,6.97,71.15,262.0,247.3,170.0,301.3,2.97,281.0,102290.0
1990-02-20 15:30:00+00:00,7.12,68.5,195.0,257.93,122.0,302.1,3.17,282.0,102280.0
1990-02-20 16:30:00+00:00,6.91,65.95,109.0,291.92,61.0,307.9,3.17,284.0,102300.0
1990-02-20 17:30:00+00:00,6.38,73.7,0.0,0.0,0.0,302.85,2.55,279.0,102310.0
1990-02-20 18:30:00+00:00,5.91,73.7,0.0,0.0,0.0,318.15,2.48,276.0,102340.0
1990-02-20 19:30:00+00:00,5.94,70.95,0.0,0.0,0.0,323.0,2.07,276.0,102330.0
1990-02-20 20:30:00+00:00,5.64,76.5,0.0,0.0,0.0,321.25,2.07,276.0,102350.0
1990-02-20 21:30:00+00:00,5.4,76.5,0.0,0.0,0.0,323.0,2.21,276.0,102340.0
1990-02-20 22:30:00+00:00,5.22,79.35,0.0,0.0,0.0,320.5,2.21,273.0,102370.0
1990-02-20 23:30:00+00:00,5.32,82.4,0.0,0.0,0.0,331.1,2.28,272.0,102380.0
1990-02-21 00:30:00+00:00,5.32,82.4,0.0,0.0,0.0,328.8,2.55,273.0,102410.0
1990-02-21 01:30:00+00:00,5.21,82.4,0.0,0.0,0.0,329.1,2.9,269.0,102380.0
1990-02-21 02:30:00+00:00,5.2,82.4,0.0,0.0,0.0,330.75,3.1,270.0,102340.0
1990-02-21 03:30:00+00:00,5.27,82.4,0.0,0.0,0.0,334.6,3.31,273.0,102340.0
1990-02-21 04:30:00+00:00,5.25,82.4,0.0,0.0,0.0,331.5,3.45,276.0,102300.0
1990-02-21 05:30:00+00:00,5.35,82.4,0.0,0.0,0.0,334.2,3.45,280.0,102280.0
1990-02-21 06:30:00+00:00,5.37,82.4,0.0,0.0,0.0,332.3,3.45,282.0,102250.0
1990-02-21 07:30:00+00:00,4.59,88.85,0.0,0.0,0.0,307.7,3.17,280.0,102210.0
1990-02-21 08:30:00+00:00,4.45,88.85,82.0,294.28,44.0,297.65,3.31,280.0,102240.0
1990-02-21 09:30:00+00:00,5.16,88.85,218.0,587.49,68.0,285.25,3.86,283.0,102270.0
1990-02-21 10:30:00+00:00,6.7,79.55,338.0,748.29,73.0,291.05,4.97,292.0,102280.0
1990-02-21 11:30:00+00:00,7.46,76.8,415.0,804.58,78.0,293.2,4.76,289.0,102300.0
1990-02-21 12:30:00+00:00,8.46,76.85,429.0,743.74,98.0,286.2,4.97,288.0,102340.0
1990-02-21 13:30:00+00:00,9.11,74.15,429.0,812.19,79.0,285.85,5.17,286.0,102310.0
1990-02-21 14:30:00+00:00,9.56,71.5,349.0,683.48,91.0,289.5,5.17,282.0,102260.0
1990-02-21 15:30:00+00:00,9.61,71.5,184.0,201.16,126.0,286.8,5.03,278.0,102190.0
1990-02-21 16:30:00+00:00,9.3,74.15,111.0,288.99,62.0,282.35,4.83,276.0,102140.0
1990-02-21 17:30:00+00:00,8.3,79.7,0.0,0.0,0.0,275.6,4.34,277.0,102130.0
1990-02-21 18:30:00+00:00,7.2,79.65,0.0,0.0,0.0,279.85,4.07,283.0,102160.0
1990-02-21 19:30:00+00:00,6.14,82.55,0.0,0.0,0.0,269.75,4.34,289.0,102100.0
1990-02-21 20:30:00+00:00,6.01,82.55,0.0,0.0,0.0,292.4,4.14,283.0,102080.0
1990-02-21 21:30:00+00:00,5.77,85.65,0.0,0.0,0.0,286.6,4.28,276.0,102030.0
1990-02-21 22:30:00+00:00,6.03,82.55,0.0,0.0,0.0,308.3,4.62,275.0,102010.0
1990-02-21 23:30:00+00:00,5.86,85.65,0.0,0.0,0.0,289.5,4.55,275.0,102000.0
1990-02-22 00:30:00+00:00,6.03,82.55,0.0,0.0,0.0,296.5,4.41,275.0,102030.0
1990-02-22 01:30:00+00:00,6.67,82.6,0.0,0.0,0.0,323.9,4.34,274.0,102000.0
1990-02-22 02:30:00+00:00,7.1,82.65,0.0,0.0,0.0,332.3,4.41,273.0,101950.0
1990-02-22 03:30:00+00:00,7.61,82.7,0.0,0.0,0.0,345.85,4.83,276.0,101910.0
1990-02-22 04:30:00+00:00,7.9,85.85,0.0,0.0,0.0,345.45,5.52,278.0,101810.0
1990-02-22 05:30:00+00:00,8.01,89.05,0.0,0.0,0.0,337.7,6.0,280.0,101740.0
1990-02-22 06:30:00+00:00,7.73,89.05,0.0,0.0,0.0,313.5,6.14,284.0,101700.0
1990-02-22 07:30:00+00:00,7.42,85.85,0.0,0.0,0.0,307.5,5.86,294.0,101670.0
1990-02-22 08:30:00+00:00,7.33,85.8,97.0,423.28,40.0,303.45,5.52,298.0,101720.0
1990-02-22 09:30:00+00:00,7.79,82.7,108.0,26.82,101.0,318.15,5.1,301.0,101770.0
1990-02-22 10:30:00+00:00,8.36,76.8,163.0,33.35,151.0,326.5,6.28,306.0,101790.0
1990-02-22 11:30:00+00:00,8.88,71.35,126.0,0.0,126.0,306.35,6.55,311.0,101800.0
1990-02-22 12:30:00+00:00,9.3,66.25,95.0,0.0,95.0,306.15,6.97,311.0,101810.0
1990-02-22 13:30:00+00:00,9.24,63.8,201.0,29.78,188.0,324.55,6.9,311.0,101810.0
1990-02-22 14:30:00+00:00,9.35,63.8,214.0,94.01,178.0,315.05,6.9,313.0,101790.0
1990-02-22 15:30:00+00:00,9.29,63.8,181.0,163.46,133.0,316.6,6.41,312.0,101770.0
1990-02-22 16:30:00+00:00,8.97,66.25,100.0,166.01,71.0,329.2,5.17,308.0,101750.0
1990-02-22 17:30:00+00:00,8.22,73.95,6.0,0.0,6.0,305.75,5.24,305.0,101770.0
1990-02-22 18:30:00+00:00,7.26,76.7,0.0,0.0,0.0,298.4,4.97,304.0,101800.0
1990-02-22 19:30:00+00:00,6.35,85.7,0.0,0.0,0.0,286.2,4.76,301.0,101800.0
1990-02-22 20:30:00+00:00,6.05,85.7,0.0,0.0,0.0,288.35,4.55,302.0,101810.0
1990-02-22 21:30:00+00:00,5.77,88.9,0.0,0.0,0.0,286.4,4.28,300.0,101780.0
1990-02-22 22:30:00+00:00,5.38,88.85,0.0,0.0,0.0,272.3,4.07,300.0,101770.0
1990-02-22 23:30:00+00:00,5.43,85.65,0.0,0.0,0.0,288.75,4.0,301.0,101760.0
1990-02-23 00:30:00+00:00,5.49,88.9,0.0,0.0,0.0,293.2,3.86,302.0,101760.0
1990-02-23 01:30:00+00:00,6.0,85.7,0.0,0.0,0.0,323.7,3.93,301.0,101720.0
1990-02-23 02:30:00+00:00,6.17,88.95,0.0,0.0,0.0,321.45,4.14,300.0,101680.0
1990-02-23 03:30:00+00:00,6.51,85.75,0.0,0.0,0.0,335.75,4.41,302.0,101630.0
1990-02-23 04:30:00+00:00,6.58,85.75,0.0,0.0,0.0,329.95,4.55,303.0,101580.0
1990-02-23 05:30:00+00:00,6.76,89.0,0.0,0.0,0.0,336.95,4.69,303.0,101560.0
1990-02-23 06:30:00+00:00,6.8,89.0,0.0,0.0,0.0,334.6,4.83,303.0,101520.0
1990-02-23 07:30:00+00:00,6.76,89.0,0.0,0.0,0.0,335.4,5.03,310.0,101530.0
1990-02-23 08:30:00+00:00,6.92,85.8,97.0,385.01,43.0,337.3,4.83,310.0,101550.0
1990-02-23 09:30:00+00:00,7.15,85.8,191.0,318.76,106.0,330.35,4.21,306.0,101550.0
1990-02-23 10:30:00+00:00,7.65,79.7,321.0,582.62,108.0,318.95,6.0,313.0,101570.0
1990-02-23 11:30:00+00:00,8.19,79.7,235.0,83.66,199.0,333.05,5.66,314.0,101590.0
1990-02-23 12:30:00+00:00,8.56,76.85,253.0,85.44,214.0,340.4,5.03,315.0,101630.0
1990-02-23 13:30:00+00:00,8.96,76.95,302.0,214.86,207.0,341.2,5.03,317.0,101600.0
1990-02-23 14:30:00+00:00,9.3,76.95,189.0,48.91,170.0,338.85,5.1,319.0,101570.0
1990-02-23 15:30:00+00:00,9.45,74.2,177.0,147.17,133.0,340.6,5.1,321.0,101540.0
1990-02-23 16:30:00+00:00,9.25,79.85,89.0,94.53,72.0,344.3,4.21,321.0,101550.0
1990-02-23 17:30:00+00:00,8.9,82.75,2.0,0.0,2.0,343.7,3.59,320.0,101560.0
1990-02-23 18:30:00+00:00,8.39,89.05,0.0,0.0,0.0,342.95,3.1,318.0,101590.0
1990-02-23 19:30:00+00:00,8.25,89.05,0.0,0.0,0.0,346.2,2.76,323.0,101640.0
1990-02-23 20:30:00+00:00,8.09,89.05,0.0,0.0,0.0,346.4,2.48,321.0,101670.0
1990-02-23 21:30:00+00:00,7.59,89.05,0.0,0.0,0.0,330.15,2.28,317.0,101680.0
1990-02-23 22:30:00+00:00,6.99,92.35,0.0,0.0,0.0,316.4,2.28,313.0,101700.0
1990-02-23 23:30:00+00:00,6.85,95.8,0.0,0.0,0.0,326.65,2.28,310.0,101710.0
1990-02-24 00:30:00+00:00,6.81,95.8,0.0,0.0,0.0,333.25,2.34,310.0,101730.0
1990-02-24 01:30:00+00:00,6.92,92.35,0.0,0.0,0.0,339.15,2.28,310.0,101750.0
1990-02-24 02:30:00+00:00,6.94,92.35,0.0,0.0,0.0,340.4,2.21,310.0,101750.0
1990-02-24 03:30:00+00:00,6.74,95.8,0.0,0.0,0.0,332.85,2.07,307.0,101760.0
1990-02-24 04:30:00+00:00,6.61,95.8,0.0,0.0,0.0,333.65,2.0,301.0,101750.0
1990-02-24 05:30:00+00:00,6.56,95.8,0.0,0.0,0.0,337.7,1.93,294.0,101760.0
1990-02-24 06:30:00+00:00,6.37,99.4,0.0,0.0,0.0,331.1,2.0,285.0,101790.0
1990-02-24 07:30:00+00:00,6.53,95.8,0.0,0.0,0.0,337.9,1.79,285.0,101820.0
1990-02-24 08:30:00+00:00,6.67,95.8,80.0,164.49,56.0,329.4,1.86,281.0,101850.0
1990-02-24 09:30:00+00:00,7.24,95.8,118.0,36.71,108.0,332.3,2.0,280.0,101880.0
1990-02-24 10:30:00+00:00,8.16,92.4,158.0,24.23,149.0,335.0,2.34,281.0,101890.0
1990-02-24 11:30:00+00:00,8.98,85.95,202.0,34.4,187.0,342.95,2.62,280.0,101920.0
1990-02-24 12:30:00+00:00,9.52,85.95,177.0,8.65,173.0,340.4,2.97,275.0,101930.0
1990-02-24 13:30:00+00:00,9.93,85.95,233.0,62.53,205.0,329.55,3.24,276.0,101910.0
1990-02-24 14:30:00+00:00,9.96,82.95,200.0,58.39,177.0,342.95,3.17,277.0,101890.0
1990-02-24 15:30:00+00:00,9.52,82.9,134.0,36.15,123.0,344.85,2.9,276.0,101880.0
1990-02-24 16:30:00+00:00,9.15,85.95,76.0,37.84,69.0,341.2,2.55,275.0,101870.0
1990-02-24 17:30:00+00:00,8.73,89.1,5.0,0.0,5.0,342.55,2.14,273.0,101860.0
1990-02-24 18:30:00+00:00,8.16,89.05,0.0,0.0,0.0,340.4,1.93,271.0,101870.0
1990-02-24 19:30:00+00:00,8.29,95.8,0.0,0.0,0.0,341.4,1.52,258.0,101890.0
1990-02-24 20:30:00+00:00,7.9,95.8,0.0,0.0,0.0,336.55,1.59,259.0,101900.0
1990-02-24 21:30:00+00:00,7.56,92.4,0.0,0.0,0.0,333.25,1.59,260.0,101900.0
1990-02-24 22:30:00+00:00,7.55,92.4,0.0,0.0,0.0,342.35,1.52,256.0,101900.0
1990-02-24 23:30:00+00:00,7.5,92.4,0.0,0.0,0.0,342.55,1.59,245.0,101900.0
1990-02-25 00:30:00+00:00,7.55,92.4,0.0,0.0,0.0,344.65,1.79,244.0,101900.0
1990-02-25 01:30:00+00:00,7.54,92.4,0.0,0.0,0.0,344.2,2.21,251.0,101890.0
1990-02-25 02:30:00+00:00,7.46,92.4,0.0,0.0,0.0,341.55,2.62,256.0,101870.0
1990-02-25 03:30:00+00:00,7.16,92.35,0.0,0.0,0.0,333.05,2.9,257.0,101830.0
1990-02-25 04:30:00+00:00,6.95,89.0,0.0,0.0,0.0,334.4,3.17,257.0,101780.0
1990-02-25 05:30:00+00:00,6.73,92.35,0.0,0.0,0.0,328.8,3.38,255.0,101770.0
1990-02-25 06:30:00+00:00,6.65,89.0,0.0,0.0,0.0,327.85,3.59,254.0,101790.0
1990-02-25 07:30:00+00:00,6.48,89.0,0.0,0.0,0.0,316.6,3.72,246.0,101800.0
1990-02-25 08:30:00+00:00,6.61,89.0,53.0,19.79,50.0,308.85,3.93,246.0,101810.0
1990-02-25 09:30:00+00:00,7.13,85.8,94.0,7.19,92.0,291.05,4.14,245.0,101840.0
1990-02-25 10:30:00+00:00,8.05,79.7,198.0,71.58,171.0,285.85,5.72,256.0,101840.0
1990-02-25 11:30:00+00:00,8.74,76.85,390.0,543.1,150.0,286.6,5.86,258.0,101830.0
1990-02-25 12:30:00+00:00,9.41,71.4,353.0,297.07,214.0,305.55,5.79,259.0,101830.0
1990-02-25 13:30:00+00:00,9.89,68.9,229.0,52.93,205.0,332.85,5.66,259.0,101760.0
1990-02-25 14:30:00+00:00,10.42,66.45,73.0,0.0,73.0,338.5,5.45,256.0,101680.0
1990-02-25 15:30:00+00:00,10.26,66.45,94.0,3.23,93.0,342.75,4.97,252.0,101620.0
1990-02-25 16:30:00+00:00,9.86,68.9,68.0,15.78,65.0,338.3,5.03,258.0,101610.0
1990-02-25 17:30:00+00:00,9.31,74.15,6.0,0.0,6.0,343.5,4.69,265.0,101600.0
1990-02-25 18:30:00+00:00,8.66,79.75,0.0,0.0,0.0,342.95,4.07,271.0,101630.0
1990-02-25 19:30:00+00:00,8.02,82.7,0.0,0.0,0.0,344.1,4.07,271.0,101660.0
1990-02-25 20:30:00+00:00,7.68,82.7,0.0,0.0,0.0,341.0,3.86,272.0,101680.0
1990-02-25 21:30:00+00:00,7.08,82.65,0.0,0.0,0.0,316.2,3.86,268.0,101650.0
1990-02-25 22:30:00+00:00,6.79,82.6,0.0,0.0,0.0,315.85,4.07,261.0,101600.0
1990-02-25 23:30:00+00:00,6.38,82.55,0.0,0.0,0.0,298.8,4.41,264.0,101610.0
1990-02-26 00:30:00+00:00,5.91,79.5,0.0,0.0,0.0,282.15,4.62,264.0,101610.0
1990-02-26 01:30:00+00:00,5.5,79.4,0.0,0.0,0.0,278.4,4.55,262.0,101560.0
1990-02-26 02:30:00+00:00,5.25,82.4,0.0,0.0,0.0,282.95,4.55,263.0,101530.0
1990-02-26 03:30:00+00:00,4.8,82.35,0.0,0.0,0.0,269.0,4.55,265.0,101540.0
1990-02-26 04:30:00+00:00,4.51,82.35,0.0,0.0,0.0,268.2,4.55,266.0,101510.0
1990-02-26 05:30:00+00:00,4.23,85.5,0.0,0.0,0.0,267.65,4.41,263.0,101470.0
1990-02-26 06:30:00+00:00,4.02,85.5,0.0,0.0,0.0,272.1,4.55,263.0,101430.0
1990-02-26 07:30:00+00:00,4.4,85.55,0.0,0.0,0.0,275.2,5.17,268.0,101380.0
1990-02-26 08:30:00+00:00,4.9,82.4,43.0,0.0,43.0,290.3,5.66,272.0,101400.0
1990-02-26 09:30:00+00:00,5.47,79.4,45.0,0.0,45.0,300.35,5.79,271.0,101360.0
1990-02-26 10:30:00+00:00,5.94,79.5,48.0,0.0,48.0,300.75,4.69,265.0,101310.0
1990-02-26 11:30:00+00:00,6.36,82.55,71.0,0.0,71.0,308.1,4.76,262.0,101320.0
1990-02-26 12:30:00+00:00,7.28,76.7,92.0,0.0,92.0,313.3,6.28,274.0,101310.0
1990-02-26 13:30:00+00:00,8.01,73.95,96.0,0.0,96.0,318.15,5.72,276.0,101320.0
1990-02-26 14:30:00+00:00,8.25,73.95,73.0,0.0,73.0,325.1,6.34,278.0,101270.0
1990-02-26 15:30:00+00:00,8.46,71.35,88.0,0.0,88.0,319.9,6.34,278.0,101250.0
1990-02-26 16:30:00+00:00,8.4,73.95,68.0,15.36,65.0,313.1,6.0,276.0,101230.0
1990-02-26 17:30:00+00:00,8.02,71.25,4.0,0.0,4.0,308.85,5.31,274.0,101210.0
1990-02-26 18:30:00+00:00,7.4,73.9,0.0,0.0,0.0,305.75,4.83,271.0,101210.0
1990-02-26 19:30:00+00:00,6.83,79.55,0.0,0.0,0.0,294.95,4.97,261.0,101160.0
1990-02-26 20:30:00+00:00,6.78,79.55,0.0,0.0,0.0,310.4,4.9,257.0,101160.0
1990-02-26 21:30:00+00:00,6.94,79.65,0.0,0.0,0.0,329.4,4.83,253.0,101130.0
1990-02-26 22:30:00+00:00,7.15,82.65,0.0,0.0,0.0,334.6,4.76,255.0,101090.0
1990-02-26 23:30:00+00:00,7.44,82.7,0.0,0.0,0.0,337.9,4.9,259.0,101050.0
1990-02-27 00:30:00+00:00,7.7,89.05,0.0,0.0,0.0,333.25,5.1,263.0,101030.0
1990-02-27 01:30:00+00:00,7.93,89.05,0.0,0.0,0.0,335.3,5.24,265.0,101030.0
1990-02-27 02:30:00+00:00,8.11,89.05,0.0,0.0,0.0,336.15,5.45,265.0,100990.0
1990-02-27 03:30:00+00:00,8.24,89.05,0.0,0.0,0.0,339.05,5.59,268.0,100980.0
1990-02-27 04:30:00+00:00,8.26,85.85,0.0,0.0,0.0,338.5,5.59,271.0,100950.0
1990-02-27 05:30:00+00:00,8.3,85.85,0.0,0.0,0.0,341.2,5.45,275.0,100950.0
1990-02-27 06:30:00+00:00,8.27,85.85,0.0,0.0,0.0,338.85,5.17,279.0,100960.0
1990-02-27 07:30:00+00:00,8.14,85.85,0.0,0.0,0.0,334.2,5.17,277.0,100930.0
1990-02-27 08:30:00+00:00,8.15,89.05,98.0,220.63,62.0,312.55,4.83,278.0,100960.0
1990-02-27 09:30:00+00:00,8.9,89.1,132.0,44.85,119.0,320.1,4.41,274.0,100940.0
1990-02-27 10:30:00+00:00,9.79,82.9,197.0,61.71,173.0,317.55,5.45,278.0,100940.0
1990-02-27 11:30:00+00:00,10.77,80.05,122.0,0.0,122.0,303.85,6.14,280.0,100980.0
1990-02-27 12:30:00+00:00,10.99,77.2,110.0,0.0,110.0,345.85,5.59,274.0,101010.0
1990-02-27 13:30:00+00:00,10.8,80.05,96.0,0.0,96.0,353.2,4.83,266.0,101010.0
1990-02-27 14:30:00+00:00,10.68,80.05,141.0,4.87,139.0,355.5,4.55,261.0,100970.0
1990-02-27 15:30:00+00:00,10.52,80.05,206.0,196.7,143.0,354.35,4.34,257.0,100940.0
1990-02-27 16:30:00+00:00,10.12,79.95,91.0,59.88,79.0,352.6,3.79,255.0,100940.0
1990-02-27 17:30:00+00:00,9.71,79.9,8.0,0.0,8.0,351.05,4.0,254.0,100910.0
1990-02-27 18:30:00+00:00,8.92,76.95,0.0,0.0,0.0,339.05,4.0,253.0,100930.0
1990-02-27 19:30:00+00:00,8.26,79.7,0.0,0.0,0.0,341.55,3.79,255.0,100910.0
1990-02-27 20:30:00+00:00,7.66,76.8,0.0,0.0,0.0,330.55,3.79,254.0,100920.0
1990-02-27 21:30:00+00:00,7.1,76.7,0.0,0.0,0.0,320.3,3.52,252.0,100890.0
1990-02-27 22:30:00+00:00,6.36,79.5,0.0,0.0,0.0,300.75,3.03,246.0,100880.0
1990-02-27 23:30:00+00:00,6.07,79.5,0.0,0.0,0.0,311.55,2.9,241.0,100860.0
1990-02-28 00:30:00+00:00,5.56,82.5,0.0,0.0,0.0,299.2,2.97,239.0,100850.0
1990-02-28 01:30:00+00:00,5.51,85.65,0.0,0.0,0.0,308.0,3.1,237.0,100860.0
1990-02-28 02:30:00+00:00,5.22,88.85,0.0,0.0,0.0,302.65,3.17,237.0,100800.0
1990-02-28 03:30:00+00:00,4.94,88.85,0.0,0.0,0.0,298.6,3.24,237.0,100760.0
1990-02-28 04:30:00+00:00,4.37,95.75,0.0,0.0,0.0,280.4,3.17,236.0,100690.0
1990-02-28 05:30:00+00:00,4.24,95.75,0.0,0.0,0.0,289.7,3.17,233.0,100670.0
1990-02-28 06:30:00+00:00,4.22,95.75,0.0,0.0,0.0,294.75,3.1,230.0,100630.0
1990-02-28 07:30:00+00:00,4.36,95.75,0.0,0.0,0.0,286.6,3.24,222.0,100570.0
1990-02-28 08:30:00+00:00,4.93,88.85,88.0,112.41,69.0,297.25,3.03,221.0,100580.0
1990-02-28 09:30:00+00:00,6.16,85.7,67.0,0.0,67.0,308.85,3.52,222.0,100560.0
1990-02-28 10:30:00+00:00,7.23,79.65,168.0,20.26,160.0,322.4,4.0,230.0,100540.0
1990-02-28 11:30:00+00:00,8.08,73.95,97.0,0.0,97.0,318.95,4.14,240.0,100500.0
1990-02-28 12:30:00+00:00,8.57,71.35,79.0,0.0,79.0,315.05,3.59,237.0,100460.0
1990-02-28 13:30:00+00:00,8.97,66.25,215.0,27.64,202.0,325.9,3.38,230.0,100380.0
1990-02-28 14:30:00+00:00,8.96,66.25,121.0,0.0,121.0,332.5,3.17,217.0,100330.0
1990-02-28 15:30:00+00:00,8.91,71.35,164.0,61.42,144.0,335.4,3.1,209.0,100300.0
1990-02-28 16:30:00+00:00,8.18,77.05,137.0,262.7,83.0,338.56,1.47,203.0,100260.0
1990-02-28 17:30:00+00:00,7.96,76.88,24.0,78.19,19.0,332.17,1.97,195.0,100220.0
1990-02-28 18:30:00+00:00,7.75,76.71,0.0,0.0,0.0,325.77,2.47,188.0,100200.0
1990-02-28 19:30:00+00:00,7.53,76.54,0.0,0.0,0.0,319.37,2.97,194.0,100220.0
1990-02-28 20:30:00+00:00,7.31,76.37,0.0,0.0,0.0,312.97,3.47,193.0,100190.0
1990-02-28 21:30:00+00:00,7.1,76.2,0.0,0.0,0.0,306.58,3.98,193.0,100150.0
1990-02-28 22:30:00+00:00,6.88,76.03,0.0,0.0,0.0,300.18,4.48,192.0,100140.0
1990-02-28 23:30:00+00:00,6.66,75.85,0.0,0.0,0.0,293.78,4.98,192.0,100120.0
1990-03-01 00:30:00+00:00,6.45,75.68,0.0,0.0,0.0,287.38,5.48,250.0,98270.0
1990-03-01 01:30:00+00:00,6.23,75.51,0.0,0.0,0.0,280.98,5.99,253.0,98370.0
1990-03-01 02:30:00+00:00,6.02,75.34,0.0,0.0,0.0,274.59,6.49,253.0,98430.0
1990-03-01 03:30:00+00:00,5.8,75.17,0.0,0.0,0.0,268.19,6.99,253.0,98470.0
1990-03-01 04:30:00+00:00,5.58,75.0,0.0,0.0,0.0,261.79,7.49,252.0,98520.0
1990-03-01 05:30:00+00:00,5.37,74.83,0.0,0.0,0.0,255.39,8.0,250.0,98580.0
1990-03-01 06:30:00+00:00,5.15,74.65,0.0,0.0,0.0,249.0,8.5,249.0,98680.0
1990-03-01 07:30:00+00:00,4.93,74.48,5.0,0.0,5.0,242.6,9.0,246.0,98690.0
1990-03-01 08:30:00+00:00,4.91,73.45,130.0,405.91,59.0,248.65,7.45,247.0,98750.0
1990-03-01 09:30:00+00:00,5.7,68.2,227.0,338.06,125.0,242.1,6.9,244.0,98820.0
1990-03-01 10:30:00+00:00,6.52,65.75,374.0,648.72,114.0,247.5,8.62,251.0,98850.0
1990-03-01 11:30:00+00:00,7.25,58.8,403.0,474.9,182.0,253.3,8.76,252.0,98890.0
1990-03-01 12:30:00+00:00,7.91,54.55,0.0,0.0,0.0,264.35,8.28,248.0,98920.0
1990-03-01 13:30:00+00:00,8.53,48.65,133.0,0.0,133.0,262.8,8.34,245.0,98830.0
1990-03-01 14:30:00+00:00,7.9,56.7,89.0,0.0,89.0,281.95,7.45,230.0,98750.0
1990-03-01 15:30:00+00:00,5.58,85.6,71.0,0.0,71.0,315.25,7.38,204.0,98560.0
1990-03-01 16:30:00+00:00,5.3,88.85,177.0,555.3,60.0,320.1,8.97,216.0,98380.0
1990-03-01 17:30:00+00:00,5.45,85.6,31.0,130.61,22.0,297.45,8.69,226.0,98290.0
1990-03-01 18:30:00+00:00,4.59,88.8,0.0,0.0,0.0,291.25,8.69,254.0,98350.0
1990-03-01 19:30:00+00:00,3.82,82.25,0.0,0.0,0.0,273.25,7.1,270.0,98550.0
1990-03-01 20:30:00+00:00,3.07,85.35,0.0,0.0,0.0,252.35,6.62,267.0,98680.0
1990-03-01 21:30:00+00:00,2.7,82.15,0.0,0.0,0.0,244.05,6.41,262.0,98730.0
1990-03-01 22:30:00+00:00,2.44,79.0,0.0,0.0,0.0,232.6,6.28,261.0,98800.0
1990-03-01 23:30:00+00:00,2.3,76.0,0.0,0.0,0.0,233.0,6.0,260.0,98870.0
1990-03-02 00:30:00+00:00,2.04,75.95,0.0,0.0,0.0,226.6,5.66,258.0,98910.0
1990-03-02 01:30:00+00:00,1.74,75.95,0.0,0.0,0.0,227.7,5.17,254.0,98960.0
1990-03-02 02:30:00+00:00,1.42,82.0,0.0,0.0,0.0,227.2,5.03,249.0,98980.0
1990-03-02 03:30:00+00:00,1.29,82.0,0.0,0.0,0.0,229.5,5.1,247.0,99010.0
1990-03-02 04:30:00+00:00,1.1,82.0,0.0,0.0,0.0,228.55,5.03,244.0,99010.0
1990-03-02 05:30:00+00:00,0.87,81.95,0.0,0.0,0.0,224.85,4.97,240.0,99030.0
1990-03-02 06:30:00+00:00,0.88,81.95,0.0,0.0,0.0,228.95,5.24,236.0,99040.0
1990-03-02 07:30:00+00:00,1.69,78.95,7.0,0.0,7.0,242.5,6.28,238.0,99050.0
1990-03-02 08:30:00+00:00,2.51,79.0,146.0,514.23,53.0,251.0,6.97,246.0,99140.0
1990-03-02 09:30:00+00:00,3.28,70.4,259.0,487.49,109.0,245.0,6.97,250.0,99210.0
1990-03-02 10:30:00+00:00,3.99,57.95,390.0,690.84,109.0,234.55,8.97,260.0,99270.0
1990-03-02 11:30:00+00:00,4.69,53.8,455.0,676.91,136.0,234.55,9.24,269.0,99360.0
1990-03-02 12:30:00+00:00,5.56,51.8,0.0,0.0,0.0,243.25,9.45,275.0,99450.0
1990-03-02 13:30:00+00:00,5.98,48.0,466.0,682.98,137.0,256.05,9.38,277.0,99580.0
1990-03-02 14:30:00+00:00,6.24,48.15,194.0,28.11,182.0,237.65,8.97,273.0,99690.0
1990-03-02 15:30:00+00:00,6.14,48.0,317.0,684.0,87.0,240.55,8.34,267.0,99770.0
1990-03-02 16:30:00+00:00,5.61,44.15,166.0,416.99,76.0,248.85,7.31,264.0,99870.0
1990-03-02 17:30:00+00:00,4.72,47.7,40.0,243.67,22.0,260.3,6.28,256.0,99940.0
1990-03-02 18:30:00+00:00,3.64,55.7,0.0,0.0,0.0,235.3,5.38,248.0,100000.0
1990-03-02 19:30:00+00:00,3.04,67.6,0.0,0.0,0.0,235.5,5.52,240.0,100090.0
1990-03-02 20:30:00+00:00,2.53,65.0,0.0,0.0,0.0,228.75,5.52,235.0,100130.0
1990-03-02 21:30:00+00:00,2.3,65.0,0.0,0.0,0.0,231.65,5.86,233.0,100150.0
1990-03-02 22:30:00+00:00,2.3,67.6,0.0,0.0,0.0,247.5,5.86,235.0,100180.0
1990-03-02 23:30:00+00:00,1.97,73.0,0.0,0.0,0.0,234.95,5.59,236.0,100200.0
1990-03-03 00:30:00+00:00,1.6,73.0,0.0,0.0,0.0,227.6,5.17,234.0,100230.0
1990-03-03 01:30:00+00:00,1.25,78.9,0.0,0.0,0.0,225.95,4.97,229.0,100220.0
1990-03-03 02:30:00+00:00,0.97,81.95,0.0,0.0,0.0,225.45,4.83,227.0,100210.0
1990-03-03 03:30:00+00:00,1.03,85.2,0.0,0.0,0.0,240.15,4.69,225.0,100190.0
1990-03-03 04:30:00+00:00,1.32,82.0,0.0,0.0,0.0,261.25,4.69,224.0,100160.0
1990-03-03 05:30:00+00:00,1.47,85.25,0.0,0.0,0.0,269.2,4.62,224.0,100150.0
1990-03-03 06:30:00+00:00,1.35,85.25,0.0,0.0,0.0,279.25,4.41,223.0,100140.0
1990-03-03 07:30:00+00:00,1.19,92.05,12.0,49.07,10.0,283.9,4.28,231.0,100100.0
1990-03-03 08:30:00+00:00,1.57,92.05,129.0,294.39,74.0,257.75,4.62,239.0,100140.0
1990-03-03 09:30:00+00:00,2.84,88.65,229.0,290.08,138.0,233.6,5.24,242.0,100190.0
1990-03-03 10:30:00+00:00,4.11,76.15,405.0,738.97,100.0,232.6,7.24,257.0,100210.0
1990-03-03 11:30:00+00:00,4.98,62.95,383.0,354.17,214.0,250.6,7.31,262.0,100270.0
1990-03-03 12:30:00+00:00,5.64,53.9,0.0,0.0,0.0,253.5,7.38,264.0,100300.0
1990-03-03 13:30:00+00:00,6.14,48.0,370.0,283.15,232.0,244.05,7.45,266.0,100320.0
1990-03-03 14:30:00+00:00,6.24,44.45,149.0,2.31,148.0,247.7,7.31,269.0,100340.0
1990-03-03 15:30:00+00:00,6.04,44.3,307.0,591.38,105.0,245.4,7.38,269.0,100380.0
1990-03-03 16:30:00+00:00,5.33,49.8,144.0,226.29,94.0,249.45,6.28,262.0,100440.0
1990-03-03 17:30:00+00:00,4.37,55.85,42.0,202.97,26.0,237.25,6.07,255.0,100470.0
1990-03-03 18:30:00+00:00,3.29,62.6,0.0,0.0,0.0,230.5,5.52,249.0,100550.0
1990-03-03 19:30:00+00:00,2.85,67.6,0.0,0.0,0.0,227.2,6.28,247.0,100610.0
1990-03-03 20:30:00+00:00,2.69,70.3,0.0,0.0,0.0,242.85,6.69,248.0,100650.0
1990-03-03 21:30:00+00:00,2.92,70.3,0.0,0.0,0.0,263.4,6.97,253.0,100690.0
1990-03-03 22:30:00+00:00,2.99,73.1,0.0,0.0,0.0,251.75,6.97,260.0,100760.0
1990-03-03 23:30:00+00:00,3.01,76.0,0.0,0.0,0.0,251.0,6.97,264.0,100830.0
1990-03-04 00:30:00+00:00,3.0,79.0,0.0,0.0,0.0,256.6,6.97,266.0,100890.0
1990-03-04 01:30:00+00:00,2.7,76.0,0.0,0.0,0.0,244.9,6.83,267.0,100960.0
1990-03-04 02:30:00+00:00,2.29,76.0,0.0,0.0,0.0,230.3,6.69,270.0,101010.0
1990-03-04 03:30:00+00:00,2.17,76.0,0.0,0.0,0.0,237.85,6.76,272.0,101040.0
1990-03-04 04:30:00+00:00,2.2,76.0,0.0,0.0,0.0,245.75,6.76,274.0,101080.0
1990-03-04 05:30:00+00:00,2.32,76.0,0.0,0.0,0.0,259.7,6.83,276.0,101150.0
1990-03-04 06:30:00+00:00,2.39,79.0,0.0,0.0,0.0,267.25,6.9,278.0,101230.0
1990-03-04 07:30:00+00:00,2.54,79.0,21.0,192.7,12.0,261.85,6.83,280.0,101370.0
1990-03-04 08:30:00+00:00,2.92,79.0,101.0,103.71,81.0,240.75,6.97,284.0,101490.0
1990-03-04 09:30:00+00:00,4.14,76.25,135.0,25.02,127.0,247.7,6.34,284.0,101590.0
1990-03-04 10:30:00+00:00,5.65,70.85,313.0,286.58,193.0,256.8,8.55,296.0,101700.0
1990-03-04 11:30:00+00:00,6.58,68.3,316.0,159.39,239.0,271.3,9.24,302.0,101830.0
1990-03-04 12:30:00+00:00,7.09,65.85,436.0,444.49,210.0,276.55,9.24,306.0,101920.0
1990-03-04 13:30:00+00:00,7.51,63.5,334.0,182.54,244.0,261.45,8.55,308.0,101980.0
1990-03-04 14:30:00+00:00,7.68,61.2,308.0,221.5,211.0,265.7,7.93,307.0,102050.0
1990-03-04 15:30:00+00:00,7.6,65.95,253.0,285.41,154.0,270.35,7.03,303.0,102160.0
1990-03-04 16:30:00+00:00,7.16,65.95,148.0,230.01,96.0,266.65,6.34,299.0,102260.0
1990-03-04 17:30:00+00:00,6.31,70.95,42.0,179.04,27.0,255.65,5.59,296.0,102340.0
1990-03-04 18:30:00+00:00,5.08,76.3,0.0,0.0,0.0,251.4,4.83,294.0,102460.0
1990-03-04 19:30:00+00:00,4.28,82.3,0.0,0.0,0.0,241.9,4.28,292.0,102590.0
1990-03-04 20:30:00+00:00,3.64,82.25,0.0,0.0,0.0,241.9,4.0,288.0,102670.0
1990-03-04 21:30:00+00:00,3.12,85.4,0.0,0.0,0.0,240.55,3.79,285.0,102730.0
1990-03-04 22:30:00+00:00,2.56,85.35,0.0,0.0,0.0,238.6,3.31,280.0,102790.0
1990-03-04 23:30:00+00:00,1.98,85.3,0.0,0.0,0.0,239.0,3.1,271.0,102820.0
1990-03-05 00:30:00+00:00,1.56,88.6,0.0,0.0,0.0,241.15,3.03,262.0,102820.0
1990-03-05 01:30:00+00:00,1.23,85.25,0.0,0.0,0.0,242.8,3.03,254.0,102850.0
1990-03-05 02:30:00+00:00,1.03,88.55,0.0,0.0,0.0,242.3,3.17,250.0,102850.0
1990-03-05 03:30:00+00:00,0.89,88.55,0.0,0.0,0.0,241.3,3.17,245.0,102870.0
1990-03-05 04:30:00+00:00,0.89,88.55,0.0,0.0,0.0,245.6,3.24,242.0,102830.0
1990-03-05 05:30:00+00:00,1.06,88.55,0.0,0.0,0.0,253.1,3.38,239.0,102810.0
1990-03-05 06:30:00+00:00,1.25,88.6,0.0,0.0,0.0,257.4,3.52,236.0,102790.0
1990-03-05 07:30:00+00:00,1.44,92.05,14.0,18.98,13.0,249.85,3.79,233.0,102820.0
1990-03-05 08:30:00+00:00,2.47,92.15,137.0,301.68,77.0,251.95,3.79,232.0,102840.0
1990-03-05 09:30:00+00:00,4.36,88.8,168.0,70.6,145.0,247.3,4.41,233.0,102830.0
1990-03-05 10:30:00+00:00,6.42,82.55,156.0,7.06,153.0,253.7,5.24,237.0,102810.0
1990-03-05 11:30:00+00:00,8.07,76.8,220.0,24.54,208.0,260.65,6.21,244.0,102750.0
1990-03-05 12:30:00+00:00,9.05,68.8,182.0,3.89,180.0,280.4,6.41,247.0,102720.0
1990-03-05 13:30:00+00:00,9.35,63.9,173.0,2.01,172.0,308.85,6.69,252.0,102670.0
1990-03-05 14:30:00+00:00,9.35,61.55,187.0,18.04,179.0,334.8,6.48,254.0,102620.0
1990-03-05 15:30:00+00:00,9.47,61.55,162.0,36.91,149.0,328.6,6.21,254.0,102590.0
1990-03-05 16:30:00+00:00,9.33,61.55,100.0,38.93,91.0,332.85,5.45,252.0,102560.0
1990-03-05 17:30:00+00:00,8.72,63.8,20.0,0.0,20.0,320.3,5.03,250.0,102550.0
1990-03-05 18:30:00+00:00,7.9,68.6,0.0,0.0,0.0,315.25,4.48,248.0,102550.0
1990-03-05 19:30:00+00:00,6.56,76.55,0.0,0.0,0.0,278.1,4.14,243.0,102580.0
1990-03-05 20:30:00+00:00,5.76,76.5,0.0,0.0,0.0,268.8,3.93,241.0,102600.0
1990-03-05 21:30:00+00:00,5.04,82.35,0.0,0.0,0.0,263.4,3.86,237.0,102610.0
1990-03-05 22:30:00+00:00,4.27,85.5,0.0,0.0,0.0,255.65,3.86,234.0,102600.0
1990-03-05 23:30:00+00:00,3.77,92.15,0.0,0.0,0.0,257.0,3.93,231.0,102560.0
1990-03-06 00:30:00+00:00,3.36,95.7,0.0,0.0,0.0,254.65,4.0,229.0,102520.0
1990-03-06 01:30:00+00:00,3.03,95.7,0.0,0.0,0.0,255.95,4.0,230.0,102500.0
1990-03-06 02:30:00+00:00,2.98,95.7,0.0,0.0,0.0,264.15,3.93,231.0,102490.0
1990-03-06 03:30:00+00:00,2.96,95.7,0.0,0.0,0.0,271.3,3.79,229.0,102470.0
1990-03-06 04:30:00+00:00,2.69,95.7,0.0,0.0,0.0,263.6,3.66,224.0,102420.0
1990-03-06 05:30:00+00:00,2.49,92.15,0.0,0.0,0.0,261.05,3.66,224.0,102420.0
1990-03-06 06:30:00+00:00,2.38,92.15,0.0,0.0,0.0,260.1,3.72,226.0,102440.0
1990-03-06 07:30:00+00:00,2.85,92.15,19.0,51.09,16.0,259.15,4.07,222.0,102420.0
1990-03-06 08:30:00+00:00,3.81,88.75,149.0,351.28,77.0,260.1,4.07,220.0,102410.0
1990-03-06 09:30:00+00:00,5.28,85.6,110.0,3.01,109.0,259.3,4.97,215.0,102370.0
1990-03-06 10:30:00+00:00,6.81,76.65,302.0,225.17,205.0,261.25,6.97,217.0,102250.0
1990-03-06 11:30:00+00:00,7.62,73.9,445.0,539.43,178.0,274.2,6.83,219.0,102170.0
1990-03-06 12:30:00+00:00,8.38,66.15,525.0,782.61,118.0,310.8,6.69,221.0,102130.0
1990-03-06 13:30:00+00:00,9.58,61.55,492.0,707.87,135.0,281.95,7.03,223.0,102100.0
1990-03-06 14:30:00+00:00,10.1,61.65,384.0,465.61,175.0,286.4,7.03,216.0,101940.0
1990-03-06 15:30:00+00:00,10.23,59.5,245.0,226.61,164.0,276.55,7.38,210.0,101740.0
1990-03-06 16:30:00+00:00,10.0,61.65,161.0,262.39,99.0,274.6,6.55,211.0,101660.0
1990-03-06 17:30:00+00:00,9.33,63.9,60.0,341.63,28.0,275.6,6.0,217.0,101700.0
1990-03-06 18:30:00+00:00,8.28,66.15,0.0,0.0,0.0,272.5,5.79,216.0,101740.0
1990-03-06 19:30:00+00:00,7.82,66.05,0.0,0.0,0.0,262.4,5.93,212.0,101720.0
1990-03-06 20:30:00+00:00,7.21,65.95,0.0,0.0,0.0,267.25,6.28,210.0,101700.0
1990-03-06 21:30:00+00:00,6.76,71.05,0.0,0.0,0.0,276.35,6.69,208.0,101640.0
1990-03-06 22:30:00+00:00,6.37,73.7,0.0,0.0,0.0,276.75,6.83,209.0,101590.0
1990-03-06 23:30:00+00:00,6.07,79.4,0.0,0.0,0.0,272.65,7.17,209.0,101520.0
1990-03-07 00:30:00+00:00,6.01,79.4,0.0,0.0,0.0,273.05,7.59,208.0,101430.0
1990-03-07 01:30:00+00:00,6.11,82.5,0.0,0.0,0.0,278.4,7.79,210.0,101360.0
1990-03-07 02:30:00+00:00,6.52,79.5,0.0,0.0,0.0,300.15,7.66,213.0,101340.0
1990-03-07 03:30:00+00:00,6.61,79.5,0.0,0.0,0.0,297.85,7.66,212.0,101250.0
1990-03-07 04:30:00+00:00,6.54,79.5,0.0,0.0,0.0,286.4,7.66,214.0,101170.0
1990-03-07 05:30:00+00:00,6.4,82.55,0.0,0.0,0.0,274.4,7.24,219.0,101180.0
1990-03-07 06:30:00+00:00,6.46,82.55,0.0,0.0,0.0,287.4,7.17,218.0,101150.0
1990-03-07 07:30:00+00:00,6.82,85.75,17.0,15.43,16.0,304.2,7.1,219.0,101140.0
1990-03-07 08:30:00+00:00,7.29,82.65,157.0,393.24,74.0,299.95,7.17,220.0,101160.0
1990-03-07 09:30:00+00:00,8.01,82.7,172.0,65.1,150.0,294.95,6.55,217.0,101150.0
1990-03-07 10:30:00+00:00,9.39,74.2,276.0,153.38,209.0,287.4,8.69,224.0,101120.0
1990-03-07 11:30:00+00:00,10.3,71.7,267.0,65.88,234.0,291.65,8.0,220.0,101120.0
1990-03-07 12:30:00+00:00,11.42,66.75,503.0,675.09,148.0,300.95,7.93,219.0,101090.0
1990-03-07 13:30:00+00:00,12.49,64.55,496.0,721.61,128.0,293.4,7.79,220.0,101050.0
1990-03-07 14:30:00+00:00,13.16,62.3,441.0,732.96,108.0,284.5,7.66,222.0,101020.0
1990-03-07 15:30:00+00:00,13.23,64.65,338.0,680.98,91.0,288.15,7.31,220.0,100940.0
1990-03-07 16:30:00+00:00,12.88,64.65,193.0,476.42,78.0,291.65,6.69,217.0,100940.0
1990-03-07 17:30:00+00:00,12.12,66.85,54.0,202.84,34.0,293.2,6.76,216.0,100950.0
1990-03-07 18:30:00+00:00,10.77,69.15,0.0,0.0,0.0,282.15,6.76,216.0,100970.0
1990-03-07 19:30:00+00:00,9.85,69.0,0.0,0.0,0.0,270.95,6.83,219.0,101000.0
1990-03-07 20:30:00+00:00,8.94,74.15,0.0,0.0,0.0,264.35,6.76,221.0,101000.0
1990-03-07 21:30:00+00:00,8.22,76.85,0.0,0.0,0.0,264.55,6.69,223.0,100970.0
1990-03-07 22:30:00+00:00,7.66,79.7,0.0,0.0,0.0,264.75,6.55,224.0,100940.0
1990-03-07 23:30:00+00:00,7.19,82.65,0.0,0.0,0.0,266.1,6.34,226.0,100890.0
1990-03-08 00:30:00+00:00,6.88,85.75,0.0,0.0,0.0,275.2,6.21,227.0,100870.0
1990-03-08 01:30:00+00:00,6.69,85.75,0.0,0.0,0.0,283.05,6.14,227.0,100820.0
1990-03-08 02:30:00+00:00,6.61,88.95,0.0,0.0,0.0,290.5,6.07,226.0,100800.0
1990-03-08 03:30:00+00:00,6.72,85.75,0.0,0.0,0.0,304.2,5.93,227.0,100770.0
1990-03-08 04:30:00+00:00,6.91,85.75,0.0,0.0,0.0,317.95,5.86,226.0,100750.0
1990-03-08 05:30:00+00:00,6.86,89.0,0.0,0.0,0.0,307.1,5.79,224.0,100760.0
1990-03-08 06:30:00+00:00,7.04,89.0,0.0,0.0,0.0,315.45,5.86,222.0,100780.0
1990-03-08 07:30:00+00:00,7.34,85.8,21.0,28.21,19.0,323.0,5.72,222.0,100840.0
1990-03-08 08:30:00+00:00,8.01,85.85,83.0,23.02,78.0,341.55,5.1,218.0,100860.0
1990-03-08 09:30:00+00:00,8.57,85.9,51.0,0.0,51.0,345.85,5.45,216.0,100900.0
1990-03-08 10:30:00+00:00,9.14,85.95,116.0,0.0,116.0,349.9,6.97,223.0,100920.0
1990-03-08 11:30:00+00:00,9.3,82.9,131.0,0.0,131.0,352.4,6.48,227.0,100990.0
1990-03-08 12:30:00+00:00,9.55,85.95,95.0,0.0,95.0,353.55,5.24,233.0,101040.0
1990-03-08 13:30:00+00:00,9.88,86.0,126.0,0.0,126.0,349.3,4.55,251.0,101090.0
1990-03-08 14:30:00+00:00,9.63,89.15,274.0,115.28,221.0,339.25,3.86,282.0,101130.0
1990-03-08 15:30:00+00:00,9.47,79.9,294.0,402.21,146.0,333.85,4.34,296.0,101190.0
1990-03-08 16:30:00+00:00,8.87,74.15,171.0,288.08,100.0,309.25,4.62,302.0,101290.0
1990-03-08 17:30:00+00:00,8.0,71.25,58.0,212.51,36.0,308.1,4.55,304.0,101410.0
1990-03-08 18:30:00+00:00,6.59,70.95,0.0,0.0,0.0,285.05,3.79,308.0,101530.0
1990-03-08 19:30:00+00:00,5.43,79.35,0.0,0.0,0.0,265.7,3.52,302.0,101610.0
1990-03-08 20:30:00+00:00,4.32,79.2,0.0,0.0,0.0,246.75,2.83,299.0,101700.0
1990-03-08 21:30:00+00:00,3.14,82.2,0.0,0.0,0.0,239.2,2.41,286.0,101770.0
1990-03-08 22:30:00+00:00,2.13,82.15,0.0,0.0,0.0,235.3,2.34,276.0,101790.0
1990-03-08 23:30:00+00:00,1.22,85.25,0.0,0.0,0.0,234.15,2.28,265.0,101870.0
1990-03-09 00:30:00+00:00,0.8,85.2,0.0,0.0,0.0,232.2,1.03,269.0,101820.0
1990-03-09 01:30:00+00:00,-0.05,88.45,0.0,0.0,0.0,235.05,1.31,303.0,101830.0
1990-03-09 02:30:00+00:00,-1.18,91.95,0.0,0.0,0.0,230.3,1.52,294.0,101810.0
1990-03-09 03:30:00+00:00,-0.06,88.45,0.0,0.0,0.0,229.5,0.9,241.0,101780.0
1990-03-09 04:30:00+00:00,-2.14,91.85,0.0,0.0,0.0,225.85,1.66,145.0,101700.0
1990-03-09 05:30:00+00:00,-2.28,88.3,0.0,0.0,0.0,227.6,2.55,139.0,101680.0
1990-03-09 06:30:00+00:00,-1.64,88.35,0.0,0.0,0.0,229.7,2.76,159.0,101670.0
1990-03-09 07:30:00+00:00,-0.49,88.45,36.0,142.82,25.0,232.8,3.45,155.0,101640.0
1990-03-09 08:30:00+00:00,1.51,88.6,111.0,80.59,93.0,233.2,4.07,153.0,101520.0
1990-03-09 09:30:00+00:00,3.83,85.45,182.0,74.24,156.0,256.4,4.62,163.0,101430.0
1990-03-09 10:30:00+00:00,5.77,79.4,254.0,93.56,212.0,279.45,5.93,174.0,101320.0
1990-03-09 11:30:00+00:00,7.47,82.65,99.0,0.0,99.0,319.3,7.93,182.0,101190.0
1990-03-09 12:30:00+00:00,8.54,79.75,88.0,0.0,88.0,340.8,8.41,194.0,101120.0
1990-03-09 13:30:00+00:00,9.04,82.85,81.0,0.0,81.0,345.25,7.66,197.0,101030.0
1990-03-09 14:30:00+00:00,9.34,82.9,106.0,0.0,106.0,345.05,7.59,195.0,100900.0
1990-03-09 15:30:00+00:00,9.71,82.95,107.0,0.0,107.0,346.8,6.48,198.0,100830.0
1990-03-09 16:30:00+00:00,9.96,86.0,50.0,0.0,50.0,353.4,7.86,208.0,100800.0
1990-03-09 17:30:00+00:00,9.99,89.2,21.0,0.0,21.0,355.5,7.45,214.0,100790.0
1990-03-09 18:30:00+00:00,10.03,89.2,0.0,0.0,0.0,358.4,6.83,223.0,100840.0
1990-03-09 19:30:00+00:00,10.17,89.2,0.0,0.0,0.0,361.5,6.62,235.0,100880.0
1990-03-09 20:30:00+00:00,9.65,85.95,0.0,0.0,0.0,340.2,6.21,244.0,100980.0
1990-03-09 21:30:00+00:00,8.62,82.75,0.0,0.0,0.0,309.65,5.79,247.0,101080.0
1990-03-09 22:30:00+00:00,7.43,82.65,0.0,0.0,0.0,276.55,5.38,247.0,101170.0
1990-03-09 23:30:00+00:00,6.53,88.95,0.0,0.0,0.0,259.9,5.03,252.0,101260.0
1990-03-10 00:30:00+00:00,5.86,88.9,0.0,0.0,0.0,252.95,4.83,260.0,101370.0
1990-03-10 01:30:00+00:00,5.39,88.85,0.0,0.0,0.0,248.6,4.76,267.0,101460.0
1990-03-10 02:30:00+00:00,4.79,85.55,0.0,0.0,0.0,243.85,4.62,272.0,101520.0
1990-03-10 03:30:00+00:00,4.13,82.3,0.0,0.0,0.0,241.15,4.21,276.0,101600.0
1990-03-10 04:30:00+00:00,3.42,85.4,0.0,0.0,0.0,238.05,3.86,276.0,101660.0
1990-03-10 05:30:00+00:00,2.82,88.65,0.0,0.0,0.0,235.9,3.66,278.0,101750.0
1990-03-10 06:30:00+00:00,2.3,85.35,0.0,0.0,0.0,233.4,3.52,279.0,101830.0
1990-03-10 07:30:00+00:00,2.25,88.65,48.0,264.48,26.0,235.7,2.97,268.0,101960.0
1990-03-10 08:30:00+00:00,3.3,88.7,191.0,522.81,71.0,235.9,2.62,271.0,102070.0
1990-03-10 09:30:00+00:00,5.37,82.4,287.0,395.69,146.0,238.2,3.03,281.0,102130.0
1990-03-10 10:30:00+00:00,6.9,73.8,440.0,694.54,124.0,241.5,3.79,298.0,102150.0
1990-03-10 11:30:00+00:00,8.04,63.6,529.0,796.2,116.0,253.3,3.86,306.0,102170.0
1990-03-10 12:30:00+00:00,8.76,56.9,500.0,555.95,198.0,262.4,3.17,303.0,102160.0
1990-03-10 13:30:00+00:00,9.21,52.85,536.0,789.68,120.0,273.05,2.97,302.0,102140.0
1990-03-10 14:30:00+00:00,9.51,52.85,453.0,675.75,135.0,260.85,2.83,311.0,102180.0
1990-03-10 15:30:00+00:00,9.51,50.85,348.0,618.36,114.0,265.3,2.48,318.0,102180.0
1990-03-10 16:30:00+00:00,9.25,50.85,202.0,420.94,94.0,256.05,2.0,323.0,102180.0
1990-03-10 17:30:00+00:00,8.58,56.8,69.0,264.69,39.0,252.95,1.38,326.0,102200.0
1990-03-10 18:30:00+00:00,7.09,68.4,0.0,0.0,0.0,253.5,1.31,332.0,102230.0
1990-03-10 19:30:00+00:00,4.86,79.3,0.0,0.0,0.0,248.65,1.45,356.0,102260.0
1990-03-10 20:30:00+00:00,3.11,85.35,0.0,0.0,0.0,243.45,1.72,16.0,102270.0
1990-03-10 21:30:00+00:00,2.23,82.15,0.0,0.0,0.0,241.7,1.72,29.0,102290.0
1990-03-10 22:30:00+00:00,1.18,82.0,0.0,0.0,0.0,240.35,1.93,56.0,102260.0
1990-03-10 23:30:00+00:00,0.58,88.5,0.0,0.0,0.0,246.15,2.34,83.0,102200.0
1990-03-11 00:30:00+00:00,0.43,88.5,0.0,0.0,0.0,242.1,2.62,108.0,102160.0
1990-03-11 01:30:00+00:00,0.69,85.2,0.0,0.0,0.0,240.85,2.9,135.0,102130.0
1990-03-11 02:30:00+00:00,1.41,85.25,0.0,0.0,0.0,246.95,3.31,152.0,102070.0
1990-03-11 03:30:00+00:00,1.72,85.3,0.0,0.0,0.0,245.0,3.59,157.0,102040.0
1990-03-11 04:30:00+00:00,1.59,88.6,0.0,0.0,0.0,238.4,3.66,160.0,101990.0
1990-03-11 05:30:00+00:00,1.28,88.6,0.0,0.0,0.0,235.5,3.52,162.0,101970.0
1990-03-11 06:30:00+00:00,0.74,85.2,0.0,0.0,0.0,224.3,3.38,160.0,101920.0
1990-03-11 07:30:00+00:00,1.05,88.55,37.0,78.33,30.0,226.6,3.79,153.0,101910.0
1990-03-11 08:30:00+00:00,2.3,82.15,192.0,500.6,74.0,225.85,4.0,152.0,101860.0
1990-03-11 09:30:00+00:00,4.37,79.2,282.0,366.91,149.0,232.05,5.1,154.0,101810.0
1990-03-11 10:30:00+00:00,6.32,68.3,393.0,464.18,179.0,242.5,5.93,158.0,101700.0
1990-03-11 11:30:00+00:00,8.2,61.3,374.0,226.82,255.0,257.75,6.34,162.0,101650.0
1990-03-11 12:30:00+00:00,9.79,59.35,496.0,541.01,199.0,266.1,6.62,167.0,101580.0
1990-03-11 13:30:00+00:00,10.68,61.75,134.0,0.0,134.0,293.4,6.76,177.0,101550.0
1990-03-11 14:30:00+00:00,10.67,66.55,204.0,18.91,195.0,320.1,6.48,185.0,101560.0
1990-03-11 15:30:00+00:00,10.09,74.3,113.0,0.0,113.0,346.6,5.72,187.0,101520.0
1990-03-11 16:30:00+00:00,9.86,79.95,70.0,0.0,70.0,346.2,5.45,192.0,101520.0
1990-03-11 17:30:00+00:00,9.64,82.9,49.0,67.66,41.0,343.7,4.9,201.0,101570.0
1990-03-11 18:30:00+00:00,9.25,82.9,0.0,0.0,0.0,350.65,4.28,209.0,101620.0
1990-03-11 19:30:00+00:00,9.69,82.95,0.0,0.0,0.0,351.85,3.59,212.0,101690.0
1990-03-11 20:30:00+00:00,9.47,89.15,0.0,0.0,0.0,353.55,2.76,219.0,101750.0
1990-03-11 21:30:00+00:00,9.2,89.15,0.0,0.0,0.0,355.7,1.72,226.0,101810.0
1990-03-11 22:30:00+00:00,8.85,92.45,0.0,0.0,0.0,353.0,0.55,218.0,101850.0
1990-03-11 23:30:00+00:00,8.19,92.4,0.0,0.0,0.0,348.15,0.83,104.0,101830.0
1990-03-12 00:30:00+00:00,7.88,95.8,0.0,0.0,0.0,349.1,1.45,88.0,101820.0
1990-03-12 01:30:00+00:00,7.77,95.8,0.0,0.0,0.0,347.3,1.72,86.0,101790.0
1990-03-12 02:30:00+00:00,7.78,95.8,0.0,0.0,0.0,353.0,2.07,97.0,101750.0
1990-03-12 03:30:00+00:00,7.72,92.4,0.0,0.0,0.0,352.0,2.55,114.0,101700.0
1990-03-12 04:30:00+00:00,7.55,92.35,0.0,0.0,0.0,345.65,2.9,128.0,101670.0
1990-03-12 05:30:00+00:00,7.36,89.0,0.0,0.0,0.0,342.55,3.03,139.0,101650.0
1990-03-12 06:30:00+00:00,6.83,89.0,0.0,0.0,0.0,321.65,3.1,150.0,101630.0
1990-03-12 07:30:00+00:00,6.81,89.0,20.0,0.0,20.0,315.45,3.45,143.0,101690.0
1990-03-12 08:30:00+00:00,7.35,85.8,55.0,0.0,55.0,318.75,3.66,140.0,101670.0
1990-03-12 09:30:00+00:00,8.46,79.75,96.0,0.0,96.0,305.0,4.28,140.0,101600.0
1990-03-12 10:30:00+00:00,9.71,71.6,246.0,66.37,215.0,304.05,5.17,145.0,101540.0
1990-03-12 11:30:00+00:00,10.86,64.25,467.0,512.68,195.0,298.8,5.79,150.0,101460.0
1990-03-12 12:30:00+00:00,11.6,62.0,383.0,201.91,271.0,296.5,6.28,156.0,101390.0
1990-03-12 13:30:00+00:00,12.1,57.65,403.0,280.71,252.0,293.55,6.48,161.0,101320.0
1990-03-12 14:30:00+00:00,12.21,53.6,430.0,556.78,162.0,296.85,6.41,164.0,101250.0
1990-03-12 15:30:00+00:00,11.98,53.5,173.0,30.86,161.0,301.5,5.86,168.0,101200.0
1990-03-12 16:30:00+00:00,11.5,55.4,89.0,7.5,87.0,311.2,5.17,167.0,101200.0
1990-03-12 17:30:00+00:00,10.7,55.3,36.0,8.12,35.0,316.6,4.83,164.0,101180.0
1990-03-12 18:30:00+00:00,9.81,52.95,0.0,0.0,0.0,322.05,4.76,160.0,101200.0
1990-03-12 19:30:00+00:00,9.39,43.55,0.0,0.0,0.0,326.5,4.9,160.0,101210.0
1990-03-12 20:30:00+00:00,8.82,43.4,0.0,0.0,0.0,326.3,4.62,162.0,101210.0
1990-03-12 21:30:00+00:00,8.37,45.0,0.0,0.0,0.0,321.65,4.41,164.0,101220.0
1990-03-12 22:30:00+00:00,7.99,48.55,0.0,0.0,0.0,319.3,3.79,164.0,101220.0
1990-03-12 23:30:00+00:00,7.51,52.35,0.0,0.0,0.0,313.1,3.24,165.0,101220.0
1990-03-13 00:30:00+00:00,7.36,54.4,0.0,0.0,0.0,324.35,2.83,163.0,101200.0
1990-03-13 01:30:00+00:00,7.15,58.8,0.0,0.0,0.0,326.6,2.41,159.0,101200.0
1990-03-13 02:30:00+00:00,6.77,65.85,0.0,0.0,0.0,331.1,1.86,152.0,101200.0
1990-03-13 03:30:00+00:00,6.21,73.7,0.0,0.0,0.0,329.2,0.9,155.0,101210.0
1990-03-13 04:30:00+00:00,5.55,92.25,0.0,0.0,0.0,329.55,0.83,327.0,101230.0
1990-03-13 05:30:00+00:00,5.43,92.25,0.0,0.0,0.0,329.0,1.86,349.0,101250.0
1990-03-13 06:30:00+00:00,5.04,95.75,0.0,0.0,0.0,320.85,2.41,353.0,101270.0
1990-03-13 07:30:00+00:00,4.67,92.25,27.0,9.82,26.0,320.65,3.31,7.0,101410.0
1990-03-13 08:30:00+00:00,4.49,95.75,69.0,0.0,69.0,317.4,3.66,7.0,101480.0
1990-03-13 09:30:00+00:00,4.71,95.75,75.0,0.0,75.0,312.95,4.97,12.0,101490.0
1990-03-13 10:30:00+00:00,4.82,95.75,258.0,76.09,222.0,310.4,5.03,14.0,101510.0
1990-03-13 11:30:00+00:00,5.73,88.9,317.0,104.39,261.0,305.4,5.31,22.0,101560.0
1990-03-13 12:30:00+00:00,7.19,79.65,313.0,78.51,269.0,314.65,5.17,30.0,101570.0
1990-03-13 13:30:00+00:00,8.57,71.35,431.0,347.77,242.0,312.15,5.03,43.0,101570.0
1990-03-13 14:30:00+00:00,9.57,61.55,397.0,400.68,202.0,309.45,4.48,50.0,101590.0
1990-03-13 15:30:00+00:00,9.99,55.05,350.0,576.21,123.0,296.85,4.14,49.0,101620.0
1990-03-13 16:30:00+00:00,9.96,57.15,199.0,342.41,106.0,296.65,3.93,47.0,101660.0
1990-03-13 17:30:00+00:00,9.3,61.55,76.0,234.42,46.0,287.6,3.79,42.0,101710.0
1990-03-13 18:30:00+00:00,7.51,76.7,0.0,0.0,0.0,265.9,3.93,43.0,101790.0
1990-03-13 19:30:00+00:00,5.81,88.9,0.0,0.0,0.0,263.2,4.34,54.0,101900.0
1990-03-13 20:30:00+00:00,4.6,95.75,0.0,0.0,0.0,292.4,4.62,56.0,102010.0
1990-03-13 21:30:00+00:00,3.62,88.75,0.0,0.0,0.0,301.7,4.55,52.0,102080.0
1990-03-13 22:30:00+00:00,3.02,88.65,0.0,0.0,0.0,309.25,4.83,48.0,102130.0
1990-03-13 23:30:00+00:00,2.51,85.35,0.0,0.0,0.0,312.35,4.97,46.0,102170.0
1990-03-14 00:30:00+00:00,2.01,78.95,0.0,0.0,0.0,313.1,5.03,43.0,102220.0
1990-03-14 01:30:00+00:00,1.58,78.9,0.0,0.0,0.0,309.55,5.03,43.0,102260.0
1990-03-14 02:30:00+00:00,1.29,75.85,0.0,0.0,0.0,305.75,4.69,46.0,102280.0
1990-03-14 03:30:00+00:00,1.29,75.85,0.0,0.0,0.0,292.8,4.9,49.0,102260.0
1990-03-14 04:30:00+00:00,1.56,78.9,0.0,0.0,0.0,302.3,4.14,45.0,102260.0
1990-03-14 05:30:00+00:00,1.77,78.95,0.0,0.0,0.0,303.45,3.38,34.0,102270.0
1990-03-14 06:30:00+00:00,1.92,78.95,0.0,0.0,0.0,295.3,3.86,37.0,102300.0
1990-03-14 07:30:00+00:00,2.37,79.0,51.0,101.8,40.0,284.1,3.66,30.0,102370.0
1990-03-14 08:30:00+00:00,3.1,82.15,113.0,39.31,103.0,280.4,3.59,29.0,102400.0
1990-03-14 09:30:00+00:00,4.2,79.2,118.0,0.0,118.0,274.8,4.21,38.0,102410.0
1990-03-14 10:30:00+00:00,5.36,73.55,93.0,0.0,93.0,302.5,5.17,56.0,102400.0
1990-03-14 11:30:00+00:00,5.9,70.85,94.0,0.0,94.0,324.15,5.31,59.0,102410.0
1990-03-14 12:30:00+00:00,6.23,68.3,82.0,0.0,82.0,326.3,5.52,59.0,102410.0
1990-03-14 13:30:00+00:00,6.53,63.25,189.0,1.82,188.0,319.7,5.52,58.0,102360.0
1990-03-14 14:30:00+00:00,6.73,58.65,176.0,4.07,174.0,299.75,5.52,56.0,102360.0
1990-03-14 15:30:00+00:00,6.74,56.45,295.0,283.15,182.0,303.65,5.45,53.0,102340.0
1990-03-14 16:30:00+00:00,6.41,56.3,186.0,235.01,121.0,296.3,5.38,50.0,102370.0
1990-03-14 17:30:00+00:00,5.78,58.45,75.0,180.68,51.0,277.7,4.83,46.0,102400.0
1990-03-14 18:30:00+00:00,4.92,62.95,0.0,0.0,0.0,281.6,4.41,42.0,102440.0
1990-03-14 19:30:00+00:00,4.06,70.5,0.0,0.0,0.0,266.5,4.62,36.0,102480.0
1990-03-14 20:30:00+00:00,3.52,79.1,0.0,0.0,0.0,269.6,4.83,36.0,102480.0
1990-03-14 21:30:00+00:00,3.24,85.4,0.0,0.0,0.0,271.9,4.97,36.0,102460.0
1990-03-14 22:30:00+00:00,3.37,85.4,0.0,0.0,0.0,292.2,5.03,38.0,102430.0
1990-03-14 23:30:00+00:00,3.5,88.7,0.0,0.0,0.0,298.2,5.1,41.0,102430.0
1990-03-15 00:30:00+00:00,3.75,85.45,0.0,0.0,0.0,317.0,5.24,43.0,102400.0
1990-03-15 01:30:00+00:00,3.81,85.45,0.0,0.0,0.0,314.0,5.1,43.0,102370.0
1990-03-15 02:30:00+00:00,3.62,92.15,0.0,0.0,0.0,302.85,4.9,41.0,102300.0
1990-03-15 03:30:00+00:00,3.62,92.15,0.0,0.0,0.0,310.2,4.83,40.0,102250.0
1990-03-15 04:30:00+00:00,3.49,92.15,0.0,0.0,0.0,301.5,4.76,38.0,102230.0
1990-03-15 05:30:00+00:00,3.55,95.7,0.0,0.0,0.0,308.1,4.76,39.0,102220.0
1990-03-15 06:30:00+00:00,3.73,92.15,0.0,0.0,0.0,316.2,4.69,42.0,102230.0
1990-03-15 07:30:00+00:00,4.04,95.7,34.0,8.75,33.0,324.55,5.24,47.0,102260.0
1990-03-15 08:30:00+00:00,4.57,92.2,120.0,49.88,107.0,325.5,6.07,55.0,102260.0
1990-03-15 09:30:00+00:00,5.25,82.4,141.0,7.75,138.0,293.55,6.21,60.0,102230.0
1990-03-15 10:30:00+00:00,6.22,73.7,215.0,24.73,203.0,298.2,6.14,59.0,102190.0
1990-03-15 11:30:00+00:00,6.79,68.4,132.0,0.0,132.0,314.85,6.14,59.0,102160.0
1990-03-15 12:30:00+00:00,6.91,71.05,195.0,1.75,194.0,323.0,6.0,57.0,102100.0
1990-03-15 13:30:00+00:00,6.99,71.05,109.0,0.0,109.0,328.2,6.0,57.0,102030.0
1990-03-15 14:30:00+00:00,7.26,68.5,72.0,0.0,72.0,330.55,6.0,56.0,101970.0
1990-03-15 15:30:00+00:00,7.2,68.5,89.0,0.0,89.0,326.3,6.21,56.0,101920.0
1990-03-15 16:30:00+00:00,6.72,73.8,68.0,0.0,68.0,320.1,5.31,56.0,101900.0
1990-03-15 17:30:00+00:00,6.41,73.7,37.0,7.26,36.0,321.25,5.1,58.0,101920.0
1990-03-15 18:30:00+00:00,5.58,79.35,0.0,0.0,0.0,311.95,4.69,58.0,101910.0
1990-03-15 19:30:00+00:00,5.03,82.35,0.0,0.0,0.0,324.75,4.48,55.0,101960.0
1990-03-15 20:30:00+00:00,4.76,85.55,0.0,0.0,0.0,325.9,4.28,55.0,101940.0
1990-03-15 21:30:00+00:00,4.56,88.8,0.0,0.0,0.0,323.4,3.93,56.0,101930.0
1990-03-15 22:30:00+00:00,4.45,88.8,0.0,0.0,0.0,322.05,3.93,58.0,101900.0
1990-03-15 23:30:00+00:00,4.36,92.2,0.0,0.0,0.0,323.2,4.0,62.0,101900.0
1990-03-16 00:30:00+00:00,4.07,95.7,0.0,0.0,0.0,311.55,3.79,57.0,101870.0
1990-03-16 01:30:00+00:00,3.79,95.7,0.0,0.0,0.0,305.7,3.72,50.0,101840.0
1990-03-16 02:30:00+00:00,3.76,95.7,0.0,0.0,0.0,317.55,3.66,46.0,101760.0
1990-03-16 03:30:00+00:00,3.68,95.7,0.0,0.0,0.0,316.6,3.52,43.0,101730.0
1990-03-16 04:30:00+00:00,3.59,99.4,0.0,0.0,0.0,315.85,3.59,43.0,101680.0
1990-03-16 05:30:00+00:00,3.28,95.7,0.0,0.0,0.0,305.95,3.38,45.0,101660.0
1990-03-16 06:30:00+00:00,3.13,95.7,0.0,0.0,0.0,304.8,3.31,46.0,101650.0
1990-03-16 07:30:00+00:00,3.33,99.4,49.0,58.05,42.0,300.95,3.31,47.0,101650.0
1990-03-16 08:30:00+00:00,4.08,92.15,130.0,63.71,113.0,310.05,4.34,58.0,101630.0
1990-03-16 09:30:00+00:00,4.68,88.85,198.0,55.94,176.0,309.65,4.14,66.0,101590.0
1990-03-16 10:30:00+00:00,5.64,85.65,165.0,2.04,164.0,299.0,3.66,65.0,101570.0
1990-03-16 11:30:00+00:00,6.79,85.75,194.0,3.61,192.0,287.95,3.45,62.0,101540.0
1990-03-16 12:30:00+00:00,7.82,79.7,278.0,34.63,258.0,281.2,3.45,63.0,101500.0
1990-03-16 13:30:00+00:00,8.31,76.85,145.0,0.0,145.0,297.65,3.45,67.0,101460.0
1990-03-16 14:30:00+00:00,8.49,76.85,162.0,1.99,161.0,314.65,3.52,72.0,101420.0
1990-03-16 15:30:00+00:00,8.33,76.85,292.0,254.1,188.0,320.3,3.59,76.0,101360.0
1990-03-16 16:30:00+00:00,7.79,76.8,159.0,111.7,127.0,298.4,3.79,83.0,101350.0
1990-03-16 17:30:00+00:00,7.23,79.65,77.0,154.4,55.0,282.75,3.24,81.0,101350.0
1990-03-16 18:30:00+00:00,6.29,82.55,0.0,0.0,0.0,290.65,2.9,76.0,101380.0
1990-03-16 19:30:00+00:00,5.17,88.85,0.0,0.0,0.0,288.55,2.76,71.0,101440.0
1990-03-16 20:30:00+00:00,4.38,92.2,0.0,0.0,0.0,283.1,2.97,71.0,101460.0
1990-03-16 21:30:00+00:00,3.78,95.7,0.0,0.0,0.0,284.3,2.97,71.0,101480.0
1990-03-16 22:30:00+00:00,3.06,99.4,0.0,0.0,0.0,270.55,2.76,70.0,101490.0
1990-03-16 23:30:00+00:00,2.84,99.4,0.0,0.0,0.0,283.7,2.41,68.0,101490.0
1990-03-17 00:30:00+00:00,2.41,95.7,0.0,0.0,0.0,277.1,2.14,64.0,101470.0
1990-03-17 01:30:00+00:00,2.38,95.7,0.0,0.0,0.0,292.7,2.0,64.0,101490.0
1990-03-17 02:30:00+00:00,2.07,99.4,0.0,0.0,0.0,283.5,2.0,66.0,101490.0
1990-03-17 03:30:00+00:00,1.93,99.4,0.0,0.0,0.0,286.6,2.0,67.0,101500.0
1990-03-17 04:30:00+00:00,1.9,99.4,0.0,0.0,0.0,293.55,1.86,66.0,101470.0
1990-03-17 05:30:00+00:00,1.72,99.4,0.0,0.0,0.0,289.9,1.72,63.0,101480.0
1990-03-17 06:30:00+00:00,1.72,99.4,0.0,0.0,0.0,301.1,1.38,60.0,101520.0
1990-03-17 07:30:00+00:00,2.61,95.7,55.0,70.94,46.0,320.85,2.48,75.0,101570.0
1990-03-17 08:30:00+00:00,3.16,92.15,166.0,164.79,121.0,319.5,2.34,80.0,101620.0
1990-03-17 09:30:00+00:00,4.04,92.15,217.0,82.62,184.0,318.95,1.79,83.0,101650.0
1990-03-17 10:30:00+00:00,5.21,85.6,311.0,136.76,243.0,317.75,1.38,95.0,101690.0
1990-03-17 11:30:00+00:00,6.31,79.5,311.0,75.01,269.0,327.05,1.59,110.0,101700.0
1990-03-17 12:30:00+00:00,6.87,79.55,184.0,0.0,184.0,330.55,1.45,117.0,101700.0
1990-03-17 13:30:00+00:00,7.72,71.25,208.0,5.31,205.0,326.3,0.97,143.0,101680.0
1990-03-17 14:30:00+00:00,8.08,71.25,277.0,72.86,240.0,310.05,0.55,186.0,101650.0
1990-03-17 15:30:00+00:00,8.42,66.15,128.0,0.0,128.0,299.2,0.62,262.0,101650.0
1990-03-17 16:30:00+00:00,8.41,66.15,88.0,3.43,87.0,305.75,1.03,298.0,101670.0
1990-03-17 17:30:00+00:00,8.21,68.7,70.0,88.26,57.0,300.75,1.24,308.0,101720.0
1990-03-17 18:30:00+00:00,7.51,73.9,0.0,0.0,0.0,297.45,1.59,315.0,101790.0
1990-03-17 19:30:00+00:00,6.09,88.9,0.0,0.0,0.0,284.3,1.52,342.0,101880.0
1990-03-17 20:30:00+00:00,5.03,95.75,0.0,0.0,0.0,286.2,1.66,338.0,101940.0
1990-03-17 21:30:00+00:00,3.78,95.7,0.0,0.0,0.0,273.45,1.72,333.0,101970.0
1990-03-17 22:30:00+00:00,2.67,95.7,0.0,0.0,0.0,264.75,1.86,327.0,102010.0
1990-03-17 23:30:00+00:00,1.62,95.65,0.0,0.0,0.0,253.7,2.0,324.0,102030.0
1990-03-18 00:30:00+00:00,0.81,95.65,0.0,0.0,0.0,242.85,2.14,322.0,102060.0
1990-03-18 01:30:00+00:00,0.32,99.4,0.0,0.0,0.0,260.4,1.86,324.0,102100.0
1990-03-18 02:30:00+00:00,0.53,99.4,0.0,0.0,0.0,276.75,1.93,327.0,102110.0
1990-03-18 03:30:00+00:00,0.64,95.65,0.0,0.0,0.0,279.05,1.93,329.0,102120.0
1990-03-18 04:30:00+00:00,0.77,99.35,0.0,0.0,0.0,279.25,1.93,333.0,102140.0
1990-03-18 05:30:00+00:00,0.92,99.35,0.0,0.0,0.0,280.4,1.93,339.0,102160.0
1990-03-18 06:30:00+00:00,0.96,95.65,0.0,0.0,0.0,278.5,2.0,346.0,102200.0
1990-03-18 07:30:00+00:00,0.82,99.35,86.0,292.87,47.0,298.8,2.14,345.0,102290.0
1990-03-18 08:30:00+00:00,1.74,95.65,235.0,522.71,89.0,305.4,2.34,348.0,102350.0
1990-03-18 09:30:00+00:00,3.19,95.7,307.0,315.64,179.0,310.8,2.62,354.0,102410.0
1990-03-18 10:30:00+00:00,4.83,92.25,517.0,832.65,98.0,311.95,2.76,6.0,102440.0
1990-03-18 11:30:00+00:00,6.35,88.95,600.0,890.93,96.0,313.3,2.9,19.0,102430.0
1990-03-18 12:30:00+00:00,7.54,79.65,595.0,776.22,138.0,330.75,3.03,22.0,102450.0
1990-03-18 13:30:00+00:00,8.42,68.7,324.0,80.59,278.0,313.3,3.17,19.0,102440.0
1990-03-18 14:30:00+00:00,8.71,63.8,170.0,1.95,169.0,324.15,3.03,15.0,102430.0
1990-03-18 15:30:00+00:00,8.7,63.8,227.0,78.69,194.0,328.6,3.1,12.0,102430.0
1990-03-18 16:30:00+00:00,8.66,63.7,152.0,74.26,130.0,327.65,3.24,13.0,102430.0
1990-03-18 17:30:00+00:00,8.29,66.15,57.0,26.3,53.0,326.1,2.48,20.0,102420.0
1990-03-18 18:30:00+00:00,7.77,68.6,0.0,0.0,0.0,328.8,2.21,26.0,102430.0
1990-03-18 19:30:00+00:00,6.99,76.65,0.0,0.0,0.0,312.95,2.97,23.0,102500.0
1990-03-18 20:30:00+00:00,6.16,79.5,0.0,0.0,0.0,296.65,2.83,29.0,102540.0
1990-03-18 21:30:00+00:00,5.04,88.85,0.0,0.0,0.0,273.65,2.62,29.0,102560.0
1990-03-18 22:30:00+00:00,4.08,95.7,0.0,0.0,0.0,264.55,2.55,18.0,102590.0
1990-03-18 23:30:00+00:00,3.57,95.7,0.0,0.0,0.0,271.5,2.55,11.0,102600.0
1990-03-19 00:30:00+00:00,3.19,95.7,0.0,0.0,0.0,269.2,2.55,8.0,102600.0
1990-03-19 01:30:00+00:00,3.15,95.7,0.0,0.0,0.0,287.1,2.62,9.0,102590.0
1990-03-19 02:30:00+00:00,3.16,95.7,0.0,0.0,0.0,292.8,2.69,10.0,102550.0
1990-03-19 03:30:00+00:00,3.2,99.4,0.0,0.0,0.0,299.2,2.83,9.0,102530.0
1990-03-19 04:30:00+00:00,3.18,99.4,0.0,0.0,0.0,301.3,2.9,12.0,102510.0
1990-03-19 05:30:00+00:00,3.22,99.4,0.0,0.0,0.0,309.65,2.9,16.0,102500.0
1990-03-19 06:30:00+00:00,3.19,99.4,0.0,0.0,0.0,307.3,2.83,15.0,102500.0
1990-03-19 07:30:00+00:00,3.2,99.4,51.0,28.68,47.0,303.25,2.97,15.0,102590.0
1990-03-19 08:30:00+00:00,3.79,95.7,122.0,31.52,113.0,302.1,3.79,26.0,102600.0
1990-03-19 09:30:00+00:00,4.51,92.2,133.0,2.43,132.0,311.4,3.72,29.0,102630.0
1990-03-19 10:30:00+00:00,5.18,85.6,239.0,33.39,222.0,319.3,3.52,23.0,102610.0
1990-03-19 11:30:00+00:00,6.04,85.65,220.0,7.0,216.0,319.9,3.45,20.0,102600.0
1990-03-19 12:30:00+00:00,6.77,79.55,145.0,0.0,145.0,328.4,3.45,25.0,102570.0
1990-03-19 13:30:00+00:00,7.24,79.65,134.0,0.0,134.0,324.15,3.17,31.0,102540.0
1990-03-19 14:30:00+00:00,7.75,76.8,143.0,0.0,143.0,334.0,3.03,33.0,102470.0
1990-03-19 15:30:00+00:00,7.92,73.95,147.0,4.71,145.0,335.55,2.76,35.0,102420.0
1990-03-19 16:30:00+00:00,7.89,73.95,145.0,56.45,128.0,330.55,2.48,34.0,102380.0
1990-03-19 17:30:00+00:00,7.72,73.95,78.0,108.38,61.0,321.45,2.21,33.0,102340.0
1990-03-19 18:30:00+00:00,7.19,76.7,0.0,0.0,0.0,320.3,1.45,47.0,102340.0
1990-03-19 19:30:00+00:00,6.42,82.55,0.0,0.0,0.0,329.75,1.52,68.0,102360.0
1990-03-19 20:30:00+00:00,5.9,85.65,0.0,0.0,0.0,319.9,1.38,79.0,102390.0
1990-03-19 21:30:00+00:00,5.08,95.75,0.0,0.0,0.0,300.95,1.1,80.0,102380.0
1990-03-19 22:30:00+00:00,5.25,88.85,0.0,0.0,0.0,303.85,0.41,62.0,102370.0
1990-03-19 23:30:00+00:00,4.87,92.25,0.0,0.0,0.0,291.65,0.21,315.0,102330.0
1990-03-20 00:30:00+00:00,3.57,99.4,0.0,0.0,0.0,277.5,0.97,286.0,102310.0
1990-03-20 01:30:00+00:00,2.54,99.4,0.0,0.0,0.0,290.2,1.24,275.0,102260.0
1990-03-20 02:30:00+00:00,2.61,99.4,0.0,0.0,0.0,301.3,1.45,277.0,102190.0
1990-03-20 03:30:00+00:00,2.82,99.4,0.0,0.0,0.0,298.8,1.79,285.0,102140.0
1990-03-20 04:30:00+00:00,3.08,99.4,0.0,0.0,0.0,302.3,1.79,288.0,102080.0
1990-03-20 05:30:00+00:00,2.8,95.7,0.0,0.0,0.0,282.75,2.07,292.0,102050.0
1990-03-20 06:30:00+00:00,2.39,92.15,0.0,0.0,0.0,266.5,2.34,297.0,102000.0
1990-03-20 07:30:00+00:00,2.1,95.65,105.0,411.66,45.0,263.0,1.79,296.0,102040.0
1990-03-20 08:30:00+00:00,4.13,88.8,237.0,472.98,99.0,276.55,1.66,295.0,102020.0
1990-03-20 09:30:00+00:00,6.72,79.55,392.0,684.62,106.0,293.75,1.79,295.0,101980.0
1990-03-20 10:30:00+00:00,8.76,71.4,443.0,477.56,197.0,273.45,1.79,290.0,101900.0
1990-03-20 11:30:00+00:00,10.38,66.55,375.0,154.18,286.0,267.45,2.14,287.0,101850.0
1990-03-20 12:30:00+00:00,11.51,62.0,415.0,196.71,297.0,276.95,2.76,292.0,101780.0
1990-03-20 13:30:00+00:00,12.42,57.75,519.0,522.79,215.0,277.1,3.31,297.0,101680.0
1990-03-20 14:30:00+00:00,12.54,57.75,411.0,342.04,232.0,299.2,3.86,299.0,101590.0
1990-03-20 15:30:00+00:00,12.09,62.1,334.0,354.02,182.0,342.15,4.21,299.0,101530.0
1990-03-20 16:30:00+00:00,11.12,69.15,233.0,369.3,120.0,347.4,4.34,301.0,101490.0
1990-03-20 17:30:00+00:00,9.85,74.3,94.0,191.82,63.0,334.0,4.41,303.0,101450.0
1990-03-20 18:30:00+00:00,8.61,76.85,0.0,0.0,0.0,324.55,4.48,303.0,101480.0
1990-03-20 19:30:00+00:00,7.8,79.7,0.0,0.0,0.0,324.75,4.62,301.0,101490.0
1990-03-20 20:30:00+00:00,7.06,82.6,0.0,0.0,0.0,309.65,4.34,293.0,101480.0
1990-03-20 21:30:00+00:00,6.37,85.7,0.0,0.0,0.0,290.85,4.34,296.0,101450.0
1990-03-20 22:30:00+00:00,6.18,85.7,0.0,0.0,0.0,302.3,4.28,303.0,101450.0
1990-03-20 23:30:00+00:00,5.88,88.9,0.0,0.0,0.0,294.15,4.0,311.0,101420.0
1990-03-21 00:30:00+00:00,5.73,88.9,0.0,0.0,0.0,296.3,3.66,319.0,101430.0
1990-03-21 01:30:00+00:00,5.73,88.9,0.0,0.0,0.0,303.75,3.52,328.0,101440.0
1990-03-21 02:30:00+00:00,5.13,92.25,0.0,0.0,0.0,276.95,3.38,336.0,101450.0
1990-03-21 03:30:00+00:00,5.18,88.85,0.0,0.0,0.0,291.85,3.38,344.0,101470.0
1990-03-21 04:30:00+00:00,4.54,92.2,0.0,0.0,0.0,261.05,3.45,347.0,101510.0
1990-03-21 05:30:00+00:00,4.04,88.75,0.0,0.0,0.0,246.15,3.72,351.0,101540.0
1990-03-21 06:30:00+00:00,4.31,85.5,0.0,0.0,0.0,274.05,4.14,356.0,101560.0
1990-03-21 07:30:00+00:00,4.99,82.35,52.0,19.73,49.0,287.2,4.55,355.0,101660.0
1990-03-21 08:30:00+00:00,5.55,79.35,100.0,6.71,98.0,280.8,5.31,1.0,101730.0
1990-03-21 09:30:00+00:00,5.94,70.85,128.0,0.0,128.0,299.2,6.69,9.0,101780.0
1990-03-21 10:30:00+00:00,6.09,70.85,162.0,0.0,162.0,318.55,6.62,11.0,101830.0
1990-03-21 11:30:00+00:00,6.58,65.75,308.0,54.89,276.0,320.3,6.34,14.0,101840.0
1990-03-21 12:30:00+00:00,7.18,61.1,397.0,150.31,306.0,323.75,6.14,15.0,101850.0
1990-03-21 13:30:00+00:00,7.77,58.9,261.0,20.45,249.0,320.1,5.86,17.0,101830.0
1990-03-21 14:30:00+00:00,8.17,56.8,144.0,0.0,144.0,303.25,5.79,19.0,101850.0
1990-03-21 15:30:00+00:00,8.25,56.8,220.0,55.26,196.0,298.6,5.86,20.0,101830.0
1990-03-21 16:30:00+00:00,7.91,58.9,136.0,32.17,126.0,302.1,5.72,23.0,101860.0
1990-03-21 17:30:00+00:00,7.34,61.1,61.0,24.05,57.0,303.85,5.03,25.0,101900.0
1990-03-21 18:30:00+00:00,6.69,63.35,0.0,0.0,0.0,302.85,4.41,26.0,101970.0
1990-03-21 19:30:00+00:00,5.44,68.1,0.0,0.0,0.0,306.75,4.14,29.0,102050.0
1990-03-21 20:30:00+00:00,4.86,70.7,0.0,0.0,0.0,294.55,3.79,27.0,102110.0
1990-03-21 21:30:00+00:00,4.5,73.4,0.0,0.0,0.0,295.9,3.38,24.0,102110.0
1990-03-21 22:30:00+00:00,4.03,79.15,0.0,0.0,0.0,287.75,3.17,22.0,102090.0
1990-03-21 23:30:00+00:00,3.68,82.25,0.0,0.0,0.0,285.85,3.03,24.0,102090.0
1990-03-22 00:30:00+00:00,3.56,88.7,0.0,0.0,0.0,292.6,2.9,30.0,102090.0
1990-03-22 01:30:00+00:00,3.52,88.7,0.0,0.0,0.0,303.75,2.76,37.0,102090.0
1990-03-22 02:30:00+00:00,3.28,88.7,0.0,0.0,0.0,296.85,2.41,44.0,102080.0
1990-03-22 03:30:00+00:00,3.09,92.15,0.0,0.0,0.0,298.6,2.21,50.0,102040.0
1990-03-22 04:30:00+00:00,2.93,92.15,0.0,0.0,0.0,300.55,1.93,54.0,102030.0
1990-03-22 05:30:00+00:00,2.49,88.65,0.0,0.0,0.0,289.9,1.66,52.0,102010.0
1990-03-22 06:30:00+00:00,1.98,92.1,0.0,0.0,0.0,278.5,1.52,49.0,101990.0
1990-03-22 07:30:00+00:00,2.41,92.15,51.0,12.63,49.0,286.8,1.1,50.0,102010.0
1990-03-22 08:30:00+00:00,3.51,82.2,145.0,52.6,129.0,303.05,1.79,82.0,102000.0
1990-03-22 09:30:00+00:00,4.01,79.15,178.0,18.61,170.0,286.6,1.59,97.0,101980.0
1990-03-22 10:30:00+00:00,4.54,76.25,452.0,459.26,210.0,304.05,1.38,112.0,101940.0
1990-03-22 11:30:00+00:00,5.35,70.8,584.0,740.65,148.0,305.75,1.1,128.0,101860.0
1990-03-22 12:30:00+00:00,6.16,68.3,610.0,751.37,151.0,297.25,0.76,154.0,101800.0
1990-03-22 13:30:00+00:00,6.91,68.4,614.0,844.48,114.0,289.5,0.69,184.0,101710.0
1990-03-22 14:30:00+00:00,7.3,65.95,539.0,800.33,112.0,303.85,0.76,197.0,101600.0
1990-03-22 15:30:00+00:00,7.78,63.6,427.0,739.94,102.0,286.05,0.97,199.0,101520.0
1990-03-22 16:30:00+00:00,7.83,63.6,255.0,443.61,115.0,284.1,1.31,204.0,101420.0
1990-03-22 17:30:00+00:00,7.6,65.95,96.0,157.84,69.0,268.05,1.59,212.0,101380.0
1990-03-22 18:30:00+00:00,6.69,68.4,0.0,0.0,0.0,254.1,1.66,212.0,101320.0
1990-03-22 19:30:00+00:00,5.39,76.4,0.0,0.0,0.0,251.95,2.34,211.0,101270.0
1990-03-22 20:30:00+00:00,4.28,82.3,0.0,0.0,0.0,252.75,2.55,210.0,101240.0
1990-03-22 21:30:00+00:00,3.53,85.4,0.0,0.0,0.0,250.6,2.69,210.0,101180.0
1990-03-22 22:30:00+00:00,3.0,85.35,0.0,0.0,0.0,248.5,2.97,207.0,101110.0
1990-03-22 23:30:00+00:00,2.63,85.35,0.0,0.0,0.0,245.4,3.24,210.0,101050.0
1990-03-23 00:30:00+00:00,2.29,82.15,0.0,0.0,0.0,242.3,3.45,214.0,100980.0
1990-03-23 01:30:00+00:00,2.05,85.3,0.0,0.0,0.0,241.05,3.66,215.0,100930.0
1990-03-23 02:30:00+00:00,1.79,85.3,0.0,0.0,0.0,241.7,3.72,220.0,100850.0
1990-03-23 03:30:00+00:00,1.58,92.05,0.0,0.0,0.0,243.45,3.72,226.0,100780.0
1990-03-23 04:30:00+00:00,1.31,92.05,0.0,0.0,0.0,237.05,3.79,231.0,100720.0
1990-03-23 05:30:00+00:00,1.13,88.6,0.0,0.0,0.0,234.95,3.79,238.0,100680.0
1990-03-23 06:30:00+00:00,1.16,88.6,0.0,0.0,0.0,247.5,3.79,245.0,100630.0
1990-03-23 07:30:00+00:00,2.03,92.1,120.0,413.09,52.0,271.9,3.31,243.0,100620.0
1990-03-23 08:30:00+00:00,3.53,88.7,136.0,32.22,126.0,279.25,3.66,240.0,100600.0
1990-03-23 09:30:00+00:00,4.98,88.85,102.0,0.0,102.0,293.0,3.93,241.0,100590.0
1990-03-23 10:30:00+00:00,6.23,82.55,142.0,0.0,142.0,322.2,4.48,253.0,100590.0
1990-03-23 11:30:00+00:00,6.88,85.75,178.0,0.0,178.0,332.1,3.79,252.0,100550.0
1990-03-23 12:30:00+00:00,8.13,79.7,152.0,0.0,152.0,335.95,4.07,260.0,100520.0
1990-03-23 13:30:00+00:00,8.97,74.15,166.0,0.0,166.0,328.0,4.28,270.0,100470.0
1990-03-23 14:30:00+00:00,9.45,71.5,103.0,0.0,103.0,333.25,4.28,284.0,100430.0
1990-03-23 15:30:00+00:00,9.44,71.5,220.0,49.54,198.0,313.1,3.86,294.0,100390.0
1990-03-23 16:30:00+00:00,9.52,68.9,130.0,21.85,123.0,316.4,3.72,299.0,100350.0
1990-03-23 17:30:00+00:00,8.99,71.4,90.0,108.1,71.0,297.45,3.17,296.0,100320.0
1990-03-23 18:30:00+00:00,7.6,76.7,0.0,0.0,0.0,279.05,3.24,292.0,100330.0
1990-03-23 19:30:00+00:00,6.49,76.55,0.0,0.0,0.0,293.2,3.86,299.0,100350.0
1990-03-23 20:30:00+00:00,5.52,79.35,0.0,0.0,0.0,282.75,3.79,301.0,100360.0
1990-03-23 21:30:00+00:00,4.49,85.5,0.0,0.0,0.0,263.6,3.59,301.0,100360.0
1990-03-23 22:30:00+00:00,3.85,85.45,0.0,0.0,0.0,263.6,3.45,302.0,100340.0
1990-03-23 23:30:00+00:00,3.16,88.7,0.0,0.0,0.0,250.8,3.52,302.0,100290.0
1990-03-24 00:30:00+00:00,2.68,92.15,0.0,0.0,0.0,247.3,3.45,302.0,100250.0
1990-03-24 01:30:00+00:00,2.38,92.15,0.0,0.0,0.0,248.2,3.31,302.0,100200.0
1990-03-24 02:30:00+00:00,1.96,92.1,0.0,0.0,0.0,242.3,3.17,298.0,100170.0
1990-03-24 03:30:00+00:00,1.73,92.1,0.0,0.0,0.0,246.55,3.17,295.0,100140.0
1990-03-24 04:30:00+00:00,1.61,92.1,0.0,0.0,0.0,248.5,3.17,295.0,100110.0
1990-03-24 05:30:00+00:00,1.4,95.65,0.0,0.0,0.0,243.85,3.1,296.0,100090.0
1990-03-24 06:30:00+00:00,1.15,92.05,0.0,0.0,0.0,241.7,2.97,296.0,100080.0
1990-03-24 07:30:00+00:00,1.41,95.65,126.0,415.48,55.0,236.1,2.55,295.0,100120.0
1990-03-24 08:30:00+00:00,3.21,92.15,241.0,350.67,130.0,237.65,2.76,294.0,100110.0
1990-03-24 09:30:00+00:00,5.19,76.4,357.0,386.9,186.0,257.75,3.86,309.0,100110.0
1990-03-24 10:30:00+00:00,6.12,73.65,305.0,83.54,260.0,266.85,3.31,303.0,100080.0
1990-03-24 11:30:00+00:00,6.85,71.05,567.0,613.37,199.0,276.55,3.38,295.0,100030.0
1990-03-24 12:30:00+00:00,7.43,71.15,672.0,924.81,97.0,277.1,3.45,289.0,100010.0
1990-03-24 13:30:00+00:00,8.08,71.25,589.0,690.43,173.0,269.4,3.52,290.0,99970.0
1990-03-24 14:30:00+00:00,8.16,73.95,257.0,31.27,240.0,283.3,3.86,298.0,99920.0
1990-03-24 15:30:00+00:00,7.52,73.9,433.0,714.98,112.0,276.35,3.86,305.0,99910.0
1990-03-24 16:30:00+00:00,6.76,76.65,211.0,193.79,148.0,275.95,4.0,311.0,99900.0
1990-03-24 17:30:00+00:00,5.84,76.5,131.0,382.41,62.0,264.75,3.45,319.0,99940.0
1990-03-24 18:30:00+00:00,5.11,82.35,0.0,0.0,0.0,258.95,2.34,317.0,99960.0
1990-03-24 19:30:00+00:00,4.1,82.25,0.0,0.0,0.0,259.5,2.41,307.0,100030.0
1990-03-24 20:30:00+00:00,3.02,88.65,0.0,0.0,0.0,251.6,2.41,305.0,100070.0
1990-03-24 21:30:00+00:00,2.12,85.35,0.0,0.0,0.0,244.8,2.41,305.0,100110.0
1990-03-24 22:30:00+00:00,1.48,92.05,0.0,0.0,0.0,247.1,2.41,306.0,100130.0
1990-03-24 23:30:00+00:00,0.9,92.05,0.0,0.0,0.0,239.75,2.55,307.0,100130.0
1990-03-25 00:30:00+00:00,0.36,92.0,0.0,0.0,0.0,230.65,2.55,315.0,100150.0
1990-03-25 01:30:00+00:00,-0.08,92.0,0.0,0.0,0.0,228.85,2.48,326.0,100170.0
1990-03-25 02:30:00+00:00,-0.46,91.95,0.0,0.0,0.0,228.75,2.41,337.0,100170.0
1990-03-25 03:30:00+00:00,-0.5,91.95,0.0,0.0,0.0,241.3,2.34,347.0,100200.0
1990-03-25 04:30:00+00:00,-0.72,91.95,0.0,0.0,0.0,238.05,2.34,352.0,100200.0
1990-03-25 05:30:00+00:00,-0.84,91.95,0.0,0.0,0.0,239.2,2.34,351.0,100240.0
1990-03-25 06:30:00+00:00,-0.98,95.6,0.0,0.0,0.0,235.5,2.41,355.0,100280.0
1990-03-25 07:30:00+00:00,-0.26,92.0,138.0,479.84,53.0,230.65,2.0,357.0,100320.0
1990-03-25 08:30:00+00:00,2.35,88.65,296.0,656.99,84.0,237.05,2.41,8.0,100340.0
1990-03-25 09:30:00+00:00,4.26,82.3,338.0,299.13,204.0,241.9,2.9,23.0,100360.0
1990-03-25 10:30:00+00:00,5.67,70.85,358.0,159.8,271.0,287.6,2.55,23.0,100360.0
1990-03-25 11:30:00+00:00,6.4,63.25,507.0,397.98,266.0,276.35,2.21,11.0,100340.0
1990-03-25 12:30:00+00:00,7.23,56.55,396.0,125.97,317.0,271.7,2.07,358.0,100320.0
1990-03-25 13:30:00+00:00,7.77,50.45,336.0,69.11,294.0,273.65,1.86,347.0,100250.0
1990-03-25 14:30:00+00:00,8.18,48.65,361.0,160.42,273.0,286.2,1.52,341.0,100210.0
1990-03-25 15:30:00+00:00,8.23,48.65,253.0,83.74,215.0,283.5,0.97,338.0,100160.0
1990-03-25 16:30:00+00:00,8.16,50.45,131.0,18.19,125.0,268.4,0.62,313.0,100150.0
1990-03-25 17:30:00+00:00,7.88,50.45,109.0,178.29,76.0,255.05,0.48,268.0,100150.0
1990-03-25 18:30:00+00:00,7.26,54.4,0.0,0.0,0.0,259.7,0.9,200.0,100120.0
1990-03-25 19:30:00+00:00,5.48,70.8,0.0,0.0,0.0,267.65,2.07,198.0,100110.0
1990-03-25 20:30:00+00:00,4.1,76.15,0.0,0.0,0.0,255.85,2.41,192.0,100060.0
1990-03-25 21:30:00+00:00,3.57,76.1,0.0,0.0,0.0,263.0,2.69,180.0,99980.0
1990-03-25 22:30:00+00:00,3.68,73.3,0.0,0.0,0.0,275.95,3.17,183.0,99890.0
1990-03-25 23:30:00+00:00,4.05,73.3,0.0,0.0,0.0,291.25,3.59,185.0,99790.0
1990-03-26 00:30:00+00:00,4.35,70.6,0.0,0.0,0.0,304.2,3.79,186.0,99650.0
1990-03-26 01:30:00+00:00,4.35,73.4,0.0,0.0,0.0,308.95,4.28,191.0,99550.0
1990-03-26 02:30:00+00:00,3.68,79.15,0.0,0.0,0.0,306.15,4.9,186.0,99420.0
1990-03-26 03:30:00+00:00,2.54,92.15,0.0,0.0,0.0,307.3,5.31,178.0,99290.0
1990-03-26 04:30:00+00:00,1.81,95.65,0.0,0.0,0.0,310.8,5.24,170.0,99120.0
1990-03-26 05:30:00+00:00,1.64,95.65,0.0,0.0,0.0,317.55,4.21,167.0,99010.0
1990-03-26 06:30:00+00:00,1.61,95.65,0.0,0.0,0.0,318.55,4.28,177.0,98940.0
1990-03-26 07:30:00+00:00,2.84,100.0,66.0,21.81,62.0,323.4,5.03,191.0,98880.0
1990-03-26 08:30:00+00:00,3.82,99.4,117.0,9.12,114.0,326.1,4.48,206.0,98850.0
1990-03-26 09:30:00+00:00,5.4,95.75,157.0,4.41,155.0,331.5,5.24,239.0,98850.0
1990-03-26 10:30:00+00:00,7.24,89.0,165.0,0.0,165.0,338.3,6.0,275.0,98920.0
1990-03-26 11:30:00+00:00,8.07,82.7,237.0,8.18,232.0,335.2,8.28,291.0,99010.0
1990-03-26 12:30:00+00:00,8.67,74.15,311.0,37.95,287.0,295.7,9.24,294.0,99140.0
1990-03-26 13:30:00+00:00,8.85,66.25,303.0,39.16,279.0,285.25,9.52,294.0,99250.0
1990-03-26 14:30:00+00:00,8.95,63.8,473.0,453.48,222.0,278.1,9.52,292.0,99360.0
1990-03-26 15:30:00+00:00,8.83,59.15,449.0,758.88,101.0,265.3,9.93,292.0,99440.0
1990-03-26 16:30:00+00:00,8.64,56.8,294.0,591.94,96.0,258.95,10.28,294.0,99550.0
1990-03-26 17:30:00+00:00,7.96,56.7,135.0,363.69,66.0,257.6,9.66,295.0,99670.0
1990-03-26 18:30:00+00:00,7.06,58.65,7.0,0.0,7.0,249.25,8.97,296.0,99790.0
1990-03-26 19:30:00+00:00,6.28,63.25,0.0,0.0,0.0,247.3,7.86,293.0,99940.0
1990-03-26 20:30:00+00:00,5.76,68.2,0.0,0.0,0.0,247.3,7.79,294.0,100060.0
1990-03-26 21:30:00+00:00,5.35,70.8,0.0,0.0,0.0,242.5,7.59,295.0,100180.0
1990-03-26 22:30:00+00:00,4.97,73.45,0.0,0.0,0.0,241.15,7.17,296.0,100260.0
1990-03-26 23:30:00+00:00,4.62,76.25,0.0,0.0,0.0,239.4,6.69,297.0,100360.0
1990-03-27 00:30:00+00:00,4.3,76.25,0.0,0.0,0.0,239.6,6.28,297.0,100420.0
1990-03-27 01:30:00+00:00,4.0,79.15,0.0,0.0,0.0,237.75,5.86,296.0,100520.0
1990-03-27 02:30:00+00:00,3.66,79.15,0.0,0.0,0.0,240.15,5.17,294.0,100560.0
1990-03-27 03:30:00+00:00,3.32,85.4,0.0,0.0,0.0,243.25,4.83,288.0,100620.0
1990-03-27 04:30:00+00:00,3.14,85.4,0.0,0.0,0.0,249.45,4.76,284.0,100690.0
1990-03-27 05:30:00+00:00,2.96,88.65,0.0,0.0,0.0,251.4,4.41,285.0,100750.0
1990-03-27 06:30:00+00:00,2.68,88.65,4.0,0.0,4.0,251.75,4.14,284.0,100820.0
1990-03-27 07:30:00+00:00,3.46,92.15,88.0,63.29,76.0,267.65,3.45,278.0,100910.0
1990-03-27 08:30:00+00:00,4.68,85.55,214.0,179.15,154.0,273.45,3.52,271.0,100930.0
1990-03-27 09:30:00+00:00,5.96,76.5,333.0,256.6,215.0,275.4,4.0,280.0,100970.0
1990-03-27 10:30:00+00:00,7.07,68.4,474.0,440.69,229.0,266.5,3.93,278.0,100980.0
1990-03-27 11:30:00+00:00,8.14,61.2,476.0,293.53,295.0,270.35,4.07,274.0,101010.0
1990-03-27 12:30:00+00:00,8.84,56.9,255.0,9.41,249.0,275.6,4.0,269.0,101010.0
1990-03-27 13:30:00+00:00,9.31,52.85,374.0,106.82,308.0,299.2,3.93,265.0,101010.0
1990-03-27 14:30:00+00:00,9.45,52.85,379.0,182.67,277.0,295.5,3.79,262.0,101000.0
1990-03-27 15:30:00+00:00,9.31,52.85,298.0,159.72,224.0,324.55,3.52,258.0,101000.0
1990-03-27 16:30:00+00:00,9.28,52.85,234.0,241.78,152.0,323.2,3.17,252.0,100980.0
1990-03-27 17:30:00+00:00,9.07,54.8,119.0,205.83,79.0,323.4,2.69,246.0,101000.0
1990-03-27 18:30:00+00:00,8.64,61.3,6.0,0.0,6.0,329.95,1.86,233.0,101030.0
1990-03-27 19:30:00+00:00,7.77,66.05,0.0,0.0,0.0,307.3,2.0,186.0,101010.0
1990-03-27 20:30:00+00:00,6.5,73.7,0.0,0.0,0.0,284.1,2.28,174.0,101000.0
1990-03-27 21:30:00+00:00,5.99,76.5,0.0,0.0,0.0,294.75,2.34,175.0,101010.0
1990-03-27 22:30:00+00:00,5.77,76.5,0.0,0.0,0.0,298.8,2.55,182.0,100980.0
1990-03-27 23:30:00+00:00,5.36,82.4,0.0,0.0,0.0,284.1,2.9,185.0,100910.0
1990-03-28 00:30:00+00:00,5.48,85.6,0.0,0.0,0.0,298.2,2.9,185.0,100850.0
1990-03-28 01:30:00+00:00,5.57,88.85,0.0,0.0,0.0,309.55,3.1,177.0,100740.0
1990-03-28 02:30:00+00:00,6.13,88.9,0.0,0.0,0.0,336.15,3.66,176.0,100630.0
1990-03-28 03:30:00+00:00,6.4,88.95,0.0,0.0,0.0,338.1,4.28,180.0,100490.0
1990-03-28 04:30:00+00:00,6.63,92.3,0.0,0.0,0.0,340.6,4.69,186.0,100380.0
1990-03-28 05:30:00+00:00,6.93,95.8,0.0,0.0,0.0,342.35,4.9,193.0,100260.0
1990-03-28 06:30:00+00:00,7.51,95.8,4.0,0.0,4.0,345.85,5.31,203.0,100160.0
1990-03-28 07:30:00+00:00,8.69,92.45,29.0,0.0,29.0,351.05,6.28,213.0,99990.0
1990-03-28 08:30:00+00:00,9.83,89.2,56.0,0.0,56.0,354.95,7.03,220.0,99900.0
1990-03-28 09:30:00+00:00,10.65,89.25,86.0,0.0,86.0,360.95,6.28,214.0,99820.0
1990-03-28 10:30:00+00:00,11.29,83.1,147.0,0.0,147.0,356.3,9.79,223.0,99730.0
1990-03-28 11:30:00+00:00,11.16,86.1,69.0,0.0,69.0,358.6,8.97,224.0,99660.0
1990-03-28 12:30:00+00:00,11.12,89.3,441.0,194.4,316.0,356.3,8.48,226.0,99580.0
1990-03-28 13:30:00+00:00,11.68,86.15,211.0,1.61,210.0,360.95,9.86,229.0,99540.0
1990-03-28 14:30:00+00:00,11.77,83.15,316.0,86.99,267.0,366.35,8.62,234.0,99500.0
1990-03-28 15:30:00+00:00,12.43,80.3,262.0,94.01,218.0,359.0,8.07,240.0,99440.0
1990-03-28 16:30:00+00:00,12.88,74.75,170.0,64.0,148.0,334.0,7.72,242.0,99370.0
1990-03-28 17:30:00+00:00,12.48,74.7,125.0,241.3,77.0,310.2,7.66,250.0,99400.0
1990-03-28 18:30:00+00:00,11.45,77.3,9.0,0.0,9.0,311.4,6.97,252.0,99440.0
1990-03-28 19:30:00+00:00,10.52,83.0,0.0,0.0,0.0,309.25,7.31,247.0,99350.0
1990-03-28 20:30:00+00:00,10.06,82.95,0.0,0.0,0.0,313.5,7.38,248.0,99340.0
1990-03-28 21:30:00+00:00,9.76,77.1,0.0,0.0,0.0,325.9,6.97,247.0,99300.0
1990-03-28 22:30:00+00:00,9.06,79.85,0.0,0.0,0.0,293.4,7.1,243.0,99280.0
1990-03-28 23:30:00+00:00,8.85,76.95,0.0,0.0,0.0,301.7,8.21,243.0,99270.0
1990-03-29 00:30:00+00:00,8.42,76.85,0.0,0.0,0.0,277.9,8.34,247.0,99220.0
1990-03-29 01:30:00+00:00,8.35,76.85,0.0,0.0,0.0,278.8,8.0,253.0,99170.0
1990-03-29 02:30:00+00:00,8.17,76.85,0.0,0.0,0.0,284.65,7.59,256.0,99160.0
1990-03-29 03:30:00+00:00,8.05,76.8,0.0,0.0,0.0,305.95,7.38,255.0,99130.0
1990-03-29 04:30:00+00:00,7.79,73.95,0.0,0.0,0.0,311.2,7.17,253.0,99110.0
1990-03-29 05:30:00+00:00,7.5,76.7,0.0,0.0,0.0,310.6,6.9,249.0,99040.0
1990-03-29 06:30:00+00:00,7.2,76.7,2.0,0.0,2.0,302.85,6.55,244.0,98990.0
1990-03-29 07:30:00+00:00,7.09,85.75,22.0,0.0,22.0,317.4,5.86,236.0,98830.0
1990-03-29 08:30:00+00:00,6.83,89.0,123.0,8.64,120.0,330.55,4.28,222.0,98650.0
1990-03-29 09:30:00+00:00,7.3,92.35,150.0,2.12,149.0,338.5,4.07,199.0,98390.0
1990-03-29 10:30:00+00:00,8.5,92.4,102.0,0.0,102.0,344.3,5.38,223.0,98150.0
1990-03-29 11:30:00+00:00,10.36,89.25,160.0,0.0,160.0,351.25,8.69,242.0,98070.0
1990-03-29 12:30:00+00:00,10.29,80.05,100.0,0.0,100.0,358.0,10.28,256.0,98040.0
1990-03-29 13:30:00+00:00,9.79,74.3,434.0,197.48,310.0,323.55,9.79,279.0,98100.0
1990-03-29 14:30:00+00:00,8.73,74.15,309.0,70.41,269.0,323.2,8.97,295.0,98280.0
1990-03-29 15:30:00+00:00,8.7,74.15,278.0,114.23,224.0,284.85,8.97,288.0,98410.0
1990-03-29 16:30:00+00:00,8.82,74.15,151.0,31.58,140.0,290.3,8.0,280.0,98510.0
1990-03-29 17:30:00+00:00,8.7,74.15,22.0,0.0,22.0,301.9,7.17,272.0,98600.0
1990-03-29 18:30:00+00:00,7.45,73.9,15.0,62.55,12.0,288.55,8.0,275.0,98710.0
1990-03-29 19:30:00+00:00,6.93,73.8,0.0,0.0,0.0,280.8,7.24,273.0,98730.0
1990-03-29 20:30:00+00:00,6.15,70.95,0.0,0.0,0.0,258.15,6.9,276.0,98810.0
1990-03-29 21:30:00+00:00,5.57,76.4,0.0,0.0,0.0,263.4,6.41,276.0,98880.0
1990-03-29 22:30:00+00:00,5.12,76.3,0.0,0.0,0.0,255.85,6.34,274.0,98950.0
1990-03-29 23:30:00+00:00,4.76,76.3,0.0,0.0,0.0,259.3,6.48,276.0,99030.0
1990-03-30 00:30:00+00:00,4.35,76.25,0.0,0.0,0.0,252.15,6.41,277.0,99120.0
1990-03-30 01:30:00+00:00,4.05,79.15,0.0,0.0,0.0,255.0,6.41,276.0,99180.0
1990-03-30 02:30:00+00:00,3.73,79.15,0.0,0.0,0.0,244.8,6.55,276.0,99280.0
1990-03-30 03:30:00+00:00,3.59,82.2,0.0,0.0,0.0,247.7,6.69,277.0,99330.0
1990-03-30 04:30:00+00:00,3.51,79.1,0.0,0.0,0.0,249.05,6.97,279.0,99450.0
1990-03-30 05:30:00+00:00,3.31,79.1,0.0,0.0,0.0,246.35,6.9,283.0,99550.0
1990-03-30 06:30:00+00:00,3.09,79.0,6.0,0.0,6.0,241.15,6.41,285.0,99700.0
1990-03-30 07:30:00+00:00,3.68,73.3,171.0,542.9,58.0,245.0,6.28,285.0,99790.0
1990-03-30 08:30:00+00:00,4.65,70.7,332.0,710.99,81.0,250.6,5.72,279.0,99870.0
1990-03-30 09:30:00+00:00,5.71,63.15,350.0,274.38,219.0,253.3,7.17,283.0,99950.0
1990-03-30 10:30:00+00:00,6.68,56.45,520.0,563.79,197.0,276.55,7.03,283.0,100000.0
1990-03-30 11:30:00+00:00,7.48,52.35,628.0,748.93,154.0,282.75,6.83,271.0,100050.0
1990-03-30 12:30:00+00:00,8.27,46.8,572.0,477.53,260.0,302.1,6.97,260.0,100050.0
1990-03-30 13:30:00+00:00,8.44,48.65,487.0,298.64,298.0,305.4,7.1,251.0,99980.0
1990-03-30 14:30:00+00:00,8.43,50.6,447.0,326.44,260.0,318.15,7.1,243.0,99890.0
1990-03-30 15:30:00+00:00,8.49,54.65,180.0,8.38,176.0,318.15,7.38,235.0,99780.0
1990-03-30 16:30:00+00:00,7.96,63.6,66.0,0.0,66.0,319.5,6.76,226.0,99650.0
1990-03-30 17:30:00+00:00,7.17,76.7,19.0,0.0,19.0,327.05,6.28,213.0,99470.0
1990-03-30 18:30:00+00:00,6.88,85.75,10.0,0.0,10.0,330.95,7.03,209.0,99270.0
1990-03-30 19:30:00+00:00,6.81,92.35,0.0,0.0,0.0,336.15,7.24,211.0,98980.0
1990-03-30 20:30:00+00:00,8.13,95.8,0.0,0.0,0.0,344.5,7.17,222.0,98800.0
1990-03-30 21:30:00+00:00,9.57,92.45,0.0,0.0,0.0,352.6,7.59,230.0,98620.0
1990-03-30 22:30:00+00:00,10.33,89.25,0.0,0.0,0.0,358.2,8.83,236.0,98450.0
1990-03-30 23:30:00+00:00,10.54,86.05,0.0,0.0,0.0,357.45,10.0,241.0,98320.0
1990-03-31 00:30:00+00:00,10.57,83.0,0.0,0.0,0.0,352.8,11.03,251.0,98230.0
1990-03-31 01:30:00+00:00,9.54,79.9,0.0,0.0,0.0,311.3,10.76,265.0,98250.0
1990-03-31 02:30:00+00:00,8.48,76.85,0.0,0.0,0.0,295.3,10.28,268.0,98320.0
1990-03-31 03:30:00+00:00,7.56,76.7,0.0,0.0,0.0,269.75,10.21,266.0,98370.0
1990-03-31 04:30:00+00:00,7.41,76.7,0.0,0.0,0.0,286.6,10.69,267.0,98450.0
1990-03-31 05:30:00+00:00,7.1,79.55,0.0,0.0,0.0,280.05,10.55,276.0,98600.0
1990-03-31 06:30:00+00:00,6.12,82.5,5.0,0.0,5.0,264.15,9.93,289.0,98850.0
1990-03-31 07:30:00+00:00,6.04,79.4,121.0,144.68,90.0,266.65,9.38,288.0,99150.0
1990-03-31 08:30:00+00:00,6.39,76.55,172.0,50.14,154.0,263.4,9.1,284.0,99370.0
1990-03-31 09:30:00+00:00,6.95,73.8,411.0,469.76,184.0,273.45,10.69,284.0,99530.0
1990-03-31 10:30:00+00:00,7.79,68.6,256.0,20.74,244.0,275.4,11.38,284.0,99630.0
1990-03-31 11:30:00+00:00,8.47,66.15,375.0,94.01,315.0,269.0,10.55,279.0,99660.0
1990-03-31 12:30:00+00:00,8.74,63.8,677.0,823.11,135.0,268.6,10.76,278.0,99740.0
1990-03-31 13:30:00+00:00,7.04,68.4,682.0,914.1,99.0,283.9,10.41,282.0,99890.0
1990-03-31 14:30:00+00:00,7.29,61.1,579.0,786.03,125.0,275.6,11.1,283.0,99910.0
1990-03-31 15:30:00+00:00,6.16,65.75,479.0,782.2,102.0,277.7,10.21,283.0,100060.0
1990-03-31 16:30:00+00:00,4.46,51.03,326.0,651.8,93.0,231.55,9.19,287.0,100100.0
1990-03-31 17:30:00+00:00,4.71,53.85,167.0,484.57,64.0,238.75,9.0,286.0,100200.0
1990-03-31 18:30:00+00:00,4.96,56.68,20.0,70.04,16.0,245.95,8.81,287.0,100310.0
1990-03-31 19:30:00+00:00,5.21,59.5,0.0,0.0,0.0,253.15,8.61,280.0,100410.0
1990-03-31 20:30:00+00:00,5.46,62.32,0.0,0.0,0.0,260.35,8.42,282.0,100510.0
1990-03-31 21:30:00+00:00,5.71,65.14,0.0,0.0,0.0,267.54,8.23,281.0,100530.0
1990-03-31 22:30:00+00:00,5.96,67.96,0.0,0.0,0.0,274.74,8.03,283.0,100620.0
1990-03-31 23:30:00+00:00,6.21,70.79,0.0,0.0,0.0,281.94,7.84,284.0,100680.0
1990-04-01 00:30:00+00:00,6.46,73.61,0.0,0.0,0.0,289.14,7.65,197.0,100660.0
1990-04-01 01:30:00+00:00,6.72,76.43,0.0,0.0,0.0,296.34,7.46,198.0,100580.0
1990-04-01 02:30:00+00:00,6.97,79.25,0.0,0.0,0.0,303.54,7.26,199.0,100470.0
1990-04-01 03:30:00+00:00,7.22,82.07,0.0,0.0,0.0,310.74,7.07,197.0,100360.0
1990-04-01 04:30:00+00:00,7.47,84.9,0.0,0.0,0.0,317.93,6.88,200.0,100260.0
1990-04-01 05:30:00+00:00,7.72,87.72,0.0,0.0,0.0,325.13,6.69,210.0,100190.0
1990-04-01 06:30:00+00:00,7.97,90.54,39.0,252.61,21.0,332.33,6.49,224.0,100200.0
1990-04-01 07:30:00+00:00,8.22,93.36,181.0,490.25,70.0,339.53,6.3,242.0,100280.0
1990-04-01 08:30:00+00:00,9.51,79.9,188.0,64.72,164.0,265.1,7.31,249.0,100340.0
1990-04-01 09:30:00+00:00,10.38,71.7,317.0,155.66,240.0,273.05,8.21,253.0,100370.0
1990-04-01 10:30:00+00:00,11.48,62.0,296.0,45.8,269.0,271.3,10.07,266.0,100460.0
1990-04-01 11:30:00+00:00,12.01,57.65,692.0,900.16,108.0,296.5,9.38,270.0,100510.0
1990-04-01 12:30:00+00:00,12.49,55.65,551.0,376.93,299.0,299.75,9.31,271.0,100560.0
1990-04-01 13:30:00+00:00,12.44,55.65,690.0,898.9,108.0,299.2,9.17,269.0,100620.0
1990-04-01 14:30:00+00:00,12.39,57.65,534.0,558.84,206.0,288.95,9.1,268.0,100640.0
1990-04-01 15:30:00+00:00,12.51,53.6,495.0,806.39,99.0,293.0,9.38,269.0,100690.0
1990-04-01 16:30:00+00:00,12.11,55.5,318.0,551.24,116.0,294.35,8.55,270.0,100750.0
1990-04-01 17:30:00+00:00,11.8,59.7,160.0,356.61,81.0,292.8,7.59,271.0,100820.0
1990-04-01 18:30:00+00:00,11.08,57.4,12.0,0.0,12.0,278.65,7.03,272.0,100880.0
1990-04-01 19:30:00+00:00,10.3,61.65,0.0,0.0,0.0,277.5,6.76,272.0,100960.0
1990-04-01 20:30:00+00:00,9.63,59.25,0.0,0.0,0.0,265.5,6.62,274.0,101020.0
1990-04-01 21:30:00+00:00,9.16,61.45,0.0,0.0,0.0,269.6,6.41,278.0,101070.0
1990-04-01 22:30:00+00:00,8.56,61.3,0.0,0.0,0.0,258.95,6.14,280.0,101110.0
1990-04-01 23:30:00+00:00,8.05,66.05,0.0,0.0,0.0,258.95,5.66,279.0,101140.0
1990-04-02 00:30:00+00:00,7.56,68.5,0.0,0.0,0.0,256.4,5.24,278.0,101180.0
1990-04-02 01:30:00+00:00,7.1,71.05,0.0,0.0,0.0,257.9,5.03,276.0,101230.0
1990-04-02 02:30:00+00:00,6.89,71.05,0.0,0.0,0.0,269.6,5.03,274.0,101270.0
1990-04-02 03:30:00+00:00,6.64,73.8,0.0,0.0,0.0,269.75,5.1,273.0,101290.0
1990-04-02 04:30:00+00:00,6.16,76.55,0.0,0.0,0.0,257.4,4.69,271.0,101310.0
1990-04-02 05:30:00+00:00,6.06,79.5,0.0,0.0,0.0,277.7,4.55,269.0,101350.0
1990-04-02 06:30:00+00:00,5.96,79.5,31.0,77.52,25.0,276.35,4.28,271.0,101430.0
1990-04-02 07:30:00+00:00,7.1,82.6,119.0,94.65,97.0,285.05,3.31,269.0,101430.0
1990-04-02 08:30:00+00:00,8.44,76.85,154.0,21.24,146.0,315.65,4.14,272.0,101470.0
1990-04-02 09:30:00+00:00,8.85,76.85,157.0,2.0,156.0,326.5,4.34,278.0,101520.0
1990-04-02 10:30:00+00:00,8.98,76.95,229.0,8.41,224.0,338.65,3.93,276.0,101540.0
1990-04-02 11:30:00+00:00,9.57,71.5,421.0,145.27,326.0,340.4,4.76,286.0,101560.0
1990-04-02 12:30:00+00:00,10.19,69.0,261.0,7.42,256.0,345.45,4.83,288.0,101600.0
1990-04-02 13:30:00+00:00,10.69,69.1,209.0,1.53,208.0,343.1,5.17,290.0,101600.0
1990-04-02 14:30:00+00:00,11.15,69.15,195.0,1.69,194.0,346.4,5.38,294.0,101630.0
1990-04-02 15:30:00+00:00,11.31,69.15,233.0,36.32,215.0,352.8,5.31,297.0,101640.0
1990-04-02 16:30:00+00:00,11.16,71.75,151.0,21.57,143.0,337.5,5.03,299.0,101630.0
1990-04-02 17:30:00+00:00,11.17,71.75,86.0,22.13,81.0,333.65,4.9,300.0,101660.0
1990-04-02 18:30:00+00:00,10.68,77.15,22.0,28.28,20.0,345.65,4.07,299.0,101690.0
1990-04-02 19:30:00+00:00,10.21,82.95,0.0,0.0,0.0,347.4,4.21,305.0,101720.0
1990-04-02 20:30:00+00:00,9.75,82.9,0.0,0.0,0.0,342.75,4.07,305.0,101780.0
1990-04-02 21:30:00+00:00,9.34,85.95,0.0,0.0,0.0,333.65,4.0,305.0,101850.0
1990-04-02 22:30:00+00:00,9.05,85.95,0.0,0.0,0.0,331.5,3.79,306.0,101850.0
1990-04-02 23:30:00+00:00,8.64,89.1,0.0,0.0,0.0,317.0,3.59,307.0,101890.0
1990-04-03 00:30:00+00:00,8.51,89.1,0.0,0.0,0.0,324.15,3.31,309.0,101910.0
1990-04-03 01:30:00+00:00,8.33,89.05,0.0,0.0,0.0,321.95,3.1,310.0,101940.0
1990-04-03 02:30:00+00:00,7.76,92.35,0.0,0.0,0.0,300.55,3.03,313.0,101940.0
1990-04-03 03:30:00+00:00,7.46,92.35,0.0,0.0,0.0,299.55,2.97,316.0,101940.0
1990-04-03 04:30:00+00:00,7.44,92.35,0.0,0.0,0.0,306.55,2.83,317.0,101980.0
1990-04-03 05:30:00+00:00,7.6,92.35,0.0,0.0,0.0,318.15,2.62,317.0,102000.0
1990-04-03 06:30:00+00:00,7.71,95.8,12.0,0.0,12.0,320.1,2.48,312.0,102050.0
1990-04-03 07:30:00+00:00,9.05,89.1,25.0,0.0,25.0,350.85,2.28,317.0,102120.0
1990-04-03 08:30:00+00:00,10.08,86.0,137.0,7.84,134.0,348.15,2.28,323.0,102160.0
1990-04-03 09:30:00+00:00,11.5,80.15,159.0,1.98,158.0,340.8,3.03,336.0,102180.0
1990-04-03 10:30:00+00:00,12.65,77.45,182.0,0.0,182.0,326.5,2.9,338.0,102210.0
1990-04-03 11:30:00+00:00,13.76,72.2,218.0,1.52,217.0,350.1,2.83,330.0,102190.0
1990-04-03 12:30:00+00:00,14.35,69.75,185.0,0.0,185.0,358.4,2.97,320.0,102190.0
1990-04-03 13:30:00+00:00,14.85,69.85,221.0,1.52,220.0,363.65,3.24,314.0,102150.0
1990-04-03 14:30:00+00:00,15.08,65.05,305.0,52.01,274.0,366.15,3.52,312.0,102130.0
1990-04-03 15:30:00+00:00,14.85,67.35,299.0,119.99,239.0,366.35,3.52,306.0,102120.0
1990-04-03 16:30:00+00:00,14.85,67.35,256.0,234.48,168.0,337.1,3.86,302.0,102100.0
1990-04-03 17:30:00+00:00,14.24,69.75,146.0,225.7,94.0,319.3,3.31,302.0,102080.0
1990-04-03 18:30:00+00:00,13.21,74.75,32.0,106.37,24.0,322.2,2.69,308.0,102110.0
1990-04-03 19:30:00+00:00,11.09,86.1,0.0,0.0,0.0,311.95,2.34,302.0,102160.0
1990-04-03 20:30:00+00:00,10.01,92.5,0.0,0.0,0.0,309.65,2.21,306.0,102200.0
1990-04-03 21:30:00+00:00,9.08,95.85,0.0,0.0,0.0,300.35,2.21,304.0,102190.0
1990-04-03 22:30:00+00:00,8.49,95.85,0.0,0.0,0.0,297.05,2.21,300.0,102180.0
1990-04-03 23:30:00+00:00,7.92,92.4,0.0,0.0,0.0,289.3,2.07,293.0,102150.0
1990-04-04 00:30:00+00:00,7.34,95.8,0.0,0.0,0.0,285.65,2.07,279.0,102130.0
1990-04-04 01:30:00+00:00,6.57,92.35,0.0,0.0,0.0,276.25,2.21,266.0,102100.0
1990-04-04 02:30:00+00:00,5.95,92.3,0.0,0.0,0.0,281.75,2.14,260.0,102070.0
1990-04-04 03:30:00+00:00,5.96,95.8,0.0,0.0,0.0,299.55,2.14,257.0,102030.0
1990-04-04 04:30:00+00:00,6.05,95.8,0.0,0.0,0.0,304.6,2.14,258.0,102010.0
1990-04-04 05:30:00+00:00,6.34,99.4,0.0,0.0,0.0,320.3,2.07,263.0,101980.0
1990-04-04 06:30:00+00:00,6.35,95.8,37.0,78.14,30.0,313.3,2.14,266.0,101980.0
1990-04-04 07:30:00+00:00,7.04,99.4,94.0,20.46,89.0,344.1,2.34,269.0,101950.0
1990-04-04 08:30:00+00:00,7.6,99.4,130.0,5.15,128.0,344.65,2.34,265.0,101950.0
1990-04-04 09:30:00+00:00,8.57,95.85,298.0,103.63,245.0,351.45,2.41,262.0,101920.0
1990-04-04 10:30:00+00:00,9.53,89.15,305.0,46.24,277.0,353.2,3.03,262.0,101880.0
1990-04-04 11:30:00+00:00,11.01,83.05,517.0,305.64,314.0,342.55,3.72,267.0,101810.0
1990-04-04 12:30:00+00:00,12.39,77.35,256.0,4.39,253.0,324.75,4.41,272.0,101750.0
1990-04-04 13:30:00+00:00,13.06,64.65,374.0,77.08,323.0,341.95,4.97,282.0,101690.0
1990-04-04 14:30:00+00:00,13.13,62.3,274.0,26.64,258.0,340.2,5.24,293.0,101640.0
1990-04-04 15:30:00+00:00,12.63,64.55,173.0,3.96,171.0,347.95,4.69,298.0,101580.0
1990-04-04 16:30:00+00:00,12.17,64.45,330.0,550.47,121.0,342.35,4.34,298.0,101530.0
1990-04-04 17:30:00+00:00,11.62,69.25,163.0,302.39,92.0,332.5,3.66,292.0,101460.0
1990-04-04 18:30:00+00:00,10.75,71.7,23.0,25.1,21.0,312.15,3.79,286.0,101410.0
1990-04-04 19:30:00+00:00,10.02,74.3,0.0,0.0,0.0,295.9,3.38,281.0,101320.0
1990-04-04 20:30:00+00:00,9.22,79.85,0.0,0.0,0.0,296.5,3.45,279.0,101290.0
1990-04-04 21:30:00+00:00,8.64,79.75,0.0,0.0,0.0,294.35,3.66,280.0,101230.0
1990-04-04 22:30:00+00:00,8.4,82.75,0.0,0.0,0.0,304.2,3.79,284.0,101190.0
1990-04-04 23:30:00+00:00,8.45,82.75,0.0,0.0,0.0,329.75,4.07,294.0,101140.0
1990-04-05 00:30:00+00:00,8.01,79.7,0.0,0.0,0.0,333.85,4.48,302.0,101130.0
1990-04-05 01:30:00+00:00,7.22,79.55,0.0,0.0,0.0,333.95,4.76,305.0,101090.0
1990-04-05 02:30:00+00:00,6.14,73.7,0.0,0.0,0.0,302.3,4.69,306.0,101020.0
1990-04-05 03:30:00+00:00,5.57,70.85,0.0,0.0,0.0,300.55,4.62,307.0,100970.0
1990-04-05 04:30:00+00:00,4.63,76.3,0.0,0.0,0.0,255.65,4.41,306.0,100930.0
1990-04-05 05:30:00+00:00,4.18,82.3,0.0,0.0,0.0,253.15,4.34,305.0,100870.0
1990-04-05 06:30:00+00:00,3.88,85.5,35.0,41.83,31.0,244.6,4.14,302.0,100820.0
1990-04-05 07:30:00+00:00,5.02,85.6,203.0,491.49,80.0,258.35,3.66,297.0,100750.0
1990-04-05 08:30:00+00:00,6.22,82.55,278.0,251.29,179.0,268.8,4.83,303.0,100710.0
1990-04-05 09:30:00+00:00,6.81,82.6,117.0,0.0,117.0,316.8,4.48,316.0,100690.0
1990-04-05 10:30:00+00:00,6.44,79.55,108.0,0.0,108.0,311.75,4.69,345.0,100700.0
1990-04-05 11:30:00+00:00,6.18,76.55,300.0,20.92,286.0,301.9,5.66,5.0,100720.0
1990-04-05 12:30:00+00:00,6.92,79.55,439.0,130.79,349.0,300.75,5.38,7.0,100720.0
1990-04-05 13:30:00+00:00,8.07,73.95,552.0,379.75,299.0,279.65,5.17,1.0,100690.0
1990-04-05 14:30:00+00:00,8.51,71.35,266.0,19.83,254.0,287.75,5.24,355.0,100670.0
1990-04-05 15:30:00+00:00,8.48,68.7,249.0,43.24,227.0,296.3,5.17,346.0,100620.0
1990-04-05 16:30:00+00:00,7.17,68.4,119.0,2.6,118.0,277.7,5.45,353.0,100600.0
1990-04-05 17:30:00+00:00,5.75,70.85,162.0,267.59,98.0,276.15,5.59,355.0,100640.0
1990-04-05 18:30:00+00:00,4.88,73.55,40.0,154.5,27.0,278.1,4.55,350.0,100640.0
1990-04-05 19:30:00+00:00,3.67,79.15,0.0,0.0,0.0,259.9,3.72,351.0,100610.0
1990-04-05 20:30:00+00:00,2.95,79.1,0.0,0.0,0.0,256.4,3.52,352.0,100620.0
1990-04-05 21:30:00+00:00,2.06,82.05,0.0,0.0,0.0,239.75,3.38,353.0,100610.0
1990-04-05 22:30:00+00:00,1.58,82.0,0.0,0.0,0.0,248.65,3.17,356.0,100600.0
1990-04-05 23:30:00+00:00,0.98,85.2,0.0,0.0,0.0,243.05,2.97,358.0,100540.0
1990-04-06 00:30:00+00:00,0.66,85.15,0.0,0.0,0.0,250.8,2.97,357.0,100470.0
1990-04-06 01:30:00+00:00,0.65,85.15,0.0,0.0,0.0,271.8,3.03,354.0,100410.0
1990-04-06 02:30:00+00:00,0.51,81.9,0.0,0.0,0.0,279.45,3.03,349.0,100350.0
1990-04-06 03:30:00+00:00,0.41,78.75,0.0,0.0,0.0,286.05,2.97,343.0,100280.0
1990-04-06 04:30:00+00:00,0.28,78.65,0.0,0.0,0.0,281.4,2.83,336.0,100250.0
1990-04-06 05:30:00+00:00,-0.47,78.6,0.0,0.0,0.0,247.15,2.34,320.0,100180.0
1990-04-06 06:30:00+00:00,-1.19,81.7,59.0,236.16,35.0,232.2,2.28,301.0,100130.0
1990-04-06 07:30:00+00:00,-0.84,85.0,190.0,347.51,101.0,228.75,2.62,316.0,100060.0
1990-04-06 08:30:00+00:00,0.23,75.6,352.0,538.0,137.0,216.75,3.45,321.0,100020.0
1990-04-06 09:30:00+00:00,1.36,62.25,525.0,773.37,121.0,212.85,3.52,325.0,99970.0
1990-04-06 10:30:00+00:00,2.56,53.25,635.0,811.65,135.0,214.6,4.07,328.0,99910.0
1990-04-06 11:30:00+00:00,3.6,47.45,699.0,808.4,154.0,221.4,4.55,329.0,99870.0
1990-04-06 12:30:00+00:00,4.34,44.05,142.0,0.0,142.0,224.65,4.55,329.0,99800.0
1990-04-06 13:30:00+00:00,4.96,42.45,538.0,326.48,319.0,231.65,4.62,326.0,99740.0
1990-04-06 14:30:00+00:00,5.29,46.0,418.0,182.11,307.0,231.65,4.62,323.0,99660.0
1990-04-06 15:30:00+00:00,5.42,49.95,335.0,159.79,253.0,238.4,4.48,317.0,99600.0
1990-04-06 16:30:00+00:00,5.23,58.3,190.0,48.93,171.0,235.5,4.28,307.0,99520.0
1990-04-06 17:30:00+00:00,3.65,67.8,99.0,24.64,93.0,245.0,4.55,311.0,99530.0
1990-04-06 18:30:00+00:00,2.24,88.65,20.0,0.0,20.0,276.95,3.45,316.0,99510.0
1990-04-06 19:30:00+00:00,1.79,82.0,0.0,0.0,0.0,287.75,4.62,320.0,99470.0
1990-04-06 20:30:00+00:00,1.29,85.2,0.0,0.0,0.0,285.25,4.55,303.0,99450.0
1990-04-06 21:30:00+00:00,1.08,78.8,0.0,0.0,0.0,277.9,4.83,298.0,99380.0
1990-04-06 22:30:00+00:00,0.95,75.75,0.0,0.0,0.0,265.3,4.97,301.0,99340.0
1990-04-06 23:30:00+00:00,1.03,75.75,0.0,0.0,0.0,268.2,5.1,305.0,99300.0
1990-04-07 00:30:00+00:00,0.95,72.85,0.0,0.0,0.0,258.15,5.1,308.0,99280.0
1990-04-07 01:30:00+00:00,0.61,75.7,0.0,0.0,0.0,243.15,4.97,312.0,99250.0
1990-04-07 02:30:00+00:00,0.73,81.9,0.0,0.0,0.0,259.9,4.83,318.0,99240.0
1990-04-07 03:30:00+00:00,0.93,85.2,0.0,0.0,0.0,269.75,4.69,320.0,99250.0
1990-04-07 04:30:00+00:00,1.15,85.2,0.0,0.0,0.0,281.4,4.69,321.0,99250.0
1990-04-07 05:30:00+00:00,1.12,85.2,0.0,0.0,0.0,278.5,4.48,319.0,99270.0
1990-04-07 06:30:00+00:00,0.99,85.2,58.0,185.91,38.0,269.95,4.14,314.0,99300.0
1990-04-07 07:30:00+00:00,1.88,82.05,233.0,622.34,70.0,284.65,3.59,305.0,99300.0
1990-04-07 08:30:00+00:00,2.87,76.1,382.0,681.09,106.0,260.1,4.69,310.0,99320.0
1990-04-07 09:30:00+00:00,4.04,62.8,342.0,153.48,261.0,252.15,5.03,323.0,99320.0
1990-04-07 10:30:00+00:00,4.63,60.5,362.0,88.54,307.0,305.55,4.41,312.0,99330.0
1990-04-07 11:30:00+00:00,5.54,54.05,193.0,0.0,193.0,275.95,4.41,304.0,99340.0
1990-04-07 12:30:00+00:00,6.43,54.3,239.0,1.43,238.0,261.85,4.28,300.0,99350.0
1990-04-07 13:30:00+00:00,7.02,61.0,309.0,22.21,294.0,262.2,4.14,292.0,99320.0
1990-04-07 14:30:00+00:00,7.53,63.5,468.0,281.81,295.0,246.75,4.07,285.0,99320.0
1990-04-07 15:30:00+00:00,7.47,65.95,444.0,459.94,206.0,259.7,4.07,283.0,99310.0
1990-04-07 16:30:00+00:00,7.18,71.05,285.0,275.08,177.0,267.25,3.72,285.0,99300.0
1990-04-07 17:30:00+00:00,5.12,73.55,133.0,104.91,107.0,262.05,3.03,292.0,99290.0
1990-04-07 18:30:00+00:00,4.84,73.55,14.0,0.0,14.0,264.75,2.07,289.0,99320.0
1990-04-07 19:30:00+00:00,4.23,79.2,0.0,0.0,0.0,272.1,2.07,271.0,99340.0
1990-04-07 20:30:00+00:00,3.28,85.4,0.0,0.0,0.0,267.65,2.07,248.0,99390.0
1990-04-07 21:30:00+00:00,2.11,88.65,0.0,0.0,0.0,245.95,2.21,244.0,99400.0
1990-04-07 22:30:00+00:00,1.33,92.05,0.0,0.0,0.0,243.45,2.28,243.0,99430.0
1990-04-07 23:30:00+00:00,0.87,92.05,0.0,0.0,0.0,245.95,2.28,245.0,99420.0
1990-04-08 00:30:00+00:00,0.32,92.0,0.0,0.0,0.0,239.4,2.21,249.0,99400.0
1990-04-08 01:30:00+00:00,-0.15,92.0,0.0,0.0,0.0,238.55,2.14,252.0,99410.0
1990-04-08 02:30:00+00:00,-0.57,95.6,0.0,0.0,0.0,239.6,2.07,254.0,99400.0
1990-04-08 03:30:00+00:00,-1.02,95.6,0.0,0.0,0.0,236.1,1.93,253.0,99410.0
1990-04-08 04:30:00+00:00,-1.45,95.6,0.0,0.0,0.0,237.85,1.86,251.0,99410.0
1990-04-08 05:30:00+00:00,-2.11,95.55,0.0,0.0,0.0,227.6,1.86,250.0,99430.0
1990-04-08 06:30:00+00:00,-2.41,95.55,66.0,237.9,39.0,231.25,1.66,250.0,99440.0
1990-04-08 07:30:00+00:00,1.25,95.65,221.0,504.36,86.0,269.95,1.31,241.0,99430.0
1990-04-08 08:30:00+00:00,3.29,92.15,382.0,654.84,113.0,260.85,1.52,228.0,99450.0
1990-04-08 09:30:00+00:00,4.6,76.3,517.0,701.56,143.0,276.75,2.28,234.0,99470.0
1990-04-08 10:30:00+00:00,5.7,65.65,505.0,346.5,288.0,279.65,2.62,234.0,99450.0
1990-04-08 11:30:00+00:00,6.78,61.0,616.0,508.82,268.0,260.3,2.48,233.0,99460.0
1990-04-08 12:30:00+00:00,7.6,61.1,345.0,34.18,321.0,262.8,2.69,235.0,99440.0
1990-04-08 13:30:00+00:00,8.29,61.2,242.0,2.94,240.0,258.55,2.97,239.0,99400.0
1990-04-08 14:30:00+00:00,8.73,61.3,487.0,320.27,289.0,259.9,3.1,244.0,99360.0
1990-04-08 15:30:00+00:00,8.85,63.7,301.0,93.92,252.0,262.6,3.03,246.0,99340.0
1990-04-08 16:30:00+00:00,8.64,61.3,246.0,148.67,187.0,274.8,2.97,243.0,99310.0
1990-04-08 17:30:00+00:00,7.9,63.6,210.0,535.45,75.0,283.9,2.55,246.0,99250.0
1990-04-08 18:30:00+00:00,6.47,73.8,51.0,184.8,33.0,278.3,2.48,269.0,99320.0
1990-04-08 19:30:00+00:00,4.64,85.55,0.0,0.0,0.0,278.65,1.93,247.0,99330.0
1990-04-08 20:30:00+00:00,3.39,88.75,0.0,0.0,0.0,259.1,2.21,239.0,99330.0
1990-04-08 21:30:00+00:00,2.53,95.7,0.0,0.0,0.0,255.25,2.34,248.0,99330.0
1990-04-08 22:30:00+00:00,1.66,95.65,0.0,0.0,0.0,242.5,2.48,257.0,99300.0
1990-04-08 23:30:00+00:00,1.04,95.65,0.0,0.0,0.0,236.3,2.55,263.0,99290.0
1990-04-09 00:30:00+00:00,0.51,95.65,0.0,0.0,0.0,231.45,2.62,263.0,99290.0
1990-04-09 01:30:00+00:00,0.06,95.6,0.0,0.0,0.0,228.05,2.62,264.0,99280.0
1990-04-09 02:30:00+00:00,-0.32,99.4,0.0,0.0,0.0,226.6,2.55,264.0,99240.0
1990-04-09 03:30:00+00:00,-0.67,95.6,0.0,0.0,0.0,226.8,2.48,261.0,99190.0
1990-04-09 04:30:00+00:00,-1.03,95.6,0.0,0.0,0.0,226.4,2.48,258.0,99160.0
1990-04-09 05:30:00+00:00,-1.26,95.6,0.0,0.0,0.0,228.35,2.48,253.0,99150.0
1990-04-09 06:30:00+00:00,-1.25,95.6,79.0,343.51,38.0,226.6,2.41,249.0,99160.0
1990-04-09 07:30:00+00:00,1.12,95.65,207.0,373.13,105.0,234.75,2.34,242.0,99080.0
1990-04-09 08:30:00+00:00,3.47,88.75,190.0,33.63,176.0,243.05,2.69,243.0,99070.0
1990-04-09 09:30:00+00:00,5.67,79.4,346.0,148.6,266.0,249.05,3.45,254.0,99050.0
1990-04-09 10:30:00+00:00,7.19,71.05,489.0,297.8,301.0,257.2,3.59,259.0,99030.0
1990-04-09 11:30:00+00:00,7.97,68.6,429.0,117.61,348.0,257.75,3.38,260.0,99010.0
1990-04-09 12:30:00+00:00,8.82,71.35,632.0,490.96,285.0,279.85,3.17,259.0,98980.0
1990-04-09 13:30:00+00:00,9.48,68.9,552.0,340.55,319.0,279.25,3.17,255.0,98960.0
1990-04-09 14:30:00+00:00,9.94,69.0,69.0,0.0,69.0,286.6,3.17,255.0,98940.0
1990-04-09 15:30:00+00:00,9.93,69.0,295.0,83.66,251.0,295.9,3.24,255.0,98930.0
1990-04-09 16:30:00+00:00,8.91,71.4,206.0,64.83,180.0,289.5,3.31,262.0,98900.0
1990-04-09 17:30:00+00:00,7.86,76.8,152.0,156.01,112.0,283.9,2.69,285.0,98920.0
1990-04-09 18:30:00+00:00,7.01,82.6,54.0,186.67,35.0,270.75,2.0,279.0,98940.0
1990-04-09 19:30:00+00:00,5.76,76.5,0.0,0.0,0.0,266.85,2.0,242.0,98970.0
1990-04-09 20:30:00+00:00,4.2,85.5,0.0,0.0,0.0,253.1,2.21,235.0,99010.0
1990-04-09 21:30:00+00:00,3.17,88.7,0.0,0.0,0.0,254.1,2.14,238.0,99030.0
1990-04-09 22:30:00+00:00,2.35,92.15,0.0,0.0,0.0,249.65,2.21,246.0,99030.0
1990-04-09 23:30:00+00:00,1.69,95.65,0.0,0.0,0.0,245.6,2.28,250.0,99060.0
1990-04-10 00:30:00+00:00,1.22,95.65,0.0,0.0,0.0,243.25,2.28,246.0,99040.0
1990-04-10 01:30:00+00:00,0.72,95.65,0.0,0.0,0.0,236.8,2.34,239.0,99040.0
1990-04-10 02:30:00+00:00,0.39,95.65,0.0,0.0,0.0,237.45,2.41,236.0,99020.0
1990-04-10 03:30:00+00:00,0.14,95.6,0.0,0.0,0.0,236.85,2.41,238.0,98970.0
1990-04-10 04:30:00+00:00,-0.09,92.0,0.0,0.0,0.0,235.9,2.41,238.0,98960.0
1990-04-10 05:30:00+00:00,-0.38,95.6,0.0,0.0,0.0,235.3,2.34,232.0,98940.0
1990-04-10 06:30:00+00:00,-0.36,95.6,58.0,87.88,47.0,234.75,2.28,225.0,98940.0
1990-04-10 07:30:00+00:00,2.15,92.1,187.0,240.13,120.0,237.85,2.21,213.0,98940.0
1990-04-10 08:30:00+00:00,4.78,88.85,216.0,61.65,190.0,241.5,2.76,210.0,98940.0
1990-04-10 09:30:00+00:00,6.72,76.65,386.0,229.96,261.0,245.0,3.86,214.0,98910.0
1990-04-10 10:30:00+00:00,7.87,66.05,479.0,271.9,306.0,254.5,4.14,216.0,98880.0
1990-04-10 11:30:00+00:00,8.64,59.0,685.0,712.36,191.0,277.9,4.21,213.0,98860.0
1990-04-10 12:30:00+00:00,9.35,54.8,416.0,88.57,353.0,269.95,4.34,210.0,98820.0
1990-04-10 13:30:00+00:00,9.63,54.9,530.0,287.56,332.0,275.2,4.34,210.0,98800.0
1990-04-10 14:30:00+00:00,9.86,59.25,447.0,221.78,308.0,285.25,4.34,209.0,98770.0
1990-04-10 15:30:00+00:00,9.98,64.0,470.0,528.19,190.0,283.9,4.34,203.0,98720.0
1990-04-10 16:30:00+00:00,9.72,68.9,235.0,113.51,189.0,281.0,4.41,193.0,98660.0
1990-04-10 17:30:00+00:00,9.11,71.4,168.0,218.7,111.0,302.1,4.21,179.0,98580.0
1990-04-10 18:30:00+00:00,7.88,76.8,41.0,56.53,35.0,281.2,4.55,193.0,98640.0
1990-04-10 19:30:00+00:00,6.53,79.55,0.0,0.0,0.0,283.1,3.86,192.0,98670.0
1990-04-10 20:30:00+00:00,5.88,82.55,0.0,0.0,0.0,293.95,3.66,193.0,98700.0
1990-04-10 21:30:00+00:00,5.3,88.85,0.0,0.0,0.0,289.3,3.45,194.0,98690.0
1990-04-10 22:30:00+00:00,4.71,92.25,0.0,0.0,0.0,280.8,3.24,196.0,98690.0
1990-04-10 23:30:00+00:00,4.02,92.2,0.0,0.0,0.0,268.05,3.03,199.0,98690.0
1990-04-11 00:30:00+00:00,3.5,95.7,0.0,0.0,0.0,265.9,2.97,201.0,98710.0
1990-04-11 01:30:00+00:00,2.94,95.7,0.0,0.0,0.0,256.7,2.97,198.0,98700.0
1990-04-11 02:30:00+00:00,2.48,95.7,0.0,0.0,0.0,252.95,3.03,194.0,98670.0
1990-04-11 03:30:00+00:00,1.89,95.65,0.0,0.0,0.0,239.4,3.03,188.0,98600.0
1990-04-11 04:30:00+00:00,1.76,95.65,0.0,0.0,0.0,248.3,3.17,180.0,98590.0
1990-04-11 05:30:00+00:00,1.56,95.65,0.0,0.0,0.0,239.4,3.45,172.0,98580.0
1990-04-11 06:30:00+00:00,2.05,95.65,35.0,7.64,34.0,257.6,3.79,168.0,98560.0
1990-04-11 07:30:00+00:00,3.48,92.15,217.0,379.48,109.0,269.4,4.07,169.0,98500.0
1990-04-11 08:30:00+00:00,4.9,82.4,318.0,297.36,191.0,265.5,6.28,178.0,98480.0
1990-04-11 09:30:00+00:00,6.11,79.5,184.0,1.82,183.0,287.2,5.93,180.0,98440.0
1990-04-11 10:30:00+00:00,7.23,79.55,118.0,0.0,118.0,305.75,5.79,182.0,98410.0
1990-04-11 11:30:00+00:00,7.54,79.65,530.0,267.86,343.0,307.9,6.41,197.0,98380.0
1990-04-11 12:30:00+00:00,7.92,82.7,394.0,64.27,348.0,297.05,5.72,208.0,98350.0
1990-04-11 13:30:00+00:00,8.64,76.85,589.0,414.24,302.0,287.95,6.0,224.0,98340.0
1990-04-11 14:30:00+00:00,7.61,73.9,203.0,1.58,202.0,293.4,7.1,239.0,98380.0
1990-04-11 15:30:00+00:00,7.98,76.8,476.0,533.46,191.0,280.05,7.38,252.0,98440.0
1990-04-11 16:30:00+00:00,7.74,79.65,394.0,727.94,96.0,302.1,7.17,253.0,98520.0
1990-04-11 17:30:00+00:00,7.52,76.7,220.0,524.85,81.0,286.4,6.55,254.0,98600.0
1990-04-11 18:30:00+00:00,6.88,71.05,67.0,280.61,36.0,257.0,5.93,253.0,98670.0
1990-04-11 19:30:00+00:00,5.99,68.3,0.0,0.0,0.0,257.75,4.07,236.0,98780.0
1990-04-11 20:30:00+00:00,4.73,73.45,0.0,0.0,0.0,246.75,3.31,219.0,98820.0
1990-04-11 21:30:00+00:00,3.98,76.25,0.0,0.0,0.0,250.2,3.59,207.0,98820.0
1990-04-11 22:30:00+00:00,3.8,82.25,0.0,0.0,0.0,274.8,4.21,205.0,98810.0
1990-04-11 23:30:00+00:00,3.24,92.15,0.0,0.0,0.0,297.45,4.48,203.0,98790.0
1990-04-12 00:30:00+00:00,2.85,95.7,0.0,0.0,0.0,304.6,4.0,207.0,98760.0
1990-04-12 01:30:00+00:00,3.04,99.4,0.0,0.0,0.0,321.75,4.34,224.0,98730.0
1990-04-12 02:30:00+00:00,3.01,95.7,0.0,0.0,0.0,321.45,4.97,238.0,98760.0
1990-04-12 03:30:00+00:00,2.93,92.15,0.0,0.0,0.0,307.7,5.24,241.0,98820.0
1990-04-12 04:30:00+00:00,3.1,92.15,0.0,0.0,0.0,305.75,5.17,237.0,98880.0
1990-04-12 05:30:00+00:00,3.12,88.7,0.0,0.0,0.0,301.1,5.1,233.0,98910.0
1990-04-12 06:30:00+00:00,3.0,88.7,61.0,73.18,51.0,274.05,4.97,231.0,98980.0
1990-04-12 07:30:00+00:00,3.9,88.8,180.0,175.79,129.0,295.9,4.62,232.0,98990.0
1990-04-12 08:30:00+00:00,4.89,82.4,207.0,41.63,189.0,291.25,6.62,246.0,99050.0
1990-04-12 09:30:00+00:00,5.78,76.5,336.0,115.57,272.0,291.25,6.48,260.0,99150.0
1990-04-12 10:30:00+00:00,6.5,73.8,448.0,193.5,323.0,293.2,5.86,261.0,99240.0
1990-04-12 11:30:00+00:00,7.58,73.9,164.0,0.0,164.0,282.35,5.24,256.0,99310.0
1990-04-12 12:30:00+00:00,8.41,68.7,278.0,5.55,274.0,262.05,5.1,251.0,99340.0
1990-04-12 13:30:00+00:00,9.23,63.8,209.0,0.0,209.0,259.1,5.1,252.0,99360.0
1990-04-12 14:30:00+00:00,9.75,59.25,355.0,74.01,308.0,260.5,5.17,252.0,99370.0
1990-04-12 15:30:00+00:00,9.92,52.95,556.0,847.06,100.0,263.95,5.31,252.0,99400.0
1990-04-12 16:30:00+00:00,9.69,50.85,404.0,756.99,91.0,258.55,5.24,254.0,99390.0
1990-04-12 17:30:00+00:00,9.19,52.7,228.0,553.87,79.0,268.4,4.41,257.0,99420.0
1990-04-12 18:30:00+00:00,8.39,56.8,77.0,365.89,35.0,268.6,3.38,255.0,99450.0
1990-04-12 19:30:00+00:00,6.74,63.35,0.0,0.0,0.0,250.4,2.41,239.0,99520.0
1990-04-12 20:30:00+00:00,5.15,70.8,0.0,0.0,0.0,252.75,2.34,229.0,99610.0
1990-04-12 21:30:00+00:00,4.05,76.25,0.0,0.0,0.0,252.75,2.34,229.0,99680.0
1990-04-12 22:30:00+00:00,3.17,82.2,0.0,0.0,0.0,249.05,2.34,228.0,99680.0
1990-04-12 23:30:00+00:00,2.63,85.35,0.0,0.0,0.0,253.5,2.34,223.0,99720.0
1990-04-13 00:30:00+00:00,2.21,88.65,0.0,0.0,0.0,252.95,2.55,220.0,99740.0
1990-04-13 01:30:00+00:00,1.8,88.65,0.0,0.0,0.0,247.05,2.76,215.0,99710.0
1990-04-13 02:30:00+00:00,1.69,92.05,0.0,0.0,0.0,249.05,2.97,211.0,99720.0
1990-04-13 03:30:00+00:00,1.75,95.65,0.0,0.0,0.0,254.65,2.97,210.0,99710.0
1990-04-13 04:30:00+00:00,1.86,95.65,0.0,0.0,0.0,261.65,2.76,210.0,99730.0
1990-04-13 05:30:00+00:00,1.92,95.65,0.0,0.0,0.0,265.1,2.62,209.0,99730.0
1990-04-13 06:30:00+00:00,2.38,95.7,67.0,91.36,54.0,276.75,2.34,210.0,99760.0
1990-04-13 07:30:00+00:00,4.19,92.2,202.0,257.11,126.0,283.3,2.28,217.0,99750.0
1990-04-13 08:30:00+00:00,5.67,88.9,320.0,281.04,197.0,277.1,2.28,227.0,99790.0
1990-04-13 09:30:00+00:00,7.01,85.75,412.0,264.85,264.0,282.75,1.86,237.0,99830.0
1990-04-13 10:30:00+00:00,8.02,82.7,315.0,35.34,292.0,307.7,1.03,241.0,99880.0
1990-04-13 11:30:00+00:00,8.94,79.85,518.0,237.53,350.0,294.75,0.76,274.0,99890.0
1990-04-13 12:30:00+00:00,9.52,79.9,451.0,117.32,366.0,315.45,1.03,303.0,99890.0
1990-04-13 13:30:00+00:00,9.64,82.9,509.0,229.58,348.0,320.65,1.86,323.0,99910.0
1990-04-13 14:30:00+00:00,8.9,79.85,628.0,722.82,166.0,310.4,2.83,334.0,99920.0
1990-04-13 15:30:00+00:00,8.86,82.75,427.0,346.62,239.0,303.85,3.66,354.0,99930.0
1990-04-13 16:30:00+00:00,8.03,79.7,190.0,35.92,175.0,298.2,4.34,5.0,99980.0
1990-04-13 17:30:00+00:00,7.37,79.65,157.0,139.11,119.0,307.7,4.34,19.0,100070.0
1990-04-13 18:30:00+00:00,6.73,82.6,45.0,41.99,40.0,307.5,4.0,21.0,100140.0
1990-04-13 19:30:00+00:00,5.87,85.7,0.0,0.0,0.0,292.4,3.03,20.0,100280.0
1990-04-13 20:30:00+00:00,4.87,88.85,0.0,0.0,0.0,275.95,2.55,13.0,100360.0
1990-04-13 21:30:00+00:00,4.24,95.75,0.0,0.0,0.0,276.55,2.34,350.0,100460.0
1990-04-13 22:30:00+00:00,3.24,95.7,0.0,0.0,0.0,255.45,2.28,331.0,100470.0
1990-04-13 23:30:00+00:00,2.48,95.7,0.0,0.0,0.0,251.75,2.14,318.0,100540.0
1990-04-14 00:30:00+00:00,1.7,95.65,0.0,0.0,0.0,242.5,2.21,303.0,100560.0
1990-04-14 01:30:00+00:00,1.18,95.65,0.0,0.0,0.0,240.05,2.34,292.0,100570.0
1990-04-14 02:30:00+00:00,0.96,95.65,0.0,0.0,0.0,239.4,2.55,287.0,100580.0
1990-04-14 03:30:00+00:00,1.07,95.65,0.0,0.0,0.0,238.2,2.76,287.0,100600.0
1990-04-14 04:30:00+00:00,1.44,95.65,0.0,0.0,0.0,243.65,2.97,290.0,100600.0
1990-04-14 05:30:00+00:00,1.72,95.65,0.0,0.0,0.0,243.45,3.1,291.0,100650.0
1990-04-14 06:30:00+00:00,2.41,95.7,102.0,351.62,50.0,250.2,3.1,291.0,100710.0
1990-04-14 07:30:00+00:00,4.44,92.25,263.0,591.36,85.0,248.65,3.1,297.0,100710.0
1990-04-14 08:30:00+00:00,6.24,85.7,235.0,70.0,204.0,263.75,4.83,310.0,100750.0
1990-04-14 09:30:00+00:00,7.24,79.55,329.0,95.79,275.0,273.05,4.21,313.0,100800.0
1990-04-14 10:30:00+00:00,8.27,76.8,551.0,405.81,285.0,273.65,4.0,311.0,100850.0
1990-04-14 11:30:00+00:00,9.03,76.95,623.0,458.01,297.0,287.4,4.0,309.0,100910.0
1990-04-14 12:30:00+00:00,9.49,74.2,425.0,85.07,363.0,298.4,4.0,311.0,100910.0
1990-04-14 13:30:00+00:00,9.61,74.2,704.0,728.64,190.0,287.2,4.07,317.0,100940.0
1990-04-14 14:30:00+00:00,9.74,71.5,222.0,1.55,221.0,284.1,4.14,323.0,100940.0
1990-04-14 15:30:00+00:00,9.63,68.9,94.0,0.0,94.0,276.15,4.41,324.0,101000.0
1990-04-14 16:30:00+00:00,7.68,71.15,172.0,16.6,165.0,280.8,5.72,346.0,101060.0
1990-04-14 17:30:00+00:00,6.57,71.05,210.0,378.66,105.0,290.1,5.59,2.0,101170.0
1990-04-14 18:30:00+00:00,6.23,73.7,63.0,145.94,45.0,276.35,4.14,13.0,101230.0
1990-04-14 19:30:00+00:00,5.28,79.35,0.0,0.0,0.0,258.15,3.24,13.0,101300.0
1990-04-14 20:30:00+00:00,4.47,79.3,0.0,0.0,0.0,265.3,2.76,13.0,101380.0
1990-04-14 21:30:00+00:00,3.21,85.4,0.0,0.0,0.0,238.8,2.28,357.0,101420.0
1990-04-14 22:30:00+00:00,2.15,85.3,0.0,0.0,0.0,232.8,2.21,332.0,101450.0
1990-04-14 23:30:00+00:00,1.19,88.55,0.0,0.0,0.0,232.4,2.28,316.0,101470.0
1990-04-15 00:30:00+00:00,0.32,88.5,0.0,0.0,0.0,227.4,2.21,307.0,101500.0
1990-04-15 01:30:00+00:00,-0.31,91.95,0.0,0.0,0.0,226.9,2.14,299.0,101490.0
1990-04-15 02:30:00+00:00,-0.85,91.95,0.0,0.0,0.0,226.05,2.14,291.0,101460.0
1990-04-15 03:30:00+00:00,-1.12,91.95,0.0,0.0,0.0,227.6,2.28,282.0,101440.0
1990-04-15 04:30:00+00:00,-1.22,91.95,0.0,0.0,0.0,227.2,2.28,273.0,101440.0
1990-04-15 05:30:00+00:00,-1.28,95.6,0.0,0.0,0.0,229.9,2.28,263.0,101430.0
1990-04-15 06:30:00+00:00,-0.77,95.6,107.0,358.49,52.0,232.05,2.07,254.0,101440.0
1990-04-15 07:30:00+00:00,2.63,92.15,266.0,574.53,90.0,232.4,2.28,251.0,101430.0
1990-04-15 08:30:00+00:00,5.37,82.5,433.0,725.52,108.0,235.5,2.83,248.0,101450.0
1990-04-15 09:30:00+00:00,7.11,71.05,576.0,796.66,123.0,244.4,3.31,250.0,101430.0
1990-04-15 10:30:00+00:00,8.24,58.9,529.0,336.31,307.0,256.8,3.45,254.0,101430.0
1990-04-15 11:30:00+00:00,8.8,56.8,399.0,67.02,351.0,281.95,3.66,253.0,101440.0
1990-04-15 12:30:00+00:00,9.44,57.05,122.0,0.0,122.0,282.75,3.79,248.0,101410.0
1990-04-15 13:30:00+00:00,9.73,59.25,154.0,0.0,154.0,282.35,3.93,243.0,101370.0
1990-04-15 14:30:00+00:00,10.07,55.05,336.0,50.99,303.0,280.2,4.0,231.0,101290.0
1990-04-15 15:30:00+00:00,9.73,59.25,211.0,7.27,207.0,296.5,3.93,231.0,101250.0
1990-04-15 16:30:00+00:00,7.66,71.15,257.0,131.59,201.0,296.3,4.0,260.0,101270.0
1990-04-15 17:30:00+00:00,6.2,82.55,82.0,3.55,81.0,318.55,3.03,290.0,101290.0
1990-04-15 18:30:00+00:00,5.48,85.65,26.0,0.0,26.0,303.45,2.41,306.0,101310.0
1990-04-15 19:30:00+00:00,5.03,85.6,0.0,0.0,0.0,267.25,1.72,270.0,101310.0
1990-04-15 20:30:00+00:00,3.55,92.15,0.0,0.0,0.0,259.9,2.21,270.0,101380.0
1990-04-15 21:30:00+00:00,2.24,95.65,0.0,0.0,0.0,242.85,2.34,278.0,101380.0
1990-04-15 22:30:00+00:00,1.59,95.65,0.0,0.0,0.0,244.2,2.28,289.0,101400.0
1990-04-15 23:30:00+00:00,0.94,95.65,0.0,0.0,0.0,239.2,2.21,309.0,101400.0
1990-04-16 00:30:00+00:00,0.45,95.65,0.0,0.0,0.0,236.65,2.28,332.0,101420.0
1990-04-16 01:30:00+00:00,0.37,95.65,0.0,0.0,0.0,247.45,2.21,350.0,101410.0
1990-04-16 02:30:00+00:00,0.24,99.4,0.0,0.0,0.0,244.8,2.21,1.0,101380.0
1990-04-16 03:30:00+00:00,0.16,99.4,0.0,0.0,0.0,248.1,2.21,8.0,101380.0
1990-04-16 04:30:00+00:00,0.07,99.4,0.0,0.0,0.0,252.75,2.14,14.0,101370.0
1990-04-16 05:30:00+00:00,0.46,99.4,0.0,0.0,0.0,275.0,2.07,23.0,101370.0
1990-04-16 06:30:00+00:00,1.26,100.0,64.0,44.06,57.0,287.55,2.0,33.0,101380.0
1990-04-16 07:30:00+00:00,2.78,95.7,131.0,28.88,122.0,307.1,2.62,70.0,101400.0
1990-04-16 08:30:00+00:00,4.1,82.3,190.0,19.87,181.0,307.3,2.97,83.0,101380.0
1990-04-16 09:30:00+00:00,5.07,79.35,216.0,6.98,212.0,304.4,2.83,88.0,101360.0
1990-04-16 10:30:00+00:00,6.04,70.95,304.0,24.07,288.0,316.6,2.69,98.0,101330.0
1990-04-16 11:30:00+00:00,6.7,65.85,428.0,92.99,361.0,322.2,2.62,104.0,101300.0
1990-04-16 12:30:00+00:00,7.15,65.85,460.0,115.3,375.0,322.2,2.69,108.0,101260.0
1990-04-16 13:30:00+00:00,7.26,68.4,454.0,127.54,363.0,321.45,2.55,107.0,101180.0
1990-04-16 14:30:00+00:00,8.01,61.2,495.0,276.44,315.0,316.2,2.55,106.0,101110.0
1990-04-16 15:30:00+00:00,8.12,61.2,336.0,117.27,271.0,318.15,2.41,109.0,101030.0
1990-04-16 16:30:00+00:00,8.14,58.9,356.0,440.0,167.0,311.75,2.28,103.0,100950.0
1990-04-16 17:30:00+00:00,8.08,58.9,157.0,108.6,126.0,312.55,2.62,94.0,100890.0
1990-04-16 18:30:00+00:00,7.61,65.95,49.0,37.94,44.0,301.3,2.48,82.0,100870.0
1990-04-16 19:30:00+00:00,5.43,73.65,0.0,0.0,0.0,276.35,3.86,69.0,100870.0
1990-04-16 20:30:00+00:00,4.35,82.35,0.0,0.0,0.0,287.2,4.21,70.0,100880.0
1990-04-16 21:30:00+00:00,3.77,88.75,0.0,0.0,0.0,293.95,4.21,70.0,100860.0
1990-04-16 22:30:00+00:00,3.5,92.15,0.0,0.0,0.0,306.75,4.28,71.0,100840.0
1990-04-16 23:30:00+00:00,3.18,95.7,0.0,0.0,0.0,317.2,4.21,72.0,100820.0
1990-04-17 00:30:00+00:00,2.78,95.7,0.0,0.0,0.0,312.35,4.07,74.0,100800.0
1990-04-17 01:30:00+00:00,2.41,95.7,0.0,0.0,0.0,311.7,3.66,70.0,100740.0
1990-04-17 02:30:00+00:00,2.01,99.4,0.0,0.0,0.0,314.85,3.66,69.0,100690.0
1990-04-17 03:30:00+00:00,1.74,99.4,0.0,0.0,0.0,315.45,3.72,68.0,100630.0
1990-04-17 04:30:00+00:00,1.73,99.4,0.0,0.0,0.0,316.8,3.66,68.0,100580.0
1990-04-17 05:30:00+00:00,1.74,99.4,0.0,0.0,0.0,300.95,4.55,69.0,100550.0
1990-04-17 06:30:00+00:00,1.96,95.65,103.0,237.38,64.0,290.3,4.76,69.0,100540.0
1990-04-17 07:30:00+00:00,2.58,88.65,274.0,561.84,96.0,267.05,5.52,65.0,100510.0
1990-04-17 08:30:00+00:00,3.57,85.45,356.0,338.44,201.0,267.25,5.93,72.0,100470.0
1990-04-17 09:30:00+00:00,4.72,79.3,252.0,19.03,241.0,269.2,6.41,75.0,100440.0
1990-04-17 10:30:00+00:00,5.91,70.95,552.0,373.59,302.0,263.6,6.69,73.0,100380.0
1990-04-17 11:30:00+00:00,6.8,63.35,671.0,551.86,271.0,274.05,7.31,75.0,100330.0
1990-04-17 12:30:00+00:00,7.73,56.55,598.0,331.85,352.0,259.7,7.45,77.0,100250.0
1990-04-17 13:30:00+00:00,8.1,50.45,666.0,561.68,263.0,275.6,7.45,77.0,100190.0
1990-04-17 14:30:00+00:00,8.34,48.55,662.0,772.49,156.0,286.8,7.45,73.0,100110.0
1990-04-17 15:30:00+00:00,8.18,50.45,538.0,686.2,155.0,272.65,7.17,68.0,100050.0
1990-04-17 16:30:00+00:00,7.72,52.35,380.0,532.92,149.0,280.2,6.76,64.0,99980.0
1990-04-17 17:30:00+00:00,7.14,54.3,227.0,418.0,106.0,271.7,6.07,63.0,99940.0
1990-04-17 18:30:00+00:00,6.44,56.45,50.0,29.41,46.0,273.45,5.03,65.0,99920.0
1990-04-17 19:30:00+00:00,4.89,70.8,0.0,0.0,0.0,257.75,3.86,61.0,99870.0
1990-04-17 20:30:00+00:00,3.9,76.25,0.0,0.0,0.0,254.1,3.72,66.0,99870.0
1990-04-17 21:30:00+00:00,3.18,82.2,0.0,0.0,0.0,240.75,4.14,71.0,99880.0
1990-04-17 22:30:00+00:00,3.12,85.4,0.0,0.0,0.0,258.75,4.28,71.0,99870.0
1990-04-17 23:30:00+00:00,2.73,88.65,0.0,0.0,0.0,244.2,4.21,64.0,99850.0
1990-04-18 00:30:00+00:00,2.27,92.1,0.0,0.0,0.0,231.85,4.41,57.0,99800.0
1990-04-18 01:30:00+00:00,2.18,92.1,0.0,0.0,0.0,235.25,4.76,55.0,99790.0
1990-04-18 02:30:00+00:00,2.21,95.65,0.0,0.0,0.0,236.5,4.9,53.0,99700.0
1990-04-18 03:30:00+00:00,2.43,92.15,0.0,0.0,0.0,243.05,5.03,52.0,99620.0
1990-04-18 04:30:00+00:00,2.89,92.15,0.0,0.0,0.0,260.65,5.17,53.0,99550.0
1990-04-18 05:30:00+00:00,3.47,95.7,0.0,0.0,0.0,280.2,5.45,55.0,99530.0
1990-04-18 06:30:00+00:00,4.09,95.75,42.0,0.0,42.0,272.5,5.59,59.0,99510.0
1990-04-18 07:30:00+00:00,4.98,92.25,133.0,24.85,125.0,259.3,6.0,56.0,99440.0
1990-04-18 08:30:00+00:00,6.38,82.6,161.0,4.32,159.0,307.3,7.52,69.0,99380.0
1990-04-18 09:30:00+00:00,7.01,82.6,229.0,8.58,224.0,328.4,8.14,75.0,99360.0
1990-04-18 10:30:00+00:00,7.48,79.65,170.0,0.0,170.0,315.25,8.62,74.0,99340.0
1990-04-18 11:30:00+00:00,7.89,76.8,137.0,0.0,137.0,314.65,9.24,75.0,99290.0
1990-04-18 12:30:00+00:00,7.77,79.65,179.0,0.0,179.0,322.05,8.76,77.0,99270.0
1990-04-18 13:30:00+00:00,8.14,73.95,168.0,0.0,168.0,313.7,8.97,80.0,99260.0
1990-04-18 14:30:00+00:00,8.76,68.7,158.0,0.0,158.0,304.05,9.03,79.0,99210.0
1990-04-18 15:30:00+00:00,8.28,71.25,306.0,71.18,266.0,325.1,7.93,76.0,99210.0
1990-04-18 16:30:00+00:00,8.24,71.25,183.0,20.58,174.0,319.7,8.21,75.0,99180.0
1990-04-18 17:30:00+00:00,7.89,71.25,86.0,3.41,85.0,305.2,7.72,73.0,99160.0
1990-04-18 18:30:00+00:00,7.15,76.65,33.0,0.0,33.0,298.8,7.1,70.0,99190.0
1990-04-18 19:30:00+00:00,5.96,79.5,0.0,0.0,0.0,295.1,6.48,66.0,99200.0
1990-04-18 20:30:00+00:00,5.7,82.5,0.0,0.0,0.0,308.65,6.48,63.0,99220.0
1990-04-18 21:30:00+00:00,5.67,85.65,0.0,0.0,0.0,317.0,6.62,62.0,99230.0
1990-04-18 22:30:00+00:00,5.59,85.65,0.0,0.0,0.0,312.95,6.62,63.0,99230.0
1990-04-18 23:30:00+00:00,5.72,88.9,0.0,0.0,0.0,327.65,6.76,62.0,99260.0
1990-04-19 00:30:00+00:00,5.7,88.9,0.0,0.0,0.0,327.85,6.9,59.0,99220.0
1990-04-19 01:30:00+00:00,5.67,85.65,0.0,0.0,0.0,322.9,7.03,57.0,99210.0
1990-04-19 02:30:00+00:00,5.65,85.65,0.0,0.0,0.0,316.05,7.03,57.0,99170.0
1990-04-19 03:30:00+00:00,5.63,85.65,0.0,0.0,0.0,313.9,6.97,58.0,99140.0
1990-04-19 04:30:00+00:00,5.58,85.65,0.0,0.0,0.0,312.95,6.76,58.0,99140.0
1990-04-19 05:30:00+00:00,5.36,82.5,0.0,0.0,0.0,299.4,6.55,59.0,99160.0
1990-04-19 06:30:00+00:00,5.43,85.65,41.0,0.0,41.0,298.2,6.48,59.0,99200.0
1990-04-19 07:30:00+00:00,5.61,88.9,206.0,183.48,146.0,317.55,7.38,54.0,99200.0
1990-04-19 08:30:00+00:00,6.42,82.6,149.0,2.14,148.0,313.5,8.83,63.0,99220.0
1990-04-19 09:30:00+00:00,7.15,79.55,171.0,0.0,171.0,314.5,9.1,68.0,99260.0
1990-04-19 10:30:00+00:00,7.67,73.9,97.0,0.0,97.0,321.45,9.1,70.0,99290.0
1990-04-19 11:30:00+00:00,7.74,73.9,151.0,0.0,151.0,328.8,8.83,70.0,99320.0
1990-04-19 12:30:00+00:00,8.06,71.25,178.0,0.0,178.0,327.85,8.34,71.0,99340.0
1990-04-19 13:30:00+00:00,7.99,71.25,180.0,0.0,180.0,328.8,8.0,73.0,99360.0
1990-04-19 14:30:00+00:00,8.34,71.25,121.0,0.0,121.0,332.3,7.66,73.0,99350.0
1990-04-19 15:30:00+00:00,8.1,73.95,199.0,3.54,197.0,332.5,7.59,72.0,99350.0
1990-04-19 16:30:00+00:00,7.79,76.7,130.0,0.0,130.0,336.35,7.38,71.0,99370.0
1990-04-19 17:30:00+00:00,7.32,82.6,86.0,3.36,85.0,333.65,6.14,69.0,99380.0
1990-04-19 18:30:00+00:00,6.88,82.6,21.0,0.0,21.0,333.45,5.72,65.0,99450.0
1990-04-19 19:30:00+00:00,6.09,79.5,0.0,0.0,0.0,328.4,5.24,64.0,99470.0
1990-04-19 20:30:00+00:00,5.73,85.65,0.0,0.0,0.0,322.0,4.76,61.0,99510.0
1990-04-19 21:30:00+00:00,5.71,85.65,0.0,0.0,0.0,328.8,4.69,59.0,99540.0
1990-04-19 22:30:00+00:00,5.77,88.9,0.0,0.0,0.0,330.95,4.76,58.0,99540.0
1990-04-19 23:30:00+00:00,5.88,85.7,0.0,0.0,0.0,333.25,4.76,57.0,99540.0
1990-04-20 00:30:00+00:00,6.03,85.7,0.0,0.0,0.0,334.4,4.69,58.0,99530.0
1990-04-20 01:30:00+00:00,6.01,88.95,0.0,0.0,0.0,335.9,4.62,58.0,99530.0
1990-04-20 02:30:00+00:00,6.12,88.95,0.0,0.0,0.0,337.5,4.55,58.0,99520.0
1990-04-20 03:30:00+00:00,6.19,88.95,0.0,0.0,0.0,338.1,4.55,56.0,99520.0
1990-04-20 04:30:00+00:00,6.26,92.3,0.0,0.0,0.0,339.25,4.69,55.0,99530.0
1990-04-20 05:30:00+00:00,6.3,92.3,0.0,0.0,0.0,338.85,4.9,56.0,99540.0
1990-04-20 06:30:00+00:00,6.31,92.3,27.0,0.0,27.0,336.55,5.1,56.0,99560.0
1990-04-20 07:30:00+00:00,6.42,89.0,53.0,0.0,53.0,339.65,5.03,54.0,99600.0
1990-04-20 08:30:00+00:00,6.71,89.0,85.0,0.0,85.0,340.0,5.79,58.0,99650.0
1990-04-20 09:30:00+00:00,7.07,89.0,181.0,0.0,181.0,340.8,5.45,60.0,99700.0
1990-04-20 10:30:00+00:00,7.24,89.0,101.0,0.0,101.0,340.2,5.38,61.0,99740.0
1990-04-20 11:30:00+00:00,7.72,85.8,105.0,0.0,105.0,341.55,6.0,61.0,99760.0
1990-04-20 12:30:00+00:00,7.9,85.85,128.0,0.0,128.0,343.3,6.07,58.0,99760.0
1990-04-20 13:30:00+00:00,8.31,85.85,139.0,0.0,139.0,344.3,6.34,57.0,99750.0
1990-04-20 14:30:00+00:00,8.59,82.75,114.0,0.0,114.0,348.35,6.55,57.0,99720.0
1990-04-20 15:30:00+00:00,8.7,82.75,169.0,0.0,169.0,347.95,6.41,58.0,99720.0
1990-04-20 16:30:00+00:00,8.68,82.75,116.0,0.0,116.0,349.9,6.28,57.0,99720.0
1990-04-20 17:30:00+00:00,8.61,85.9,91.0,3.32,90.0,350.3,6.14,54.0,99710.0
1990-04-20 18:30:00+00:00,8.27,89.05,43.0,6.74,42.0,344.5,4.97,50.0,99780.0
1990-04-20 19:30:00+00:00,7.09,89.0,0.0,0.0,0.0,342.75,4.76,51.0,99820.0
1990-04-20 20:30:00+00:00,6.77,89.0,0.0,0.0,0.0,343.1,4.76,49.0,99880.0
1990-04-20 21:30:00+00:00,6.5,89.0,0.0,0.0,0.0,339.65,4.76,46.0,99880.0
1990-04-20 22:30:00+00:00,6.01,88.95,0.0,0.0,0.0,316.05,4.83,40.0,99880.0
1990-04-20 23:30:00+00:00,5.66,92.3,0.0,0.0,0.0,304.6,4.97,38.0,99870.0
1990-04-21 00:30:00+00:00,5.36,92.3,0.0,0.0,0.0,288.15,4.9,36.0,99870.0
1990-04-21 01:30:00+00:00,5.19,95.75,0.0,0.0,0.0,281.1,4.69,35.0,99870.0
1990-04-21 02:30:00+00:00,5.3,95.75,0.0,0.0,0.0,293.6,4.62,34.0,99880.0
1990-04-21 03:30:00+00:00,5.27,95.75,0.0,0.0,0.0,282.15,4.83,36.0,99830.0
1990-04-21 04:30:00+00:00,5.5,92.3,0.0,0.0,0.0,295.1,4.76,37.0,99840.0
1990-04-21 05:30:00+00:00,5.33,95.75,4.0,0.0,4.0,273.45,4.76,38.0,99830.0
1990-04-21 06:30:00+00:00,5.83,92.3,86.0,75.58,72.0,277.5,4.9,42.0,99880.0
1990-04-21 07:30:00+00:00,6.69,89.0,253.0,353.2,134.0,324.15,6.21,42.0,99890.0
1990-04-21 08:30:00+00:00,7.5,85.8,210.0,27.25,197.0,318.15,6.69,46.0,99920.0
1990-04-21 09:30:00+00:00,8.2,85.85,295.0,45.27,268.0,329.0,7.1,49.0,99930.0
1990-04-21 10:30:00+00:00,8.77,82.75,446.0,151.5,342.0,339.05,6.55,51.0,99930.0
1990-04-21 11:30:00+00:00,9.09,79.85,544.0,244.17,363.0,340.0,6.07,52.0,99970.0
1990-04-21 12:30:00+00:00,9.66,77.0,684.0,529.67,283.0,340.6,5.72,49.0,99970.0
1990-04-21 13:30:00+00:00,10.23,74.3,595.0,362.99,329.0,344.1,6.07,51.0,99940.0
1990-04-21 14:30:00+00:00,10.81,71.7,574.0,453.68,270.0,343.5,6.28,53.0,99940.0
1990-04-21 15:30:00+00:00,10.7,71.7,535.0,645.49,165.0,347.95,6.21,54.0,99960.0
1990-04-21 16:30:00+00:00,10.83,71.7,367.0,438.96,170.0,322.05,6.41,54.0,99980.0
1990-04-21 17:30:00+00:00,10.36,74.3,181.0,150.68,135.0,310.8,5.66,52.0,100030.0
1990-04-21 18:30:00+00:00,9.71,77.0,49.0,13.12,47.0,298.8,5.31,50.0,100070.0
1990-04-21 19:30:00+00:00,8.05,79.7,0.0,0.0,0.0,293.2,5.03,42.0,100070.0
1990-04-21 20:30:00+00:00,6.91,82.6,0.0,0.0,0.0,288.95,4.9,40.0,100100.0
1990-04-21 21:30:00+00:00,5.94,85.7,0.0,0.0,0.0,271.5,4.69,39.0,100140.0
1990-04-21 22:30:00+00:00,5.35,88.9,0.0,0.0,0.0,271.1,4.41,39.0,100150.0
1990-04-21 23:30:00+00:00,4.95,92.25,0.0,0.0,0.0,269.95,4.14,36.0,100190.0
1990-04-22 00:30:00+00:00,4.76,92.25,0.0,0.0,0.0,276.55,4.0,32.0,100190.0
1990-04-22 01:30:00+00:00,4.59,92.25,0.0,0.0,0.0,274.5,3.93,30.0,100170.0
1990-04-22 02:30:00+00:00,4.41,88.85,0.0,0.0,0.0,271.5,3.93,30.0,100150.0
1990-04-22 03:30:00+00:00,4.32,92.2,0.0,0.0,0.0,272.5,3.93,32.0,100130.0
1990-04-22 04:30:00+00:00,4.14,92.2,0.0,0.0,0.0,266.85,3.93,34.0,100130.0
1990-04-22 05:30:00+00:00,4.02,92.2,4.0,0.0,4.0,265.9,3.79,36.0,100170.0
1990-04-22 06:30:00+00:00,4.48,92.25,82.0,47.3,73.0,263.75,3.59,40.0,100220.0
1990-04-22 07:30:00+00:00,5.6,88.9,151.0,35.11,139.0,280.2,4.14,43.0,100270.0
1990-04-22 08:30:00+00:00,7.1,89.0,207.0,22.83,196.0,283.9,4.28,53.0,100290.0
1990-04-22 09:30:00+00:00,8.72,85.9,359.0,108.2,294.0,307.5,4.14,62.0,100270.0
1990-04-22 10:30:00+00:00,10.11,79.95,571.0,386.62,304.0,325.5,4.07,68.0,100290.0
1990-04-22 11:30:00+00:00,11.75,71.85,753.0,774.27,176.0,305.75,4.41,79.0,100290.0
1990-04-22 12:30:00+00:00,13.32,64.65,648.0,419.26,329.0,318.35,4.14,93.0,100290.0
1990-04-22 13:30:00+00:00,13.99,60.3,742.0,769.88,175.0,323.75,3.72,101.0,100290.0
1990-04-22 14:30:00+00:00,14.06,62.55,607.0,535.83,246.0,353.0,3.31,100.0,100300.0
1990-04-22 15:30:00+00:00,13.99,62.55,546.0,662.2,164.0,360.55,3.31,97.0,100310.0
1990-04-22 16:30:00+00:00,13.63,67.15,246.0,81.76,209.0,356.65,3.45,90.0,100300.0
1990-04-22 17:30:00+00:00,13.12,72.1,223.0,313.77,126.0,355.3,3.17,85.0,100310.0
1990-04-22 18:30:00+00:00,12.34,77.35,93.0,217.21,59.0,350.3,3.1,79.0,100350.0
1990-04-22 19:30:00+00:00,10.98,80.1,0.0,0.0,0.0,315.85,3.72,80.0,100340.0
1990-04-22 20:30:00+00:00,9.19,85.95,0.0,0.0,0.0,303.05,3.66,82.0,100380.0
1990-04-22 21:30:00+00:00,8.16,89.05,0.0,0.0,0.0,302.1,3.52,88.0,100410.0
1990-04-22 22:30:00+00:00,7.75,92.35,0.0,0.0,0.0,308.1,3.31,96.0,100410.0
1990-04-22 23:30:00+00:00,7.43,92.35,0.0,0.0,0.0,302.5,3.1,105.0,100430.0
1990-04-23 00:30:00+00:00,7.36,92.35,0.0,0.0,0.0,309.25,2.97,111.0,100400.0
1990-04-23 01:30:00+00:00,7.63,92.35,0.0,0.0,0.0,326.6,2.76,119.0,100400.0
1990-04-23 02:30:00+00:00,7.39,92.35,0.0,0.0,0.0,314.65,2.41,131.0,100380.0
1990-04-23 03:30:00+00:00,7.21,95.8,0.0,0.0,0.0,313.9,2.34,137.0,100370.0
1990-04-23 04:30:00+00:00,7.08,95.8,0.0,0.0,0.0,316.6,2.21,143.0,100360.0
1990-04-23 05:30:00+00:00,7.18,95.8,5.0,0.0,5.0,326.3,2.07,172.0,100400.0
1990-04-23 06:30:00+00:00,7.72,95.8,57.0,5.12,56.0,325.7,2.0,190.0,100440.0
1990-04-23 07:30:00+00:00,8.72,95.85,51.0,0.0,51.0,328.2,2.0,205.0,100480.0
1990-04-23 08:30:00+00:00,8.8,95.85,266.0,84.31,225.0,340.2,2.07,215.0,100520.0
1990-04-23 09:30:00+00:00,9.29,92.45,97.0,0.0,97.0,341.75,3.1,229.0,100580.0
1990-04-23 10:30:00+00:00,9.81,92.45,415.0,105.09,342.0,344.85,3.31,247.0,100640.0
1990-04-23 11:30:00+00:00,10.66,83.0,594.0,329.74,347.0,337.7,3.03,260.0,100670.0
1990-04-23 12:30:00+00:00,12.27,74.6,604.0,323.05,357.0,329.4,3.03,270.0,100710.0
1990-04-23 13:30:00+00:00,13.76,62.45,581.0,320.23,344.0,315.05,3.93,273.0,100740.0
1990-04-23 14:30:00+00:00,14.55,56.15,498.0,255.42,325.0,318.95,4.21,279.0,100760.0
1990-04-23 15:30:00+00:00,14.91,54.1,544.0,654.63,164.0,319.1,4.0,281.0,100780.0
1990-04-23 16:30:00+00:00,14.95,50.35,423.0,675.12,115.0,318.75,3.59,278.0,100810.0
1990-04-23 17:30:00+00:00,14.59,56.15,267.0,568.72,89.0,311.4,2.41,268.0,100830.0
1990-04-23 18:30:00+00:00,13.92,60.3,101.0,267.83,58.0,299.4,1.93,247.0,100850.0
1990-04-23 19:30:00+00:00,12.38,80.2,0.0,0.0,0.0,285.65,1.03,190.0,100860.0
1990-04-23 20:30:00+00:00,9.79,82.9,0.0,0.0,0.0,288.75,1.86,164.0,100900.0
1990-04-23 21:30:00+00:00,8.26,85.85,0.0,0.0,0.0,282.75,2.48,168.0,100920.0
1990-04-23 22:30:00+00:00,7.56,85.8,0.0,0.0,0.0,277.1,2.83,190.0,100900.0
1990-04-23 23:30:00+00:00,7.23,89.0,0.0,0.0,0.0,276.35,3.03,211.0,100940.0
1990-04-24 00:30:00+00:00,6.82,85.75,0.0,0.0,0.0,266.5,3.17,221.0,100930.0
1990-04-24 01:30:00+00:00,6.46,85.75,0.0,0.0,0.0,264.85,2.97,217.0,100920.0
1990-04-24 02:30:00+00:00,6.15,88.95,0.0,0.0,0.0,269.4,2.83,202.0,100880.0
1990-04-24 03:30:00+00:00,5.77,92.3,0.0,0.0,0.0,257.95,3.24,192.0,100830.0
1990-04-24 04:30:00+00:00,5.78,92.3,0.0,0.0,0.0,260.65,3.79,188.0,100820.0
1990-04-24 05:30:00+00:00,5.88,88.95,13.0,41.74,11.0,267.25,4.21,188.0,100790.0
1990-04-24 06:30:00+00:00,6.84,92.35,74.0,19.98,70.0,291.65,4.69,189.0,100780.0
1990-04-24 07:30:00+00:00,7.82,92.35,164.0,45.56,148.0,318.55,6.28,189.0,100730.0
1990-04-24 08:30:00+00:00,8.5,89.1,240.0,46.87,217.0,340.2,4.97,179.0,100700.0
1990-04-24 09:30:00+00:00,8.96,89.1,189.0,0.0,189.0,338.65,5.45,187.0,100680.0
1990-04-24 10:30:00+00:00,9.69,92.45,619.0,498.1,271.0,344.1,4.9,209.0,100680.0
1990-04-24 11:30:00+00:00,10.97,86.1,133.0,0.0,133.0,341.4,5.1,235.0,100740.0
1990-04-24 12:30:00+00:00,12.53,74.7,796.0,840.89,150.0,306.35,5.24,247.0,100760.0
1990-04-24 13:30:00+00:00,13.13,67.05,521.0,199.01,373.0,292.05,5.45,248.0,100790.0
1990-04-24 14:30:00+00:00,13.63,64.75,716.0,884.2,114.0,297.25,5.72,247.0,100800.0
1990-04-24 15:30:00+00:00,12.99,64.65,427.0,258.54,276.0,300.35,6.28,248.0,100830.0
1990-04-24 16:30:00+00:00,11.91,66.85,399.0,530.59,155.0,302.1,5.93,244.0,100900.0
1990-04-24 17:30:00+00:00,11.98,64.45,221.0,274.63,134.0,307.5,5.24,249.0,100910.0
1990-04-24 18:30:00+00:00,11.55,66.75,112.0,340.34,56.0,291.05,4.41,248.0,100990.0
1990-04-24 19:30:00+00:00,10.36,69.0,0.0,0.0,0.0,277.9,4.0,246.0,101060.0
1990-04-24 20:30:00+00:00,9.03,71.4,0.0,0.0,0.0,270.15,3.79,244.0,101160.0
1990-04-24 21:30:00+00:00,8.16,76.8,0.0,0.0,0.0,268.8,3.86,242.0,101240.0
1990-04-24 22:30:00+00:00,7.38,79.65,0.0,0.0,0.0,263.0,3.79,241.0,101280.0
1990-04-24 23:30:00+00:00,6.87,82.6,0.0,0.0,0.0,268.2,3.59,237.0,101350.0
1990-04-25 00:30:00+00:00,6.57,85.75,0.0,0.0,0.0,277.3,3.59,234.0,101390.0
1990-04-25 01:30:00+00:00,6.42,85.75,0.0,0.0,0.0,284.6,3.59,233.0,101410.0
1990-04-25 02:30:00+00:00,6.22,88.95,0.0,0.0,0.0,283.3,3.59,235.0,101450.0
1990-04-25 03:30:00+00:00,5.97,88.95,0.0,0.0,0.0,276.55,3.52,238.0,101480.0
1990-04-25 04:30:00+00:00,5.82,92.3,0.0,0.0,0.0,276.75,3.38,239.0,101520.0
1990-04-25 05:30:00+00:00,5.83,92.3,9.0,0.0,9.0,285.65,3.17,239.0,101570.0
1990-04-25 06:30:00+00:00,6.4,89.0,111.0,131.72,84.0,289.3,2.83,239.0,101600.0
1990-04-25 07:30:00+00:00,8.41,89.1,158.0,36.54,145.0,286.4,3.72,238.0,101640.0
1990-04-25 08:30:00+00:00,9.04,85.95,148.0,0.0,148.0,327.45,4.28,239.0,101700.0
1990-04-25 09:30:00+00:00,9.78,82.9,224.0,4.89,221.0,337.9,4.48,236.0,101730.0
1990-04-25 10:30:00+00:00,10.28,79.95,190.0,0.0,190.0,340.8,4.41,232.0,101750.0
1990-04-25 11:30:00+00:00,10.96,71.75,389.0,47.58,353.0,341.55,4.69,229.0,101770.0
1990-04-25 12:30:00+00:00,11.61,74.55,418.0,63.49,369.0,342.55,4.21,222.0,101770.0
1990-04-25 13:30:00+00:00,12.07,71.95,287.0,6.69,282.0,345.85,4.0,208.0,101740.0
1990-04-25 14:30:00+00:00,12.38,74.6,151.0,0.0,151.0,347.2,4.55,202.0,101690.0
1990-04-25 15:30:00+00:00,12.04,77.35,191.0,1.7,190.0,352.6,4.28,195.0,101630.0
1990-04-25 16:30:00+00:00,12.04,77.35,134.0,0.0,134.0,351.25,4.21,189.0,101590.0
1990-04-25 17:30:00+00:00,12.29,77.35,63.0,0.0,63.0,345.45,4.62,198.0,101550.0
1990-04-25 18:30:00+00:00,12.34,77.35,43.0,0.0,43.0,337.7,4.55,206.0,101540.0
1990-04-25 19:30:00+00:00,12.11,77.35,0.0,0.0,0.0,330.95,4.9,205.0,101510.0
1990-04-25 20:30:00+00:00,11.52,80.15,0.0,0.0,0.0,323.2,5.03,206.0,101530.0
1990-04-25 21:30:00+00:00,10.99,80.1,0.0,0.0,0.0,314.1,5.24,210.0,101540.0
1990-04-25 22:30:00+00:00,10.61,83.0,0.0,0.0,0.0,314.3,5.45,214.0,101530.0
1990-04-25 23:30:00+00:00,9.95,82.95,0.0,0.0,0.0,296.85,5.31,214.0,101520.0
1990-04-26 00:30:00+00:00,9.25,85.95,0.0,0.0,0.0,287.2,5.03,212.0,101500.0
1990-04-26 01:30:00+00:00,8.44,85.9,0.0,0.0,0.0,274.15,4.83,211.0,101480.0
1990-04-26 02:30:00+00:00,7.9,85.85,0.0,0.0,0.0,272.65,4.83,211.0,101440.0
1990-04-26 03:30:00+00:00,7.52,85.8,0.0,0.0,0.0,273.05,4.76,209.0,101390.0
1990-04-26 04:30:00+00:00,7.18,85.75,0.0,0.0,0.0,267.25,4.69,207.0,101360.0
1990-04-26 05:30:00+00:00,7.08,85.75,8.0,0.0,8.0,270.95,4.69,205.0,101330.0
1990-04-26 06:30:00+00:00,7.75,85.8,76.0,19.07,72.0,273.45,4.83,206.0,101330.0
1990-04-26 07:30:00+00:00,9.68,79.9,327.0,654.99,91.0,287.55,4.55,209.0,101320.0
1990-04-26 08:30:00+00:00,11.45,71.85,351.0,240.31,231.0,285.65,5.52,210.0,101320.0
1990-04-26 09:30:00+00:00,13.2,64.65,341.0,77.74,293.0,281.0,5.93,212.0,101310.0
1990-04-26 10:30:00+00:00,14.67,60.4,635.0,536.52,256.0,292.4,6.07,213.0,101310.0
1990-04-26 11:30:00+00:00,15.82,56.35,770.0,797.08,164.0,304.2,6.14,212.0,101310.0
1990-04-26 12:30:00+00:00,16.56,52.65,554.0,217.97,385.0,311.55,6.21,211.0,101280.0
1990-04-26 13:30:00+00:00,17.12,52.75,642.0,439.64,312.0,318.75,6.14,211.0,101230.0
1990-04-26 14:30:00+00:00,17.51,54.7,553.0,360.6,305.0,320.3,6.0,210.0,101200.0
1990-04-26 15:30:00+00:00,17.52,54.7,434.0,270.71,274.0,317.75,5.72,208.0,101140.0
1990-04-26 16:30:00+00:00,17.31,56.75,288.0,147.73,219.0,321.85,5.38,206.0,101120.0
1990-04-26 17:30:00+00:00,16.84,63.05,208.0,206.61,141.0,325.7,4.48,201.0,101090.0
1990-04-26 18:30:00+00:00,15.92,67.55,61.0,23.2,57.0,338.5,4.07,196.0,101060.0
1990-04-26 19:30:00+00:00,14.5,64.95,0.0,0.0,0.0,320.85,3.72,197.0,101050.0
1990-04-26 20:30:00+00:00,13.2,72.1,0.0,0.0,0.0,309.65,3.66,194.0,101080.0
1990-04-26 21:30:00+00:00,12.43,72.05,0.0,0.0,0.0,312.55,3.66,193.0,101090.0
1990-04-26 22:30:00+00:00,11.81,77.3,0.0,0.0,0.0,314.65,3.66,192.0,101040.0
1990-04-26 23:30:00+00:00,11.45,77.3,0.0,0.0,0.0,323.55,3.38,193.0,101030.0
1990-04-27 00:30:00+00:00,11.06,77.2,0.0,0.0,0.0,328.2,2.97,194.0,100980.0
1990-04-27 01:30:00+00:00,10.62,80.05,0.0,0.0,0.0,326.0,2.55,198.0,100920.0
1990-04-27 02:30:00+00:00,10.05,82.95,0.0,0.0,0.0,320.3,2.28,200.0,100860.0
1990-04-27 03:30:00+00:00,9.46,85.95,0.0,0.0,0.0,316.2,2.0,197.0,100780.0
1990-04-27 04:30:00+00:00,9.16,89.1,0.0,0.0,0.0,325.3,1.79,192.0,100720.0
1990-04-27 05:30:00+00:00,9.01,89.1,5.0,0.0,5.0,333.25,1.59,183.0,100690.0
1990-04-27 06:30:00+00:00,9.33,92.45,50.0,0.0,50.0,336.95,1.38,179.0,100660.0
1990-04-27 07:30:00+00:00,10.74,89.25,148.0,21.93,140.0,335.55,1.24,163.0,100600.0
1990-04-27 08:30:00+00:00,12.11,83.15,359.0,262.13,227.0,336.95,1.45,165.0,100550.0
1990-04-27 09:30:00+00:00,13.48,77.6,321.0,57.94,285.0,335.95,1.59,187.0,100500.0
1990-04-27 10:30:00+00:00,14.74,75.0,321.0,25.35,303.0,336.95,1.93,200.0,100440.0
1990-04-27 11:30:00+00:00,16.08,67.65,494.0,149.24,380.0,336.95,2.34,201.0,100380.0
1990-04-27 12:30:00+00:00,16.85,65.35,501.0,145.09,388.0,342.95,2.76,198.0,100290.0
1990-04-27 13:30:00+00:00,16.88,65.35,395.0,55.7,353.0,352.0,2.97,195.0,100210.0
1990-04-27 14:30:00+00:00,17.39,63.2,349.0,47.75,316.0,334.05,3.38,195.0,100130.0
1990-04-27 15:30:00+00:00,17.39,65.45,217.0,6.73,213.0,334.2,3.45,184.0,100010.0
1990-04-27 16:30:00+00:00,16.95,67.85,255.0,87.12,214.0,341.2,4.21,195.0,99920.0
1990-04-27 17:30:00+00:00,14.34,80.45,25.0,0.0,25.0,337.7,4.34,230.0,99920.0
1990-04-27 18:30:00+00:00,13.19,86.3,48.0,5.67,47.0,345.85,2.69,237.0,99850.0
1990-04-27 19:30:00+00:00,12.0,86.2,0.0,0.0,0.0,351.85,3.72,248.0,99840.0
1990-04-27 20:30:00+00:00,11.2,89.3,0.0,0.0,0.0,341.2,3.59,244.0,99850.0
1990-04-27 21:30:00+00:00,10.16,89.2,0.0,0.0,0.0,312.75,4.14,247.0,99870.0
1990-04-27 22:30:00+00:00,9.2,89.1,0.0,0.0,0.0,308.85,3.79,249.0,99850.0
1990-04-27 23:30:00+00:00,8.36,92.4,0.0,0.0,0.0,304.4,3.17,240.0,99840.0
1990-04-28 00:30:00+00:00,7.48,92.35,0.0,0.0,0.0,286.8,2.97,225.0,99790.0
1990-04-28 01:30:00+00:00,6.8,92.35,0.0,0.0,0.0,274.35,3.1,212.0,99710.0
1990-04-28 02:30:00+00:00,6.99,89.0,0.0,0.0,0.0,296.85,4.0,206.0,99650.0
1990-04-28 03:30:00+00:00,6.98,89.0,0.0,0.0,0.0,290.3,4.76,208.0,99570.0
1990-04-28 04:30:00+00:00,6.91,92.35,0.0,0.0,0.0,289.5,4.76,209.0,99510.0
1990-04-28 05:30:00+00:00,6.61,89.0,13.0,0.0,13.0,271.9,4.83,208.0,99470.0
1990-04-28 06:30:00+00:00,7.06,92.35,157.0,356.23,79.0,277.3,5.17,210.0,99470.0
1990-04-28 07:30:00+00:00,7.63,85.8,294.0,419.94,139.0,268.2,6.62,208.0,99430.0
1990-04-28 08:30:00+00:00,8.58,82.75,247.0,45.3,224.0,293.2,6.34,215.0,99410.0
1990-04-28 09:30:00+00:00,9.54,77.0,327.0,55.98,292.0,313.7,6.07,217.0,99390.0
1990-04-28 10:30:00+00:00,10.52,74.4,585.0,372.63,319.0,291.85,5.93,219.0,99360.0
1990-04-28 11:30:00+00:00,11.52,71.85,78.0,0.0,78.0,291.05,5.93,219.0,99320.0
1990-04-28 12:30:00+00:00,12.1,69.35,617.0,313.22,372.0,294.75,6.07,220.0,99310.0
1990-04-28 13:30:00+00:00,12.38,71.95,516.0,175.62,383.0,302.85,5.86,226.0,99270.0
1990-04-28 14:30:00+00:00,12.49,69.45,514.0,254.88,337.0,309.25,5.24,232.0,99240.0
1990-04-28 15:30:00+00:00,11.64,69.25,220.0,5.02,217.0,305.55,5.45,237.0,99210.0
1990-04-28 16:30:00+00:00,11.6,64.35,40.0,0.0,40.0,303.05,4.69,236.0,99240.0
1990-04-28 17:30:00+00:00,11.27,64.25,44.0,0.0,44.0,300.55,3.79,233.0,99200.0
1990-04-28 18:30:00+00:00,10.68,64.1,89.0,99.9,71.0,296.1,3.38,236.0,99220.0
1990-04-28 19:30:00+00:00,9.58,74.2,4.0,0.0,4.0,303.05,2.34,234.0,99240.0
1990-04-28 20:30:00+00:00,8.54,79.75,0.0,0.0,0.0,291.85,2.14,214.0,99270.0
1990-04-28 21:30:00+00:00,7.63,82.65,0.0,0.0,0.0,282.95,2.34,209.0,99280.0
1990-04-28 22:30:00+00:00,7.08,85.75,0.0,0.0,0.0,286.4,2.55,209.0,99250.0
1990-04-28 23:30:00+00:00,6.23,85.7,0.0,0.0,0.0,265.9,2.76,214.0,99240.0
1990-04-29 00:30:00+00:00,5.74,88.9,0.0,0.0,0.0,269.75,2.62,218.0,99210.0
1990-04-29 01:30:00+00:00,5.22,92.25,0.0,0.0,0.0,268.15,2.34,216.0,99170.0
1990-04-29 02:30:00+00:00,4.61,92.25,0.0,0.0,0.0,262.8,2.21,211.0,99130.0
1990-04-29 03:30:00+00:00,4.03,95.75,0.0,0.0,0.0,259.5,2.0,206.0,99080.0
1990-04-29 04:30:00+00:00,3.19,99.4,0.0,0.0,0.0,247.15,1.79,198.0,99070.0
1990-04-29 05:30:00+00:00,2.25,99.4,21.0,13.85,20.0,246.55,1.38,181.0,99040.0
1990-04-29 06:30:00+00:00,3.37,95.7,135.0,187.96,93.0,245.6,0.9,147.0,99060.0
1990-04-29 07:30:00+00:00,6.06,88.95,322.0,551.74,116.0,257.2,1.17,146.0,99000.0
1990-04-29 08:30:00+00:00,7.67,85.8,439.0,492.46,187.0,271.3,1.93,120.0,98980.0
1990-04-29 09:30:00+00:00,9.39,68.9,533.0,438.74,257.0,288.75,2.97,124.0,98910.0
1990-04-29 10:30:00+00:00,10.2,66.45,487.0,178.41,359.0,299.0,3.66,120.0,98860.0
1990-04-29 11:30:00+00:00,10.99,66.65,564.0,234.82,383.0,305.95,4.14,116.0,98810.0
1990-04-29 12:30:00+00:00,11.51,69.25,482.0,110.75,395.0,305.75,4.34,109.0,98730.0
1990-04-29 13:30:00+00:00,12.08,71.95,284.0,3.94,281.0,311.4,4.62,103.0,98630.0
1990-04-29 14:30:00+00:00,11.35,74.45,579.0,395.57,303.0,330.15,4.69,104.0,98530.0
1990-04-29 15:30:00+00:00,10.25,74.3,441.0,261.15,284.0,304.8,5.52,105.0,98490.0
1990-04-29 16:30:00+00:00,10.61,77.15,199.0,18.85,190.0,317.55,4.76,98.0,98410.0
1990-04-29 17:30:00+00:00,10.45,77.15,100.0,2.98,99.0,304.4,4.9,92.0,98290.0
1990-04-29 18:30:00+00:00,9.95,77.1,37.0,0.0,37.0,311.4,4.83,92.0,98270.0
1990-04-29 19:30:00+00:00,8.66,82.75,1.0,0.0,1.0,324.95,4.69,92.0,98250.0
1990-04-29 20:30:00+00:00,8.03,85.85,0.0,0.0,0.0,327.45,5.24,84.0,98200.0
1990-04-29 21:30:00+00:00,7.63,89.0,0.0,0.0,0.0,333.05,5.79,78.0,98120.0
1990-04-29 22:30:00+00:00,7.28,92.35,0.0,0.0,0.0,339.45,5.72,78.0,98010.0
1990-04-29 23:30:00+00:00,7.17,95.8,0.0,0.0,0.0,341.75,4.21,100.0,97950.0
1990-04-30 00:30:00+00:00,7.11,89.0,0.0,0.0,0.0,332.3,3.66,147.0,97920.0
1990-04-30 01:30:00+00:00,6.73,89.0,0.0,0.0,0.0,326.95,3.72,173.0,97920.0
1990-04-30 02:30:00+00:00,5.83,88.9,0.0,0.0,0.0,288.35,3.1,168.0,97930.0
1990-04-30 03:30:00+00:00,5.31,92.25,0.0,0.0,0.0,289.1,2.76,155.0,97940.0
1990-04-30 04:30:00+00:00,4.65,95.75,0.0,0.0,0.0,273.05,2.62,143.0,97940.0
1990-04-30 05:30:00+00:00,4.31,99.4,20.0,13.02,19.0,272.5,2.62,134.0,97980.0
1990-04-30 06:30:00+00:00,5.08,92.25,122.0,114.11,96.0,280.8,2.83,130.0,98000.0
1990-04-30 07:30:00+00:00,5.7,88.9,274.0,299.3,161.0,278.85,3.03,148.0,97990.0
1990-04-30 08:30:00+00:00,6.89,85.75,253.0,46.54,229.0,315.05,3.24,142.0,98020.0
1990-04-30 09:30:00+00:00,8.12,76.8,409.0,153.29,312.0,330.75,2.97,137.0,98030.0
1990-04-30 10:30:00+00:00,8.99,71.4,282.0,8.32,276.0,305.55,2.41,122.0,98000.0
1990-04-30 11:30:00+00:00,9.73,68.9,406.0,51.67,366.0,321.25,2.0,82.0,98000.0
1990-04-30 12:30:00+00:00,10.67,71.7,568.0,221.86,393.0,307.3,2.14,30.0,97980.0
1990-04-30 13:30:00+00:00,11.13,74.45,177.0,0.0,177.0,315.65,2.9,1.0,97930.0
1990-04-30 14:30:00+00:00,11.0,71.75,199.0,0.0,199.0,321.85,2.97,359.0,97900.0
1990-04-30 15:30:00+00:00,9.91,77.1,134.0,0.0,134.0,331.9,2.9,331.0,97940.0
1990-04-30 16:30:00+00:00,9.93,77.75,343.0,257.82,219.0,332.21,3.27,312.0,98000.0
1990-04-30 17:30:00+00:00,9.3,79.04,156.0,44.27,141.0,325.28,3.2,276.0,98060.0
1990-04-30 18:30:00+00:00,8.67,80.33,90.0,85.2,74.0,318.35,3.13,253.0,98160.0
1990-04-30 19:30:00+00:00,8.04,81.61,1.0,0.0,1.0,311.42,3.06,244.0,98290.0
1990-04-30 20:30:00+00:00,7.42,82.9,0.0,0.0,0.0,304.49,2.99,235.0,98420.0
1990-04-30 21:30:00+00:00,6.79,84.19,0.0,0.0,0.0,297.56,2.92,239.0,98500.0
1990-04-30 22:30:00+00:00,6.16,85.48,0.0,0.0,0.0,290.63,2.85,244.0,98590.0
1990-04-30 23:30:00+00:00,5.53,86.77,0.0,0.0,0.0,283.71,2.78,239.0,98690.0
1990-05-01 00:30:00+00:00,4.9,88.06,0.0,0.0,0.0,276.78,2.71,15.0,100730.0
1990-05-01 01:30:00+00:00,4.28,89.35,0.0,0.0,0.0,269.85,2.64,12.0,100720.0
1990-05-01 02:30:00+00:00,3.65,90.63,0.0,0.0,0.0,262.92,2.57,10.0,100710.0
1990-05-01 03:30:00+00:00,3.02,91.92,0.0,0.0,0.0,255.99,2.5,8.0,100700.0
1990-05-01 04:30:00+00:00,2.39,93.21,0.0,0.0,0.0,249.06,2.43,4.0,100690.0
1990-05-01 05:30:00+00:00,1.76,94.5,9.0,0.0,9.0,242.13,2.36,1.0,100710.0
1990-05-01 06:30:00+00:00,1.14,95.79,79.0,13.17,76.0,235.2,2.29,360.0,100750.0
1990-05-01 07:30:00+00:00,0.51,97.08,218.0,116.54,174.0,228.27,2.22,12.0,100780.0
1990-05-01 08:30:00+00:00,6.01,82.5,266.0,58.18,236.0,247.9,3.1,24.0,100790.0
1990-05-01 09:30:00+00:00,7.23,65.95,310.0,39.51,285.0,271.7,2.9,22.0,100790.0
1990-05-01 10:30:00+00:00,7.97,63.6,228.0,0.0,228.0,280.05,2.62,20.0,100780.0
1990-05-01 11:30:00+00:00,9.01,63.8,566.0,229.92,388.0,278.85,2.34,24.0,100770.0
1990-05-01 12:30:00+00:00,9.74,64.0,177.0,0.0,177.0,283.1,2.21,24.0,100740.0
1990-05-01 13:30:00+00:00,10.17,66.45,153.0,0.0,153.0,287.2,2.14,22.0,100710.0
1990-05-01 14:30:00+00:00,10.49,66.55,510.0,235.4,345.0,295.1,2.07,22.0,100690.0
1990-05-01 15:30:00+00:00,10.31,66.55,145.0,0.0,145.0,319.1,1.79,23.0,100700.0
1990-05-01 16:30:00+00:00,9.95,69.0,206.0,22.87,195.0,307.1,1.86,30.0,100700.0
1990-05-01 17:30:00+00:00,8.2,76.8,139.0,23.61,131.0,299.0,2.62,41.0,100710.0
1990-05-01 18:30:00+00:00,7.54,76.7,107.0,165.08,76.0,287.0,2.34,63.0,100760.0
1990-05-01 19:30:00+00:00,6.76,79.55,2.0,0.0,2.0,282.95,1.79,56.0,100870.0
1990-05-01 20:30:00+00:00,5.71,85.65,0.0,0.0,0.0,264.75,1.17,15.0,100940.0
1990-05-01 21:30:00+00:00,4.72,92.25,0.0,0.0,0.0,275.95,1.38,340.0,100970.0
1990-05-01 22:30:00+00:00,3.49,92.15,0.0,0.0,0.0,260.65,1.52,334.0,100940.0
1990-05-01 23:30:00+00:00,2.54,95.7,0.0,0.0,0.0,256.8,1.59,331.0,100970.0
1990-05-02 00:30:00+00:00,1.6,95.65,0.0,0.0,0.0,247.5,1.59,328.0,100960.0
1990-05-02 01:30:00+00:00,0.78,95.65,0.0,0.0,0.0,244.35,1.59,323.0,100970.0
1990-05-02 02:30:00+00:00,0.04,95.6,0.0,0.0,0.0,241.15,1.59,314.0,100970.0
1990-05-02 03:30:00+00:00,-0.51,95.6,0.0,0.0,0.0,241.15,1.59,304.0,101000.0
1990-05-02 04:30:00+00:00,-0.89,99.4,0.0,0.0,0.0,239.2,1.52,294.0,101020.0
1990-05-02 05:30:00+00:00,-1.26,95.6,25.0,24.59,23.0,245.95,1.38,282.0,101050.0
1990-05-02 06:30:00+00:00,0.97,95.65,187.0,499.61,71.0,259.9,0.62,266.0,101090.0
1990-05-02 07:30:00+00:00,4.11,95.7,356.0,686.52,94.0,275.95,1.24,273.0,101100.0
1990-05-02 08:30:00+00:00,6.53,85.7,512.0,762.24,116.0,281.0,1.59,274.0,101120.0
1990-05-02 09:30:00+00:00,8.46,71.35,469.0,254.54,307.0,273.05,1.93,282.0,101110.0
1990-05-02 10:30:00+00:00,9.52,63.9,281.0,6.9,276.0,264.35,2.0,271.0,101080.0
1990-05-02 11:30:00+00:00,10.53,59.5,631.0,348.56,360.0,279.45,2.41,262.0,101070.0
1990-05-02 12:30:00+00:00,11.24,51.35,515.0,140.15,404.0,269.0,2.97,259.0,101030.0
1990-05-02 13:30:00+00:00,11.65,47.6,726.0,611.5,257.0,278.5,3.31,260.0,101040.0
1990-05-02 14:30:00+00:00,12.04,44.2,460.0,150.54,354.0,288.35,3.59,266.0,101000.0
1990-05-02 15:30:00+00:00,12.07,42.55,301.0,42.78,275.0,293.75,4.21,270.0,100970.0
1990-05-02 16:30:00+00:00,11.81,42.55,296.0,134.21,231.0,296.3,4.41,272.0,100920.0
1990-05-02 17:30:00+00:00,11.24,47.6,159.0,46.73,143.0,293.2,4.34,269.0,100910.0
1990-05-02 18:30:00+00:00,10.58,53.1,74.0,31.33,68.0,281.75,3.72,262.0,100890.0
1990-05-02 19:30:00+00:00,8.37,71.35,3.0,0.0,3.0,299.0,2.9,286.0,101000.0
1990-05-02 20:30:00+00:00,7.3,79.65,0.0,0.0,0.0,291.85,2.21,273.0,101020.0
1990-05-02 21:30:00+00:00,6.19,85.7,0.0,0.0,0.0,275.75,2.34,250.0,101030.0
1990-05-02 22:30:00+00:00,5.71,88.9,0.0,0.0,0.0,283.1,2.41,244.0,100960.0
1990-05-02 23:30:00+00:00,5.63,92.25,0.0,0.0,0.0,291.45,2.48,245.0,100970.0
1990-05-03 00:30:00+00:00,5.46,92.25,0.0,0.0,0.0,291.25,2.55,239.0,100940.0
1990-05-03 01:30:00+00:00,5.34,92.25,0.0,0.0,0.0,292.7,2.62,232.0,100920.0
1990-05-03 02:30:00+00:00,5.3,88.85,0.0,0.0,0.0,297.25,2.69,233.0,100870.0
1990-05-03 03:30:00+00:00,5.15,92.25,0.0,0.0,0.0,295.1,2.76,231.0,100840.0
1990-05-03 04:30:00+00:00,5.03,92.25,0.0,0.0,0.0,298.8,2.83,226.0,100770.0
1990-05-03 05:30:00+00:00,5.02,92.25,6.0,0.0,6.0,300.35,2.97,220.0,100730.0
1990-05-03 06:30:00+00:00,5.55,92.25,56.0,0.0,56.0,301.1,3.1,215.0,100680.0
1990-05-03 07:30:00+00:00,6.41,85.7,115.0,2.59,114.0,298.4,3.66,214.0,100650.0
1990-05-03 08:30:00+00:00,7.55,82.65,236.0,28.66,221.0,303.25,4.48,210.0,100580.0
1990-05-03 09:30:00+00:00,8.29,76.85,254.0,10.94,247.0,310.6,5.38,206.0,100470.0
1990-05-03 10:30:00+00:00,8.58,79.75,143.0,0.0,143.0,319.3,5.79,199.0,100340.0
1990-05-03 11:30:00+00:00,8.74,76.95,151.0,0.0,151.0,324.15,6.34,193.0,100200.0
1990-05-03 12:30:00+00:00,8.16,89.05,181.0,0.0,181.0,326.1,6.97,192.0,100020.0
1990-05-03 13:30:00+00:00,8.3,85.9,170.0,0.0,170.0,327.85,6.83,189.0,99810.0
1990-05-03 14:30:00+00:00,8.34,82.75,125.0,0.0,125.0,331.3,9.17,191.0,99570.0
1990-05-03 15:30:00+00:00,8.05,85.85,85.0,0.0,85.0,334.4,10.34,193.0,99330.0
1990-05-03 16:30:00+00:00,7.92,85.85,54.0,0.0,54.0,337.3,10.76,195.0,99070.0
1990-05-03 17:30:00+00:00,7.95,85.85,44.0,0.0,44.0,337.3,10.83,196.0,98810.0
1990-05-03 18:30:00+00:00,8.07,89.05,13.0,0.0,13.0,340.6,10.55,200.0,98580.0
1990-05-03 19:30:00+00:00,7.94,92.4,2.0,0.0,2.0,344.3,9.66,206.0,98400.0
1990-05-03 20:30:00+00:00,8.45,92.4,0.0,0.0,0.0,341.4,8.28,215.0,98290.0
1990-05-03 21:30:00+00:00,8.29,82.75,0.0,0.0,0.0,323.75,7.72,226.0,98190.0
1990-05-03 22:30:00+00:00,7.68,85.8,0.0,0.0,0.0,298.8,7.59,224.0,98100.0
1990-05-03 23:30:00+00:00,7.59,82.65,0.0,0.0,0.0,327.65,8.07,225.0,97980.0
1990-05-04 00:30:00+00:00,7.47,85.8,0.0,0.0,0.0,296.3,8.21,237.0,97910.0
1990-05-04 01:30:00+00:00,7.49,85.8,0.0,0.0,0.0,319.25,8.07,253.0,97920.0
1990-05-04 02:30:00+00:00,7.19,85.75,0.0,0.0,0.0,332.85,7.66,264.0,98000.0
1990-05-04 03:30:00+00:00,6.68,85.7,0.0,0.0,0.0,330.35,7.31,263.0,98040.0
1990-05-04 04:30:00+00:00,6.22,85.7,0.0,0.0,0.0,334.6,7.72,265.0,98070.0
1990-05-04 05:30:00+00:00,5.75,82.5,8.0,0.0,8.0,330.35,8.28,274.0,98140.0
1990-05-04 06:30:00+00:00,5.71,82.5,142.0,166.28,102.0,325.9,8.62,283.0,98250.0
1990-05-04 07:30:00+00:00,6.33,82.55,219.0,105.25,178.0,303.65,8.97,284.0,98380.0
1990-05-04 08:30:00+00:00,6.96,79.55,412.0,347.26,229.0,318.35,10.21,291.0,98500.0
1990-05-04 09:30:00+00:00,7.47,79.65,475.0,261.08,307.0,315.45,9.59,290.0,98640.0
1990-05-04 10:30:00+00:00,7.93,79.7,627.0,440.43,305.0,317.75,8.76,289.0,98770.0
1990-05-04 11:30:00+00:00,8.99,76.95,650.0,382.72,350.0,309.65,8.34,290.0,98880.0
1990-05-04 12:30:00+00:00,9.23,77.0,456.0,78.93,393.0,317.55,8.0,288.0,98980.0
1990-05-04 13:30:00+00:00,9.57,77.0,267.0,1.29,266.0,304.05,8.0,288.0,99050.0
1990-05-04 14:30:00+00:00,8.96,74.15,253.0,2.82,251.0,312.95,8.34,291.0,99090.0
1990-05-04 15:30:00+00:00,8.86,74.15,366.0,109.11,299.0,283.1,7.93,290.0,99150.0
1990-05-04 16:30:00+00:00,7.99,73.95,457.0,666.07,130.0,299.4,7.93,296.0,99170.0
1990-05-04 17:30:00+00:00,8.1,76.8,40.0,0.0,40.0,297.85,6.69,297.0,99220.0
1990-05-04 18:30:00+00:00,7.21,79.65,44.0,0.0,44.0,288.15,5.59,296.0,99260.0
1990-05-04 19:30:00+00:00,5.85,79.4,2.0,0.0,2.0,280.8,5.03,291.0,99380.0
1990-05-04 20:30:00+00:00,5.13,85.55,0.0,0.0,0.0,287.0,4.41,289.0,99450.0
1990-05-04 21:30:00+00:00,4.76,85.55,0.0,0.0,0.0,293.0,4.14,290.0,99470.0
1990-05-04 22:30:00+00:00,4.48,88.8,0.0,0.0,0.0,293.75,4.21,295.0,99520.0
1990-05-04 23:30:00+00:00,4.14,92.15,0.0,0.0,0.0,302.5,3.72,294.0,99530.0
1990-05-05 00:30:00+00:00,3.85,92.15,0.0,0.0,0.0,293.4,3.59,294.0,99550.0
1990-05-05 01:30:00+00:00,3.46,92.15,0.0,0.0,0.0,277.25,3.45,292.0,99540.0
1990-05-05 02:30:00+00:00,3.13,95.7,0.0,0.0,0.0,269.2,3.38,290.0,99550.0
1990-05-05 03:30:00+00:00,2.88,92.15,0.0,0.0,0.0,262.6,3.31,291.0,99580.0
1990-05-05 04:30:00+00:00,2.47,92.15,0.0,0.0,0.0,249.25,3.24,292.0,99620.0
1990-05-05 05:30:00+00:00,2.15,92.15,58.0,296.62,30.0,238.6,3.1,293.0,99670.0
1990-05-05 06:30:00+00:00,3.05,92.15,211.0,592.79,66.0,233.2,2.69,291.0,99740.0
1990-05-05 07:30:00+00:00,4.89,85.55,353.0,599.92,117.0,239.0,3.17,287.0,99780.0
1990-05-05 08:30:00+00:00,6.4,70.95,515.0,719.95,133.0,242.5,3.72,292.0,99840.0
1990-05-05 09:30:00+00:00,7.62,58.8,651.0,776.04,149.0,259.1,4.69,297.0,99860.0
1990-05-05 10:30:00+00:00,8.52,56.8,395.0,57.2,353.0,261.65,4.48,291.0,99890.0
1990-05-05 11:30:00+00:00,9.19,61.45,644.0,353.27,366.0,270.35,4.48,285.0,99910.0
1990-05-05 12:30:00+00:00,9.61,66.35,433.0,56.17,388.0,277.1,4.76,280.0,99920.0
1990-05-05 13:30:00+00:00,9.71,68.9,685.0,469.03,321.0,277.9,4.97,286.0,99920.0
1990-05-05 14:30:00+00:00,9.71,66.35,144.0,0.0,144.0,287.6,5.1,288.0,99890.0
1990-05-05 15:30:00+00:00,9.84,61.65,366.0,103.7,302.0,279.05,5.17,290.0,99890.0
1990-05-05 16:30:00+00:00,8.02,63.6,498.0,811.45,97.0,275.6,5.1,292.0,99860.0
1990-05-05 17:30:00+00:00,8.15,56.7,311.0,592.45,102.0,271.3,5.03,293.0,99870.0
1990-05-05 18:30:00+00:00,7.72,54.55,164.0,528.24,57.0,263.75,4.28,290.0,99870.0
1990-05-05 19:30:00+00:00,6.41,65.75,11.0,0.0,11.0,254.5,3.38,289.0,99930.0
1990-05-05 20:30:00+00:00,5.18,70.8,0.0,0.0,0.0,251.6,2.97,282.0,99940.0
1990-05-05 21:30:00+00:00,4.11,79.15,0.0,0.0,0.0,245.4,2.9,277.0,99970.0
1990-05-05 22:30:00+00:00,3.44,79.15,0.0,0.0,0.0,248.85,2.76,271.0,99960.0
1990-05-05 23:30:00+00:00,2.92,82.2,0.0,0.0,0.0,250.2,2.69,263.0,99930.0
1990-05-06 00:30:00+00:00,2.5,85.35,0.0,0.0,0.0,252.35,2.69,260.0,99890.0
1990-05-06 01:30:00+00:00,2.03,92.1,0.0,0.0,0.0,246.65,2.62,262.0,99850.0
1990-05-06 02:30:00+00:00,1.55,92.05,0.0,0.0,0.0,240.95,2.55,262.0,99800.0
1990-05-06 03:30:00+00:00,1.16,92.05,0.0,0.0,0.0,239.6,2.41,260.0,99760.0
1990-05-06 04:30:00+00:00,0.81,92.05,0.0,0.0,0.0,240.75,2.34,259.0,99710.0
1990-05-06 05:30:00+00:00,0.75,92.05,40.0,71.01,33.0,245.4,2.14,262.0,99690.0
1990-05-06 06:30:00+00:00,2.16,88.65,202.0,502.88,77.0,248.65,1.86,267.0,99680.0
1990-05-06 07:30:00+00:00,3.97,82.25,375.0,700.04,97.0,262.8,3.45,285.0,99660.0
1990-05-06 08:30:00+00:00,5.14,76.3,419.0,340.76,237.0,279.65,3.59,290.0,99650.0
1990-05-06 09:30:00+00:00,6.2,70.95,610.0,607.52,215.0,275.6,3.45,293.0,99650.0
1990-05-06 10:30:00+00:00,7.15,65.85,678.0,549.19,273.0,269.0,3.45,297.0,99630.0
1990-05-06 11:30:00+00:00,8.31,54.65,660.0,381.04,359.0,268.8,3.66,300.0,99610.0
1990-05-06 12:30:00+00:00,9.01,52.7,759.0,589.47,285.0,258.55,4.07,301.0,99600.0
1990-05-06 13:30:00+00:00,9.63,48.95,529.0,168.17,398.0,267.25,4.55,304.0,99600.0
1990-05-06 14:30:00+00:00,9.86,45.4,686.0,640.84,227.0,258.75,5.31,303.0,99590.0
1990-05-06 15:30:00+00:00,9.65,45.25,437.0,214.45,304.0,262.4,5.93,302.0,99590.0
1990-05-06 16:30:00+00:00,9.21,48.8,496.0,786.13,105.0,266.5,6.21,300.0,99620.0
1990-05-06 17:30:00+00:00,8.7,54.65,301.0,513.82,118.0,275.2,6.48,298.0,99630.0
1990-05-06 18:30:00+00:00,7.83,61.2,116.0,145.52,86.0,278.85,6.41,296.0,99710.0
1990-05-06 19:30:00+00:00,6.87,65.85,2.0,0.0,2.0,284.5,5.59,301.0,99820.0
1990-05-06 20:30:00+00:00,6.05,70.85,0.0,0.0,0.0,273.05,4.83,295.0,99900.0
1990-05-06 21:30:00+00:00,5.59,76.4,0.0,0.0,0.0,271.5,4.76,293.0,99940.0
1990-05-06 22:30:00+00:00,5.3,76.4,0.0,0.0,0.0,270.15,4.62,297.0,100020.0
1990-05-06 23:30:00+00:00,5.01,79.3,0.0,0.0,0.0,270.55,4.28,299.0,100070.0
1990-05-07 00:30:00+00:00,4.56,82.3,0.0,0.0,0.0,262.4,3.93,297.0,100140.0
1990-05-07 01:30:00+00:00,3.98,85.45,0.0,0.0,0.0,252.05,3.66,294.0,100190.0
1990-05-07 02:30:00+00:00,3.6,85.45,0.0,0.0,0.0,251.4,3.45,292.0,100230.0
1990-05-07 03:30:00+00:00,3.11,88.7,0.0,0.0,0.0,241.5,3.24,289.0,100260.0
1990-05-07 04:30:00+00:00,2.73,88.7,0.0,0.0,0.0,241.15,3.1,284.0,100310.0
1990-05-07 05:30:00+00:00,2.63,92.15,53.0,155.86,37.0,244.6,2.97,279.0,100360.0
1990-05-07 06:30:00+00:00,3.82,88.75,211.0,546.67,73.0,247.3,2.83,274.0,100430.0
1990-05-07 07:30:00+00:00,5.96,82.5,370.0,663.73,104.0,273.05,4.62,293.0,100480.0
1990-05-07 08:30:00+00:00,7.17,73.8,429.0,364.63,233.0,278.1,4.48,292.0,100540.0
1990-05-07 09:30:00+00:00,8.12,63.6,541.0,391.79,285.0,284.1,4.0,282.0,100580.0
1990-05-07 10:30:00+00:00,9.05,56.9,647.0,460.49,306.0,284.1,4.0,268.0,100590.0
1990-05-07 11:30:00+00:00,10.0,51.0,666.0,389.71,357.0,281.6,4.34,260.0,100610.0
1990-05-07 12:30:00+00:00,10.83,43.95,653.0,337.06,381.0,273.65,4.62,260.0,100610.0
1990-05-07 13:30:00+00:00,11.25,40.8,382.0,33.26,356.0,286.6,4.69,264.0,100600.0
1990-05-07 14:30:00+00:00,11.23,45.7,717.0,741.16,184.0,295.7,4.48,269.0,100590.0
1990-05-07 15:30:00+00:00,11.2,47.45,580.0,606.55,202.0,281.95,4.41,268.0,100560.0
1990-05-07 16:30:00+00:00,10.87,49.3,472.0,671.3,136.0,293.75,4.21,271.0,100580.0
1990-05-07 17:30:00+00:00,10.31,55.15,239.0,214.19,162.0,301.3,3.52,279.0,100540.0
1990-05-07 18:30:00+00:00,9.77,61.65,142.0,290.88,81.0,275.0,2.69,290.0,100540.0
1990-05-07 19:30:00+00:00,9.1,63.8,15.0,16.29,14.0,266.1,1.93,322.0,100560.0
1990-05-07 20:30:00+00:00,7.42,71.15,0.0,0.0,0.0,255.05,1.93,7.0,100540.0
1990-05-07 21:30:00+00:00,5.94,82.5,0.0,0.0,0.0,257.95,1.93,39.0,100540.0
1990-05-07 22:30:00+00:00,4.67,88.8,0.0,0.0,0.0,251.75,2.28,74.0,100490.0
1990-05-07 23:30:00+00:00,4.19,88.8,0.0,0.0,0.0,264.55,2.41,99.0,100440.0
1990-05-08 00:30:00+00:00,4.1,92.15,0.0,0.0,0.0,271.3,2.48,115.0,100390.0
1990-05-08 01:30:00+00:00,4.43,85.5,0.0,0.0,0.0,290.0,2.62,126.0,100270.0
1990-05-08 02:30:00+00:00,4.91,79.3,0.0,0.0,0.0,305.55,2.48,147.0,100200.0
1990-05-08 03:30:00+00:00,5.32,76.4,0.0,0.0,0.0,315.65,3.03,150.0,100120.0
1990-05-08 04:30:00+00:00,5.32,76.4,0.0,0.0,0.0,319.5,4.0,146.0,99960.0
1990-05-08 05:30:00+00:00,4.87,85.55,8.0,0.0,8.0,324.95,4.69,130.0,99810.0
1990-05-08 06:30:00+00:00,5.02,92.25,18.0,0.0,18.0,327.45,5.31,116.0,99650.0
1990-05-08 07:30:00+00:00,5.24,92.25,47.0,0.0,47.0,333.05,6.0,117.0,99440.0
1990-05-08 08:30:00+00:00,6.05,92.3,65.0,0.0,65.0,336.95,6.07,124.0,99270.0
1990-05-08 09:30:00+00:00,7.3,92.35,145.0,0.0,145.0,341.2,5.66,137.0,99120.0
1990-05-08 10:30:00+00:00,8.78,95.85,126.0,0.0,126.0,348.55,4.69,157.0,98980.0
1990-05-08 11:30:00+00:00,10.65,99.4,152.0,0.0,152.0,357.05,5.1,186.0,98910.0
1990-05-08 12:30:00+00:00,12.31,95.95,271.0,1.23,270.0,367.1,6.07,203.0,98900.0
1990-05-08 13:30:00+00:00,13.0,95.95,179.0,0.0,179.0,374.45,6.76,207.0,98890.0
1990-05-08 14:30:00+00:00,13.28,92.65,205.0,0.0,205.0,376.4,6.76,208.0,98900.0
1990-05-08 15:30:00+00:00,13.19,95.95,147.0,0.0,147.0,376.0,6.55,209.0,98900.0
1990-05-08 16:30:00+00:00,13.13,95.95,118.0,0.0,118.0,375.45,6.34,208.0,98900.0
1990-05-08 17:30:00+00:00,13.01,92.65,72.0,0.0,72.0,375.45,6.14,206.0,98890.0
1990-05-08 18:30:00+00:00,12.92,92.65,14.0,0.0,14.0,375.45,6.14,202.0,98910.0
1990-05-08 19:30:00+00:00,12.57,95.95,3.0,0.0,3.0,373.3,6.41,201.0,98840.0
1990-05-08 20:30:00+00:00,12.34,92.6,0.0,0.0,0.0,372.55,6.55,199.0,98820.0
1990-05-08 21:30:00+00:00,12.2,95.95,0.0,0.0,0.0,371.4,6.76,196.0,98820.0
1990-05-08 22:30:00+00:00,12.15,92.6,0.0,0.0,0.0,369.45,7.03,194.0,98780.0
1990-05-08 23:30:00+00:00,12.15,92.6,0.0,0.0,0.0,367.3,7.17,193.0,98750.0
1990-05-09 00:30:00+00:00,12.16,89.35,0.0,0.0,0.0,368.1,7.17,194.0,98720.0
1990-05-09 01:30:00+00:00,12.17,89.35,0.0,0.0,0.0,368.2,6.83,197.0,98650.0
1990-05-09 02:30:00+00:00,12.09,92.6,0.0,0.0,0.0,367.7,6.34,197.0,98640.0
1990-05-09 03:30:00+00:00,11.95,92.6,0.0,0.0,0.0,369.25,5.86,196.0,98600.0
1990-05-09 04:30:00+00:00,11.89,92.6,0.0,0.0,0.0,368.85,5.45,193.0,98560.0
1990-05-09 05:30:00+00:00,11.87,92.6,6.0,0.0,6.0,369.05,5.31,192.0,98570.0
1990-05-09 06:30:00+00:00,11.87,92.6,128.0,80.8,107.0,366.75,5.17,191.0,98570.0
1990-05-09 07:30:00+00:00,12.33,92.6,186.0,39.24,170.0,368.45,5.1,200.0,98550.0
1990-05-09 08:30:00+00:00,12.63,92.6,349.0,169.08,257.0,365.75,5.38,200.0,98560.0
1990-05-09 09:30:00+00:00,13.74,83.35,566.0,486.65,245.0,349.5,7.24,208.0,98550.0
1990-05-09 10:30:00+00:00,14.29,77.65,737.0,767.7,164.0,354.15,7.17,208.0,98560.0
1990-05-09 11:30:00+00:00,15.09,72.4,794.0,771.4,178.0,348.15,7.31,204.0,98510.0
1990-05-09 12:30:00+00:00,16.05,65.15,828.0,831.98,152.0,354.35,7.72,201.0,98490.0
1990-05-09 13:30:00+00:00,16.54,60.75,479.0,114.31,389.0,353.4,7.1,202.0,98460.0
1990-05-09 14:30:00+00:00,16.56,62.95,218.0,0.0,218.0,370.4,6.69,204.0,98450.0
1990-05-09 15:30:00+00:00,16.59,62.95,237.0,7.95,232.0,343.1,6.83,206.0,98470.0
1990-05-09 16:30:00+00:00,15.92,65.15,87.0,0.0,87.0,350.3,5.79,203.0,98460.0
1990-05-09 17:30:00+00:00,15.51,67.45,176.0,60.1,154.0,335.95,5.86,199.0,98450.0
1990-05-09 18:30:00+00:00,14.69,69.75,25.0,0.0,25.0,337.3,5.1,193.0,98470.0
1990-05-09 19:30:00+00:00,13.29,74.85,3.0,0.0,3.0,361.7,3.72,199.0,98490.0
1990-05-09 20:30:00+00:00,12.68,80.3,0.0,0.0,0.0,361.1,3.66,195.0,98490.0
1990-05-09 21:30:00+00:00,12.08,83.15,0.0,0.0,0.0,349.1,3.66,193.0,98490.0
1990-05-09 22:30:00+00:00,10.81,86.1,0.0,0.0,0.0,303.25,3.38,194.0,98460.0
1990-05-09 23:30:00+00:00,10.13,89.2,0.0,0.0,0.0,309.65,3.1,189.0,98510.0
1990-05-10 00:30:00+00:00,9.26,89.15,0.0,0.0,0.0,297.05,2.83,184.0,98520.0
1990-05-10 01:30:00+00:00,8.71,89.1,0.0,0.0,0.0,298.15,2.97,181.0,98550.0
1990-05-10 02:30:00+00:00,8.46,92.4,0.0,0.0,0.0,301.7,3.24,180.0,98540.0
1990-05-10 03:30:00+00:00,8.21,89.1,0.0,0.0,0.0,302.3,3.1,182.0,98510.0
1990-05-10 04:30:00+00:00,7.92,92.4,0.0,0.0,0.0,295.1,3.38,186.0,98500.0
1990-05-10 05:30:00+00:00,8.15,95.8,61.0,174.91,41.0,295.5,3.79,188.0,98540.0
1990-05-10 06:30:00+00:00,9.09,92.45,190.0,341.57,100.0,322.6,3.86,188.0,98560.0
1990-05-10 07:30:00+00:00,10.28,83.0,274.0,214.03,186.0,313.1,6.34,192.0,98560.0
1990-05-10 08:30:00+00:00,11.47,77.3,451.0,425.74,218.0,315.65,7.38,202.0,98570.0
1990-05-10 09:30:00+00:00,12.38,72.05,353.0,61.88,312.0,310.8,6.69,202.0,98570.0
1990-05-10 10:30:00+00:00,13.27,72.2,562.0,270.95,359.0,316.6,6.28,199.0,98610.0
1990-05-10 11:30:00+00:00,14.05,72.3,608.0,277.06,386.0,321.65,6.41,197.0,98670.0
1990-05-10 12:30:00+00:00,14.75,72.3,272.0,1.23,271.0,314.65,6.83,197.0,98730.0
1990-05-10 13:30:00+00:00,15.08,69.85,306.0,6.33,301.0,327.65,7.24,198.0,98770.0
1990-05-10 14:30:00+00:00,14.6,64.85,118.0,0.0,118.0,325.3,8.28,200.0,98790.0
1990-05-10 15:30:00+00:00,14.26,58.1,645.0,841.9,113.0,335.2,7.86,206.0,98860.0
1990-05-10 16:30:00+00:00,14.21,56.0,460.0,606.23,151.0,318.35,7.79,202.0,98880.0
1990-05-10 17:30:00+00:00,13.88,53.95,166.0,40.62,151.0,294.15,7.93,206.0,98970.0
1990-05-10 18:30:00+00:00,13.12,60.05,176.0,513.39,63.0,311.95,6.9,205.0,99040.0
1990-05-10 19:30:00+00:00,11.97,59.85,13.0,0.0,13.0,296.5,6.41,202.0,99150.0
1990-05-10 20:30:00+00:00,10.96,64.25,0.0,0.0,0.0,291.45,5.72,203.0,99240.0
1990-05-10 21:30:00+00:00,9.99,69.0,0.0,0.0,0.0,275.0,5.24,204.0,99320.0
1990-05-10 22:30:00+00:00,9.34,71.5,0.0,0.0,0.0,278.1,4.83,200.0,99400.0
1990-05-10 23:30:00+00:00,8.7,79.75,0.0,0.0,0.0,273.85,4.41,193.0,99470.0
1990-05-11 00:30:00+00:00,8.17,82.7,0.0,0.0,0.0,277.7,4.07,189.0,99520.0
1990-05-11 01:30:00+00:00,7.44,85.8,0.0,0.0,0.0,265.05,3.72,188.0,99550.0
1990-05-11 02:30:00+00:00,6.83,89.0,0.0,0.0,0.0,263.95,3.31,189.0,99550.0
1990-05-11 03:30:00+00:00,6.27,92.3,0.0,0.0,0.0,260.5,2.9,196.0,99560.0
1990-05-11 04:30:00+00:00,5.84,92.3,0.0,0.0,0.0,261.25,2.55,198.0,99570.0
1990-05-11 05:30:00+00:00,5.66,95.75,72.0,262.6,41.0,265.9,2.14,179.0,99610.0
1990-05-11 06:30:00+00:00,6.9,92.35,141.0,101.13,114.0,265.1,2.0,160.0,99680.0
1990-05-11 07:30:00+00:00,9.0,82.85,85.0,0.0,85.0,272.3,3.45,166.0,99780.0
1990-05-11 08:30:00+00:00,10.18,79.95,306.0,85.4,259.0,291.05,3.24,166.0,99790.0
1990-05-11 09:30:00+00:00,11.49,71.85,426.0,144.26,330.0,304.8,3.24,163.0,99770.0
1990-05-11 10:30:00+00:00,12.51,69.45,523.0,198.15,374.0,304.05,3.52,159.0,99740.0
1990-05-11 11:30:00+00:00,13.14,69.55,436.0,60.95,387.0,313.9,3.52,159.0,99710.0
1990-05-11 12:30:00+00:00,13.56,69.65,214.0,0.0,214.0,325.1,3.31,166.0,99690.0
1990-05-11 13:30:00+00:00,14.08,69.75,129.0,0.0,129.0,320.65,3.52,169.0,99670.0
1990-05-11 14:30:00+00:00,14.26,67.25,622.0,436.86,303.0,333.65,3.86,176.0,99630.0
1990-05-11 15:30:00+00:00,12.73,69.45,470.0,270.99,298.0,334.6,4.14,177.0,99670.0
1990-05-11 16:30:00+00:00,13.03,62.3,344.0,198.96,242.0,316.2,3.59,185.0,99640.0
1990-05-11 17:30:00+00:00,13.17,57.9,198.0,85.93,166.0,312.15,3.03,179.0,99580.0
1990-05-11 18:30:00+00:00,13.14,55.75,76.0,13.42,73.0,308.1,3.03,159.0,99600.0
1990-05-11 19:30:00+00:00,11.22,74.45,14.0,0.0,14.0,287.4,2.28,156.0,99650.0
1990-05-11 20:30:00+00:00,10.16,77.1,0.0,0.0,0.0,307.7,2.48,153.0,99650.0
1990-05-11 21:30:00+00:00,9.53,79.9,0.0,0.0,0.0,320.1,2.83,142.0,99650.0
1990-05-11 22:30:00+00:00,8.74,79.85,0.0,0.0,0.0,302.1,3.17,155.0,99590.0
1990-05-11 23:30:00+00:00,8.32,85.9,0.0,0.0,0.0,309.85,3.1,169.0,99610.0
1990-05-12 00:30:00+00:00,8.09,92.4,0.0,0.0,0.0,319.5,2.97,182.0,99620.0
1990-05-12 01:30:00+00:00,7.9,92.4,0.0,0.0,0.0,319.45,3.1,196.0,99630.0
1990-05-12 02:30:00+00:00,7.6,92.35,0.0,0.0,0.0,311.0,3.31,206.0,99660.0
1990-05-12 03:30:00+00:00,7.52,92.35,0.0,0.0,0.0,321.45,3.31,210.0,99680.0
1990-05-12 04:30:00+00:00,6.97,92.35,0.0,0.0,0.0,302.1,3.24,206.0,99680.0
1990-05-12 05:30:00+00:00,6.77,92.35,40.0,16.44,38.0,303.05,3.31,202.0,99710.0
1990-05-12 06:30:00+00:00,7.41,89.0,142.0,96.16,116.0,301.9,4.48,204.0,99730.0
1990-05-12 07:30:00+00:00,8.14,89.05,273.0,193.96,192.0,263.2,3.66,219.0,99800.0
1990-05-12 08:30:00+00:00,9.87,77.1,498.0,578.32,178.0,278.1,4.34,227.0,99810.0
1990-05-12 09:30:00+00:00,11.2,69.15,452.0,184.06,329.0,290.1,4.28,222.0,99820.0
1990-05-12 10:30:00+00:00,11.93,64.45,300.0,9.28,293.0,314.1,4.48,223.0,99810.0
1990-05-12 11:30:00+00:00,12.47,64.55,243.0,0.0,243.0,314.1,4.28,220.0,99810.0
1990-05-12 12:30:00+00:00,13.13,67.05,326.0,8.53,319.0,308.85,3.86,219.0,99820.0
1990-05-12 13:30:00+00:00,14.06,67.25,498.0,123.24,400.0,297.05,3.45,221.0,99810.0
1990-05-12 14:30:00+00:00,14.49,67.25,628.0,447.58,300.0,301.9,2.97,222.0,99800.0
1990-05-12 15:30:00+00:00,14.61,67.25,459.0,243.15,304.0,316.8,2.41,213.0,99820.0
1990-05-12 16:30:00+00:00,14.47,64.85,308.0,122.19,245.0,310.6,2.07,198.0,99810.0
1990-05-12 17:30:00+00:00,13.86,64.85,324.0,561.88,113.0,339.05,1.72,182.0,99780.0
1990-05-12 18:30:00+00:00,13.51,64.75,160.0,335.08,84.0,305.75,2.0,168.0,99830.0
1990-05-12 19:30:00+00:00,13.17,67.05,25.0,25.13,23.0,319.7,1.31,137.0,99860.0
1990-05-12 20:30:00+00:00,11.65,71.85,0.0,0.0,0.0,311.55,1.72,151.0,99920.0
1990-05-12 21:30:00+00:00,9.82,82.95,0.0,0.0,0.0,300.55,1.31,159.0,99930.0
1990-05-12 22:30:00+00:00,10.25,77.15,0.0,0.0,0.0,319.3,0.07,123.0,99930.0
1990-05-12 23:30:00+00:00,8.4,89.1,0.0,0.0,0.0,308.1,1.38,354.0,99900.0
1990-05-13 00:30:00+00:00,8.07,92.4,0.0,0.0,0.0,314.65,1.79,9.0,99910.0
1990-05-13 01:30:00+00:00,7.96,89.05,0.0,0.0,0.0,313.05,1.93,28.0,99890.0
1990-05-13 02:30:00+00:00,7.88,89.05,0.0,0.0,0.0,311.95,2.07,40.0,99870.0
1990-05-13 03:30:00+00:00,7.75,89.05,0.0,0.0,0.0,311.2,2.07,50.0,99850.0
1990-05-13 04:30:00+00:00,7.7,92.35,0.0,0.0,0.0,316.2,1.93,53.0,99820.0
1990-05-13 05:30:00+00:00,7.79,89.05,7.0,0.0,7.0,319.5,1.79,48.0,99830.0
1990-05-13 06:30:00+00:00,8.71,85.95,56.0,0.0,56.0,322.4,1.93,42.0,99820.0
1990-05-13 07:30:00+00:00,9.67,85.95,131.0,2.38,130.0,316.05,3.03,44.0,99860.0
1990-05-13 08:30:00+00:00,10.86,80.1,319.0,98.88,264.0,308.1,3.17,44.0,99870.0
1990-05-13 09:30:00+00:00,12.38,72.05,510.0,296.58,311.0,315.65,3.31,43.0,99860.0
1990-05-13 10:30:00+00:00,13.75,62.45,519.0,188.85,376.0,323.0,3.86,61.0,99830.0
1990-05-13 11:30:00+00:00,14.52,53.95,700.0,458.6,329.0,326.85,4.14,67.0,99800.0
1990-05-13 12:30:00+00:00,14.96,52.15,696.0,419.3,351.0,326.1,4.48,65.0,99800.0
1990-05-13 13:30:00+00:00,15.36,48.55,611.0,290.84,379.0,323.95,4.97,64.0,99780.0
1990-05-13 14:30:00+00:00,15.22,52.15,501.0,187.65,363.0,329.0,5.31,61.0,99780.0
1990-05-13 15:30:00+00:00,14.97,54.1,428.0,184.33,310.0,319.3,5.59,65.0,99780.0
1990-05-13 16:30:00+00:00,14.49,56.0,391.0,320.17,225.0,321.45,5.45,76.0,99780.0
1990-05-13 17:30:00+00:00,14.04,58.1,242.0,190.18,170.0,302.1,5.03,81.0,99800.0
1990-05-13 18:30:00+00:00,13.33,60.2,84.0,17.38,80.0,292.8,4.14,73.0,99830.0
1990-05-13 19:30:00+00:00,11.94,71.95,22.0,12.04,21.0,309.05,3.17,64.0,99890.0
1990-05-13 20:30:00+00:00,10.75,74.45,0.0,0.0,0.0,303.05,3.59,55.0,99960.0
1990-05-13 21:30:00+00:00,9.66,79.9,0.0,0.0,0.0,305.75,3.93,57.0,100010.0
1990-05-13 22:30:00+00:00,8.61,85.9,0.0,0.0,0.0,306.95,3.52,56.0,100030.0
1990-05-13 23:30:00+00:00,7.73,89.05,0.0,0.0,0.0,301.5,2.97,46.0,100050.0
1990-05-14 00:30:00+00:00,7.26,92.35,0.0,0.0,0.0,306.55,3.03,42.0,100080.0
1990-05-14 01:30:00+00:00,7.09,95.8,0.0,0.0,0.0,321.75,3.1,44.0,100070.0
1990-05-14 02:30:00+00:00,6.92,95.8,0.0,0.0,0.0,323.2,3.03,39.0,100070.0
1990-05-14 03:30:00+00:00,6.92,92.35,0.0,0.0,0.0,336.35,2.62,31.0,100070.0
1990-05-14 04:30:00+00:00,6.79,92.35,0.0,0.0,0.0,335.95,2.69,28.0,100070.0
1990-05-14 05:30:00+00:00,6.64,92.3,11.0,0.0,11.0,330.35,2.76,29.0,100060.0
1990-05-14 06:30:00+00:00,6.85,89.0,31.0,0.0,31.0,335.2,2.76,31.0,100100.0
1990-05-14 07:30:00+00:00,7.38,85.8,45.0,0.0,45.0,329.95,3.59,25.0,100150.0
1990-05-14 08:30:00+00:00,8.15,79.7,181.0,1.79,180.0,331.1,3.24,22.0,100160.0
1990-05-14 09:30:00+00:00,9.1,74.15,495.0,256.82,322.0,337.1,2.9,24.0,100150.0
1990-05-14 10:30:00+00:00,9.94,69.0,239.0,0.0,239.0,342.95,2.69,33.0,100120.0
1990-05-14 11:30:00+00:00,10.42,66.55,150.0,0.0,150.0,341.2,2.28,40.0,100090.0
1990-05-14 12:30:00+00:00,10.98,64.25,254.0,0.0,254.0,340.6,1.66,42.0,100060.0
1990-05-14 13:30:00+00:00,11.24,62.0,374.0,26.25,353.0,344.65,1.03,43.0,100050.0
1990-05-14 14:30:00+00:00,11.77,59.85,271.0,4.07,268.0,344.1,0.55,44.0,100000.0
1990-05-14 15:30:00+00:00,12.06,59.85,371.0,93.34,311.0,340.4,0.48,80.0,99990.0
1990-05-14 16:30:00+00:00,12.1,59.85,325.0,145.79,249.0,332.5,1.38,93.0,99920.0
1990-05-14 17:30:00+00:00,12.11,59.85,206.0,91.71,171.0,323.55,1.66,110.0,99860.0
1990-05-14 18:30:00+00:00,12.06,57.65,70.0,4.29,69.0,307.5,1.72,125.0,99800.0
1990-05-14 19:30:00+00:00,10.89,66.65,19.0,0.0,19.0,333.85,2.0,120.0,99850.0
1990-05-14 20:30:00+00:00,10.04,71.6,0.0,0.0,0.0,326.3,2.34,121.0,99820.0
1990-05-14 21:30:00+00:00,9.51,74.2,0.0,0.0,0.0,328.4,2.48,122.0,99780.0
1990-05-14 22:30:00+00:00,8.93,76.95,0.0,0.0,0.0,318.35,2.62,125.0,99740.0
1990-05-14 23:30:00+00:00,8.49,82.75,0.0,0.0,0.0,313.9,2.69,128.0,99690.0
1990-05-15 00:30:00+00:00,8.53,79.75,0.0,0.0,0.0,332.5,2.83,127.0,99620.0
1990-05-15 01:30:00+00:00,8.42,79.75,0.0,0.0,0.0,329.1,3.1,125.0,99560.0
1990-05-15 02:30:00+00:00,8.27,79.75,0.0,0.0,0.0,328.4,3.24,124.0,99480.0
1990-05-15 03:30:00+00:00,8.15,82.7,0.0,0.0,0.0,329.55,3.1,123.0,99400.0
1990-05-15 04:30:00+00:00,7.97,82.7,0.0,0.0,0.0,327.65,2.9,119.0,99360.0
1990-05-15 05:30:00+00:00,7.98,85.85,17.0,0.0,17.0,331.3,2.69,116.0,99290.0
1990-05-15 06:30:00+00:00,8.25,85.9,49.0,0.0,49.0,330.55,2.62,115.0,99260.0
1990-05-15 07:30:00+00:00,8.7,89.1,195.0,37.51,179.0,311.4,3.45,133.0,99200.0
1990-05-15 08:30:00+00:00,9.44,82.9,255.0,30.26,238.0,345.85,3.17,126.0,99170.0
1990-05-15 09:30:00+00:00,10.1,79.95,225.0,1.48,224.0,337.1,3.17,119.0,99130.0
1990-05-15 10:30:00+00:00,11.24,74.55,285.0,5.25,281.0,321.85,3.24,117.0,99090.0
1990-05-15 11:30:00+00:00,12.16,74.6,396.0,34.41,368.0,324.35,3.24,124.0,99030.0
1990-05-15 12:30:00+00:00,12.94,74.75,175.0,0.0,175.0,333.25,3.17,136.0,98990.0
1990-05-15 13:30:00+00:00,13.05,77.5,389.0,33.64,362.0,337.3,2.83,151.0,98920.0
1990-05-15 14:30:00+00:00,12.85,77.5,435.0,97.24,363.0,347.75,2.41,155.0,98890.0
1990-05-15 15:30:00+00:00,12.41,77.45,281.0,20.14,268.0,353.2,2.41,148.0,98870.0
1990-05-15 16:30:00+00:00,12.61,80.3,166.0,1.91,165.0,330.75,2.14,137.0,98850.0
1990-05-15 17:30:00+00:00,12.74,80.3,180.0,46.8,162.0,343.5,1.72,134.0,98800.0
1990-05-15 18:30:00+00:00,12.31,77.45,35.0,0.0,35.0,347.0,1.72,138.0,98770.0
1990-05-15 19:30:00+00:00,10.47,83.0,51.0,255.83,28.0,315.85,1.86,190.0,98880.0
1990-05-15 20:30:00+00:00,9.78,82.95,0.0,0.0,0.0,302.85,1.59,165.0,98880.0
1990-05-15 21:30:00+00:00,8.74,89.1,0.0,0.0,0.0,299.4,2.0,182.0,98900.0
1990-05-15 22:30:00+00:00,7.76,92.4,0.0,0.0,0.0,280.6,2.28,207.0,98880.0
1990-05-15 23:30:00+00:00,7.32,92.35,0.0,0.0,0.0,283.1,2.41,224.0,98890.0
1990-05-16 00:30:00+00:00,6.89,92.35,0.0,0.0,0.0,277.5,2.48,228.0,98870.0
1990-05-16 01:30:00+00:00,6.5,95.8,0.0,0.0,0.0,274.15,2.62,227.0,98860.0
1990-05-16 02:30:00+00:00,6.18,95.75,0.0,0.0,0.0,270.95,2.69,229.0,98850.0
1990-05-16 03:30:00+00:00,6.03,95.75,0.0,0.0,0.0,276.95,2.55,229.0,98850.0
1990-05-16 04:30:00+00:00,5.7,95.75,0.0,0.0,0.0,273.65,2.34,228.0,98850.0
1990-05-16 05:30:00+00:00,6.06,99.4,89.0,325.62,45.0,290.1,2.07,224.0,98840.0
1990-05-16 06:30:00+00:00,7.22,92.35,198.0,300.35,113.0,294.55,2.69,223.0,98840.0
1990-05-16 07:30:00+00:00,8.83,89.1,309.0,281.79,188.0,274.6,2.83,222.0,98820.0
1990-05-16 08:30:00+00:00,10.51,86.05,430.0,317.18,251.0,308.3,2.28,210.0,98820.0
1990-05-16 09:30:00+00:00,11.44,86.15,514.0,291.76,316.0,340.2,2.0,191.0,98810.0
1990-05-16 10:30:00+00:00,12.36,86.25,294.0,6.54,289.0,345.25,1.93,173.0,98780.0
1990-05-16 11:30:00+00:00,13.08,86.3,286.0,2.45,284.0,349.5,1.93,167.0,98750.0
1990-05-16 12:30:00+00:00,13.83,80.45,263.0,0.0,263.0,338.5,2.07,160.0,98720.0
1990-05-16 13:30:00+00:00,14.2,80.45,610.0,277.08,387.0,341.75,2.0,154.0,98690.0
1990-05-16 14:30:00+00:00,14.14,77.65,111.0,0.0,111.0,317.55,1.66,146.0,98650.0
1990-05-16 15:30:00+00:00,14.17,74.95,231.0,4.63,228.0,313.3,1.79,123.0,98630.0
1990-05-16 16:30:00+00:00,13.67,69.65,269.0,60.75,237.0,318.55,1.86,103.0,98530.0
1990-05-16 17:30:00+00:00,13.29,62.45,90.0,0.0,90.0,328.6,1.79,86.0,98550.0
1990-05-16 18:30:00+00:00,12.9,67.05,17.0,0.0,17.0,319.7,2.28,72.0,98600.0
1990-05-16 19:30:00+00:00,11.4,80.15,5.0,0.0,5.0,313.9,1.52,62.0,98710.0
1990-05-16 20:30:00+00:00,10.53,86.05,0.0,0.0,0.0,315.05,2.21,28.0,98740.0
1990-05-16 21:30:00+00:00,9.54,89.15,0.0,0.0,0.0,299.4,2.41,24.0,98800.0
1990-05-16 22:30:00+00:00,8.92,92.45,0.0,0.0,0.0,298.8,2.41,19.0,98830.0
1990-05-16 23:30:00+00:00,8.16,95.8,0.0,0.0,0.0,287.75,2.48,9.0,98900.0
1990-05-17 00:30:00+00:00,7.5,95.8,0.0,0.0,0.0,280.8,2.55,1.0,98940.0
1990-05-17 01:30:00+00:00,6.98,95.8,0.0,0.0,0.0,277.05,2.55,357.0,98990.0
1990-05-17 02:30:00+00:00,6.53,95.8,0.0,0.0,0.0,274.4,2.55,355.0,99050.0
1990-05-17 03:30:00+00:00,6.3,95.8,0.0,0.0,0.0,282.35,2.34,357.0,99130.0
1990-05-17 04:30:00+00:00,6.33,95.8,0.0,0.0,0.0,304.4,2.07,355.0,99200.0
1990-05-17 05:30:00+00:00,6.59,99.4,61.0,72.34,51.0,317.55,2.21,353.0,99280.0
1990-05-17 06:30:00+00:00,7.18,99.4,93.0,7.0,91.0,318.75,1.66,344.0,99340.0
1990-05-17 07:30:00+00:00,8.16,95.8,217.0,60.17,191.0,345.05,1.52,337.0,99410.0
1990-05-17 08:30:00+00:00,8.76,85.95,189.0,1.76,188.0,342.95,1.86,335.0,99480.0
1990-05-17 09:30:00+00:00,10.4,83.0,357.0,57.27,318.0,332.1,1.66,306.0,99540.0
1990-05-17 10:30:00+00:00,11.48,83.1,147.0,0.0,147.0,338.65,1.79,267.0,99560.0
1990-05-17 11:30:00+00:00,12.8,80.35,292.0,2.44,290.0,343.9,2.69,265.0,99570.0
1990-05-17 12:30:00+00:00,13.61,80.4,407.0,34.85,378.0,348.15,3.66,281.0,99580.0
1990-05-17 13:30:00+00:00,13.72,77.6,704.0,469.59,325.0,329.0,4.21,291.0,99620.0
1990-05-17 14:30:00+00:00,13.46,72.2,776.0,872.28,126.0,327.25,4.97,301.0,99630.0
1990-05-17 15:30:00+00:00,13.0,67.05,633.0,733.31,156.0,321.25,5.17,313.0,99680.0
1990-05-17 16:30:00+00:00,12.56,64.55,445.0,466.51,198.0,301.5,5.17,304.0,99710.0
1990-05-17 17:30:00+00:00,12.26,62.2,355.0,658.32,98.0,301.3,5.17,303.0,99740.0
1990-05-17 18:30:00+00:00,11.76,62.1,191.0,486.16,73.0,290.5,4.41,304.0,99800.0
1990-05-17 19:30:00+00:00,11.09,66.65,52.0,207.22,32.0,279.45,3.31,297.0,99900.0
1990-05-17 20:30:00+00:00,9.59,71.5,0.0,0.0,0.0,269.95,2.9,288.0,99970.0
1990-05-17 21:30:00+00:00,8.28,74.05,0.0,0.0,0.0,265.3,2.69,278.0,100040.0
1990-05-17 22:30:00+00:00,7.42,79.65,0.0,0.0,0.0,264.15,2.69,272.0,100070.0
1990-05-17 23:30:00+00:00,6.89,82.6,0.0,0.0,0.0,268.05,2.62,270.0,100060.0
1990-05-18 00:30:00+00:00,6.3,85.7,0.0,0.0,0.0,261.45,2.62,266.0,100090.0
1990-05-18 01:30:00+00:00,5.85,88.9,0.0,0.0,0.0,260.6,2.69,261.0,100090.0
1990-05-18 02:30:00+00:00,5.58,92.25,0.0,0.0,0.0,261.45,2.69,258.0,100100.0
1990-05-18 03:30:00+00:00,5.42,92.25,0.0,0.0,0.0,264.95,2.69,254.0,100120.0
1990-05-18 04:30:00+00:00,5.52,92.25,0.0,0.0,0.0,276.55,2.69,252.0,100140.0
1990-05-18 05:30:00+00:00,5.99,92.3,13.0,0.0,13.0,284.5,2.62,253.0,100160.0
1990-05-18 06:30:00+00:00,7.42,89.0,162.0,124.68,126.0,287.2,2.48,256.0,100170.0
1990-05-18 07:30:00+00:00,9.47,82.9,411.0,717.69,99.0,269.4,2.76,261.0,100230.0
1990-05-18 08:30:00+00:00,10.94,74.45,528.0,639.36,164.0,268.6,2.97,272.0,100250.0
1990-05-18 09:30:00+00:00,12.11,64.45,540.0,342.45,306.0,278.65,3.17,273.0,100250.0
1990-05-18 10:30:00+00:00,13.03,57.9,646.0,412.24,329.0,295.7,3.38,270.0,100250.0
1990-05-18 11:30:00+00:00,13.56,55.9,815.0,738.65,209.0,300.55,3.24,270.0,100260.0
1990-05-18 12:30:00+00:00,14.11,56.0,773.0,577.82,291.0,303.05,3.03,270.0,100250.0
1990-05-18 13:30:00+00:00,14.7,60.3,89.0,0.0,89.0,295.3,2.69,269.0,100240.0
1990-05-18 14:30:00+00:00,14.91,62.65,142.0,0.0,142.0,290.1,2.07,265.0,100210.0
1990-05-18 15:30:00+00:00,14.85,62.65,437.0,180.73,319.0,309.65,1.24,260.0,100200.0
1990-05-18 16:30:00+00:00,14.22,64.85,302.0,97.73,250.0,335.2,1.66,228.0,100160.0
1990-05-18 17:30:00+00:00,12.02,71.95,367.0,704.46,90.0,320.65,3.59,247.0,100250.0
1990-05-18 18:30:00+00:00,10.65,83.0,192.0,467.97,77.0,324.95,2.21,289.0,100310.0
1990-05-18 19:30:00+00:00,10.99,77.2,50.0,150.39,35.0,283.5,1.24,251.0,100330.0
1990-05-18 20:30:00+00:00,10.08,82.95,0.0,0.0,0.0,293.0,1.59,245.0,100410.0
1990-05-18 21:30:00+00:00,8.83,85.95,0.0,0.0,0.0,292.4,1.66,253.0,100420.0
1990-05-18 22:30:00+00:00,7.68,92.35,0.0,0.0,0.0,282.75,1.86,278.0,100420.0
1990-05-18 23:30:00+00:00,7.36,92.35,0.0,0.0,0.0,294.75,2.0,298.0,100430.0
1990-05-19 00:30:00+00:00,7.06,92.35,0.0,0.0,0.0,287.95,2.28,310.0,100440.0
1990-05-19 01:30:00+00:00,6.85,89.0,0.0,0.0,0.0,290.2,2.28,312.0,100430.0
1990-05-19 02:30:00+00:00,6.28,85.7,0.0,0.0,0.0,275.4,2.48,312.0,100450.0
1990-05-19 03:30:00+00:00,5.83,88.9,0.0,0.0,0.0,269.4,2.62,312.0,100450.0
1990-05-19 04:30:00+00:00,5.7,85.65,0.0,0.0,0.0,272.85,2.83,311.0,100500.0
1990-05-19 05:30:00+00:00,6.02,88.9,76.0,138.72,56.0,272.65,2.76,311.0,100540.0
1990-05-19 06:30:00+00:00,7.43,82.65,253.0,593.6,80.0,261.45,2.48,309.0,100610.0
1990-05-19 07:30:00+00:00,9.61,85.95,414.0,708.97,104.0,276.75,2.69,305.0,100650.0
1990-05-19 08:30:00+00:00,11.19,77.2,573.0,802.91,114.0,272.85,3.31,304.0,100700.0
1990-05-19 09:30:00+00:00,12.41,72.05,673.0,729.36,173.0,289.3,3.93,304.0,100720.0
1990-05-19 10:30:00+00:00,13.11,74.75,644.0,398.14,337.0,311.0,4.14,300.0,100740.0
1990-05-19 11:30:00+00:00,13.56,74.85,104.0,0.0,104.0,319.5,4.41,299.0,100790.0
1990-05-19 12:30:00+00:00,14.15,72.3,258.0,0.0,258.0,314.85,4.48,299.0,100820.0
1990-05-19 13:30:00+00:00,14.43,72.3,865.0,908.27,128.0,314.5,4.34,300.0,100830.0
1990-05-19 14:30:00+00:00,13.77,67.25,398.0,57.35,355.0,321.85,4.0,298.0,100770.0
1990-05-19 15:30:00+00:00,13.74,64.75,377.0,90.03,318.0,302.65,4.97,297.0,100880.0
1990-05-19 16:30:00+00:00,12.99,62.3,499.0,662.1,145.0,298.8,4.97,303.0,100910.0
1990-05-19 17:30:00+00:00,12.93,60.05,302.0,358.6,160.0,305.4,4.55,305.0,100940.0
1990-05-19 18:30:00+00:00,12.56,62.2,203.0,526.71,72.0,300.35,3.59,305.0,100950.0
1990-05-19 19:30:00+00:00,12.08,62.1,62.0,291.53,32.0,294.55,2.62,295.0,101010.0
1990-05-19 20:30:00+00:00,10.5,66.55,0.0,0.0,0.0,284.3,2.55,288.0,101080.0
1990-05-19 21:30:00+00:00,9.27,71.5,0.0,0.0,0.0,281.2,2.28,286.0,101110.0
1990-05-19 22:30:00+00:00,8.35,76.85,0.0,0.0,0.0,283.9,1.79,279.0,101110.0
1990-05-19 23:30:00+00:00,6.95,85.75,0.0,0.0,0.0,266.3,1.93,256.0,101070.0
1990-05-20 00:30:00+00:00,5.94,88.9,0.0,0.0,0.0,271.1,1.93,242.0,101070.0
1990-05-20 01:30:00+00:00,5.4,92.25,0.0,0.0,0.0,275.1,1.79,228.0,101040.0
1990-05-20 02:30:00+00:00,5.13,95.75,0.0,0.0,0.0,276.95,2.0,215.0,100990.0
1990-05-20 03:30:00+00:00,4.9,95.75,0.0,0.0,0.0,272.65,2.14,211.0,100930.0
1990-05-20 04:30:00+00:00,4.77,95.75,0.0,0.0,0.0,271.3,2.21,199.0,100850.0
1990-05-20 05:30:00+00:00,5.25,92.25,12.0,0.0,12.0,275.6,2.21,189.0,100780.0
1990-05-20 06:30:00+00:00,7.24,85.8,35.0,0.0,35.0,296.1,2.41,181.0,100720.0
1990-05-20 07:30:00+00:00,8.5,85.9,117.0,0.0,117.0,315.65,3.38,172.0,100640.0
1990-05-20 08:30:00+00:00,9.45,79.9,215.0,6.97,211.0,321.05,4.41,171.0,100530.0
1990-05-20 09:30:00+00:00,10.3,77.15,226.0,1.45,225.0,326.85,6.14,171.0,100380.0
1990-05-20 10:30:00+00:00,10.64,74.4,150.0,0.0,150.0,336.55,7.24,168.0,100230.0
1990-05-20 11:30:00+00:00,11.01,74.45,109.0,0.0,109.0,341.4,7.17,165.0,100080.0
1990-05-20 12:30:00+00:00,11.58,74.55,105.0,0.0,105.0,335.4,8.55,166.0,99880.0
1990-05-20 13:30:00+00:00,11.67,77.3,149.0,0.0,149.0,336.35,7.72,168.0,99690.0
1990-05-20 14:30:00+00:00,11.24,74.55,145.0,0.0,145.0,344.5,8.97,174.0,99480.0
1990-05-20 15:30:00+00:00,11.08,80.1,150.0,0.0,150.0,355.5,8.76,180.0,99290.0
1990-05-20 16:30:00+00:00,11.55,83.1,195.0,7.45,191.0,355.1,8.21,185.0,99120.0
1990-05-20 17:30:00+00:00,11.43,83.1,105.0,0.0,105.0,353.75,7.72,193.0,98960.0
1990-05-20 18:30:00+00:00,10.81,83.05,21.0,0.0,21.0,341.4,7.66,200.0,98880.0
1990-05-20 19:30:00+00:00,10.39,83.0,6.0,0.0,6.0,343.3,8.21,198.0,98800.0
1990-05-20 20:30:00+00:00,9.99,82.95,0.0,0.0,0.0,345.25,8.69,200.0,98720.0
1990-05-20 21:30:00+00:00,9.7,85.95,0.0,0.0,0.0,348.95,9.24,203.0,98620.0
1990-05-20 22:30:00+00:00,9.54,82.9,0.0,0.0,0.0,348.75,9.66,206.0,98540.0
1990-05-20 23:30:00+00:00,9.67,82.9,0.0,0.0,0.0,350.1,9.59,206.0,98470.0
1990-05-21 00:30:00+00:00,9.64,82.9,0.0,0.0,0.0,348.15,9.31,205.0,98420.0
1990-05-21 01:30:00+00:00,9.65,82.9,0.0,0.0,0.0,350.4,8.69,204.0,98330.0
1990-05-21 02:30:00+00:00,9.81,82.95,0.0,0.0,0.0,348.95,8.48,205.0,98250.0
1990-05-21 03:30:00+00:00,9.91,79.95,0.0,0.0,0.0,348.75,8.48,206.0,98150.0
1990-05-21 04:30:00+00:00,9.87,79.95,0.0,0.0,0.0,350.5,8.55,206.0,98070.0
1990-05-21 05:30:00+00:00,9.81,79.95,49.0,20.04,46.0,349.5,8.48,205.0,98000.0
1990-05-21 06:30:00+00:00,9.8,79.95,29.0,0.0,29.0,351.05,8.48,206.0,97950.0
1990-05-21 07:30:00+00:00,10.11,82.95,80.0,0.0,80.0,351.65,8.55,205.0,97940.0
1990-05-21 08:30:00+00:00,10.28,80.05,163.0,0.0,163.0,351.25,8.48,209.0,97910.0
1990-05-21 09:30:00+00:00,10.3,83.0,312.0,26.1,294.0,351.25,8.48,219.0,97880.0
1990-05-21 10:30:00+00:00,10.27,86.05,258.0,1.29,257.0,347.4,8.34,228.0,97890.0
1990-05-21 11:30:00+00:00,10.52,86.05,283.0,2.42,281.0,347.75,8.07,230.0,97900.0
1990-05-21 12:30:00+00:00,10.81,83.05,265.0,0.0,265.0,341.55,8.21,233.0,97920.0
1990-05-21 13:30:00+00:00,10.84,83.05,397.0,35.56,368.0,347.2,8.48,234.0,97910.0
1990-05-21 14:30:00+00:00,10.46,89.25,150.0,0.0,150.0,348.15,8.0,232.0,97920.0
1990-05-21 15:30:00+00:00,10.45,89.25,97.0,0.0,97.0,352.4,8.34,235.0,97910.0
1990-05-21 16:30:00+00:00,10.44,89.25,101.0,0.0,101.0,352.6,8.21,238.0,97920.0
1990-05-21 17:30:00+00:00,10.6,89.25,45.0,0.0,45.0,356.65,7.79,245.0,97920.0
1990-05-21 18:30:00+00:00,10.77,89.3,28.0,0.0,28.0,353.4,6.9,254.0,97950.0
1990-05-21 19:30:00+00:00,10.53,89.25,14.0,0.0,14.0,352.2,6.14,263.0,98050.0
1990-05-21 20:30:00+00:00,10.35,89.25,0.0,0.0,0.0,339.25,4.9,280.0,98140.0
1990-05-21 21:30:00+00:00,9.99,89.2,0.0,0.0,0.0,331.9,4.14,299.0,98250.0
1990-05-21 22:30:00+00:00,9.61,89.15,0.0,0.0,0.0,335.0,3.86,314.0,98360.0
1990-05-21 23:30:00+00:00,9.41,89.15,0.0,0.0,0.0,342.55,3.79,316.0,98460.0
1990-05-22 00:30:00+00:00,9.04,89.1,0.0,0.0,0.0,337.3,4.14,318.0,98540.0
1990-05-22 01:30:00+00:00,8.66,89.1,0.0,0.0,0.0,345.55,4.48,317.0,98630.0
1990-05-22 02:30:00+00:00,8.24,85.9,0.0,0.0,0.0,341.95,4.41,313.0,98710.0
1990-05-22 03:30:00+00:00,7.84,85.85,0.0,0.0,0.0,341.0,4.14,306.0,98780.0
1990-05-22 04:30:00+00:00,7.52,89.0,0.0,0.0,0.0,338.5,4.0,302.0,98850.0
1990-05-22 05:30:00+00:00,7.4,85.8,64.0,52.52,56.0,338.1,3.93,300.0,98960.0
1990-05-22 06:30:00+00:00,7.46,85.8,87.0,3.34,86.0,335.0,3.52,297.0,99050.0
1990-05-22 07:30:00+00:00,7.64,85.8,126.0,0.0,126.0,336.95,3.66,303.0,99120.0
1990-05-22 08:30:00+00:00,8.07,79.7,169.0,0.0,169.0,331.1,4.21,311.0,99220.0
1990-05-22 09:30:00+00:00,8.82,74.15,124.0,0.0,124.0,335.4,3.93,307.0,99270.0
1990-05-22 10:30:00+00:00,9.33,71.5,249.0,0.0,249.0,342.35,3.45,303.0,99350.0
1990-05-22 11:30:00+00:00,9.89,69.0,135.0,0.0,135.0,338.85,3.72,302.0,99390.0
1990-05-22 12:30:00+00:00,10.87,69.15,254.0,0.0,254.0,325.1,3.52,301.0,99440.0
1990-05-22 13:30:00+00:00,11.94,69.35,287.0,2.45,285.0,318.75,3.38,296.0,99460.0
1990-05-22 14:30:00+00:00,12.45,69.45,147.0,0.0,147.0,308.85,3.45,293.0,99470.0
1990-05-22 15:30:00+00:00,11.94,66.85,102.0,0.0,102.0,330.75,4.28,298.0,99520.0
1990-05-22 16:30:00+00:00,11.23,64.25,181.0,3.69,179.0,323.4,4.83,304.0,99570.0
1990-05-22 17:30:00+00:00,10.73,61.85,226.0,103.97,184.0,309.05,4.69,302.0,99610.0
1990-05-22 18:30:00+00:00,10.34,61.75,210.0,528.59,74.0,291.25,4.07,300.0,99660.0
1990-05-22 19:30:00+00:00,9.09,68.8,69.0,303.48,35.0,280.4,3.45,295.0,99720.0
1990-05-22 20:30:00+00:00,7.82,71.25,0.0,0.0,0.0,267.25,2.76,283.0,99780.0
1990-05-22 21:30:00+00:00,6.52,76.55,0.0,0.0,0.0,257.6,2.62,268.0,99830.0
1990-05-22 22:30:00+00:00,5.61,82.4,0.0,0.0,0.0,253.7,2.62,260.0,99860.0
1990-05-22 23:30:00+00:00,4.88,85.55,0.0,0.0,0.0,249.65,2.62,249.0,99890.0
1990-05-23 00:30:00+00:00,4.41,88.8,0.0,0.0,0.0,250.8,2.69,240.0,99890.0
1990-05-23 01:30:00+00:00,4.41,88.8,0.0,0.0,0.0,261.35,2.76,235.0,99880.0
1990-05-23 02:30:00+00:00,4.42,88.8,0.0,0.0,0.0,263.4,2.9,233.0,99860.0
1990-05-23 03:30:00+00:00,4.42,85.5,0.0,0.0,0.0,266.65,2.9,228.0,99850.0
1990-05-23 04:30:00+00:00,4.52,85.5,0.0,0.0,0.0,275.4,2.97,220.0,99830.0
1990-05-23 05:30:00+00:00,4.99,85.55,91.0,206.69,59.0,278.5,3.24,212.0,99820.0
1990-05-23 06:30:00+00:00,6.26,82.55,165.0,109.52,132.0,283.3,3.38,205.0,99790.0
1990-05-23 07:30:00+00:00,7.62,82.65,72.0,0.0,72.0,292.2,4.21,204.0,99820.0
1990-05-23 08:30:00+00:00,8.76,74.15,167.0,0.0,167.0,303.05,5.38,206.0,99780.0
1990-05-23 09:30:00+00:00,9.51,68.9,546.0,335.95,313.0,313.9,6.34,209.0,99760.0
1990-05-23 10:30:00+00:00,10.4,64.1,472.0,107.86,388.0,311.0,6.83,205.0,99710.0
1990-05-23 11:30:00+00:00,11.05,61.85,433.0,49.39,392.0,313.7,6.9,202.0,99670.0
1990-05-23 12:30:00+00:00,11.4,64.35,283.0,1.18,282.0,326.3,7.03,198.0,99590.0
1990-05-23 13:30:00+00:00,12.01,66.85,465.0,78.11,401.0,319.9,7.24,193.0,99520.0
1990-05-23 14:30:00+00:00,12.28,69.45,254.0,1.32,253.0,323.2,7.59,188.0,99420.0
1990-05-23 15:30:00+00:00,11.75,69.35,152.0,0.0,152.0,329.95,8.14,187.0,99360.0
1990-05-23 16:30:00+00:00,11.01,74.45,129.0,0.0,129.0,339.05,7.1,183.0,99260.0
1990-05-23 17:30:00+00:00,10.71,80.05,98.0,0.0,98.0,341.2,7.38,183.0,99150.0
1990-05-23 18:30:00+00:00,9.93,86.0,57.0,0.0,57.0,344.85,7.45,178.0,99050.0
1990-05-23 19:30:00+00:00,9.59,89.15,12.0,0.0,12.0,349.1,7.45,177.0,99010.0
1990-05-23 20:30:00+00:00,9.44,89.15,0.0,0.0,0.0,350.3,7.1,183.0,98970.0
1990-05-23 21:30:00+00:00,9.3,89.15,0.0,0.0,0.0,351.25,5.93,195.0,98920.0
1990-05-23 22:30:00+00:00,9.02,89.1,0.0,0.0,0.0,349.1,4.62,220.0,98910.0
1990-05-23 23:30:00+00:00,8.51,89.1,0.0,0.0,0.0,335.75,4.14,232.0,98910.0
1990-05-24 00:30:00+00:00,7.77,89.05,0.0,0.0,0.0,314.85,4.0,223.0,98960.0
1990-05-24 01:30:00+00:00,6.68,92.3,0.0,0.0,0.0,270.25,4.21,218.0,98950.0
1990-05-24 02:30:00+00:00,6.08,95.75,0.0,0.0,0.0,267.05,4.21,216.0,98970.0
1990-05-24 03:30:00+00:00,5.77,92.3,0.0,0.0,0.0,270.95,4.0,215.0,98990.0
1990-05-24 04:30:00+00:00,5.36,95.75,0.0,0.0,0.0,259.5,3.66,211.0,99040.0
1990-05-24 05:30:00+00:00,5.5,95.75,62.0,38.16,56.0,262.4,3.31,205.0,99070.0
1990-05-24 06:30:00+00:00,6.53,92.3,209.0,266.86,128.0,258.35,3.66,203.0,99100.0
1990-05-24 07:30:00+00:00,7.95,82.7,341.0,336.73,190.0,308.5,4.62,215.0,99140.0
1990-05-24 08:30:00+00:00,9.01,76.95,463.0,365.93,250.0,332.1,3.79,210.0,99150.0
1990-05-24 09:30:00+00:00,10.2,71.6,560.0,363.84,307.0,311.4,3.1,206.0,99170.0
1990-05-24 10:30:00+00:00,11.2,69.15,159.0,0.0,159.0,313.3,2.21,198.0,99160.0
1990-05-24 11:30:00+00:00,11.77,69.35,154.0,0.0,154.0,307.3,1.45,176.0,99160.0
1990-05-24 12:30:00+00:00,12.64,69.45,162.0,0.0,162.0,304.4,0.83,158.0,99140.0
1990-05-24 13:30:00+00:00,12.82,64.65,302.0,3.65,299.0,310.4,0.41,61.0,99160.0
1990-05-24 14:30:00+00:00,13.1,60.05,491.0,146.03,380.0,329.2,1.1,66.0,99180.0
1990-05-24 15:30:00+00:00,11.51,71.85,352.0,60.02,312.0,331.5,0.83,3.0,99240.0
1990-05-24 16:30:00+00:00,11.22,74.45,403.0,283.5,248.0,315.25,3.17,324.0,99270.0
1990-05-24 17:30:00+00:00,10.31,74.4,299.0,305.61,174.0,321.25,4.69,325.0,99380.0
1990-05-24 18:30:00+00:00,10.07,77.1,181.0,289.29,105.0,308.65,4.9,322.0,99470.0
1990-05-24 19:30:00+00:00,9.64,79.9,39.0,25.47,36.0,316.2,3.93,306.0,99590.0
1990-05-24 20:30:00+00:00,8.92,76.95,0.0,0.0,0.0,291.05,4.34,297.0,99670.0
1990-05-24 21:30:00+00:00,7.86,76.8,0.0,0.0,0.0,266.65,4.14,295.0,99770.0
1990-05-24 22:30:00+00:00,7.08,82.6,0.0,0.0,0.0,261.05,4.0,289.0,99860.0
1990-05-24 23:30:00+00:00,6.44,82.55,0.0,0.0,0.0,252.95,3.72,279.0,99900.0
1990-05-25 00:30:00+00:00,6.12,85.65,0.0,0.0,0.0,259.3,3.59,266.0,99940.0
1990-05-25 01:30:00+00:00,6.35,85.7,0.0,0.0,0.0,277.25,3.93,262.0,99950.0
1990-05-25 02:30:00+00:00,6.58,85.7,0.0,0.0,0.0,282.55,4.0,262.0,99980.0
1990-05-25 03:30:00+00:00,6.8,85.75,0.0,0.0,0.0,293.4,4.14,261.0,100000.0
1990-05-25 04:30:00+00:00,7.28,85.8,0.0,0.0,0.0,311.4,4.69,262.0,100030.0
1990-05-25 05:30:00+00:00,7.85,85.85,70.0,62.69,60.0,339.05,5.17,267.0,100050.0
1990-05-25 06:30:00+00:00,8.22,85.9,79.0,0.0,79.0,344.1,5.31,270.0,100110.0
1990-05-25 07:30:00+00:00,9.04,82.85,135.0,0.0,135.0,308.5,6.9,285.0,100160.0
1990-05-25 08:30:00+00:00,9.38,79.9,156.0,0.0,156.0,321.05,7.59,289.0,100220.0
1990-05-25 09:30:00+00:00,10.02,74.3,339.0,37.3,313.0,318.95,7.66,293.0,100280.0
1990-05-25 10:30:00+00:00,10.64,71.7,131.0,0.0,131.0,308.5,7.59,293.0,100310.0
1990-05-25 11:30:00+00:00,11.46,74.55,261.0,0.0,261.0,316.6,7.24,292.0,100360.0
1990-05-25 12:30:00+00:00,12.24,71.95,160.0,0.0,160.0,302.1,7.03,292.0,100340.0
1990-05-25 13:30:00+00:00,12.68,69.45,234.0,0.0,234.0,297.05,7.03,292.0,100360.0
1990-05-25 14:30:00+00:00,12.7,66.95,347.0,23.62,329.0,293.0,7.1,291.0,100340.0
1990-05-25 15:30:00+00:00,12.62,62.2,607.0,569.88,226.0,296.85,7.1,291.0,100330.0
1990-05-25 16:30:00+00:00,12.09,62.1,486.0,550.1,184.0,293.4,6.28,291.0,100310.0
1990-05-25 17:30:00+00:00,12.1,59.85,325.0,403.45,159.0,287.95,6.14,292.0,100300.0
1990-05-25 18:30:00+00:00,11.64,62.0,180.0,278.89,106.0,289.7,5.59,291.0,100320.0
1990-05-25 19:30:00+00:00,10.59,69.1,55.0,91.22,44.0,287.75,4.62,290.0,100340.0
1990-05-25 20:30:00+00:00,9.66,74.2,0.0,0.0,0.0,297.05,4.0,289.0,100370.0
1990-05-25 21:30:00+00:00,8.72,76.95,0.0,0.0,0.0,287.4,3.72,288.0,100400.0
1990-05-25 22:30:00+00:00,8.2,82.7,0.0,0.0,0.0,292.8,3.59,287.0,100390.0
1990-05-25 23:30:00+00:00,8.05,85.85,0.0,0.0,0.0,309.45,3.45,292.0,100360.0
1990-05-26 00:30:00+00:00,7.85,85.85,0.0,0.0,0.0,310.6,3.17,298.0,100380.0
1990-05-26 01:30:00+00:00,7.64,89.0,0.0,0.0,0.0,312.85,2.83,306.0,100360.0
1990-05-26 02:30:00+00:00,7.26,89.0,0.0,0.0,0.0,305.2,2.69,323.0,100390.0
1990-05-26 03:30:00+00:00,7.19,92.35,0.0,0.0,0.0,318.75,2.69,334.0,100400.0
1990-05-26 04:30:00+00:00,7.21,89.0,0.0,0.0,0.0,335.2,2.83,337.0,100410.0
1990-05-26 05:30:00+00:00,7.0,89.0,117.0,408.1,51.0,309.65,2.55,328.0,100420.0
1990-05-26 06:30:00+00:00,7.4,85.8,225.0,341.28,120.0,303.05,3.03,316.0,100430.0
1990-05-26 07:30:00+00:00,8.87,82.85,235.0,70.76,203.0,272.65,3.38,304.0,100450.0
1990-05-26 08:30:00+00:00,10.11,71.6,329.0,88.79,277.0,301.3,4.83,307.0,100450.0
1990-05-26 09:30:00+00:00,10.96,64.25,370.0,60.11,328.0,322.8,5.45,307.0,100430.0
1990-05-26 10:30:00+00:00,11.25,64.35,293.0,5.1,289.0,340.0,5.72,312.0,100440.0
1990-05-26 11:30:00+00:00,11.24,69.25,264.0,0.0,264.0,346.0,5.17,313.0,100490.0
1990-05-26 12:30:00+00:00,11.52,71.85,144.0,0.0,144.0,345.85,5.1,314.0,100500.0
1990-05-26 13:30:00+00:00,11.58,74.55,187.0,0.0,187.0,348.75,4.28,311.0,100560.0
1990-05-26 14:30:00+00:00,11.7,77.3,350.0,24.87,331.0,353.75,3.93,308.0,100560.0
1990-05-26 15:30:00+00:00,11.97,74.6,448.0,180.44,327.0,355.7,4.0,307.0,100590.0
1990-05-26 16:30:00+00:00,12.34,72.05,289.0,67.13,252.0,355.5,4.41,308.0,100580.0
1990-05-26 17:30:00+00:00,12.41,72.05,212.0,70.08,183.0,356.5,3.66,303.0,100600.0
1990-05-26 18:30:00+00:00,12.43,74.7,47.0,0.0,47.0,347.95,3.45,295.0,100630.0
1990-05-26 19:30:00+00:00,11.91,74.6,59.0,113.54,45.0,329.0,2.97,299.0,100670.0
1990-05-26 20:30:00+00:00,11.3,77.3,0.0,0.0,0.0,341.95,2.83,302.0,100690.0
1990-05-26 21:30:00+00:00,10.69,83.0,0.0,0.0,0.0,336.95,2.69,308.0,100760.0
1990-05-26 22:30:00+00:00,10.23,83.0,0.0,0.0,0.0,336.55,2.55,303.0,100780.0
1990-05-26 23:30:00+00:00,9.6,85.95,0.0,0.0,0.0,324.95,2.48,295.0,100820.0
1990-05-27 00:30:00+00:00,8.82,89.1,0.0,0.0,0.0,308.3,2.55,288.0,100840.0
1990-05-27 01:30:00+00:00,7.82,92.4,0.0,0.0,0.0,279.95,2.69,286.0,100870.0
1990-05-27 02:30:00+00:00,7.29,92.35,0.0,0.0,0.0,276.55,2.69,288.0,100870.0
1990-05-27 03:30:00+00:00,6.82,92.35,0.0,0.0,0.0,271.9,2.62,290.0,100890.0
1990-05-27 04:30:00+00:00,6.7,92.35,1.0,0.0,1.0,284.1,2.48,291.0,100910.0
1990-05-27 05:30:00+00:00,6.98,95.8,121.0,433.41,50.0,281.95,2.14,293.0,100940.0
1990-05-27 06:30:00+00:00,8.28,89.1,264.0,571.74,87.0,288.15,1.72,297.0,100980.0
1990-05-27 07:30:00+00:00,10.19,89.2,428.0,713.64,104.0,280.2,1.59,325.0,101030.0
1990-05-27 08:30:00+00:00,11.97,80.2,586.0,803.73,114.0,291.25,1.24,356.0,101060.0
1990-05-27 09:30:00+00:00,13.35,72.2,670.0,685.46,190.0,308.85,0.62,9.0,101070.0
1990-05-27 10:30:00+00:00,14.66,67.25,494.0,131.16,391.0,334.4,0.21,320.0,101080.0
1990-05-27 11:30:00+00:00,15.13,62.65,434.0,49.01,393.0,355.9,0.28,204.0,101090.0
1990-05-27 12:30:00+00:00,15.62,60.5,579.0,177.52,428.0,362.65,0.76,188.0,101110.0
1990-05-27 13:30:00+00:00,16.07,58.45,436.0,54.45,391.0,361.1,1.1,186.0,101120.0
1990-05-27 14:30:00+00:00,16.24,58.45,491.0,144.97,380.0,363.85,1.17,191.0,101130.0
1990-05-27 15:30:00+00:00,16.67,54.45,373.0,78.81,320.0,361.9,1.38,190.0,101150.0
1990-05-27 16:30:00+00:00,16.79,52.65,397.0,260.25,253.0,357.25,1.45,169.0,101120.0
1990-05-27 17:30:00+00:00,16.74,54.45,234.0,108.13,189.0,363.05,1.66,154.0,101130.0
1990-05-27 18:30:00+00:00,16.33,60.75,148.0,122.05,115.0,361.5,1.79,130.0,101110.0
1990-05-27 19:30:00+00:00,15.52,69.9,84.0,357.25,39.0,343.1,2.21,127.0,101130.0
1990-05-27 20:30:00+00:00,13.99,72.3,0.0,0.0,0.0,326.1,2.69,129.0,101170.0
1990-05-27 21:30:00+00:00,12.93,80.35,0.0,0.0,0.0,327.85,2.83,132.0,101220.0
1990-05-27 22:30:00+00:00,12.78,80.35,0.0,0.0,0.0,351.05,2.97,134.0,101220.0
1990-05-27 23:30:00+00:00,12.34,83.25,0.0,0.0,0.0,341.4,2.9,141.0,101230.0
1990-05-28 00:30:00+00:00,11.77,86.2,0.0,0.0,0.0,331.7,2.69,152.0,101240.0
1990-05-28 01:30:00+00:00,11.05,89.3,0.0,0.0,0.0,321.95,2.28,164.0,101260.0
1990-05-28 02:30:00+00:00,10.46,92.5,0.0,0.0,0.0,323.4,1.86,175.0,101270.0
1990-05-28 03:30:00+00:00,9.5,95.85,0.0,0.0,0.0,303.65,1.79,179.0,101280.0
1990-05-28 04:30:00+00:00,8.98,95.85,1.0,0.0,1.0,309.65,1.72,183.0,101300.0
1990-05-28 05:30:00+00:00,9.39,95.85,18.0,0.0,18.0,324.55,1.38,191.0,101300.0
1990-05-28 06:30:00+00:00,10.9,89.3,67.0,0.0,67.0,326.5,1.38,200.0,101350.0
1990-05-28 07:30:00+00:00,11.92,86.2,262.0,116.31,209.0,342.35,0.34,213.0,101360.0
1990-05-28 08:30:00+00:00,13.4,80.4,374.0,157.94,281.0,336.75,0.41,84.0,101370.0
1990-05-28 09:30:00+00:00,14.51,77.65,457.0,163.88,342.0,337.3,0.41,116.0,101390.0
1990-05-28 10:30:00+00:00,15.2,75.0,770.0,739.77,188.0,350.85,0.83,145.0,101380.0
1990-05-28 11:30:00+00:00,16.05,70.0,546.0,152.74,418.0,348.95,1.17,170.0,101360.0
1990-05-28 12:30:00+00:00,16.6,65.25,606.0,219.46,419.0,351.05,1.66,191.0,101360.0
1990-05-28 13:30:00+00:00,16.8,60.85,507.0,117.14,410.0,361.7,2.0,195.0,101360.0
1990-05-28 14:30:00+00:00,16.3,62.95,460.0,109.45,376.0,358.2,2.28,206.0,101380.0
1990-05-28 15:30:00+00:00,16.0,67.55,381.0,88.96,321.0,361.3,2.28,222.0,101400.0
1990-05-28 16:30:00+00:00,15.81,67.55,256.0,34.21,237.0,355.7,2.21,237.0,101380.0
1990-05-28 17:30:00+00:00,15.7,69.9,364.0,590.32,117.0,345.05,1.79,250.0,101380.0
1990-05-28 18:30:00+00:00,15.58,69.9,189.0,304.23,106.0,340.8,1.72,249.0,101390.0
1990-05-28 19:30:00+00:00,15.2,75.0,13.0,0.0,13.0,335.2,0.97,188.0,101380.0
1990-05-28 20:30:00+00:00,14.09,77.65,0.0,0.0,0.0,312.75,1.31,178.0,101410.0
1990-05-28 21:30:00+00:00,12.52,86.25,0.0,0.0,0.0,310.4,1.03,174.0,101480.0
1990-05-28 22:30:00+00:00,12.92,80.35,0.0,0.0,0.0,322.05,0.41,165.0,101510.0
1990-05-28 23:30:00+00:00,12.7,83.25,0.0,0.0,0.0,341.75,0.21,124.0,101530.0
1990-05-29 00:30:00+00:00,12.5,83.25,0.0,0.0,0.0,340.6,0.28,121.0,101540.0
1990-05-29 01:30:00+00:00,12.43,83.25,0.0,0.0,0.0,355.8,0.41,120.0,101530.0
1990-05-29 02:30:00+00:00,12.11,86.2,0.0,0.0,0.0,361.1,0.76,113.0,101550.0
1990-05-29 03:30:00+00:00,11.54,92.55,0.0,0.0,0.0,359.2,1.1,101.0,101560.0
1990-05-29 04:30:00+00:00,11.43,92.55,1.0,0.0,1.0,358.0,1.17,102.0,101570.0
1990-05-29 05:30:00+00:00,11.65,92.55,13.0,0.0,13.0,361.7,1.03,103.0,101600.0
1990-05-29 06:30:00+00:00,12.26,89.4,60.0,0.0,60.0,359.75,0.9,107.0,101650.0
1990-05-29 07:30:00+00:00,13.27,83.35,125.0,0.0,125.0,357.25,0.9,106.0,101700.0
1990-05-29 08:30:00+00:00,14.26,80.45,134.0,0.0,134.0,355.3,1.31,108.0,101750.0
1990-05-29 09:30:00+00:00,15.3,72.45,248.0,4.27,245.0,353.95,1.79,107.0,101800.0
1990-05-29 10:30:00+00:00,15.65,69.9,142.0,0.0,142.0,365.4,2.14,111.0,101830.0
1990-05-29 11:30:00+00:00,15.95,65.15,596.0,218.01,413.0,351.05,2.07,119.0,101870.0
1990-05-29 12:30:00+00:00,16.42,60.75,766.0,534.24,310.0,353.0,1.93,126.0,101880.0
1990-05-29 13:30:00+00:00,16.96,56.6,763.0,587.04,276.0,341.95,1.86,127.0,101890.0
1990-05-29 14:30:00+00:00,17.83,51.0,609.0,347.15,342.0,333.45,1.93,120.0,101910.0
1990-05-29 15:30:00+00:00,18.19,51.0,595.0,533.79,234.0,327.65,1.93,106.0,101920.0
1990-05-29 16:30:00+00:00,18.44,49.3,519.0,685.29,137.0,315.85,2.14,93.0,101900.0
1990-05-29 17:30:00+00:00,18.42,49.3,366.0,591.99,117.0,318.35,2.34,83.0,101910.0
1990-05-29 18:30:00+00:00,17.98,54.85,217.0,483.31,84.0,321.05,2.14,76.0,101920.0
1990-05-29 19:30:00+00:00,17.26,63.05,72.0,190.77,47.0,299.55,1.72,79.0,101930.0
1990-05-29 20:30:00+00:00,15.31,67.45,0.0,0.0,0.0,296.5,2.48,87.0,101960.0
1990-05-29 21:30:00+00:00,13.19,74.75,0.0,0.0,0.0,291.05,2.83,97.0,102020.0
1990-05-29 22:30:00+00:00,11.69,83.1,0.0,0.0,0.0,289.5,2.83,100.0,102060.0
1990-05-29 23:30:00+00:00,10.55,89.25,0.0,0.0,0.0,290.1,2.55,96.0,102090.0
1990-05-30 00:30:00+00:00,9.49,92.45,0.0,0.0,0.0,282.35,2.21,83.0,102090.0
1990-05-30 01:30:00+00:00,8.46,92.4,0.0,0.0,0.0,277.8,2.0,65.0,102090.0
1990-05-30 02:30:00+00:00,7.64,95.8,0.0,0.0,0.0,276.15,1.93,49.0,102100.0
1990-05-30 03:30:00+00:00,6.94,95.8,0.0,0.0,0.0,272.1,2.07,45.0,102080.0
1990-05-30 04:30:00+00:00,6.43,95.8,2.0,0.0,2.0,268.8,2.21,53.0,102070.0
1990-05-30 05:30:00+00:00,6.76,95.8,48.0,5.9,47.0,264.35,2.0,60.0,102070.0
1990-05-30 06:30:00+00:00,8.4,92.4,97.0,3.18,96.0,269.0,2.34,68.0,102070.0
1990-05-30 07:30:00+00:00,9.5,89.15,186.0,17.44,178.0,309.65,2.9,65.0,102070.0
1990-05-30 08:30:00+00:00,10.44,83.0,389.0,174.09,286.0,307.3,3.1,66.0,102070.0
1990-05-30 09:30:00+00:00,11.63,80.15,728.0,858.84,123.0,315.05,3.17,72.0,102050.0
1990-05-30 10:30:00+00:00,12.73,77.45,841.0,917.17,117.0,319.7,3.03,78.0,102040.0
1990-05-30 11:30:00+00:00,14.24,74.95,913.0,956.32,109.0,317.0,2.9,82.0,102000.0
1990-05-30 12:30:00+00:00,15.61,69.9,913.0,915.85,130.0,307.1,2.83,84.0,101970.0
1990-05-30 13:30:00+00:00,16.72,65.25,878.0,895.22,134.0,296.85,3.03,83.0,101920.0
1990-05-30 14:30:00+00:00,17.42,60.95,800.0,860.19,137.0,304.2,3.24,80.0,101860.0
1990-05-30 15:30:00+00:00,17.78,58.8,691.0,833.22,126.0,308.85,3.52,79.0,101820.0
1990-05-30 16:30:00+00:00,17.71,58.8,550.0,774.05,117.0,303.45,3.72,79.0,101750.0
1990-05-30 17:30:00+00:00,17.2,60.85,392.0,688.34,101.0,302.5,4.07,80.0,101720.0
1990-05-30 18:30:00+00:00,16.09,67.55,235.0,576.6,75.0,299.0,4.0,82.0,101690.0
1990-05-30 19:30:00+00:00,14.65,72.3,91.0,367.08,42.0,292.6,3.72,79.0,101640.0
1990-05-30 20:30:00+00:00,12.37,74.7,0.0,0.0,0.0,286.8,3.59,82.0,101660.0
1990-05-30 21:30:00+00:00,10.31,83.0,0.0,0.0,0.0,281.2,3.31,81.0,101690.0
1990-05-30 22:30:00+00:00,8.88,85.95,0.0,0.0,0.0,275.95,2.76,78.0,101740.0
1990-05-30 23:30:00+00:00,7.81,92.4,0.0,0.0,0.0,268.4,2.41,72.0,101720.0
1990-05-31 00:30:00+00:00,7.21,92.35,0.0,0.0,0.0,272.3,2.14,66.0,101700.0
1990-05-31 01:30:00+00:00,6.67,95.8,0.0,0.0,0.0,269.7,2.07,64.0,101640.0
1990-05-31 02:30:00+00:00,6.2,95.8,0.0,0.0,0.0,264.35,2.14,62.0,101600.0
1990-05-31 03:30:00+00:00,5.83,95.75,0.0,0.0,0.0,263.0,2.28,63.0,101570.0
1990-05-31 04:30:00+00:00,5.69,95.75,1.0,0.0,1.0,264.55,2.41,64.0,101520.0
1990-05-31 05:30:00+00:00,6.35,95.8,33.0,0.0,33.0,264.55,2.21,67.0,101500.0
1990-05-31 06:30:00+00:00,8.14,95.8,79.0,0.0,79.0,280.4,2.48,75.0,101470.0
1990-05-31 07:30:00+00:00,9.21,95.85,160.0,6.52,157.0,321.85,2.76,90.0,101500.0
1990-05-31 08:30:00+00:00,10.62,89.25,208.0,3.37,206.0,353.0,2.83,94.0,101480.0
1990-05-31 09:30:00+00:00,12.25,83.25,316.0,22.67,300.0,351.05,2.83,98.0,101450.0
1990-05-31 10:30:00+00:00,14.03,80.45,503.0,136.6,395.0,354.15,2.97,98.0,101400.0
1990-05-31 11:30:00+00:00,16.38,70.1,860.0,817.13,172.0,339.85,3.24,106.0,101350.0
1990-05-31 12:30:00+00:00,17.75,72.8,901.0,886.41,142.0,312.75,3.24,104.0,101270.0
1990-05-31 13:30:00+00:00,19.11,68.1,867.0,866.06,146.0,315.25,3.52,107.0,101240.0
1990-05-31 14:30:00+00:00,20.03,63.7,785.0,820.89,151.0,319.5,3.86,112.0,101160.0
1990-05-31 15:30:00+00:00,20.76,57.45,671.0,772.26,146.0,327.05,4.28,129.0,101120.0
1990-05-31 16:30:00+00:00,19.75,62.41,532.0,703.72,137.0,327.19,2.95,134.0,101050.0
1990-05-31 17:30:00+00:00,18.93,64.77,354.0,489.61,146.0,329.04,3.18,120.0,101010.0
1990-05-31 18:30:00+00:00,18.12,67.14,191.0,282.43,112.0,330.9,3.41,104.0,100970.0
1990-05-31 19:30:00+00:00,17.31,69.5,75.0,184.03,50.0,332.75,3.64,98.0,100940.0
1990-05-31 20:30:00+00:00,16.5,71.86,0.0,0.0,0.0,334.6,3.86,96.0,100960.0
1990-05-31 21:30:00+00:00,15.69,74.23,0.0,0.0,0.0,336.46,4.09,104.0,100990.0
1990-05-31 22:30:00+00:00,14.88,76.59,0.0,0.0,0.0,338.31,4.32,110.0,101010.0
1990-05-31 23:30:00+00:00,14.06,78.96,0.0,0.0,0.0,340.17,4.55,111.0,100990.0
1990-06-01 00:30:00+00:00,13.25,81.32,0.0,0.0,0.0,342.02,4.77,6.0,101350.0
1990-06-01 01:30:00+00:00,12.44,83.69,0.0,0.0,0.0,343.88,5.0,5.0,101340.0
1990-06-01 02:30:00+00:00,11.63,86.05,0.0,0.0,0.0,345.73,5.23,4.0,101350.0
1990-06-01 03:30:00+00:00,10.82,88.42,0.0,0.0,0.0,347.58,5.46,3.0,101350.0
1990-06-01 04:30:00+00:00,10.01,90.78,2.0,0.0,2.0,349.44,5.68,3.0,101350.0
1990-06-01 05:30:00+00:00,9.2,93.15,11.0,0.0,11.0,351.29,5.91,3.0,101380.0
1990-06-01 06:30:00+00:00,8.38,95.51,52.0,0.0,52.0,353.15,6.14,4.0,101400.0
1990-06-01 07:30:00+00:00,7.57,97.87,71.0,0.0,71.0,355.0,6.37,8.0,101490.0
1990-06-01 08:30:00+00:00,10.85,86.1,100.0,0.0,100.0,356.65,6.55,10.0,101520.0
1990-06-01 09:30:00+00:00,11.35,83.1,119.0,0.0,119.0,358.6,6.76,10.0,101530.0
1990-06-01 10:30:00+00:00,11.92,83.15,159.0,0.0,159.0,361.5,6.97,10.0,101520.0
1990-06-01 11:30:00+00:00,12.95,77.5,142.0,0.0,142.0,366.15,7.24,12.0,101530.0
1990-06-01 12:30:00+00:00,13.32,74.85,142.0,0.0,142.0,367.5,6.97,12.0,101540.0
1990-06-01 13:30:00+00:00,13.55,74.85,126.0,0.0,126.0,367.9,7.45,12.0,101530.0
1990-06-01 14:30:00+00:00,13.43,74.85,178.0,0.0,178.0,367.3,6.97,12.0,101540.0
1990-06-01 15:30:00+00:00,13.53,74.85,114.0,0.0,114.0,369.65,7.03,13.0,101550.0
1990-06-01 16:30:00+00:00,13.19,77.5,133.0,0.0,133.0,360.75,6.76,14.0,101550.0
1990-06-01 17:30:00+00:00,12.88,77.5,83.0,0.0,83.0,359.55,6.69,14.0,101530.0
1990-06-01 18:30:00+00:00,12.43,80.3,25.0,0.0,25.0,362.1,6.48,14.0,101540.0
1990-06-01 19:30:00+00:00,11.43,83.1,8.0,0.0,8.0,356.3,6.0,15.0,101580.0
1990-06-01 20:30:00+00:00,10.87,83.05,0.0,0.0,0.0,354.55,6.21,16.0,101610.0
1990-06-01 21:30:00+00:00,10.34,83.0,0.0,0.0,0.0,346.6,6.34,18.0,101610.0
1990-06-01 22:30:00+00:00,9.94,82.95,0.0,0.0,0.0,345.85,6.28,18.0,101600.0
1990-06-01 23:30:00+00:00,9.46,85.95,0.0,0.0,0.0,334.2,6.07,17.0,101580.0
1990-06-02 00:30:00+00:00,9.05,85.95,0.0,0.0,0.0,327.65,5.79,16.0,101570.0
1990-06-02 01:30:00+00:00,8.7,85.95,0.0,0.0,0.0,327.95,5.79,17.0,101530.0
1990-06-02 02:30:00+00:00,8.36,85.9,0.0,0.0,0.0,325.7,5.72,18.0,101510.0
1990-06-02 03:30:00+00:00,8.16,89.05,0.0,0.0,0.0,334.0,5.79,20.0,101480.0
1990-06-02 04:30:00+00:00,7.97,89.05,3.0,0.0,3.0,334.0,5.59,19.0,101470.0
1990-06-02 05:30:00+00:00,7.99,85.85,40.0,0.0,40.0,333.45,6.0,20.0,101430.0
1990-06-02 06:30:00+00:00,8.26,82.75,83.0,0.0,83.0,329.4,6.48,21.0,101430.0
1990-06-02 07:30:00+00:00,8.5,82.75,132.0,0.0,132.0,337.3,6.62,21.0,101490.0
1990-06-02 08:30:00+00:00,9.13,79.85,185.0,0.0,185.0,340.4,6.28,22.0,101490.0
1990-06-02 09:30:00+00:00,10.27,74.4,312.0,19.75,298.0,334.0,6.07,23.0,101450.0
1990-06-02 10:30:00+00:00,11.31,71.85,410.0,49.13,371.0,334.6,6.0,24.0,101400.0
1990-06-02 11:30:00+00:00,12.09,71.95,587.0,191.64,425.0,332.5,5.93,24.0,101370.0
1990-06-02 12:30:00+00:00,12.6,72.05,413.0,30.24,387.0,337.5,5.86,24.0,101370.0
1990-06-02 13:30:00+00:00,13.15,69.55,280.0,1.2,279.0,337.7,5.72,25.0,101330.0
1990-06-02 14:30:00+00:00,13.21,69.55,196.0,0.0,196.0,337.5,5.52,27.0,101310.0
1990-06-02 15:30:00+00:00,13.35,67.15,173.0,0.0,173.0,326.5,5.45,26.0,101290.0
1990-06-02 16:30:00+00:00,13.03,69.55,141.0,0.0,141.0,339.85,5.45,23.0,101250.0
1990-06-02 17:30:00+00:00,12.38,69.45,107.0,0.0,107.0,340.8,5.31,22.0,101220.0
1990-06-02 18:30:00+00:00,11.73,71.95,133.0,55.95,117.0,344.5,4.83,23.0,101220.0
1990-06-02 19:30:00+00:00,10.46,74.4,71.0,119.31,54.0,342.55,4.55,26.0,101240.0
1990-06-02 20:30:00+00:00,10.0,74.3,0.0,0.0,0.0,348.55,4.0,23.0,101250.0
1990-06-02 21:30:00+00:00,9.55,77.0,0.0,0.0,0.0,336.35,3.59,21.0,101250.0
1990-06-02 22:30:00+00:00,9.08,79.85,0.0,0.0,0.0,321.85,3.03,17.0,101220.0
1990-06-02 23:30:00+00:00,8.66,82.75,0.0,0.0,0.0,315.65,2.69,15.0,101180.0
1990-06-03 00:30:00+00:00,8.38,82.75,0.0,0.0,0.0,316.2,2.55,8.0,101140.0
1990-06-03 01:30:00+00:00,8.1,85.85,0.0,0.0,0.0,315.35,2.48,360.0,101100.0
1990-06-03 02:30:00+00:00,7.89,85.85,0.0,0.0,0.0,315.25,2.69,356.0,101070.0
1990-06-03 03:30:00+00:00,7.94,85.85,0.0,0.0,0.0,327.85,2.9,358.0,101050.0
1990-06-03 04:30:00+00:00,7.53,89.0,2.0,0.0,2.0,310.6,2.83,359.0,100980.0
1990-06-03 05:30:00+00:00,7.77,85.85,59.0,16.96,56.0,315.45,2.55,4.0,100980.0
1990-06-03 06:30:00+00:00,8.43,82.75,132.0,28.0,123.0,315.25,4.0,15.0,100970.0
1990-06-03 07:30:00+00:00,8.75,82.85,168.0,8.61,164.0,315.05,3.72,23.0,101000.0
1990-06-03 08:30:00+00:00,9.81,79.95,278.0,33.49,258.0,319.3,4.07,28.0,101020.0
1990-06-03 09:30:00+00:00,10.84,77.2,425.0,111.3,346.0,327.45,3.93,13.0,100950.0
1990-06-03 10:30:00+00:00,11.89,74.6,235.0,0.0,235.0,333.85,3.86,14.0,100950.0
1990-06-03 11:30:00+00:00,12.68,74.7,262.0,0.0,262.0,340.8,3.59,21.0,100930.0
1990-06-03 12:30:00+00:00,13.58,72.2,339.0,8.13,332.0,335.55,3.31,20.0,100910.0
1990-06-03 13:30:00+00:00,14.19,74.85,310.0,4.78,306.0,352.8,3.03,16.0,100870.0
1990-06-03 14:30:00+00:00,15.36,67.45,408.0,56.55,364.0,341.95,3.24,15.0,100830.0
1990-06-03 15:30:00+00:00,16.02,65.15,182.0,0.0,182.0,353.55,3.31,17.0,100800.0
1990-06-03 16:30:00+00:00,16.29,62.95,204.0,5.28,201.0,353.4,3.24,20.0,100760.0
1990-06-03 17:30:00+00:00,16.13,67.55,170.0,16.19,163.0,351.65,3.03,26.0,100760.0
1990-06-03 18:30:00+00:00,15.8,67.55,78.0,0.0,78.0,357.85,2.9,33.0,100760.0
1990-06-03 19:30:00+00:00,13.94,77.6,20.0,0.0,20.0,371.0,2.83,45.0,100800.0
1990-06-03 20:30:00+00:00,13.21,80.35,0.0,0.0,0.0,361.1,2.55,40.0,100820.0
1990-06-03 21:30:00+00:00,12.82,80.35,0.0,0.0,0.0,368.3,2.07,30.0,100850.0
1990-06-03 22:30:00+00:00,12.42,83.25,0.0,0.0,0.0,360.95,1.86,13.0,100860.0
1990-06-03 23:30:00+00:00,12.19,86.2,0.0,0.0,0.0,362.5,1.93,4.0,100820.0
1990-06-04 00:30:00+00:00,12.09,86.2,0.0,0.0,0.0,364.8,2.0,8.0,100840.0
1990-06-04 01:30:00+00:00,12.06,89.35,0.0,0.0,0.0,366.85,1.93,8.0,100830.0
1990-06-04 02:30:00+00:00,12.01,89.35,0.0,0.0,0.0,368.5,2.0,9.0,100830.0
1990-06-04 03:30:00+00:00,11.82,89.35,0.0,0.0,0.0,362.3,2.0,12.0,100800.0
1990-06-04 04:30:00+00:00,11.77,89.35,3.0,0.0,3.0,366.35,2.0,11.0,100780.0
1990-06-04 05:30:00+00:00,11.97,92.6,39.0,0.0,39.0,368.1,2.83,14.0,100800.0
1990-06-04 06:30:00+00:00,12.25,89.4,81.0,0.0,81.0,369.45,2.9,17.0,100820.0
1990-06-04 07:30:00+00:00,13.04,89.4,108.0,0.0,108.0,368.1,3.1,25.0,100890.0
1990-06-04 08:30:00+00:00,13.55,86.35,131.0,0.0,131.0,375.05,3.17,23.0,100910.0
1990-06-04 09:30:00+00:00,14.22,89.45,209.0,0.0,209.0,378.75,3.31,23.0,100910.0
1990-06-04 10:30:00+00:00,15.03,86.45,287.0,3.77,284.0,376.8,3.52,23.0,100930.0
1990-06-04 11:30:00+00:00,15.74,86.5,464.0,72.0,403.0,382.8,3.52,25.0,100950.0
1990-06-04 12:30:00+00:00,16.87,80.8,527.0,120.66,423.0,387.85,3.59,28.0,100960.0
1990-06-04 13:30:00+00:00,18.06,78.15,493.0,101.34,408.0,389.0,3.66,33.0,100940.0
1990-06-04 14:30:00+00:00,18.81,75.65,428.0,75.71,369.0,389.75,3.72,36.0,100920.0
1990-06-04 15:30:00+00:00,19.84,73.2,366.0,69.81,318.0,397.5,3.66,44.0,100900.0
1990-06-04 16:30:00+00:00,20.17,75.75,245.0,24.57,231.0,400.6,3.31,48.0,100870.0
1990-06-04 17:30:00+00:00,20.12,75.75,130.0,2.3,129.0,403.9,3.38,48.0,100870.0
1990-06-04 18:30:00+00:00,19.81,78.45,100.0,13.8,96.0,385.1,3.66,46.0,100890.0
1990-06-04 19:30:00+00:00,18.32,83.8,58.0,47.78,51.0,374.5,3.79,45.0,100970.0
1990-06-04 20:30:00+00:00,16.75,89.65,0.0,0.0,0.0,357.45,3.79,42.0,101040.0
1990-06-04 21:30:00+00:00,14.82,92.7,0.0,0.0,0.0,327.45,3.86,41.0,101120.0
1990-06-04 22:30:00+00:00,13.42,89.45,0.0,0.0,0.0,325.3,3.86,38.0,101140.0
1990-06-04 23:30:00+00:00,12.12,92.6,0.0,0.0,0.0,312.15,3.72,37.0,101140.0
1990-06-05 00:30:00+00:00,11.07,92.55,0.0,0.0,0.0,304.6,3.59,36.0,101180.0
1990-06-05 01:30:00+00:00,10.38,92.5,0.0,0.0,0.0,307.05,3.52,35.0,101150.0
1990-06-05 02:30:00+00:00,9.73,92.5,0.0,0.0,0.0,298.6,3.59,36.0,101190.0
1990-06-05 03:30:00+00:00,9.29,92.45,0.0,0.0,0.0,300.75,3.59,36.0,101180.0
1990-06-05 04:30:00+00:00,8.87,95.85,2.0,0.0,2.0,294.35,3.52,35.0,101170.0
1990-06-05 05:30:00+00:00,9.15,95.85,39.0,0.0,39.0,292.05,3.31,35.0,101190.0
1990-06-05 06:30:00+00:00,10.27,89.25,86.0,0.0,86.0,297.65,3.59,36.0,101200.0
1990-06-05 07:30:00+00:00,10.46,89.25,144.0,2.14,143.0,331.3,3.79,43.0,101310.0
1990-06-05 08:30:00+00:00,11.43,86.15,195.0,1.67,194.0,343.1,3.59,49.0,101320.0
1990-06-05 09:30:00+00:00,12.86,77.5,548.0,320.48,320.0,336.95,3.31,53.0,101340.0
1990-06-05 10:30:00+00:00,14.64,77.65,784.0,754.63,183.0,326.5,3.03,55.0,101340.0
1990-06-05 11:30:00+00:00,16.37,72.65,862.0,831.3,157.0,320.3,2.76,57.0,101330.0
1990-06-05 12:30:00+00:00,17.81,70.35,880.0,835.56,159.0,321.85,2.62,58.0,101310.0
1990-06-05 13:30:00+00:00,18.97,68.1,852.0,827.52,157.0,325.5,2.69,59.0,101280.0
1990-06-05 14:30:00+00:00,19.81,65.95,782.0,807.12,152.0,329.0,2.9,60.0,101250.0
1990-06-05 15:30:00+00:00,20.26,68.3,693.0,824.38,125.0,333.25,3.1,62.0,101230.0
1990-06-05 16:30:00+00:00,20.31,66.05,536.0,703.47,134.0,335.4,3.24,67.0,101220.0
1990-06-05 17:30:00+00:00,19.95,65.95,391.0,644.63,110.0,335.0,3.45,70.0,101200.0
1990-06-05 18:30:00+00:00,19.13,70.55,237.0,524.65,84.0,331.9,3.38,73.0,101230.0
1990-06-05 19:30:00+00:00,17.64,75.4,84.0,195.4,55.0,323.4,2.83,80.0,101270.0
1990-06-05 20:30:00+00:00,15.76,77.85,0.0,0.0,0.0,317.2,2.76,84.0,101310.0
1990-06-05 21:30:00+00:00,13.82,83.35,0.0,0.0,0.0,313.3,2.76,88.0,101370.0
1990-06-05 22:30:00+00:00,12.23,83.25,0.0,0.0,0.0,302.85,2.55,86.0,101410.0
1990-06-05 23:30:00+00:00,11.0,89.3,0.0,0.0,0.0,299.4,2.21,81.0,101410.0
1990-06-06 00:30:00+00:00,10.07,95.9,0.0,0.0,0.0,297.25,2.07,70.0,101420.0
1990-06-06 01:30:00+00:00,9.41,95.85,0.0,0.0,0.0,297.35,1.86,59.0,101400.0
1990-06-06 02:30:00+00:00,8.77,95.85,0.0,0.0,0.0,291.65,1.79,56.0,101360.0
1990-06-06 03:30:00+00:00,8.36,95.85,0.0,0.0,0.0,291.85,1.72,58.0,101360.0
1990-06-06 04:30:00+00:00,8.09,99.4,9.0,0.0,9.0,293.4,1.79,58.0,101350.0
1990-06-06 05:30:00+00:00,8.59,99.4,122.0,322.2,64.0,289.5,1.72,55.0,101350.0
1990-06-06 06:30:00+00:00,10.11,92.5,261.0,481.2,105.0,288.35,2.14,57.0,101350.0
1990-06-06 07:30:00+00:00,12.06,83.15,414.0,603.45,132.0,303.05,2.34,71.0,101390.0
1990-06-06 08:30:00+00:00,13.79,74.85,565.0,695.43,148.0,300.15,2.48,73.0,101400.0
1990-06-06 09:30:00+00:00,15.66,67.45,704.0,784.97,145.0,306.95,2.55,73.0,101410.0
1990-06-06 10:30:00+00:00,17.28,58.8,813.0,839.26,144.0,312.55,2.62,77.0,101390.0
1990-06-06 11:30:00+00:00,18.85,55.05,865.0,834.06,157.0,327.25,2.69,82.0,101390.0
1990-06-06 12:30:00+00:00,20.01,57.3,883.0,838.17,159.0,330.75,2.76,87.0,101360.0
1990-06-06 13:30:00+00:00,20.96,57.55,855.0,830.08,157.0,330.15,2.83,91.0,101330.0
1990-06-06 14:30:00+00:00,21.54,57.65,785.0,809.76,152.0,334.4,2.97,95.0,101280.0
1990-06-06 15:30:00+00:00,21.83,57.75,692.0,817.01,128.0,335.55,3.03,99.0,101290.0
1990-06-06 16:30:00+00:00,21.77,61.85,533.0,680.72,143.0,336.75,3.03,101.0,101250.0
1990-06-06 17:30:00+00:00,21.54,61.85,369.0,521.12,141.0,336.35,3.1,100.0,101240.0
1990-06-06 18:30:00+00:00,20.89,63.9,235.0,494.29,90.0,334.2,2.97,95.0,101240.0
1990-06-06 19:30:00+00:00,19.71,70.65,52.0,26.63,48.0,328.4,2.55,93.0,101220.0
1990-06-06 20:30:00+00:00,17.74,78.1,0.0,0.0,0.0,322.4,2.69,89.0,101270.0
1990-06-06 21:30:00+00:00,15.64,83.5,0.0,0.0,0.0,315.65,2.76,90.0,101340.0
1990-06-06 22:30:00+00:00,14.11,89.45,0.0,0.0,0.0,310.8,2.55,90.0,101380.0
1990-06-06 23:30:00+00:00,12.93,86.3,0.0,0.0,0.0,305.55,2.28,90.0,101370.0
1990-06-07 00:30:00+00:00,12.07,89.35,0.0,0.0,0.0,301.5,2.0,98.0,101390.0
1990-06-07 01:30:00+00:00,11.21,92.55,0.0,0.0,0.0,299.1,1.52,98.0,101380.0
1990-06-07 02:30:00+00:00,10.51,92.5,0.0,0.0,0.0,297.65,1.31,79.0,101350.0
1990-06-07 03:30:00+00:00,9.56,99.4,0.0,0.0,0.0,293.95,1.59,72.0,101350.0
1990-06-07 04:30:00+00:00,9.04,99.4,8.0,0.0,8.0,295.7,1.52,71.0,101350.0
1990-06-07 05:30:00+00:00,9.73,95.9,116.0,270.92,67.0,294.35,1.1,78.0,101360.0
1990-06-07 06:30:00+00:00,12.54,89.4,155.0,61.55,135.0,298.6,1.24,97.0,101400.0
1990-06-07 07:30:00+00:00,14.63,80.45,373.0,418.83,177.0,300.75,1.31,96.0,101410.0
1990-06-07 08:30:00+00:00,16.45,67.65,408.0,209.91,282.0,309.45,1.24,98.0,101420.0
1990-06-07 09:30:00+00:00,18.22,58.9,529.0,280.61,329.0,315.05,1.31,104.0,101450.0
1990-06-07 10:30:00+00:00,19.56,51.4,591.0,269.5,376.0,330.35,1.45,109.0,101450.0
1990-06-07 11:30:00+00:00,20.68,48.05,655.0,306.03,395.0,335.4,1.24,108.0,101420.0
1990-06-07 12:30:00+00:00,21.7,46.6,663.0,299.56,404.0,341.55,1.59,118.0,101430.0
1990-06-07 13:30:00+00:00,22.19,46.75,501.0,103.34,414.0,346.8,2.41,145.0,101440.0
1990-06-07 14:30:00+00:00,21.68,51.9,529.0,186.5,383.0,359.95,2.34,174.0,101410.0
1990-06-07 15:30:00+00:00,21.61,53.75,439.0,150.38,335.0,361.1,1.17,192.0,101360.0
1990-06-07 16:30:00+00:00,21.62,53.75,315.0,85.32,266.0,362.3,0.83,240.0,101350.0
1990-06-07 17:30:00+00:00,21.52,53.75,246.0,109.32,198.0,358.6,0.48,259.0,101300.0
1990-06-07 18:30:00+00:00,21.34,55.65,145.0,74.58,123.0,363.25,0.48,258.0,101340.0
1990-06-07 19:30:00+00:00,21.43,66.25,14.0,0.0,14.0,364.8,0.69,268.0,101380.0
1990-06-07 20:30:00+00:00,20.8,61.6,0.0,0.0,0.0,365.95,0.41,253.0,101390.0
1990-06-07 21:30:00+00:00,19.31,65.85,0.0,0.0,0.0,355.5,0.62,298.0,101400.0
1990-06-07 22:30:00+00:00,16.84,80.8,0.0,0.0,0.0,348.55,1.59,313.0,101420.0
1990-06-07 23:30:00+00:00,15.5,86.5,0.0,0.0,0.0,334.2,1.66,314.0,101430.0
1990-06-08 00:30:00+00:00,15.51,86.5,0.0,0.0,0.0,329.4,1.17,306.0,101470.0
1990-06-08 01:30:00+00:00,14.07,95.95,0.0,0.0,0.0,346.7,2.0,288.0,101470.0
1990-06-08 02:30:00+00:00,14.09,95.95,0.0,0.0,0.0,340.8,2.62,311.0,101440.0
1990-06-08 03:30:00+00:00,14.1,95.95,0.0,0.0,0.0,331.3,2.76,328.0,101430.0
1990-06-08 04:30:00+00:00,14.21,99.4,13.0,21.51,12.0,342.75,2.69,340.0,101420.0
1990-06-08 05:30:00+00:00,14.63,96.0,133.0,418.45,57.0,342.15,2.55,353.0,101430.0
1990-06-08 06:30:00+00:00,15.68,92.75,270.0,549.79,91.0,348.55,3.03,10.0,101470.0
1990-06-08 07:30:00+00:00,17.06,83.65,401.0,554.9,141.0,349.5,3.59,25.0,101540.0
1990-06-08 08:30:00+00:00,18.54,78.25,486.0,419.45,234.0,348.15,3.59,36.0,101550.0
1990-06-08 09:30:00+00:00,19.6,73.15,596.0,448.63,276.0,352.4,3.38,46.0,101560.0
1990-06-08 10:30:00+00:00,20.36,70.8,647.0,389.54,336.0,361.1,2.97,52.0,101580.0
1990-06-08 11:30:00+00:00,20.77,70.8,639.0,285.8,396.0,365.0,2.76,56.0,101570.0
1990-06-08 12:30:00+00:00,21.3,70.9,784.0,570.85,290.0,379.9,2.69,60.0,101570.0
1990-06-08 13:30:00+00:00,21.27,70.9,768.0,588.56,272.0,401.4,2.69,61.0,101540.0
1990-06-08 14:30:00+00:00,21.38,66.25,0.0,0.0,0.0,404.65,2.62,58.0,101510.0
1990-06-08 15:30:00+00:00,21.28,68.5,650.0,687.09,174.0,403.1,2.62,57.0,101520.0
1990-06-08 16:30:00+00:00,21.15,66.15,351.0,142.44,269.0,386.3,2.97,56.0,101490.0
1990-06-08 17:30:00+00:00,20.62,68.4,136.0,2.27,135.0,368.1,3.31,60.0,101480.0
1990-06-08 18:30:00+00:00,19.75,70.65,117.0,26.97,109.0,357.65,3.52,64.0,101470.0
1990-06-08 19:30:00+00:00,18.47,75.55,61.0,45.57,54.0,352.4,3.31,70.0,101510.0
1990-06-08 20:30:00+00:00,16.86,78.0,0.0,0.0,0.0,353.75,3.38,75.0,101530.0
1990-06-08 21:30:00+00:00,15.04,80.55,0.0,0.0,0.0,341.95,3.1,78.0,101580.0
1990-06-08 22:30:00+00:00,13.48,80.4,0.0,0.0,0.0,331.5,2.76,79.0,101600.0
1990-06-08 23:30:00+00:00,12.28,83.25,0.0,0.0,0.0,323.95,2.55,75.0,101600.0
1990-06-09 00:30:00+00:00,11.52,86.15,0.0,0.0,0.0,327.65,2.55,73.0,101580.0
1990-06-09 01:30:00+00:00,10.83,89.3,0.0,0.0,0.0,319.6,2.34,71.0,101580.0
1990-06-09 02:30:00+00:00,10.31,89.25,0.0,0.0,0.0,317.4,2.21,69.0,101560.0
1990-06-09 03:30:00+00:00,10.1,92.5,0.0,0.0,0.0,327.65,2.41,67.0,101560.0
1990-06-09 04:30:00+00:00,9.84,89.2,7.0,0.0,7.0,323.4,2.41,64.0,101520.0
1990-06-09 05:30:00+00:00,10.11,89.2,57.0,10.97,55.0,340.2,2.55,66.0,101490.0
1990-06-09 06:30:00+00:00,10.59,86.05,91.0,0.0,91.0,346.6,2.28,69.0,101470.0
1990-06-09 07:30:00+00:00,11.28,83.1,295.0,170.56,215.0,352.6,2.07,75.0,101480.0
1990-06-09 08:30:00+00:00,12.25,80.3,510.0,492.31,214.0,346.4,1.93,82.0,101450.0
1990-06-09 09:30:00+00:00,13.4,74.85,698.0,771.97,147.0,333.05,1.93,91.0,101420.0
1990-06-09 10:30:00+00:00,14.99,75.0,801.0,816.13,149.0,335.4,2.0,94.0,101360.0
1990-06-09 11:30:00+00:00,16.85,67.75,858.0,822.71,158.0,332.3,2.07,96.0,101310.0
1990-06-09 12:30:00+00:00,18.22,67.95,866.0,797.84,175.0,337.7,1.86,104.0,101270.0
1990-06-09 13:30:00+00:00,19.15,65.75,765.0,570.19,284.0,330.75,1.66,116.0,101230.0
1990-06-09 14:30:00+00:00,20.18,63.7,694.0,532.58,276.0,339.65,1.52,131.0,101140.0
1990-06-09 15:30:00+00:00,20.68,61.6,659.0,707.59,168.0,353.0,1.52,133.0,101070.0
1990-06-09 16:30:00+00:00,20.99,59.6,458.0,396.92,229.0,367.7,1.38,138.0,101010.0
1990-06-09 17:30:00+00:00,20.7,61.6,297.0,233.07,194.0,382.4,1.72,126.0,100960.0
1990-06-09 18:30:00+00:00,20.34,61.6,207.0,308.65,115.0,384.15,2.62,118.0,100920.0
1990-06-09 19:30:00+00:00,20.09,68.3,63.0,51.56,55.0,371.55,2.07,136.0,100890.0
1990-06-09 20:30:00+00:00,18.98,73.05,0.0,0.0,0.0,373.7,2.28,127.0,100890.0
1990-06-09 21:30:00+00:00,17.77,78.15,0.0,0.0,0.0,364.8,2.48,124.0,100880.0
1990-06-09 22:30:00+00:00,16.75,83.6,0.0,0.0,0.0,357.45,2.41,131.0,100870.0
1990-06-09 23:30:00+00:00,16.14,86.5,0.0,0.0,0.0,363.65,2.21,144.0,100820.0
1990-06-10 00:30:00+00:00,16.0,86.5,0.0,0.0,0.0,374.85,1.93,159.0,100780.0
1990-06-10 01:30:00+00:00,15.69,89.55,0.0,0.0,0.0,366.25,1.79,174.0,100730.0
1990-06-10 02:30:00+00:00,15.29,89.55,0.0,0.0,0.0,359.2,1.66,188.0,100670.0
1990-06-10 03:30:00+00:00,15.14,92.7,0.0,0.0,0.0,368.85,1.38,192.0,100570.0
1990-06-10 04:30:00+00:00,14.95,92.7,2.0,0.0,2.0,368.85,1.31,192.0,100540.0
1990-06-10 05:30:00+00:00,15.07,96.0,40.0,0.0,40.0,365.55,1.24,204.0,100530.0
1990-06-10 06:30:00+00:00,15.7,92.75,49.0,0.0,49.0,367.7,1.31,209.0,100500.0
1990-06-10 07:30:00+00:00,16.54,92.8,163.0,6.39,160.0,369.45,1.03,237.0,100500.0
1990-06-10 08:30:00+00:00,17.38,86.65,258.0,23.27,244.0,370.0,1.24,242.0,100520.0
1990-06-10 09:30:00+00:00,18.22,83.75,0.0,0.0,0.0,368.3,1.38,240.0,100490.0
1990-06-10 10:30:00+00:00,19.16,81.05,391.0,41.28,358.0,373.3,1.52,235.0,100460.0
1990-06-10 11:30:00+00:00,20.3,70.8,318.0,5.87,313.0,370.0,1.72,224.0,100410.0
1990-06-10 12:30:00+00:00,20.81,68.5,98.0,0.0,98.0,381.05,1.86,236.0,100390.0
1990-06-10 13:30:00+00:00,20.73,70.8,109.0,0.0,109.0,382.6,1.66,231.0,100330.0
1990-06-10 14:30:00+00:00,20.87,68.5,98.0,0.0,98.0,382.2,1.17,230.0,100290.0
1990-06-10 15:30:00+00:00,20.34,73.3,133.0,0.0,133.0,382.2,0.9,188.0,100250.0
1990-06-10 16:30:00+00:00,19.64,75.7,87.0,0.0,87.0,382.0,1.52,217.0,100200.0
1990-06-10 17:30:00+00:00,18.04,83.75,80.0,0.0,80.0,380.3,1.17,254.0,100240.0
1990-06-10 18:30:00+00:00,17.55,89.7,41.0,0.0,41.0,375.85,1.31,14.0,100250.0
1990-06-10 19:30:00+00:00,17.0,92.8,45.0,6.38,44.0,375.45,1.45,58.0,100190.0
1990-06-10 20:30:00+00:00,16.58,92.8,0.0,0.0,0.0,377.4,1.52,83.0,100240.0
1990-06-10 21:30:00+00:00,16.22,96.0,0.0,0.0,0.0,386.3,1.03,88.0,100220.0
1990-06-10 22:30:00+00:00,15.85,96.0,0.0,0.0,0.0,386.1,0.97,76.0,100220.0
1990-06-10 23:30:00+00:00,15.43,99.4,0.0,0.0,0.0,370.0,1.24,73.0,100170.0
1990-06-11 00:30:00+00:00,15.13,99.4,0.0,0.0,0.0,365.55,1.17,82.0,100150.0
1990-06-11 01:30:00+00:00,14.81,99.4,0.0,0.0,0.0,360.65,1.1,90.0,100130.0
1990-06-11 02:30:00+00:00,14.6,100.0,0.0,0.0,0.0,368.1,0.62,86.0,100110.0
1990-06-11 03:30:00+00:00,14.66,100.0,0.0,0.0,0.0,379.9,0.28,70.0,100090.0
1990-06-11 04:30:00+00:00,14.67,100.0,2.0,0.0,2.0,384.75,0.21,40.0,100080.0
1990-06-11 05:30:00+00:00,14.67,100.0,34.0,0.0,34.0,385.1,0.41,340.0,100090.0
1990-06-11 06:30:00+00:00,14.6,99.35,35.0,0.0,35.0,382.6,0.69,353.0,100110.0
1990-06-11 07:30:00+00:00,14.6,99.35,86.0,0.0,86.0,382.8,0.55,28.0,100170.0
1990-06-11 08:30:00+00:00,15.26,96.0,265.0,26.58,249.0,383.4,0.69,20.0,100170.0
1990-06-11 09:30:00+00:00,16.02,96.0,336.0,34.99,311.0,385.9,0.48,26.0,100160.0
1990-06-11 10:30:00+00:00,17.41,89.7,314.0,10.0,306.0,371.55,0.28,131.0,100140.0
1990-06-11 11:30:00+00:00,18.6,86.75,277.0,1.17,276.0,378.35,0.62,178.0,100140.0
1990-06-11 12:30:00+00:00,19.72,68.2,418.0,35.74,387.0,379.1,1.72,202.0,100120.0
1990-06-11 13:30:00+00:00,18.61,72.95,247.0,0.0,247.0,386.45,2.0,210.0,100100.0
1990-06-11 14:30:00+00:00,19.08,73.05,239.0,0.0,239.0,364.4,2.55,209.0,100080.0
1990-06-11 15:30:00+00:00,18.68,72.95,211.0,0.0,211.0,374.3,3.1,210.0,100040.0
1990-06-11 16:30:00+00:00,18.88,70.55,236.0,17.26,226.0,372.55,3.24,217.0,100030.0
1990-06-11 17:30:00+00:00,19.16,70.55,95.0,0.0,95.0,365.0,3.45,217.0,99980.0
1990-06-11 18:30:00+00:00,18.08,72.9,58.0,0.0,58.0,358.0,3.52,221.0,100000.0
1990-06-11 19:30:00+00:00,16.96,78.0,24.0,0.0,24.0,368.65,2.34,224.0,100030.0
1990-06-11 20:30:00+00:00,16.38,80.75,0.0,0.0,0.0,370.0,1.72,220.0,100030.0
1990-06-11 21:30:00+00:00,15.76,86.5,0.0,0.0,0.0,366.95,1.93,204.0,100030.0
1990-06-11 22:30:00+00:00,15.23,92.7,0.0,0.0,0.0,362.5,2.28,207.0,100040.0
1990-06-11 23:30:00+00:00,14.97,92.7,0.0,0.0,0.0,362.85,2.41,211.0,99990.0
1990-06-12 00:30:00+00:00,14.69,96.0,0.0,0.0,0.0,355.9,2.55,218.0,100000.0
1990-06-12 01:30:00+00:00,14.23,95.95,0.0,0.0,0.0,344.6,2.41,223.0,99950.0
1990-06-12 02:30:00+00:00,13.75,95.95,0.0,0.0,0.0,337.7,2.28,227.0,99920.0
1990-06-12 03:30:00+00:00,13.31,92.65,0.0,0.0,0.0,334.4,2.14,237.0,99880.0
1990-06-12 04:30:00+00:00,13.08,95.95,2.0,0.0,2.0,338.5,1.86,242.0,99850.0
1990-06-12 05:30:00+00:00,13.26,92.65,99.0,141.59,73.0,332.65,1.59,237.0,99830.0
1990-06-12 06:30:00+00:00,13.9,92.65,95.0,3.06,94.0,332.3,1.93,230.0,99790.0
1990-06-12 07:30:00+00:00,14.85,92.7,196.0,23.41,185.0,354.15,1.45,217.0,99810.0
1990-06-12 08:30:00+00:00,15.38,89.55,194.0,1.66,193.0,356.65,1.24,181.0,99770.0
1990-06-12 09:30:00+00:00,15.5,92.75,363.0,53.17,325.0,365.55,1.66,178.0,99750.0
1990-06-12 10:30:00+00:00,15.5,92.75,161.0,0.0,161.0,364.6,1.93,192.0,99750.0
1990-06-12 11:30:00+00:00,15.75,92.75,151.0,0.0,151.0,368.85,2.07,197.0,99720.0
1990-06-12 12:30:00+00:00,15.77,89.6,155.0,0.0,155.0,369.25,2.07,188.0,99670.0
1990-06-12 13:30:00+00:00,16.02,86.5,175.0,0.0,175.0,372.95,2.07,193.0,99640.0
1990-06-12 14:30:00+00:00,16.25,83.55,194.0,0.0,194.0,373.9,1.93,192.0,99600.0
1990-06-12 15:30:00+00:00,16.42,77.95,201.0,0.0,201.0,368.85,1.45,201.0,99530.0
1990-06-12 16:30:00+00:00,17.04,75.3,158.0,0.0,158.0,366.95,1.31,229.0,99490.0
1990-06-12 17:30:00+00:00,17.03,75.3,68.0,0.0,68.0,363.05,1.31,281.0,99460.0
1990-06-12 18:30:00+00:00,17.17,75.3,22.0,0.0,22.0,350.3,1.52,324.0,99450.0
1990-06-12 19:30:00+00:00,16.16,83.55,41.0,6.28,40.0,368.1,0.41,24.0,99470.0
1990-06-12 20:30:00+00:00,15.78,86.5,4.0,0.0,4.0,373.1,0.97,335.0,99490.0
1990-06-12 21:30:00+00:00,14.97,89.5,0.0,0.0,0.0,357.65,1.86,324.0,99510.0
1990-06-12 22:30:00+00:00,14.29,92.7,0.0,0.0,0.0,351.45,1.79,318.0,99540.0
1990-06-12 23:30:00+00:00,13.58,92.65,0.0,0.0,0.0,338.1,2.0,296.0,99500.0
1990-06-13 00:30:00+00:00,12.75,92.65,0.0,0.0,0.0,320.65,2.34,287.0,99510.0
1990-06-13 01:30:00+00:00,12.57,92.6,0.0,0.0,0.0,326.6,2.48,287.0,99500.0
1990-06-13 02:30:00+00:00,12.14,95.95,0.0,0.0,0.0,324.15,2.48,288.0,99500.0
1990-06-13 03:30:00+00:00,12.13,95.95,0.0,0.0,0.0,342.35,2.21,293.0,99450.0
1990-06-13 04:30:00+00:00,11.77,92.6,16.0,40.57,14.0,326.1,1.79,307.0,99410.0
1990-06-13 05:30:00+00:00,11.96,95.95,16.0,0.0,16.0,334.2,1.45,315.0,99390.0
1990-06-13 06:30:00+00:00,12.76,89.4,123.0,18.33,117.0,338.65,1.38,316.0,99370.0
1990-06-13 07:30:00+00:00,13.91,89.45,170.0,8.51,166.0,369.45,1.66,306.0,99290.0
1990-06-13 08:30:00+00:00,14.74,86.4,188.0,1.66,187.0,371.2,1.86,302.0,99260.0
1990-06-13 09:30:00+00:00,15.59,80.6,212.0,0.0,212.0,376.2,1.72,303.0,99260.0
1990-06-13 10:30:00+00:00,16.19,75.15,159.0,0.0,159.0,357.65,1.72,308.0,99220.0
1990-06-13 11:30:00+00:00,16.59,75.25,177.0,0.0,177.0,357.05,1.66,308.0,99220.0
1990-06-13 12:30:00+00:00,17.01,78.0,218.0,0.0,218.0,364.4,1.24,299.0,99180.0
1990-06-13 13:30:00+00:00,17.7,70.3,244.0,0.0,244.0,367.9,1.17,264.0,99150.0
1990-06-13 14:30:00+00:00,16.37,75.25,161.0,0.0,161.0,367.5,2.76,263.0,99120.0
1990-06-13 15:30:00+00:00,15.83,83.55,350.0,50.16,315.0,356.1,3.79,285.0,99140.0
1990-06-13 16:30:00+00:00,15.57,86.5,195.0,3.44,193.0,370.4,3.17,285.0,99120.0
1990-06-13 17:30:00+00:00,15.46,86.5,190.0,26.86,178.0,359.2,2.83,274.0,99100.0
1990-06-13 18:30:00+00:00,15.51,83.5,49.0,0.0,49.0,362.1,3.38,282.0,99110.0
1990-06-13 19:30:00+00:00,15.45,83.5,33.0,0.0,33.0,342.35,1.86,293.0,99110.0
1990-06-13 20:30:00+00:00,14.75,83.45,3.0,0.0,3.0,344.1,1.59,306.0,99120.0
1990-06-13 21:30:00+00:00,13.57,89.45,0.0,0.0,0.0,340.4,1.31,311.0,99110.0
1990-06-13 22:30:00+00:00,13.13,92.65,0.0,0.0,0.0,353.55,1.03,336.0,99070.0
1990-06-13 23:30:00+00:00,12.86,92.65,0.0,0.0,0.0,356.3,0.83,359.0,99040.0
1990-06-14 00:30:00+00:00,12.63,95.95,0.0,0.0,0.0,355.3,0.9,24.0,98980.0
1990-06-14 01:30:00+00:00,12.52,95.95,0.0,0.0,0.0,351.35,1.38,43.0,98960.0
1990-06-14 02:30:00+00:00,12.37,95.95,0.0,0.0,0.0,351.65,1.66,53.0,98900.0
1990-06-14 03:30:00+00:00,12.07,99.4,0.0,0.0,0.0,345.65,1.66,62.0,98850.0
1990-06-14 04:30:00+00:00,12.1,99.4,22.0,141.3,15.0,357.85,1.52,69.0,98810.0
1990-06-14 05:30:00+00:00,12.35,95.95,33.0,0.0,33.0,366.95,1.52,74.0,98760.0
1990-06-14 06:30:00+00:00,12.55,95.95,171.0,94.66,140.0,369.65,1.86,77.0,98760.0
1990-06-14 07:30:00+00:00,12.68,95.95,163.0,6.38,160.0,369.45,1.72,66.0,98700.0
1990-06-14 08:30:00+00:00,12.91,95.95,192.0,1.66,191.0,374.85,1.72,70.0,98700.0
1990-06-14 09:30:00+00:00,13.01,95.95,170.0,0.0,170.0,375.25,1.45,64.0,98680.0
1990-06-14 10:30:00+00:00,13.22,95.95,160.0,0.0,160.0,377.55,1.52,56.0,98650.0
1990-06-14 11:30:00+00:00,13.72,92.65,346.0,10.55,337.0,379.3,1.86,50.0,98620.0
1990-06-14 12:30:00+00:00,14.22,92.65,495.0,84.03,422.0,380.45,2.21,44.0,98580.0
1990-06-14 13:30:00+00:00,14.75,86.45,582.0,197.19,415.0,377.0,2.34,43.0,98570.0
1990-06-14 14:30:00+00:00,15.52,89.55,413.0,58.31,367.0,378.75,2.28,47.0,98520.0
1990-06-14 15:30:00+00:00,16.21,86.5,147.0,0.0,147.0,374.5,2.41,40.0,98480.0
1990-06-14 16:30:00+00:00,16.67,83.6,384.0,192.34,272.0,350.1,2.48,39.0,98380.0
1990-06-14 17:30:00+00:00,16.41,77.95,129.0,0.0,129.0,347.55,2.62,58.0,98400.0
1990-06-14 18:30:00+00:00,15.18,83.45,59.0,0.0,59.0,345.65,3.03,66.0,98410.0
1990-06-14 19:30:00+00:00,13.98,92.65,43.0,6.19,42.0,373.3,1.45,58.0,98470.0
1990-06-14 20:30:00+00:00,13.42,92.65,4.0,0.0,4.0,364.0,1.38,49.0,98470.0
1990-06-14 21:30:00+00:00,13.29,92.65,0.0,0.0,0.0,372.35,1.38,42.0,98500.0
1990-06-14 22:30:00+00:00,13.03,92.65,0.0,0.0,0.0,372.35,1.45,32.0,98500.0
1990-06-14 23:30:00+00:00,12.62,95.95,0.0,0.0,0.0,363.85,1.52,30.0,98510.0
1990-06-15 00:30:00+00:00,12.35,95.95,0.0,0.0,0.0,370.8,1.24,31.0,98490.0
1990-06-15 01:30:00+00:00,12.21,95.95,0.0,0.0,0.0,368.8,1.17,38.0,98500.0
1990-06-15 02:30:00+00:00,11.89,95.95,0.0,0.0,0.0,367.1,1.1,36.0,98490.0
1990-06-15 03:30:00+00:00,11.81,95.95,0.0,0.0,0.0,368.45,1.03,20.0,98480.0
1990-06-15 04:30:00+00:00,11.77,95.95,3.0,0.0,3.0,370.4,1.17,20.0,98480.0
1990-06-15 05:30:00+00:00,11.77,95.95,42.0,0.0,42.0,370.2,1.17,21.0,98500.0
1990-06-15 06:30:00+00:00,11.84,95.95,57.0,0.0,57.0,369.45,1.31,20.0,98530.0
1990-06-15 07:30:00+00:00,12.8,95.95,52.0,0.0,52.0,372.95,1.24,41.0,98600.0
1990-06-15 08:30:00+00:00,13.2,95.95,127.0,0.0,127.0,376.6,1.1,43.0,98620.0
1990-06-15 09:30:00+00:00,13.64,92.65,190.0,0.0,190.0,372.55,1.72,51.0,98650.0
1990-06-15 10:30:00+00:00,14.17,92.65,317.0,9.99,309.0,374.85,1.52,68.0,98680.0
1990-06-15 11:30:00+00:00,15.25,89.55,463.0,65.64,407.0,370.4,1.45,94.0,98690.0
1990-06-15 12:30:00+00:00,16.26,86.55,514.0,100.11,427.0,369.65,1.45,125.0,98690.0
1990-06-15 13:30:00+00:00,17.03,83.65,269.0,1.18,268.0,354.55,1.52,150.0,98670.0
1990-06-15 14:30:00+00:00,17.54,80.85,204.0,0.0,204.0,352.6,1.31,148.0,98660.0
1990-06-15 15:30:00+00:00,17.88,70.35,184.0,0.0,184.0,350.1,0.76,115.0,98640.0
1990-06-15 16:30:00+00:00,17.67,72.8,75.0,0.0,75.0,351.05,1.52,63.0,98600.0
1990-06-15 17:30:00+00:00,16.09,77.85,54.0,0.0,54.0,358.4,1.38,94.0,98680.0
1990-06-15 18:30:00+00:00,15.25,80.6,109.0,13.1,105.0,366.95,0.76,76.0,98700.0
1990-06-15 19:30:00+00:00,14.92,83.45,59.0,24.59,55.0,340.4,1.79,47.0,98830.0
1990-06-15 20:30:00+00:00,14.38,86.4,1.0,0.0,1.0,342.15,1.72,24.0,98850.0
1990-06-15 21:30:00+00:00,13.46,89.45,0.0,0.0,0.0,327.85,2.0,22.0,98900.0
1990-06-15 22:30:00+00:00,12.72,89.4,0.0,0.0,0.0,322.4,2.41,33.0,98950.0
1990-06-15 23:30:00+00:00,12.34,92.6,0.0,0.0,0.0,330.55,2.28,37.0,98960.0
1990-06-16 00:30:00+00:00,12.12,95.95,0.0,0.0,0.0,337.1,2.28,33.0,98970.0
1990-06-16 01:30:00+00:00,11.85,95.95,0.0,0.0,0.0,336.05,2.34,30.0,99000.0
1990-06-16 02:30:00+00:00,11.74,95.95,0.0,0.0,0.0,344.1,2.34,27.0,99020.0
1990-06-16 03:30:00+00:00,11.34,95.9,0.0,0.0,0.0,330.35,2.48,24.0,99020.0
1990-06-16 04:30:00+00:00,11.42,95.9,10.0,0.0,10.0,354.75,2.28,23.0,99020.0
1990-06-16 05:30:00+00:00,11.65,99.4,84.0,70.64,71.0,364.0,2.48,24.0,99060.0
1990-06-16 06:30:00+00:00,12.21,95.95,83.0,0.0,83.0,367.3,2.62,27.0,99110.0
1990-06-16 07:30:00+00:00,12.94,86.3,136.0,0.0,136.0,363.65,3.59,38.0,99160.0
1990-06-16 08:30:00+00:00,13.79,86.35,205.0,3.32,203.0,370.6,3.24,45.0,99200.0
1990-06-16 09:30:00+00:00,14.46,89.5,236.0,1.4,235.0,376.2,2.83,49.0,99230.0
1990-06-16 10:30:00+00:00,15.08,92.7,159.0,0.0,159.0,374.85,2.41,52.0,99260.0
1990-06-16 11:30:00+00:00,15.69,92.75,124.0,0.0,124.0,380.45,1.86,53.0,99250.0
1990-06-16 12:30:00+00:00,16.15,89.6,156.0,0.0,156.0,381.85,1.31,44.0,99250.0
1990-06-16 13:30:00+00:00,16.52,89.65,474.0,76.67,409.0,375.85,1.66,27.0,99230.0
1990-06-16 14:30:00+00:00,16.8,86.6,584.0,267.07,373.0,365.2,1.86,18.0,99210.0
1990-06-16 15:30:00+00:00,16.97,86.6,574.0,412.82,285.0,356.5,1.93,32.0,99200.0
1990-06-16 16:30:00+00:00,16.51,83.6,480.0,440.1,223.0,360.75,2.9,41.0,99200.0
1990-06-16 17:30:00+00:00,15.75,80.65,249.0,102.3,203.0,353.55,3.66,32.0,99230.0
1990-06-16 18:30:00+00:00,14.89,80.55,22.0,0.0,22.0,361.5,3.45,38.0,99320.0
1990-06-16 19:30:00+00:00,14.28,86.4,10.0,0.0,10.0,350.3,3.66,44.0,99380.0
1990-06-16 20:30:00+00:00,13.55,86.35,1.0,0.0,1.0,347.4,3.24,41.0,99410.0
1990-06-16 21:30:00+00:00,12.74,89.4,0.0,0.0,0.0,336.55,3.03,35.0,99460.0
1990-06-16 22:30:00+00:00,11.99,92.6,0.0,0.0,0.0,327.05,3.24,29.0,99490.0
1990-06-16 23:30:00+00:00,11.53,92.55,0.0,0.0,0.0,332.3,3.24,27.0,99500.0
1990-06-17 00:30:00+00:00,10.9,92.55,0.0,0.0,0.0,314.65,2.97,27.0,99520.0
1990-06-17 01:30:00+00:00,10.51,92.5,0.0,0.0,0.0,313.45,2.9,26.0,99550.0
1990-06-17 02:30:00+00:00,10.43,92.5,0.0,0.0,0.0,323.0,3.03,24.0,99560.0
1990-06-17 03:30:00+00:00,10.58,92.5,0.0,0.0,0.0,337.9,3.17,25.0,99570.0
1990-06-17 04:30:00+00:00,10.65,95.9,2.0,0.0,2.0,337.9,3.1,26.0,99600.0
1990-06-17 05:30:00+00:00,11.33,86.15,12.0,0.0,12.0,360.35,4.07,30.0,99640.0
1990-06-17 06:30:00+00:00,11.8,83.15,36.0,0.0,36.0,349.9,4.48,31.0,99690.0
1990-06-17 07:30:00+00:00,12.63,86.25,134.0,0.0,134.0,361.5,4.07,27.0,99730.0
1990-06-17 08:30:00+00:00,13.23,80.4,252.0,18.27,241.0,362.1,4.07,28.0,99770.0
1990-06-17 09:30:00+00:00,14.28,74.95,198.0,0.0,198.0,346.0,3.72,27.0,99820.0
1990-06-17 10:30:00+00:00,15.32,69.9,296.0,5.0,292.0,337.3,3.31,15.0,99860.0
1990-06-17 11:30:00+00:00,16.2,67.55,437.0,48.04,396.0,352.4,2.9,3.0,99900.0
1990-06-17 12:30:00+00:00,16.83,63.05,525.0,109.25,430.0,330.95,2.69,354.0,99920.0
1990-06-17 13:30:00+00:00,17.49,65.45,541.0,141.48,421.0,328.4,2.69,349.0,99980.0
1990-06-17 14:30:00+00:00,17.89,63.3,270.0,2.53,268.0,346.6,2.55,347.0,99980.0
1990-06-17 15:30:00+00:00,17.02,67.75,453.0,162.7,339.0,357.25,2.55,348.0,100000.0
1990-06-17 16:30:00+00:00,16.67,67.65,152.0,0.0,152.0,325.5,3.79,331.0,100040.0
1990-06-17 17:30:00+00:00,15.79,72.55,127.0,0.0,127.0,349.7,3.79,332.0,100140.0
1990-06-17 18:30:00+00:00,15.6,72.45,38.0,0.0,38.0,338.5,3.31,326.0,100180.0
1990-06-17 19:30:00+00:00,14.68,77.65,26.0,0.0,26.0,341.55,2.83,307.0,100260.0
1990-06-17 20:30:00+00:00,14.06,77.6,6.0,0.0,6.0,349.1,3.38,304.0,100320.0
1990-06-17 21:30:00+00:00,13.31,77.6,0.0,0.0,0.0,338.65,3.45,302.0,100400.0
1990-06-17 22:30:00+00:00,12.99,80.35,0.0,0.0,0.0,346.2,3.17,305.0,100450.0
1990-06-17 23:30:00+00:00,12.88,80.35,0.0,0.0,0.0,354.75,2.83,307.0,100480.0
1990-06-18 00:30:00+00:00,12.69,83.25,0.0,0.0,0.0,349.9,2.69,311.0,100510.0
1990-06-18 01:30:00+00:00,12.44,83.25,0.0,0.0,0.0,343.6,2.69,319.0,100540.0
1990-06-18 02:30:00+00:00,12.5,80.3,0.0,0.0,0.0,359.75,2.9,329.0,100580.0
1990-06-18 03:30:00+00:00,12.32,80.3,0.0,0.0,0.0,357.85,2.83,336.0,100630.0
1990-06-18 04:30:00+00:00,12.13,83.15,3.0,0.0,3.0,360.15,2.83,341.0,100650.0
1990-06-18 05:30:00+00:00,11.96,83.15,52.0,5.44,51.0,347.55,2.76,345.0,100680.0
1990-06-18 06:30:00+00:00,12.04,80.2,72.0,0.0,72.0,339.45,3.17,349.0,100740.0
1990-06-18 07:30:00+00:00,11.98,80.2,101.0,0.0,101.0,348.15,3.72,348.0,100870.0
1990-06-18 08:30:00+00:00,12.41,77.45,105.0,0.0,105.0,354.15,4.0,349.0,100940.0
1990-06-18 09:30:00+00:00,13.1,74.75,194.0,0.0,194.0,355.1,3.52,347.0,100990.0
1990-06-18 10:30:00+00:00,13.7,72.2,515.0,148.65,396.0,355.3,3.31,344.0,101010.0
1990-06-18 11:30:00+00:00,14.3,69.75,389.0,24.61,368.0,362.85,2.83,345.0,101050.0
1990-06-18 12:30:00+00:00,14.99,67.35,298.0,2.3,296.0,367.3,2.83,345.0,101080.0
1990-06-18 13:30:00+00:00,15.34,65.05,275.0,1.18,274.0,368.3,2.48,343.0,101120.0
1990-06-18 14:30:00+00:00,15.55,67.45,155.0,0.0,155.0,365.4,2.0,351.0,101140.0
1990-06-18 15:30:00+00:00,15.89,65.15,238.0,2.85,236.0,363.85,1.72,347.0,101160.0
1990-06-18 16:30:00+00:00,16.45,62.95,201.0,3.42,199.0,365.95,2.34,326.0,101150.0
1990-06-18 17:30:00+00:00,16.38,62.95,234.0,75.36,200.0,363.45,2.07,322.0,101170.0
1990-06-18 18:30:00+00:00,16.33,62.95,60.0,0.0,60.0,359.0,1.79,317.0,101210.0
1990-06-18 19:30:00+00:00,16.0,67.55,32.0,0.0,32.0,366.15,0.76,279.0,101270.0
1990-06-18 20:30:00+00:00,15.32,72.45,6.0,0.0,6.0,354.15,1.24,275.0,101290.0
1990-06-18 21:30:00+00:00,14.29,77.65,0.0,0.0,0.0,346.6,1.66,289.0,101340.0
1990-06-18 22:30:00+00:00,13.57,80.4,0.0,0.0,0.0,348.15,1.93,298.0,101360.0
1990-06-18 23:30:00+00:00,13.46,77.6,0.0,0.0,0.0,366.55,2.14,304.0,101370.0
1990-06-19 00:30:00+00:00,13.09,77.5,0.0,0.0,0.0,359.2,2.34,306.0,101380.0
1990-06-19 01:30:00+00:00,12.73,77.5,0.0,0.0,0.0,358.5,2.28,304.0,101380.0
1990-06-19 02:30:00+00:00,12.37,77.45,0.0,0.0,0.0,354.95,1.93,304.0,101380.0
1990-06-19 03:30:00+00:00,11.71,83.1,0.0,0.0,0.0,335.0,1.52,301.0,101370.0
1990-06-19 04:30:00+00:00,11.08,89.3,10.0,0.0,10.0,327.85,1.31,283.0,101340.0
1990-06-19 05:30:00+00:00,11.18,89.3,65.0,21.82,61.0,328.6,1.17,258.0,101350.0
1990-06-19 06:30:00+00:00,12.41,80.3,213.0,229.65,138.0,322.2,1.38,243.0,101360.0
1990-06-19 07:30:00+00:00,13.55,80.4,369.0,404.91,179.0,344.1,2.0,218.0,101390.0
1990-06-19 08:30:00+00:00,14.73,77.65,157.0,0.0,157.0,326.3,2.9,219.0,101380.0
1990-06-19 09:30:00+00:00,15.55,69.9,261.0,5.6,257.0,353.75,3.79,223.0,101360.0
1990-06-19 10:30:00+00:00,16.54,67.65,411.0,52.47,369.0,350.1,4.0,222.0,101310.0
1990-06-19 11:30:00+00:00,16.93,65.35,200.0,0.0,200.0,377.95,4.21,220.0,101270.0
1990-06-19 12:30:00+00:00,17.44,65.45,338.0,8.05,331.0,379.9,4.55,217.0,101220.0
1990-06-19 13:30:00+00:00,17.59,67.85,343.0,10.6,334.0,383.4,4.69,213.0,101150.0
1990-06-19 14:30:00+00:00,17.93,67.95,191.0,0.0,191.0,385.3,5.1,212.0,101090.0
1990-06-19 15:30:00+00:00,17.66,75.4,120.0,0.0,120.0,386.65,4.97,211.0,101050.0
1990-06-19 16:30:00+00:00,17.05,80.8,158.0,0.0,158.0,387.25,5.1,212.0,100980.0
1990-06-19 17:30:00+00:00,16.46,83.6,62.0,0.0,62.0,386.45,5.17,205.0,100900.0
1990-06-19 18:30:00+00:00,15.59,92.75,36.0,0.0,36.0,385.9,5.1,198.0,100830.0
1990-06-19 19:30:00+00:00,15.67,96.0,19.0,0.0,19.0,387.45,5.59,202.0,100770.0
1990-06-19 20:30:00+00:00,15.51,96.0,8.0,0.0,8.0,387.05,0.0,0.0,100670.0
1990-06-19 21:30:00+00:00,15.5,96.0,0.0,0.0,0.0,387.25,0.0,0.0,100630.0
1990-06-19 22:30:00+00:00,15.47,96.0,0.0,0.0,0.0,387.05,6.48,200.0,100540.0
1990-06-19 23:30:00+00:00,15.42,96.0,0.0,0.0,0.0,387.05,6.69,203.0,100460.0
1990-06-20 00:30:00+00:00,15.28,92.75,0.0,0.0,0.0,386.3,6.62,208.0,100390.0
1990-06-20 01:30:00+00:00,15.13,96.0,0.0,0.0,0.0,385.8,6.34,213.0,100330.0
1990-06-20 02:30:00+00:00,15.04,96.0,0.0,0.0,0.0,384.95,6.14,217.0,100270.0
1990-06-20 03:30:00+00:00,15.02,96.0,0.0,0.0,0.0,384.55,5.79,221.0,100200.0
1990-06-20 04:30:00+00:00,15.05,96.0,20.0,102.37,15.0,384.55,5.59,222.0,100150.0
1990-06-20 05:30:00+00:00,15.15,96.0,38.0,0.0,38.0,385.5,5.45,224.0,100120.0
1990-06-20 06:30:00+00:00,15.35,92.75,41.0,0.0,41.0,383.2,5.1,229.0,100110.0
1990-06-20 07:30:00+00:00,15.51,92.75,47.0,0.0,47.0,384.95,4.69,232.0,100130.0
1990-06-20 08:30:00+00:00,15.62,96.0,62.0,0.0,62.0,377.55,5.03,236.0,100110.0
1990-06-20 09:30:00+00:00,15.33,92.75,85.0,0.0,85.0,375.05,3.79,233.0,100090.0
1990-06-20 10:30:00+00:00,15.29,92.75,173.0,0.0,173.0,373.5,3.52,234.0,100080.0
1990-06-20 11:30:00+00:00,15.61,92.75,331.0,8.2,324.0,375.85,4.07,246.0,100080.0
1990-06-20 12:30:00+00:00,16.22,89.6,390.0,21.84,371.0,372.15,4.28,261.0,100080.0
1990-06-20 13:30:00+00:00,17.15,83.65,122.0,0.0,122.0,376.8,4.62,272.0,100090.0
1990-06-20 14:30:00+00:00,17.45,80.85,204.0,0.0,204.0,381.45,4.21,279.0,100110.0
1990-06-20 15:30:00+00:00,17.17,78.0,355.0,52.7,318.0,371.95,4.76,292.0,100150.0
1990-06-20 16:30:00+00:00,17.06,72.7,559.0,740.12,125.0,358.6,4.62,297.0,100210.0
1990-06-20 17:30:00+00:00,17.45,67.85,402.0,634.49,115.0,339.05,4.62,294.0,100250.0
1990-06-20 18:30:00+00:00,17.12,67.75,254.0,537.05,88.0,331.9,4.07,293.0,100310.0
1990-06-20 19:30:00+00:00,16.76,67.75,108.0,306.43,57.0,332.65,3.03,293.0,100370.0
1990-06-20 20:30:00+00:00,15.59,72.45,9.0,0.0,9.0,320.5,2.21,295.0,100420.0
1990-06-20 21:30:00+00:00,14.43,77.65,0.0,0.0,0.0,322.4,1.86,293.0,100470.0
1990-06-20 22:30:00+00:00,13.39,83.35,0.0,0.0,0.0,326.5,0.0,0.0,100520.0
1990-06-20 23:30:00+00:00,12.61,86.25,0.0,0.0,0.0,330.15,0.0,0.0,100540.0
1990-06-21 00:30:00+00:00,11.99,89.35,0.0,0.0,0.0,327.05,1.66,222.0,100560.0
1990-06-21 01:30:00+00:00,11.67,92.55,0.0,0.0,0.0,331.25,1.45,242.0,100560.0
1990-06-21 02:30:00+00:00,11.39,89.3,0.0,0.0,0.0,328.8,1.66,247.0,100550.0
1990-06-21 03:30:00+00:00,11.26,89.3,0.0,0.0,0.0,333.25,1.59,245.0,100570.0
1990-06-21 04:30:00+00:00,10.88,92.55,13.0,20.67,12.0,323.4,1.52,234.0,100550.0
1990-06-21 05:30:00+00:00,12.14,92.6,129.0,367.36,62.0,348.35,0.97,224.0,100570.0
1990-06-21 06:30:00+00:00,14.1,86.35,284.0,605.02,87.0,347.75,1.24,230.0,100560.0
1990-06-21 07:30:00+00:00,14.99,80.55,442.0,717.5,106.0,357.25,1.59,248.0,100610.0
1990-06-21 08:30:00+00:00,16.18,75.15,585.0,762.44,127.0,353.55,2.07,245.0,100640.0
1990-06-21 09:30:00+00:00,17.13,67.75,643.0,561.77,242.0,342.15,2.69,238.0,100650.0
1990-06-21 10:30:00+00:00,17.88,61.05,548.0,191.27,395.0,334.2,3.52,233.0,100650.0
1990-06-21 11:30:00+00:00,18.34,56.95,231.0,0.0,231.0,355.1,3.86,232.0,100670.0
1990-06-21 12:30:00+00:00,18.84,53.15,260.0,0.0,260.0,358.0,4.14,234.0,100660.0
1990-06-21 13:30:00+00:00,18.91,55.05,429.0,43.58,392.0,375.05,4.14,235.0,100670.0
1990-06-21 14:30:00+00:00,19.3,55.2,499.0,135.11,392.0,376.4,4.14,237.0,100660.0
1990-06-21 15:30:00+00:00,19.39,53.25,452.0,153.74,344.0,372.15,4.07,236.0,100670.0
1990-06-21 16:30:00+00:00,19.34,55.2,304.0,61.35,268.0,374.85,3.66,232.0,100670.0
1990-06-21 17:30:00+00:00,19.15,57.1,280.0,156.8,209.0,372.95,3.59,228.0,100660.0
1990-06-21 18:30:00+00:00,18.72,63.4,119.0,19.38,113.0,368.3,3.17,221.0,100690.0
1990-06-21 19:30:00+00:00,17.79,65.55,22.0,0.0,22.0,367.3,3.52,223.0,100720.0
1990-06-21 20:30:00+00:00,16.87,67.75,1.0,0.0,1.0,357.45,3.1,217.0,100740.0
1990-06-21 21:30:00+00:00,16.06,70.0,0.0,0.0,0.0,357.85,3.1,212.0,100760.0
1990-06-21 22:30:00+00:00,15.6,72.45,0.0,0.0,0.0,358.8,3.24,217.0,100810.0
1990-06-21 23:30:00+00:00,14.42,77.65,0.0,0.0,0.0,321.85,3.03,219.0,100840.0
1990-06-22 00:30:00+00:00,13.72,80.4,0.0,0.0,0.0,320.65,2.9,220.0,100850.0
1990-06-22 01:30:00+00:00,13.08,83.25,0.0,0.0,0.0,318.25,2.76,220.0,100870.0
1990-06-22 02:30:00+00:00,12.74,83.25,0.0,0.0,0.0,324.55,2.55,220.0,100870.0
1990-06-22 03:30:00+00:00,12.0,89.35,0.0,0.0,0.0,306.75,2.48,215.0,100850.0
1990-06-22 04:30:00+00:00,11.56,89.3,7.0,0.0,7.0,305.0,2.48,209.0,100850.0
1990-06-22 05:30:00+00:00,12.0,89.35,131.0,401.61,58.0,300.55,2.48,205.0,100840.0
1990-06-22 06:30:00+00:00,13.46,86.35,180.0,116.93,142.0,312.55,2.48,200.0,100860.0
1990-06-22 07:30:00+00:00,14.94,86.45,267.0,115.46,213.0,343.3,2.97,194.0,100890.0
1990-06-22 08:30:00+00:00,16.02,83.55,408.0,213.27,280.0,356.1,3.24,197.0,100890.0
1990-06-22 09:30:00+00:00,17.44,75.4,425.0,113.54,344.0,359.75,4.07,201.0,100900.0
1990-06-22 10:30:00+00:00,18.23,70.35,311.0,8.75,304.0,362.1,4.14,200.0,100890.0
1990-06-22 11:30:00+00:00,18.63,70.45,294.0,2.34,292.0,379.7,4.28,198.0,100890.0
1990-06-22 12:30:00+00:00,19.19,70.55,161.0,0.0,161.0,378.15,4.62,196.0,100880.0
1990-06-22 13:30:00+00:00,19.22,70.55,176.0,0.0,176.0,384.55,4.55,194.0,100870.0
1990-06-22 14:30:00+00:00,19.45,70.65,243.0,0.0,243.0,381.25,4.62,195.0,100850.0
1990-06-22 15:30:00+00:00,19.74,73.15,267.0,8.54,261.0,387.65,4.41,198.0,100830.0
1990-06-22 16:30:00+00:00,19.69,75.7,253.0,23.84,239.0,386.65,4.21,196.0,100810.0
1990-06-22 17:30:00+00:00,19.86,73.2,215.0,48.54,193.0,385.9,4.28,202.0,100770.0
1990-06-22 18:30:00+00:00,19.61,75.7,167.0,109.69,133.0,351.65,3.45,203.0,100760.0
1990-06-22 19:30:00+00:00,19.1,75.65,37.0,0.0,37.0,353.55,2.83,210.0,100790.0
1990-06-22 20:30:00+00:00,18.21,80.9,2.0,0.0,2.0,353.95,2.41,207.0,100810.0
1990-06-22 21:30:00+00:00,17.2,86.6,0.0,0.0,0.0,356.5,2.34,213.0,100850.0
1990-06-22 22:30:00+00:00,16.05,89.6,0.0,0.0,0.0,334.4,2.28,225.0,100850.0
1990-06-22 23:30:00+00:00,15.37,92.75,0.0,0.0,0.0,342.95,1.93,230.0,100840.0
1990-06-23 00:30:00+00:00,14.32,96.0,0.0,0.0,0.0,334.2,1.45,234.0,100840.0
1990-06-23 01:30:00+00:00,13.4,92.65,0.0,0.0,0.0,332.0,1.24,240.0,100820.0
1990-06-23 02:30:00+00:00,13.27,92.65,0.0,0.0,0.0,350.65,1.03,274.0,100820.0
1990-06-23 03:30:00+00:00,12.98,95.95,0.0,0.0,0.0,349.5,1.24,327.0,100770.0
1990-06-23 04:30:00+00:00,13.38,92.65,2.0,0.0,2.0,357.45,1.72,358.0,100740.0
1990-06-23 05:30:00+00:00,14.17,95.95,11.0,0.0,11.0,368.3,1.66,23.0,100730.0
1990-06-23 06:30:00+00:00,15.2,92.7,39.0,0.0,39.0,373.7,1.66,33.0,100740.0
1990-06-23 07:30:00+00:00,16.14,92.75,192.0,21.41,182.0,375.25,1.03,345.0,100720.0
1990-06-23 08:30:00+00:00,17.43,86.65,542.0,627.12,166.0,370.0,1.17,353.0,100740.0
1990-06-23 09:30:00+00:00,18.77,81.0,256.0,4.21,253.0,373.1,1.1,353.0,100720.0
1990-06-23 10:30:00+00:00,19.54,78.35,271.0,2.5,269.0,359.4,1.1,328.0,100720.0
1990-06-23 11:30:00+00:00,20.33,73.3,227.0,0.0,227.0,381.45,1.52,298.0,100710.0
1990-06-23 12:30:00+00:00,20.89,68.5,318.0,4.6,314.0,376.0,2.14,278.0,100700.0
1990-06-23 13:30:00+00:00,21.07,68.5,452.0,62.42,399.0,379.7,2.41,276.0,100700.0
1990-06-23 14:30:00+00:00,21.35,68.6,302.0,7.57,296.0,377.2,2.34,285.0,100650.0
1990-06-23 15:30:00+00:00,21.27,68.5,255.0,5.69,251.0,380.1,2.14,287.0,100650.0
1990-06-23 16:30:00+00:00,21.23,66.15,111.0,0.0,111.0,373.9,2.14,284.0,100610.0
1990-06-23 17:30:00+00:00,21.05,63.9,54.0,0.0,54.0,367.5,2.28,278.0,100560.0
1990-06-23 18:30:00+00:00,20.68,63.8,50.0,0.0,50.0,367.9,1.72,282.0,100580.0
1990-06-23 19:30:00+00:00,19.34,73.15,105.0,262.62,61.0,378.95,1.45,304.0,100540.0
1990-06-23 20:30:00+00:00,18.6,78.25,8.0,0.0,8.0,373.7,1.45,289.0,100560.0
1990-06-23 21:30:00+00:00,17.61,78.1,0.0,0.0,0.0,369.05,2.48,278.0,100610.0
1990-06-23 22:30:00+00:00,16.7,77.95,0.0,0.0,0.0,362.65,3.31,278.0,100640.0
1990-06-23 23:30:00+00:00,15.62,77.8,0.0,0.0,0.0,343.1,3.66,278.0,100660.0
1990-06-24 00:30:00+00:00,14.33,77.65,0.0,0.0,0.0,318.15,3.52,273.0,100670.0
1990-06-24 01:30:00+00:00,13.2,80.35,0.0,0.0,0.0,303.95,3.17,262.0,100690.0
1990-06-24 02:30:00+00:00,12.45,83.25,0.0,0.0,0.0,304.4,3.03,248.0,100670.0
1990-06-24 03:30:00+00:00,11.81,86.2,0.0,0.0,0.0,295.1,3.24,240.0,100660.0
1990-06-24 04:30:00+00:00,11.54,89.3,17.0,64.72,14.0,295.1,3.38,235.0,100650.0
1990-06-24 05:30:00+00:00,12.05,89.35,108.0,205.25,71.0,296.3,3.59,232.0,100660.0
1990-06-24 06:30:00+00:00,13.27,83.35,131.0,24.73,123.0,301.3,4.0,230.0,100670.0
1990-06-24 07:30:00+00:00,14.74,77.75,436.0,703.43,108.0,344.65,5.17,238.0,100700.0
1990-06-24 08:30:00+00:00,15.49,75.1,419.0,232.09,280.0,352.2,4.69,233.0,100710.0
1990-06-24 09:30:00+00:00,16.31,67.65,577.0,384.67,303.0,336.15,4.69,229.0,100690.0
1990-06-24 10:30:00+00:00,17.33,60.95,702.0,502.02,301.0,338.5,5.38,228.0,100690.0
1990-06-24 11:30:00+00:00,17.77,58.8,530.0,123.18,425.0,330.75,5.66,227.0,100680.0
1990-06-24 12:30:00+00:00,18.42,56.95,561.0,143.75,436.0,329.0,5.79,226.0,100660.0
1990-06-24 13:30:00+00:00,18.43,59.05,721.0,438.14,349.0,344.85,5.86,228.0,100610.0
1990-06-24 14:30:00+00:00,18.25,63.3,399.0,45.44,363.0,340.0,5.72,228.0,100540.0
1990-06-24 15:30:00+00:00,17.77,58.9,462.0,170.67,342.0,333.65,5.93,229.0,100560.0
1990-06-24 16:30:00+00:00,17.16,63.05,499.0,486.69,213.0,336.75,5.17,241.0,100580.0
1990-06-24 17:30:00+00:00,17.2,60.85,407.0,632.53,120.0,332.65,4.55,246.0,100560.0
1990-06-24 18:30:00+00:00,16.79,60.85,227.0,351.05,118.0,340.6,4.0,239.0,100570.0
1990-06-24 19:30:00+00:00,16.02,65.15,123.0,423.34,52.0,329.0,2.83,235.0,100650.0
1990-06-24 20:30:00+00:00,14.95,69.85,7.0,0.0,7.0,323.2,2.41,243.0,100680.0
1990-06-24 21:30:00+00:00,13.82,74.85,0.0,0.0,0.0,316.2,2.0,255.0,100720.0
1990-06-24 22:30:00+00:00,13.11,77.5,0.0,0.0,0.0,323.0,0.0,0.0,100750.0
1990-06-24 23:30:00+00:00,12.26,80.3,0.0,0.0,0.0,310.8,0.0,0.0,100710.0
1990-06-25 00:30:00+00:00,11.48,86.15,0.0,0.0,0.0,300.55,2.14,242.0,100700.0
1990-06-25 01:30:00+00:00,10.96,89.3,0.0,0.0,0.0,301.25,2.28,244.0,100670.0
1990-06-25 02:30:00+00:00,10.48,92.5,0.0,0.0,0.0,296.1,2.28,250.0,100690.0
1990-06-25 03:30:00+00:00,10.11,92.5,0.0,0.0,0.0,298.6,2.14,254.0,100680.0
1990-06-25 04:30:00+00:00,9.52,95.85,2.0,0.0,2.0,287.0,2.07,257.0,100680.0
1990-06-25 05:30:00+00:00,10.15,95.9,47.0,0.0,47.0,305.55,1.59,260.0,100680.0
1990-06-25 06:30:00+00:00,11.67,86.15,144.0,43.39,130.0,305.55,1.72,267.0,100670.0
1990-06-25 07:30:00+00:00,13.22,83.25,347.0,324.41,196.0,314.1,1.72,291.0,100750.0
1990-06-25 08:30:00+00:00,14.48,74.95,370.0,140.43,286.0,317.95,1.59,303.0,100750.0
1990-06-25 09:30:00+00:00,15.36,72.45,472.0,177.05,346.0,332.65,1.79,288.0,100740.0
1990-06-25 10:30:00+00:00,16.03,72.55,213.0,0.0,213.0,335.2,2.48,284.0,100720.0
1990-06-25 11:30:00+00:00,16.56,72.65,561.0,158.45,426.0,347.2,2.83,287.0,100720.0
1990-06-25 12:30:00+00:00,17.36,65.45,113.0,0.0,113.0,339.65,3.17,289.0,100670.0
1990-06-25 13:30:00+00:00,16.99,70.2,266.0,0.0,266.0,343.1,3.31,296.0,100680.0
1990-06-25 14:30:00+00:00,16.93,72.7,120.0,0.0,120.0,345.45,3.45,304.0,100660.0
1990-06-25 15:30:00+00:00,16.15,77.85,512.0,258.82,330.0,351.85,3.72,315.0,100640.0
1990-06-25 16:30:00+00:00,16.13,75.15,188.0,1.7,187.0,336.55,4.48,314.0,100680.0
1990-06-25 17:30:00+00:00,16.05,70.0,115.0,0.0,115.0,341.75,4.34,320.0,100640.0
1990-06-25 18:30:00+00:00,15.65,72.45,23.0,0.0,23.0,341.2,3.59,321.0,100670.0
1990-06-25 19:30:00+00:00,14.99,77.75,46.0,5.96,45.0,327.85,3.24,314.0,100720.0
1990-06-25 20:30:00+00:00,14.28,77.65,4.0,0.0,4.0,316.05,3.1,309.0,100770.0
1990-06-25 21:30:00+00:00,13.4,80.4,0.0,0.0,0.0,320.65,2.97,298.0,100790.0
1990-06-25 22:30:00+00:00,12.92,83.25,0.0,0.0,0.0,329.2,3.59,294.0,100800.0
1990-06-25 23:30:00+00:00,12.77,83.25,0.0,0.0,0.0,341.75,3.66,293.0,100780.0
1990-06-26 00:30:00+00:00,12.77,86.3,0.0,0.0,0.0,346.6,3.79,291.0,100770.0
1990-06-26 01:30:00+00:00,12.56,86.25,0.0,0.0,0.0,346.15,4.07,294.0,100760.0
1990-06-26 02:30:00+00:00,12.41,89.4,0.0,0.0,0.0,341.75,3.86,296.0,100740.0
1990-06-26 03:30:00+00:00,12.55,89.4,0.0,0.0,0.0,359.75,3.59,295.0,100740.0
1990-06-26 04:30:00+00:00,12.36,89.4,2.0,0.0,2.0,349.3,3.59,294.0,100770.0
1990-06-26 05:30:00+00:00,12.37,89.4,73.0,44.84,65.0,342.35,3.72,291.0,100780.0
1990-06-26 06:30:00+00:00,12.69,89.4,135.0,31.09,125.0,357.65,0.0,0.0,100780.0
1990-06-26 07:30:00+00:00,13.34,83.35,138.0,2.15,137.0,328.2,0.0,0.0,100780.0
1990-06-26 08:30:00+00:00,14.26,80.45,228.0,10.04,222.0,334.0,4.97,300.0,100800.0
1990-06-26 09:30:00+00:00,15.1,77.75,396.0,81.58,338.0,331.5,4.83,296.0,100770.0
1990-06-26 10:30:00+00:00,15.81,72.55,515.0,152.94,393.0,338.5,4.83,290.0,100790.0
1990-06-26 11:30:00+00:00,16.79,65.35,271.0,1.17,270.0,338.3,4.97,282.0,100740.0
1990-06-26 12:30:00+00:00,17.25,63.05,291.0,1.15,290.0,347.2,5.03,275.0,100720.0
1990-06-26 13:30:00+00:00,18.07,56.85,527.0,126.07,420.0,347.75,5.38,272.0,100660.0
1990-06-26 14:30:00+00:00,18.09,56.85,420.0,61.85,371.0,355.7,5.38,267.0,100650.0
1990-06-26 15:30:00+00:00,17.95,58.9,234.0,1.42,233.0,368.3,5.38,262.0,100650.0
1990-06-26 16:30:00+00:00,17.15,67.75,120.0,0.0,120.0,356.5,5.24,256.0,100640.0
1990-06-26 17:30:00+00:00,15.95,75.15,99.0,0.0,99.0,379.5,4.41,247.0,100630.0
1990-06-26 18:30:00+00:00,15.34,80.6,42.0,0.0,42.0,368.85,4.28,241.0,100610.0
1990-06-26 19:30:00+00:00,13.89,92.65,10.0,0.0,10.0,368.3,3.86,228.0,100600.0
1990-06-26 20:30:00+00:00,13.72,92.65,1.0,0.0,1.0,371.55,4.07,222.0,100580.0
1990-06-26 21:30:00+00:00,13.68,92.65,0.0,0.0,0.0,373.7,4.14,222.0,100540.0
1990-06-26 22:30:00+00:00,13.79,95.95,0.0,0.0,0.0,375.85,4.21,228.0,100530.0
1990-06-26 23:30:00+00:00,14.08,95.95,0.0,0.0,0.0,378.15,4.28,238.0,100460.0
1990-06-27 00:30:00+00:00,14.47,96.0,0.0,0.0,0.0,379.9,4.28,247.0,100460.0
1990-06-27 01:30:00+00:00,14.7,96.0,0.0,0.0,0.0,377.5,4.34,257.0,100430.0
1990-06-27 02:30:00+00:00,14.62,92.7,0.0,0.0,0.0,380.65,4.69,276.0,100450.0
1990-06-27 03:30:00+00:00,14.25,89.5,0.0,0.0,0.0,378.35,4.76,295.0,100470.0
1990-06-27 04:30:00+00:00,13.63,86.35,19.0,161.07,12.0,373.1,4.83,296.0,100540.0
1990-06-27 05:30:00+00:00,13.1,86.3,94.0,129.7,71.0,341.55,4.76,291.0,100560.0
1990-06-27 06:30:00+00:00,13.27,80.4,232.0,324.35,128.0,322.4,4.9,288.0,100590.0
1990-06-27 07:30:00+00:00,13.8,77.6,433.0,696.73,110.0,334.4,5.86,289.0,100650.0
1990-06-27 08:30:00+00:00,14.12,74.85,466.0,353.75,255.0,325.9,6.07,288.0,100720.0
1990-06-27 09:30:00+00:00,14.66,67.25,499.0,221.06,342.0,308.5,6.14,286.0,100760.0
1990-06-27 10:30:00+00:00,15.29,60.5,719.0,549.53,281.0,311.0,6.21,285.0,100800.0
1990-06-27 11:30:00+00:00,15.75,58.45,722.0,430.04,356.0,339.05,6.48,284.0,100830.0
1990-06-27 12:30:00+00:00,16.23,56.35,543.0,124.33,435.0,331.1,6.41,285.0,100850.0
1990-06-27 13:30:00+00:00,16.41,52.5,628.0,255.75,411.0,333.45,6.14,287.0,100850.0
1990-06-27 14:30:00+00:00,16.52,54.45,713.0,547.96,279.0,349.9,5.79,288.0,100870.0
1990-06-27 15:30:00+00:00,16.46,54.45,646.0,605.88,220.0,347.4,5.59,288.0,100880.0
1990-06-27 16:30:00+00:00,16.68,52.5,525.0,576.75,186.0,339.85,5.24,289.0,100900.0
1990-06-27 17:30:00+00:00,16.2,56.35,327.0,286.41,197.0,346.0,4.34,290.0,100890.0
1990-06-27 18:30:00+00:00,15.76,60.65,162.0,90.15,134.0,336.15,3.66,288.0,100940.0
1990-06-27 19:30:00+00:00,15.23,64.95,78.0,83.51,64.0,338.5,3.03,288.0,100930.0
1990-06-27 20:30:00+00:00,14.27,67.25,9.0,0.0,9.0,325.1,0.0,0.0,100960.0
1990-06-27 21:30:00+00:00,13.33,69.65,0.0,0.0,0.0,322.2,0.0,0.0,101010.0
1990-06-27 22:30:00+00:00,12.61,74.7,0.0,0.0,0.0,319.1,2.34,249.0,101020.0
1990-06-27 23:30:00+00:00,12.11,77.35,0.0,0.0,0.0,317.55,2.48,243.0,101010.0
1990-06-28 00:30:00+00:00,11.47,80.15,0.0,0.0,0.0,303.85,2.55,240.0,101000.0
1990-06-28 01:30:00+00:00,10.76,83.05,0.0,0.0,0.0,292.9,2.55,241.0,100930.0
1990-06-28 02:30:00+00:00,10.16,89.2,0.0,0.0,0.0,289.5,2.41,244.0,100890.0
1990-06-28 03:30:00+00:00,9.6,92.45,0.0,0.0,0.0,283.9,2.41,244.0,100840.0
1990-06-28 04:30:00+00:00,9.28,92.45,2.0,0.0,2.0,288.95,2.14,237.0,100830.0
1990-06-28 05:30:00+00:00,9.73,92.5,15.0,0.0,15.0,298.8,1.79,219.0,100780.0
1990-06-28 06:30:00+00:00,11.26,86.15,198.0,184.65,139.0,319.1,2.0,204.0,100740.0
1990-06-28 07:30:00+00:00,13.55,83.35,243.0,75.67,208.0,335.75,2.28,198.0,100710.0
1990-06-28 08:30:00+00:00,14.67,80.45,267.0,28.55,250.0,333.65,2.76,193.0,100680.0
1990-06-28 09:30:00+00:00,15.88,72.55,652.0,613.21,217.0,331.7,3.38,191.0,100620.0
1990-06-28 10:30:00+00:00,16.74,67.65,388.0,37.67,358.0,330.35,3.86,186.0,100500.0
1990-06-28 11:30:00+00:00,17.25,63.05,309.0,3.53,306.0,331.9,4.48,190.0,100440.0
1990-06-28 12:30:00+00:00,16.93,60.85,302.0,2.3,300.0,350.5,4.97,192.0,100360.0
1990-06-28 13:30:00+00:00,15.34,69.9,94.0,0.0,94.0,355.3,4.28,204.0,100330.0
1990-06-28 14:30:00+00:00,14.38,80.45,120.0,0.0,120.0,353.75,2.97,207.0,100230.0
1990-06-28 15:30:00+00:00,14.24,80.45,102.0,0.0,102.0,351.05,3.31,207.0,100150.0
1990-06-28 16:30:00+00:00,14.14,80.4,118.0,0.0,118.0,353.75,3.24,204.0,100060.0
1990-06-28 17:30:00+00:00,13.94,80.4,37.0,0.0,37.0,350.3,3.24,187.0,99930.0
1990-06-28 18:30:00+00:00,14.17,80.4,41.0,0.0,41.0,351.45,3.1,162.0,99830.0
1990-06-28 19:30:00+00:00,13.49,80.4,22.0,0.0,22.0,349.1,1.72,140.0,99800.0
1990-06-28 20:30:00+00:00,12.88,86.3,1.0,0.0,1.0,356.1,1.66,64.0,99760.0
1990-06-28 21:30:00+00:00,12.51,89.4,0.0,0.0,0.0,361.5,2.28,23.0,99760.0
1990-06-28 22:30:00+00:00,12.17,89.35,0.0,0.0,0.0,354.75,2.14,7.0,99770.0
1990-06-28 23:30:00+00:00,12.11,89.35,0.0,0.0,0.0,361.1,1.86,315.0,99830.0
1990-06-29 00:30:00+00:00,11.49,89.3,0.0,0.0,0.0,333.05,2.48,280.0,99850.0
1990-06-29 01:30:00+00:00,10.64,92.5,0.0,0.0,0.0,310.15,3.1,264.0,99870.0
1990-06-29 02:30:00+00:00,9.96,95.9,0.0,0.0,0.0,297.45,3.24,255.0,99870.0
1990-06-29 03:30:00+00:00,9.39,92.45,0.0,0.0,0.0,287.4,3.38,243.0,99880.0
1990-06-29 04:30:00+00:00,8.95,92.45,1.0,0.0,1.0,281.4,3.45,234.0,99880.0
1990-06-29 05:30:00+00:00,9.23,92.45,21.0,0.0,21.0,284.1,3.24,228.0,99860.0
1990-06-29 06:30:00+00:00,10.38,92.5,50.0,0.0,50.0,277.9,3.31,218.0,99830.0
1990-06-29 07:30:00+00:00,12.38,83.25,108.0,0.0,108.0,290.5,4.83,218.0,99820.0
1990-06-29 08:30:00+00:00,13.41,77.6,144.0,0.0,144.0,334.4,5.38,207.0,99790.0
1990-06-29 09:30:00+00:00,13.48,77.6,63.0,0.0,63.0,356.3,5.31,190.0,99700.0
1990-06-29 10:30:00+00:00,13.1,86.3,78.0,0.0,78.0,360.55,6.14,180.0,99610.0
1990-06-29 11:30:00+00:00,13.17,86.3,117.0,0.0,117.0,364.0,7.79,182.0,99480.0
1990-06-29 12:30:00+00:00,13.5,89.45,118.0,0.0,118.0,369.45,8.69,194.0,99360.0
1990-06-29 13:30:00+00:00,13.79,89.45,159.0,0.0,159.0,373.3,8.28,202.0,99340.0
1990-06-29 14:30:00+00:00,14.06,92.65,140.0,0.0,140.0,375.45,7.86,214.0,99300.0
1990-06-29 15:30:00+00:00,14.84,89.5,190.0,0.0,190.0,368.1,7.03,213.0,99300.0
1990-06-29 16:30:00+00:00,15.99,83.55,258.0,25.53,243.0,352.0,7.72,218.0,99290.0
1990-06-29 17:30:00+00:00,16.33,80.75,302.0,216.06,204.0,341.0,7.38,224.0,99310.0
1990-06-29 18:30:00+00:00,15.85,80.65,174.0,128.95,134.0,337.7,6.14,239.0,99380.0
1990-06-29 19:30:00+00:00,15.08,83.45,13.0,0.0,13.0,333.85,5.1,253.0,99380.0
1990-06-29 20:30:00+00:00,14.56,80.45,9.0,0.0,9.0,339.85,4.21,259.0,99450.0
1990-06-29 21:30:00+00:00,13.72,80.4,0.0,0.0,0.0,335.95,3.24,256.0,99560.0
1990-06-29 22:30:00+00:00,12.53,83.25,0.0,0.0,0.0,312.95,2.76,248.0,99600.0
1990-06-29 23:30:00+00:00,11.79,86.2,0.0,0.0,0.0,311.0,2.62,241.0,99640.0
1990-06-30 00:30:00+00:00,11.22,89.3,0.0,0.0,0.0,309.85,2.69,236.0,99650.0
1990-06-30 01:30:00+00:00,10.44,92.5,0.0,0.0,0.0,287.7,2.83,234.0,99690.0
1990-06-30 02:30:00+00:00,9.99,95.9,0.0,0.0,0.0,285.45,2.83,236.0,99700.0
1990-06-30 03:30:00+00:00,9.56,95.85,0.0,0.0,0.0,281.2,2.69,237.0,99720.0
1990-06-30 04:30:00+00:00,9.12,99.4,7.0,0.0,7.0,279.65,2.55,238.0,99720.0
1990-06-30 05:30:00+00:00,9.48,95.85,107.0,230.39,67.0,282.55,2.14,238.0,99750.0
1990-06-30 06:30:00+00:00,10.99,92.55,223.0,296.48,129.0,282.15,2.07,236.0,99770.0
1990-06-30 07:30:00+00:00,13.07,83.25,252.0,93.43,209.0,311.75,3.1,236.0,99850.0
1990-06-30 08:30:00+00:00,14.49,74.95,589.0,805.48,111.0,310.4,3.79,238.0,99850.0
1990-06-30 09:30:00+00:00,15.31,69.9,439.0,134.27,344.0,322.4,4.0,239.0,99870.0
1990-06-30 10:30:00+00:00,16.13,65.15,600.0,285.61,373.0,334.4,4.55,242.0,99870.0
1990-06-30 11:30:00+00:00,16.74,60.75,761.0,533.42,308.0,349.3,5.03,238.0,99870.0
1990-06-30 12:30:00+00:00,17.06,58.7,687.0,335.57,396.0,346.6,5.66,236.0,99880.0
1990-06-30 13:30:00+00:00,16.68,62.95,336.0,8.26,329.0,355.3,4.69,237.0,99860.0
1990-06-30 14:30:00+00:00,17.36,56.75,271.0,2.53,269.0,335.95,5.1,236.0,99830.0
1990-06-30 15:30:00+00:00,17.45,54.7,317.0,25.62,299.0,348.75,4.48,239.0,99800.0
1990-06-30 16:30:00+00:00,16.74,66.91,102.0,0.0,102.0,373.33,5.22,235.0,99770.0
1990-06-30 17:30:00+00:00,16.3,68.46,81.0,0.0,81.0,370.68,4.98,232.0,99740.0
1990-06-30 18:30:00+00:00,15.85,70.01,85.0,0.0,85.0,368.03,4.73,235.0,99770.0
1990-06-30 19:30:00+00:00,15.41,71.56,14.0,0.0,14.0,365.38,4.49,211.0,99720.0
1990-06-30 20:30:00+00:00,14.97,73.11,8.0,0.0,8.0,362.74,4.25,204.0,99660.0
1990-06-30 21:30:00+00:00,14.53,74.66,0.0,0.0,0.0,360.09,4.0,205.0,99620.0
1990-06-30 22:30:00+00:00,14.08,76.21,0.0,0.0,0.0,357.44,3.76,214.0,99590.0
1990-06-30 23:30:00+00:00,13.64,77.77,0.0,0.0,0.0,354.79,3.52,225.0,99570.0
1990-07-01 00:30:00+00:00,13.2,79.32,0.0,0.0,0.0,352.14,3.27,41.0,100930.0
1990-07-01 01:30:00+00:00,12.75,80.87,0.0,0.0,0.0,349.5,3.03,45.0,100920.0
1990-07-01 02:30:00+00:00,12.31,82.42,0.0,0.0,0.0,346.85,2.79,45.0,100920.0
1990-07-01 03:30:00+00:00,11.87,83.97,0.0,0.0,0.0,344.2,2.55,41.0,100920.0
1990-07-01 04:30:00+00:00,11.42,85.52,1.0,0.0,1.0,341.55,2.3,35.0,100890.0
1990-07-01 05:30:00+00:00,10.98,87.07,49.0,5.76,48.0,338.91,2.06,31.0,100900.0
1990-07-01 06:30:00+00:00,10.54,88.62,68.0,0.0,68.0,336.26,1.82,25.0,100900.0
1990-07-01 07:30:00+00:00,10.1,90.17,268.0,119.5,213.0,333.61,1.57,17.0,100920.0
1990-07-01 08:30:00+00:00,12.56,74.7,126.0,0.0,126.0,346.2,1.86,21.0,100920.0
1990-07-01 09:30:00+00:00,13.49,69.65,454.0,151.23,347.0,347.75,1.59,5.0,100940.0
1990-07-01 10:30:00+00:00,14.18,67.25,374.0,30.2,350.0,341.95,1.38,341.0,100910.0
1990-07-01 11:30:00+00:00,15.54,65.05,807.0,651.17,254.0,343.1,1.52,324.0,100910.0
1990-07-01 12:30:00+00:00,16.55,62.95,832.0,668.84,252.0,333.05,1.79,313.0,100910.0
1990-07-01 13:30:00+00:00,17.89,56.85,805.0,650.24,254.0,318.35,2.14,313.0,100870.0
1990-07-01 14:30:00+00:00,18.62,54.95,802.0,826.6,148.0,319.1,2.21,318.0,100860.0
1990-07-01 15:30:00+00:00,19.1,53.15,674.0,707.53,177.0,313.5,2.14,325.0,100840.0
1990-07-01 16:30:00+00:00,19.31,51.25,476.0,407.02,237.0,328.8,2.07,328.0,100810.0
1990-07-01 17:30:00+00:00,19.39,49.55,232.0,68.39,201.0,326.85,1.93,327.0,100800.0
1990-07-01 18:30:00+00:00,19.15,51.25,168.0,106.5,135.0,334.4,1.79,326.0,100780.0
1990-07-01 19:30:00+00:00,19.17,57.1,28.0,0.0,28.0,329.2,1.38,354.0,100740.0
1990-07-01 20:30:00+00:00,17.74,63.2,1.0,0.0,1.0,330.95,1.45,27.0,100740.0
1990-07-01 21:30:00+00:00,16.03,70.0,0.0,0.0,0.0,339.05,2.0,57.0,100800.0
1990-07-01 22:30:00+00:00,14.57,80.45,0.0,0.0,0.0,334.0,1.79,72.0,100820.0
1990-07-01 23:30:00+00:00,13.71,86.35,0.0,0.0,0.0,339.45,1.31,81.0,100800.0
1990-07-02 00:30:00+00:00,12.95,89.4,0.0,0.0,0.0,334.2,1.03,84.0,100800.0
1990-07-02 01:30:00+00:00,12.55,92.6,0.0,0.0,0.0,340.35,0.97,77.0,100770.0
1990-07-02 02:30:00+00:00,11.92,92.6,0.0,0.0,0.0,331.3,1.17,70.0,100760.0
1990-07-02 03:30:00+00:00,11.6,95.9,0.0,0.0,0.0,336.35,1.17,66.0,100720.0
1990-07-02 04:30:00+00:00,11.34,95.9,1.0,0.0,1.0,333.85,1.31,64.0,100700.0
1990-07-02 05:30:00+00:00,11.86,95.95,35.0,0.0,35.0,332.65,1.17,59.0,100670.0
1990-07-02 06:30:00+00:00,13.5,89.45,167.0,101.36,135.0,339.45,1.66,71.0,100690.0
1990-07-02 07:30:00+00:00,14.53,89.5,150.0,4.36,148.0,359.2,1.45,73.0,100730.0
1990-07-02 08:30:00+00:00,15.51,86.5,164.0,0.0,164.0,368.1,1.38,108.0,100730.0
1990-07-02 09:30:00+00:00,16.52,80.75,202.0,0.0,202.0,368.45,1.59,130.0,100750.0
1990-07-02 10:30:00+00:00,17.31,75.4,236.0,0.0,236.0,381.85,1.72,138.0,100720.0
1990-07-02 11:30:00+00:00,18.34,68.05,482.0,83.68,411.0,380.85,1.72,149.0,100690.0
1990-07-02 12:30:00+00:00,18.84,65.75,426.0,39.24,392.0,384.95,1.66,154.0,100660.0
1990-07-02 13:30:00+00:00,19.37,63.6,654.0,314.09,388.0,383.55,1.86,168.0,100640.0
1990-07-02 14:30:00+00:00,19.79,63.6,673.0,462.84,307.0,387.25,1.93,184.0,100620.0
1990-07-02 15:30:00+00:00,20.66,57.45,617.0,538.4,239.0,374.65,1.93,201.0,100610.0
1990-07-02 16:30:00+00:00,20.9,53.6,432.0,296.5,258.0,358.4,1.79,217.0,100580.0
1990-07-02 17:30:00+00:00,21.1,53.6,357.0,412.89,170.0,353.4,1.52,219.0,100530.0
1990-07-02 18:30:00+00:00,20.88,53.6,221.0,329.66,119.0,356.5,0.9,186.0,100500.0
1990-07-02 19:30:00+00:00,20.01,63.7,20.0,0.0,20.0,348.55,1.1,167.0,100490.0
1990-07-02 20:30:00+00:00,18.93,68.1,4.0,0.0,4.0,350.1,1.52,130.0,100460.0
1990-07-02 21:30:00+00:00,17.3,75.4,0.0,0.0,0.0,344.3,1.93,154.0,100500.0
1990-07-02 22:30:00+00:00,16.3,80.75,0.0,0.0,0.0,352.4,1.93,169.0,100480.0
1990-07-02 23:30:00+00:00,15.47,86.5,0.0,0.0,0.0,343.3,1.86,184.0,100460.0
1990-07-03 00:30:00+00:00,15.06,89.5,0.0,0.0,0.0,356.85,1.59,191.0,100410.0
1990-07-03 01:30:00+00:00,14.91,89.5,0.0,0.0,0.0,363.95,1.59,191.0,100390.0
1990-07-03 02:30:00+00:00,14.75,92.7,0.0,0.0,0.0,362.3,1.59,185.0,100390.0
1990-07-03 03:30:00+00:00,14.67,96.0,0.0,0.0,0.0,366.15,1.52,174.0,100350.0
1990-07-03 04:30:00+00:00,14.67,96.0,7.0,0.0,7.0,370.6,1.45,158.0,100310.0
1990-07-03 05:30:00+00:00,14.81,92.7,17.0,0.0,17.0,372.15,1.45,138.0,100280.0
1990-07-03 06:30:00+00:00,15.21,96.0,23.0,0.0,23.0,372.95,1.52,118.0,100270.0
1990-07-03 07:30:00+00:00,16.78,89.65,47.0,0.0,47.0,359.0,1.79,136.0,100260.0
1990-07-03 08:30:00+00:00,16.89,89.65,103.0,0.0,103.0,372.35,1.93,136.0,100260.0
1990-07-03 09:30:00+00:00,17.61,86.65,141.0,0.0,141.0,370.8,2.28,136.0,100220.0
1990-07-03 10:30:00+00:00,17.92,80.9,125.0,0.0,125.0,379.5,2.55,148.0,100170.0
1990-07-03 11:30:00+00:00,18.87,78.3,175.0,0.0,175.0,371.95,2.55,158.0,100150.0
1990-07-03 12:30:00+00:00,19.48,73.15,340.0,9.24,332.0,373.9,2.62,161.0,100090.0
1990-07-03 13:30:00+00:00,20.02,73.2,163.0,0.0,163.0,377.95,2.83,173.0,100060.0
1990-07-03 14:30:00+00:00,20.35,70.8,399.0,49.35,360.0,387.25,3.03,193.0,99990.0
1990-07-03 15:30:00+00:00,20.67,70.8,378.0,74.11,326.0,376.0,3.31,201.0,99950.0
1990-07-03 16:30:00+00:00,20.95,68.5,196.0,3.41,194.0,366.75,3.52,207.0,99890.0
1990-07-03 17:30:00+00:00,20.4,68.4,379.0,528.25,140.0,369.25,3.59,200.0,99880.0
1990-07-03 18:30:00+00:00,18.67,78.25,31.0,0.0,31.0,355.3,3.03,208.0,99910.0
1990-07-03 19:30:00+00:00,17.4,83.7,40.0,0.0,40.0,361.5,2.14,210.0,99980.0
1990-07-03 20:30:00+00:00,16.98,86.6,2.0,0.0,2.0,359.75,2.07,210.0,99970.0
1990-07-03 21:30:00+00:00,16.03,92.75,0.0,0.0,0.0,343.5,2.21,205.0,99970.0
1990-07-03 22:30:00+00:00,15.33,92.75,0.0,0.0,0.0,335.95,2.55,212.0,99970.0
1990-07-03 23:30:00+00:00,14.97,96.0,0.0,0.0,0.0,338.5,2.69,218.0,99960.0
1990-07-04 00:30:00+00:00,14.44,96.0,0.0,0.0,0.0,328.2,2.55,221.0,99930.0
1990-07-04 01:30:00+00:00,14.05,96.0,0.0,0.0,0.0,329.1,2.34,219.0,99920.0
1990-07-04 02:30:00+00:00,13.65,95.95,0.0,0.0,0.0,328.0,2.21,214.0,99880.0
1990-07-04 03:30:00+00:00,13.31,95.95,0.0,0.0,0.0,326.85,2.21,210.0,99880.0
1990-07-04 04:30:00+00:00,12.78,95.95,1.0,0.0,1.0,313.5,2.14,205.0,99860.0
1990-07-04 05:30:00+00:00,13.05,99.4,27.0,0.0,27.0,317.2,2.07,203.0,99860.0
1990-07-04 06:30:00+00:00,14.15,92.7,47.0,0.0,47.0,338.1,3.17,207.0,99870.0
1990-07-04 07:30:00+00:00,15.51,92.75,73.0,0.0,73.0,356.65,3.03,197.0,99790.0
1990-07-04 08:30:00+00:00,16.43,89.65,135.0,0.0,135.0,376.2,2.21,185.0,99770.0
1990-07-04 09:30:00+00:00,17.18,89.65,321.0,29.82,300.0,376.2,2.14,166.0,99740.0
1990-07-04 10:30:00+00:00,17.75,86.65,441.0,80.81,377.0,378.55,2.55,148.0,99700.0
1990-07-04 11:30:00+00:00,18.33,81.0,539.0,145.24,416.0,382.6,3.1,152.0,99670.0
1990-07-04 12:30:00+00:00,18.51,81.0,602.0,210.36,420.0,382.8,3.03,171.0,99600.0
1990-07-04 13:30:00+00:00,18.21,80.9,512.0,115.88,414.0,381.25,3.38,196.0,99550.0
1990-07-04 14:30:00+00:00,18.5,78.25,93.0,0.0,93.0,368.85,2.62,185.0,99540.0
1990-07-04 15:30:00+00:00,18.74,81.0,597.0,489.22,254.0,372.95,2.34,171.0,99490.0
1990-07-04 16:30:00+00:00,18.92,78.3,357.0,139.96,275.0,346.4,3.31,162.0,99440.0
1990-07-04 17:30:00+00:00,17.77,83.7,36.0,0.0,36.0,352.2,3.79,182.0,99450.0
1990-07-04 18:30:00+00:00,16.97,86.6,22.0,0.0,22.0,374.45,2.62,201.0,99430.0
1990-07-04 19:30:00+00:00,16.29,89.65,10.0,0.0,10.0,360.75,2.41,182.0,99420.0
1990-07-04 20:30:00+00:00,15.67,92.75,7.0,0.0,7.0,375.45,2.0,190.0,99420.0
1990-07-04 21:30:00+00:00,15.2,92.7,0.0,0.0,0.0,371.55,2.28,215.0,99420.0
1990-07-04 22:30:00+00:00,14.77,96.0,0.0,0.0,0.0,368.1,3.31,232.0,99420.0
1990-07-04 23:30:00+00:00,14.6,92.7,0.0,0.0,0.0,375.25,4.0,241.0,99400.0
1990-07-05 00:30:00+00:00,14.27,92.7,0.0,0.0,0.0,371.55,4.14,238.0,99430.0
1990-07-05 01:30:00+00:00,13.83,92.7,0.0,0.0,0.0,367.25,4.14,233.0,99440.0
1990-07-05 02:30:00+00:00,13.43,92.65,0.0,0.0,0.0,359.55,4.21,230.0,99440.0
1990-07-05 03:30:00+00:00,13.07,92.65,0.0,0.0,0.0,348.75,4.21,230.0,99420.0
1990-07-05 04:30:00+00:00,12.8,92.65,1.0,0.0,1.0,344.5,4.14,230.0,99410.0
1990-07-05 05:30:00+00:00,12.8,92.65,23.0,0.0,23.0,347.0,4.21,229.0,99420.0
1990-07-05 06:30:00+00:00,13.12,92.65,98.0,3.21,97.0,341.95,3.93,228.0,99400.0
1990-07-05 07:30:00+00:00,13.73,89.45,359.0,408.97,173.0,335.95,4.83,234.0,99430.0
1990-07-05 08:30:00+00:00,14.89,80.55,181.0,1.7,180.0,316.8,5.17,237.0,99480.0
1990-07-05 09:30:00+00:00,15.81,75.15,524.0,288.71,321.0,333.25,4.9,236.0,99490.0
1990-07-05 10:30:00+00:00,16.78,72.65,535.0,188.38,386.0,331.9,4.41,238.0,99470.0
1990-07-05 11:30:00+00:00,17.65,67.85,325.0,7.09,319.0,314.85,4.34,235.0,99470.0
1990-07-05 12:30:00+00:00,18.34,61.2,475.0,70.57,414.0,339.25,5.03,229.0,99470.0
1990-07-05 13:30:00+00:00,18.61,56.95,681.0,366.86,371.0,340.6,4.69,228.0,99420.0
1990-07-05 14:30:00+00:00,18.85,51.25,525.0,176.15,386.0,342.15,4.28,222.0,99380.0
1990-07-05 15:30:00+00:00,19.17,49.45,364.0,58.53,323.0,334.2,4.21,212.0,99360.0
1990-07-05 16:30:00+00:00,18.91,49.45,189.0,1.71,188.0,349.7,4.34,205.0,99340.0
1990-07-05 17:30:00+00:00,18.31,53.0,83.0,0.0,83.0,353.55,3.72,198.0,99300.0
1990-07-05 18:30:00+00:00,17.75,58.8,35.0,0.0,35.0,366.55,3.31,194.0,99270.0
1990-07-05 19:30:00+00:00,16.97,63.05,20.0,0.0,20.0,349.3,2.07,169.0,99120.0
1990-07-05 20:30:00+00:00,15.53,72.45,1.0,0.0,1.0,353.55,2.62,161.0,99100.0
1990-07-05 21:30:00+00:00,14.01,83.4,0.0,0.0,0.0,356.65,2.21,144.0,99100.0
1990-07-05 22:30:00+00:00,13.57,89.45,0.0,0.0,0.0,355.7,2.0,113.0,98970.0
1990-07-05 23:30:00+00:00,13.29,89.45,0.0,0.0,0.0,361.5,2.62,112.0,98890.0
1990-07-06 00:30:00+00:00,12.98,92.65,0.0,0.0,0.0,363.25,2.97,109.0,98760.0
1990-07-06 01:30:00+00:00,12.78,92.65,0.0,0.0,0.0,361.4,2.9,98.0,98620.0
1990-07-06 02:30:00+00:00,12.51,95.95,0.0,0.0,0.0,362.3,2.9,107.0,98490.0
1990-07-06 03:30:00+00:00,12.63,95.95,0.0,0.0,0.0,360.55,2.48,131.0,98410.0
1990-07-06 04:30:00+00:00,12.94,95.95,1.0,0.0,1.0,368.65,2.62,155.0,98360.0
1990-07-06 05:30:00+00:00,13.16,92.65,10.0,0.0,10.0,370.8,3.38,166.0,98330.0
1990-07-06 06:30:00+00:00,13.03,92.65,51.0,0.0,51.0,372.95,3.52,170.0,98320.0
1990-07-06 07:30:00+00:00,13.29,89.45,191.0,24.27,180.0,359.0,4.07,215.0,98400.0
1990-07-06 08:30:00+00:00,13.83,89.5,141.0,0.0,141.0,369.65,4.0,231.0,98400.0
1990-07-06 09:30:00+00:00,14.94,92.7,152.0,0.0,152.0,371.95,4.14,240.0,98430.0
1990-07-06 10:30:00+00:00,16.57,86.55,167.0,0.0,167.0,345.05,4.83,247.0,98490.0
1990-07-06 11:30:00+00:00,16.7,83.6,185.0,0.0,185.0,365.55,5.79,259.0,98600.0
1990-07-06 12:30:00+00:00,15.55,77.8,185.0,0.0,185.0,372.75,7.86,271.0,98690.0
1990-07-06 13:30:00+00:00,15.45,77.8,176.0,0.0,176.0,353.75,7.86,264.0,98840.0
1990-07-06 14:30:00+00:00,16.92,63.05,268.0,2.54,266.0,352.4,7.45,260.0,98950.0
1990-07-06 15:30:00+00:00,18.01,54.85,587.0,454.37,269.0,344.5,6.83,256.0,99010.0
1990-07-06 16:30:00+00:00,17.71,56.75,319.0,83.82,270.0,344.5,6.55,248.0,99090.0
1990-07-06 17:30:00+00:00,16.8,67.75,124.0,0.0,124.0,354.55,4.83,234.0,99130.0
1990-07-06 18:30:00+00:00,16.17,75.15,60.0,0.0,60.0,362.5,4.69,225.0,99170.0
1990-07-06 19:30:00+00:00,15.64,75.1,69.0,55.22,60.0,333.85,5.79,222.0,99210.0
1990-07-06 20:30:00+00:00,15.14,77.75,1.0,0.0,1.0,348.75,5.1,213.0,99260.0
1990-07-06 21:30:00+00:00,14.68,80.45,0.0,0.0,0.0,352.4,5.1,206.0,99310.0
1990-07-06 22:30:00+00:00,14.35,80.45,0.0,0.0,0.0,351.45,5.1,204.0,99350.0
1990-07-06 23:30:00+00:00,14.01,83.4,0.0,0.0,0.0,355.9,4.9,207.0,99380.0
1990-07-07 00:30:00+00:00,13.87,83.4,0.0,0.0,0.0,355.9,4.62,210.0,99400.0
1990-07-07 01:30:00+00:00,14.15,86.4,0.0,0.0,0.0,376.15,4.41,214.0,99430.0
1990-07-07 02:30:00+00:00,14.19,86.4,0.0,0.0,0.0,375.45,4.21,217.0,99450.0
1990-07-07 03:30:00+00:00,14.13,89.5,0.0,0.0,0.0,377.75,3.86,219.0,99470.0
1990-07-07 04:30:00+00:00,13.98,89.5,1.0,0.0,1.0,374.1,3.59,221.0,99530.0
1990-07-07 05:30:00+00:00,13.94,89.5,12.0,0.0,12.0,368.1,3.38,222.0,99590.0
1990-07-07 06:30:00+00:00,14.27,92.7,191.0,194.91,131.0,360.35,3.52,223.0,99660.0
1990-07-07 07:30:00+00:00,15.19,92.7,277.0,159.41,205.0,353.0,4.34,226.0,99760.0
1990-07-07 08:30:00+00:00,16.27,89.6,386.0,194.66,272.0,352.8,4.21,231.0,99830.0
1990-07-07 09:30:00+00:00,17.28,86.6,485.0,221.25,330.0,336.15,4.07,234.0,99890.0
1990-07-07 10:30:00+00:00,18.34,78.25,399.0,49.45,360.0,338.5,3.86,232.0,99940.0
1990-07-07 11:30:00+00:00,19.4,75.7,124.0,0.0,124.0,348.95,3.72,225.0,99970.0
1990-07-07 12:30:00+00:00,20.13,70.7,831.0,714.08,215.0,374.45,3.45,225.0,100010.0
1990-07-07 13:30:00+00:00,18.84,70.55,147.0,0.0,147.0,370.0,4.0,225.0,100040.0
1990-07-07 14:30:00+00:00,18.81,75.65,605.0,319.93,353.0,353.4,4.07,224.0,100090.0
1990-07-07 15:30:00+00:00,18.79,78.25,469.0,194.53,333.0,378.55,3.17,228.0,100120.0
1990-07-07 16:30:00+00:00,19.71,73.15,84.0,0.0,84.0,352.8,3.86,234.0,100140.0
1990-07-07 17:30:00+00:00,19.13,75.65,52.0,0.0,52.0,348.35,3.59,236.0,100170.0
1990-07-07 18:30:00+00:00,17.61,80.85,44.0,0.0,44.0,353.2,2.97,266.0,100290.0
1990-07-07 19:30:00+00:00,16.8,83.65,31.0,0.0,31.0,360.35,1.45,251.0,100350.0
1990-07-07 20:30:00+00:00,16.25,89.6,1.0,0.0,1.0,361.9,1.66,243.0,100410.0
1990-07-07 21:30:00+00:00,15.49,92.75,0.0,0.0,0.0,355.9,2.07,261.0,100470.0
1990-07-07 22:30:00+00:00,14.99,92.7,0.0,0.0,0.0,353.2,2.34,269.0,100520.0
1990-07-07 23:30:00+00:00,14.24,92.7,0.0,0.0,0.0,333.45,2.41,281.0,100580.0
1990-07-08 00:30:00+00:00,13.62,89.45,0.0,0.0,0.0,327.45,2.41,290.0,100610.0
1990-07-08 01:30:00+00:00,13.25,92.65,0.0,0.0,0.0,331.4,2.21,290.0,100660.0
1990-07-08 02:30:00+00:00,12.7,92.6,0.0,0.0,0.0,321.65,2.14,283.0,100680.0
1990-07-08 03:30:00+00:00,12.24,92.6,0.0,0.0,0.0,318.95,2.14,280.0,100700.0
1990-07-08 04:30:00+00:00,11.98,92.6,1.0,0.0,1.0,320.1,2.34,279.0,100720.0
1990-07-08 05:30:00+00:00,12.33,89.4,30.0,0.0,30.0,315.65,2.41,284.0,100750.0
1990-07-08 06:30:00+00:00,13.55,89.45,201.0,241.79,127.0,316.4,2.34,288.0,100800.0
1990-07-08 07:30:00+00:00,15.14,89.5,390.0,577.78,130.0,330.55,2.21,286.0,100880.0
1990-07-08 08:30:00+00:00,16.66,80.75,554.0,731.04,127.0,327.25,2.34,294.0,100890.0
1990-07-08 09:30:00+00:00,17.72,72.8,586.0,453.37,269.0,332.85,2.28,292.0,100920.0
1990-07-08 10:30:00+00:00,18.32,65.65,255.0,1.27,254.0,336.75,2.28,284.0,100930.0
1990-07-08 11:30:00+00:00,19.33,61.4,486.0,91.35,409.0,351.85,2.62,285.0,100940.0
1990-07-08 12:30:00+00:00,19.81,61.4,340.0,9.28,332.0,353.0,2.48,287.0,100930.0
1990-07-08 13:30:00+00:00,19.97,59.35,579.0,197.02,413.0,367.3,2.28,285.0,100940.0
1990-07-08 14:30:00+00:00,20.2,59.35,685.0,503.28,289.0,365.4,2.21,284.0,100960.0
1990-07-08 15:30:00+00:00,20.58,57.45,503.0,256.34,324.0,346.0,2.21,282.0,100990.0
1990-07-08 16:30:00+00:00,20.53,57.45,175.0,0.0,175.0,352.6,2.14,284.0,100990.0
1990-07-08 17:30:00+00:00,20.24,59.35,184.0,22.28,174.0,357.65,1.93,293.0,100990.0
1990-07-08 18:30:00+00:00,19.75,63.6,175.0,144.38,131.0,367.5,1.66,299.0,101010.0
1990-07-08 19:30:00+00:00,18.7,75.55,62.0,37.31,56.0,350.85,1.38,298.0,101050.0
1990-07-08 20:30:00+00:00,17.89,78.15,1.0,0.0,1.0,347.0,1.79,321.0,101080.0
1990-07-08 21:30:00+00:00,17.06,83.65,0.0,0.0,0.0,363.85,2.0,331.0,101120.0
1990-07-08 22:30:00+00:00,16.48,83.6,0.0,0.0,0.0,366.55,2.0,334.0,101190.0
1990-07-08 23:30:00+00:00,15.7,86.5,0.0,0.0,0.0,355.7,2.0,331.0,101190.0
1990-07-09 00:30:00+00:00,15.11,89.5,0.0,0.0,0.0,355.7,1.93,324.0,101200.0
1990-07-09 01:30:00+00:00,14.56,89.5,0.0,0.0,0.0,350.8,1.93,324.0,101210.0
1990-07-09 02:30:00+00:00,13.91,86.4,0.0,0.0,0.0,339.85,1.93,327.0,101190.0
1990-07-09 03:30:00+00:00,13.38,86.35,0.0,0.0,0.0,335.2,1.93,329.0,101160.0
1990-07-09 04:30:00+00:00,12.83,89.4,3.0,0.0,3.0,326.1,1.86,331.0,101140.0
1990-07-09 05:30:00+00:00,12.74,92.6,109.0,349.83,53.0,315.65,1.66,333.0,101140.0
1990-07-09 06:30:00+00:00,14.09,86.4,239.0,470.11,96.0,317.95,1.45,337.0,101160.0
1990-07-09 07:30:00+00:00,15.69,83.5,398.0,638.0,112.0,345.45,1.59,339.0,101210.0
1990-07-09 08:30:00+00:00,16.84,75.3,528.0,636.88,157.0,336.35,1.31,349.0,101210.0
1990-07-09 09:30:00+00:00,17.92,70.35,609.0,531.68,238.0,351.85,0.76,12.0,101210.0
1990-07-09 10:30:00+00:00,18.71,68.05,604.0,319.25,353.0,359.95,0.07,119.0,101180.0
1990-07-09 11:30:00+00:00,19.62,65.85,457.0,68.9,399.0,357.05,0.9,181.0,101160.0
1990-07-09 12:30:00+00:00,19.93,63.7,172.0,0.0,172.0,361.9,1.45,187.0,101120.0
1990-07-09 13:30:00+00:00,20.39,61.6,540.0,149.71,414.0,358.2,1.86,200.0,101100.0
1990-07-09 14:30:00+00:00,20.54,66.05,539.0,203.58,379.0,363.45,1.79,208.0,101070.0
1990-07-09 15:30:00+00:00,20.94,63.9,352.0,53.05,315.0,373.5,1.59,225.0,101030.0
1990-07-09 16:30:00+00:00,20.82,66.05,115.0,0.0,115.0,374.85,1.24,239.0,100990.0
1990-07-09 17:30:00+00:00,20.61,66.05,60.0,0.0,60.0,364.0,1.24,245.0,100950.0
1990-07-09 18:30:00+00:00,18.81,73.05,34.0,0.0,34.0,362.5,1.86,230.0,100940.0
1990-07-09 19:30:00+00:00,17.9,78.15,29.0,0.0,29.0,373.5,0.55,140.0,100960.0
1990-07-09 20:30:00+00:00,17.25,86.6,1.0,0.0,1.0,369.45,1.17,96.0,100950.0
1990-07-09 21:30:00+00:00,16.47,89.65,0.0,0.0,0.0,369.65,1.45,94.0,100970.0
1990-07-09 22:30:00+00:00,15.7,96.0,0.0,0.0,0.0,359.2,1.38,99.0,100950.0
1990-07-09 23:30:00+00:00,15.09,99.4,0.0,0.0,0.0,347.95,1.24,84.0,100920.0
1990-07-10 00:30:00+00:00,14.69,99.35,0.0,0.0,0.0,347.4,1.52,68.0,100860.0
1990-07-10 01:30:00+00:00,14.21,99.35,0.0,0.0,0.0,339.15,1.45,80.0,100830.0
1990-07-10 02:30:00+00:00,13.98,96.0,0.0,0.0,0.0,350.3,0.9,101.0,100770.0
1990-07-10 03:30:00+00:00,14.16,99.35,0.0,0.0,0.0,341.95,0.28,147.0,100740.0
1990-07-10 04:30:00+00:00,13.99,96.0,1.0,0.0,1.0,350.1,0.48,338.0,100690.0
1990-07-10 05:30:00+00:00,13.84,96.0,15.0,0.0,15.0,359.0,0.62,1.0,100660.0
1990-07-10 06:30:00+00:00,14.85,99.4,82.0,0.0,82.0,360.55,0.83,35.0,100640.0
1990-07-10 07:30:00+00:00,15.46,99.4,272.0,156.78,202.0,386.1,0.83,137.0,100660.0
1990-07-10 08:30:00+00:00,15.68,99.4,295.0,60.25,260.0,391.1,0.97,158.0,100650.0
1990-07-10 09:30:00+00:00,16.54,92.8,338.0,41.65,309.0,387.85,1.31,167.0,100630.0
1990-07-10 10:30:00+00:00,16.94,89.65,481.0,126.13,382.0,382.6,1.38,184.0,100620.0
1990-07-10 11:30:00+00:00,17.2,86.6,639.0,302.18,385.0,387.05,1.24,187.0,100630.0
1990-07-10 12:30:00+00:00,18.13,80.9,679.0,346.68,381.0,375.85,1.1,168.0,100580.0
1990-07-10 13:30:00+00:00,18.72,78.25,478.0,86.84,405.0,368.1,1.38,146.0,100540.0
1990-07-10 14:30:00+00:00,19.21,75.65,618.0,352.88,341.0,356.1,1.72,146.0,100540.0
1990-07-10 15:30:00+00:00,19.66,70.65,551.0,371.9,292.0,362.65,1.72,153.0,100510.0
1990-07-10 16:30:00+00:00,19.7,68.2,478.0,454.37,214.0,365.55,1.72,169.0,100500.0
1990-07-10 17:30:00+00:00,19.55,65.85,408.0,687.36,101.0,359.2,2.0,174.0,100470.0
1990-07-10 18:30:00+00:00,19.31,65.75,239.0,482.78,93.0,353.55,2.0,182.0,100480.0
1990-07-10 19:30:00+00:00,18.55,70.45,87.0,170.68,60.0,362.1,1.59,176.0,100540.0
1990-07-10 20:30:00+00:00,17.53,75.4,0.0,0.0,0.0,330.75,1.79,188.0,100570.0
1990-07-10 21:30:00+00:00,16.22,83.55,0.0,0.0,0.0,329.95,1.93,190.0,100590.0
1990-07-10 22:30:00+00:00,15.21,89.5,0.0,0.0,0.0,328.4,1.93,198.0,100610.0
1990-07-10 23:30:00+00:00,14.53,89.5,0.0,0.0,0.0,331.7,1.86,199.0,100590.0
1990-07-11 00:30:00+00:00,13.87,89.5,0.0,0.0,0.0,325.5,2.0,205.0,100580.0
1990-07-11 01:30:00+00:00,13.39,89.45,0.0,0.0,0.0,323.9,2.07,210.0,100570.0
1990-07-11 02:30:00+00:00,13.01,92.65,0.0,0.0,0.0,324.15,1.93,202.0,100570.0
1990-07-11 03:30:00+00:00,12.5,92.6,0.0,0.0,0.0,317.55,1.86,179.0,100540.0
1990-07-11 04:30:00+00:00,12.13,95.95,0.0,0.0,0.0,316.8,2.07,180.0,100560.0
1990-07-11 05:30:00+00:00,12.38,92.6,82.0,141.1,60.0,314.5,1.86,189.0,100560.0
1990-07-11 06:30:00+00:00,13.83,89.5,216.0,346.37,112.0,322.2,1.79,188.0,100570.0
1990-07-11 07:30:00+00:00,15.5,89.55,347.0,404.83,167.0,332.3,2.07,178.0,100590.0
1990-07-11 08:30:00+00:00,16.94,83.65,197.0,3.45,195.0,341.95,2.69,178.0,100600.0
1990-07-11 09:30:00+00:00,18.1,75.45,171.0,0.0,171.0,347.4,3.17,183.0,100580.0
1990-07-11 10:30:00+00:00,18.06,75.45,123.0,0.0,123.0,358.0,3.38,182.0,100550.0
1990-07-11 11:30:00+00:00,18.7,70.45,324.0,7.15,318.0,357.65,3.86,178.0,100540.0
1990-07-11 12:30:00+00:00,18.91,68.1,313.0,4.66,309.0,373.3,3.79,177.0,100510.0
1990-07-11 13:30:00+00:00,19.15,68.1,382.0,25.01,361.0,374.3,3.66,182.0,100500.0
1990-07-11 14:30:00+00:00,19.59,65.85,364.0,30.62,340.0,371.75,3.52,183.0,100470.0
1990-07-11 15:30:00+00:00,19.99,61.5,121.0,0.0,121.0,373.5,3.31,179.0,100430.0
1990-07-11 16:30:00+00:00,19.92,61.5,263.0,32.76,244.0,372.35,3.1,178.0,100400.0
1990-07-11 17:30:00+00:00,19.06,70.55,249.0,107.76,201.0,383.0,2.34,179.0,100370.0
1990-07-11 18:30:00+00:00,18.49,75.55,31.0,0.0,31.0,366.15,1.86,177.0,100350.0
1990-07-11 19:30:00+00:00,17.83,75.45,9.0,0.0,9.0,360.75,2.0,183.0,100320.0
1990-07-11 20:30:00+00:00,16.51,89.65,0.0,0.0,0.0,369.65,1.45,142.0,100350.0
1990-07-11 21:30:00+00:00,15.89,92.75,0.0,0.0,0.0,372.95,1.31,129.0,100350.0
1990-07-11 22:30:00+00:00,15.37,92.75,0.0,0.0,0.0,373.5,1.45,174.0,100360.0
1990-07-11 23:30:00+00:00,15.15,96.0,0.0,0.0,0.0,374.3,1.45,197.0,100360.0
1990-07-12 00:30:00+00:00,14.88,96.0,0.0,0.0,0.0,371.55,1.17,212.0,100330.0
1990-07-12 01:30:00+00:00,14.53,99.35,0.0,0.0,0.0,365.3,0.97,217.0,100310.0
1990-07-12 02:30:00+00:00,14.22,96.0,0.0,0.0,0.0,359.95,0.48,198.0,100260.0
1990-07-12 03:30:00+00:00,14.16,96.0,0.0,0.0,0.0,352.2,0.34,146.0,100230.0
1990-07-12 04:30:00+00:00,13.27,95.95,0.0,0.0,0.0,344.65,0.83,160.0,100220.0
1990-07-12 05:30:00+00:00,13.32,95.95,12.0,0.0,12.0,348.75,0.69,192.0,100200.0
1990-07-12 06:30:00+00:00,14.42,99.35,32.0,0.0,32.0,349.5,0.69,204.0,100180.0
1990-07-12 07:30:00+00:00,14.84,96.0,59.0,0.0,59.0,370.0,1.45,223.0,100190.0
1990-07-12 08:30:00+00:00,15.15,96.0,289.0,57.15,256.0,365.2,1.79,254.0,100190.0
1990-07-12 09:30:00+00:00,15.59,89.55,314.0,28.85,294.0,371.2,2.34,264.0,100200.0
1990-07-12 10:30:00+00:00,16.07,86.5,354.0,26.85,333.0,370.2,2.55,290.0,100200.0
1990-07-12 11:30:00+00:00,16.89,80.8,553.0,170.64,410.0,376.4,2.28,315.0,100180.0
1990-07-12 12:30:00+00:00,17.36,78.1,523.0,120.16,420.0,378.35,1.86,338.0,100200.0
1990-07-12 13:30:00+00:00,17.61,83.7,156.0,0.0,156.0,385.9,2.41,348.0,100140.0
1990-07-12 14:30:00+00:00,18.61,81.0,180.0,0.0,180.0,378.15,2.28,9.0,100120.0
1990-07-12 15:30:00+00:00,19.0,75.65,211.0,0.0,211.0,383.95,1.86,25.0,100130.0
1990-07-12 16:30:00+00:00,17.96,80.9,309.0,77.76,264.0,387.85,1.17,31.0,100150.0
1990-07-12 17:30:00+00:00,17.67,83.7,237.0,90.06,197.0,366.55,1.38,21.0,100150.0
1990-07-12 18:30:00+00:00,17.43,83.7,128.0,40.04,116.0,372.55,1.31,357.0,100180.0
1990-07-12 19:30:00+00:00,17.34,80.85,14.0,0.0,14.0,368.5,1.66,5.0,100230.0
1990-07-12 20:30:00+00:00,16.62,86.55,0.0,0.0,0.0,359.0,2.0,342.0,100270.0
1990-07-12 21:30:00+00:00,15.74,92.75,0.0,0.0,0.0,352.4,1.86,347.0,100340.0
1990-07-12 22:30:00+00:00,14.91,92.7,0.0,0.0,0.0,340.0,1.79,347.0,100370.0
1990-07-12 23:30:00+00:00,14.31,96.0,0.0,0.0,0.0,340.8,1.79,336.0,100390.0
1990-07-13 00:30:00+00:00,13.79,92.7,0.0,0.0,0.0,335.95,2.07,331.0,100390.0
1990-07-13 01:30:00+00:00,13.36,95.95,0.0,0.0,0.0,322.35,2.28,332.0,100410.0
1990-07-13 02:30:00+00:00,13.45,95.95,0.0,0.0,0.0,336.55,2.34,340.0,100430.0
1990-07-13 03:30:00+00:00,13.52,95.95,0.0,0.0,0.0,339.05,2.41,343.0,100430.0
1990-07-13 04:30:00+00:00,13.89,96.0,0.0,0.0,0.0,360.95,2.55,345.0,100440.0
1990-07-13 05:30:00+00:00,14.41,96.0,98.0,303.7,52.0,375.45,3.66,349.0,100450.0
1990-07-13 06:30:00+00:00,14.88,92.7,111.0,16.89,106.0,381.25,4.21,357.0,100490.0
1990-07-13 07:30:00+00:00,15.31,92.75,125.0,0.0,125.0,386.65,3.79,8.0,100600.0
1990-07-13 08:30:00+00:00,15.33,96.0,119.0,0.0,119.0,385.7,3.38,359.0,100640.0
1990-07-13 09:30:00+00:00,15.7,96.0,243.0,4.34,240.0,380.3,3.79,350.0,100650.0
1990-07-13 10:30:00+00:00,16.4,86.55,297.0,7.69,291.0,378.15,4.41,352.0,100660.0
1990-07-13 11:30:00+00:00,18.16,78.15,199.0,0.0,199.0,371.4,4.48,356.0,100650.0
1990-07-13 12:30:00+00:00,19.0,70.55,218.0,0.0,218.0,377.55,4.83,355.0,100640.0
1990-07-13 13:30:00+00:00,19.92,63.7,622.0,277.12,390.0,381.25,5.1,351.0,100630.0
1990-07-13 14:30:00+00:00,20.02,61.5,394.0,48.62,356.0,389.0,4.62,358.0,100640.0
1990-07-13 15:30:00+00:00,19.98,61.5,425.0,134.2,332.0,388.0,3.93,11.0,100710.0
1990-07-13 16:30:00+00:00,19.57,65.85,362.0,159.32,270.0,387.45,3.31,16.0,100700.0
1990-07-13 17:30:00+00:00,19.36,65.85,249.0,110.67,200.0,371.2,3.03,15.0,100700.0
1990-07-13 18:30:00+00:00,19.15,68.1,161.0,117.38,126.0,340.8,2.9,8.0,100720.0
1990-07-13 19:30:00+00:00,19.31,73.05,40.0,6.51,39.0,364.0,2.55,345.0,100700.0
1990-07-13 20:30:00+00:00,18.08,78.15,0.0,0.0,0.0,353.75,2.34,344.0,100760.0
1990-07-13 21:30:00+00:00,16.72,86.55,0.0,0.0,0.0,345.65,2.28,338.0,100830.0
1990-07-13 22:30:00+00:00,15.83,89.6,0.0,0.0,0.0,350.65,2.48,318.0,100870.0
1990-07-13 23:30:00+00:00,15.27,96.0,0.0,0.0,0.0,349.7,2.69,308.0,100850.0
1990-07-14 00:30:00+00:00,14.69,96.0,0.0,0.0,0.0,338.5,2.76,303.0,100830.0
1990-07-14 01:30:00+00:00,14.02,96.0,0.0,0.0,0.0,317.9,2.9,302.0,100840.0
1990-07-14 02:30:00+00:00,13.72,95.95,0.0,0.0,0.0,321.05,2.83,308.0,100820.0
1990-07-14 03:30:00+00:00,13.29,92.65,0.0,0.0,0.0,310.2,2.9,311.0,100830.0
1990-07-14 04:30:00+00:00,13.2,95.95,0.0,0.0,0.0,323.0,2.9,312.0,100850.0
1990-07-14 05:30:00+00:00,13.4,95.95,100.0,335.28,50.0,324.75,3.17,311.0,100870.0
1990-07-14 06:30:00+00:00,14.5,96.0,241.0,530.85,85.0,341.95,4.41,316.0,100850.0
1990-07-14 07:30:00+00:00,15.77,89.55,378.0,565.31,130.0,364.4,4.9,324.0,100910.0
1990-07-14 08:30:00+00:00,16.73,86.55,555.0,763.4,117.0,376.6,4.76,325.0,100930.0
1990-07-14 09:30:00+00:00,17.93,78.15,660.0,719.03,164.0,375.05,4.9,327.0,100930.0
1990-07-14 10:30:00+00:00,18.65,75.55,762.0,750.96,177.0,383.4,4.76,329.0,100940.0
1990-07-14 11:30:00+00:00,19.34,70.65,748.0,541.18,296.0,382.2,4.48,329.0,100960.0
1990-07-14 12:30:00+00:00,20.0,68.3,564.0,163.82,424.0,380.1,4.41,324.0,100950.0
1990-07-14 13:30:00+00:00,20.73,66.05,739.0,518.0,306.0,383.95,4.41,321.0,100960.0
1990-07-14 14:30:00+00:00,20.79,66.05,780.0,809.9,148.0,383.2,4.41,318.0,100960.0
1990-07-14 15:30:00+00:00,20.89,61.7,681.0,786.45,137.0,374.85,4.55,315.0,100970.0
1990-07-14 16:30:00+00:00,20.76,63.8,539.0,697.82,137.0,381.85,4.83,310.0,100980.0
1990-07-14 17:30:00+00:00,20.14,65.95,409.0,702.48,99.0,376.6,5.24,307.0,100990.0
1990-07-14 18:30:00+00:00,18.92,68.1,251.0,579.99,79.0,359.0,5.1,303.0,101000.0
1990-07-14 19:30:00+00:00,18.05,72.9,89.0,210.91,57.0,335.95,5.03,304.0,101020.0
1990-07-14 20:30:00+00:00,16.54,77.95,0.0,0.0,0.0,324.55,4.62,304.0,101050.0
1990-07-14 21:30:00+00:00,15.29,80.6,0.0,0.0,0.0,315.05,4.34,306.0,101110.0
1990-07-14 22:30:00+00:00,14.69,86.4,0.0,0.0,0.0,320.1,3.93,310.0,101140.0
1990-07-14 23:30:00+00:00,14.17,86.4,0.0,0.0,0.0,311.95,3.66,315.0,101150.0
1990-07-15 00:30:00+00:00,13.98,86.4,0.0,0.0,0.0,313.3,3.52,316.0,101160.0
1990-07-15 01:30:00+00:00,13.85,86.4,0.0,0.0,0.0,312.65,3.31,317.0,101190.0
1990-07-15 02:30:00+00:00,13.66,89.45,0.0,0.0,0.0,313.1,2.9,315.0,101200.0
1990-07-15 03:30:00+00:00,13.43,89.45,0.0,0.0,0.0,314.5,2.76,312.0,101210.0
1990-07-15 04:30:00+00:00,13.22,92.65,0.0,0.0,0.0,312.15,2.9,310.0,101200.0
1990-07-15 05:30:00+00:00,13.72,92.65,72.0,109.04,56.0,318.15,3.1,315.0,101230.0
1990-07-15 06:30:00+00:00,14.88,89.5,219.0,401.22,102.0,323.75,3.1,321.0,101260.0
1990-07-15 07:30:00+00:00,16.67,83.6,209.0,50.39,187.0,339.85,5.17,335.0,101290.0
1990-07-15 08:30:00+00:00,17.42,78.1,250.0,26.23,235.0,353.0,4.97,345.0,101300.0
1990-07-15 09:30:00+00:00,18.39,72.95,349.0,52.32,313.0,350.85,4.48,354.0,101350.0
1990-07-15 10:30:00+00:00,19.14,70.55,371.0,34.73,344.0,378.55,4.07,358.0,101330.0
1990-07-15 11:30:00+00:00,19.65,70.65,411.0,40.78,377.0,391.9,4.0,4.0,101370.0
1990-07-15 12:30:00+00:00,19.96,68.3,659.0,314.1,391.0,394.0,3.86,11.0,101420.0
1990-07-15 13:30:00+00:00,20.55,66.05,655.0,337.9,373.0,395.95,4.21,15.0,101400.0
1990-07-15 14:30:00+00:00,20.83,68.4,673.0,491.65,290.0,394.8,4.41,17.0,101440.0
1990-07-15 15:30:00+00:00,21.0,63.9,646.0,672.13,182.0,395.75,4.41,19.0,101470.0
1990-07-15 16:30:00+00:00,20.83,66.15,546.0,736.14,123.0,388.4,4.07,22.0,101510.0
1990-07-15 17:30:00+00:00,20.71,66.05,396.0,657.23,107.0,353.4,3.79,24.0,101520.0
1990-07-15 18:30:00+00:00,20.1,68.3,245.0,552.84,82.0,341.95,3.38,31.0,101550.0
1990-07-15 19:30:00+00:00,19.61,70.65,85.0,186.86,57.0,348.75,2.83,42.0,101550.0
1990-07-15 20:30:00+00:00,17.81,75.45,0.0,0.0,0.0,327.65,2.62,47.0,101600.0
1990-07-15 21:30:00+00:00,15.9,83.55,0.0,0.0,0.0,319.9,2.55,51.0,101670.0
1990-07-15 22:30:00+00:00,14.52,89.5,0.0,0.0,0.0,313.9,2.21,45.0,101680.0
1990-07-15 23:30:00+00:00,13.51,86.35,0.0,0.0,0.0,308.85,1.86,35.0,101730.0
1990-07-16 00:30:00+00:00,12.55,92.6,0.0,0.0,0.0,305.2,1.59,29.0,101700.0
1990-07-16 01:30:00+00:00,11.55,92.55,0.0,0.0,0.0,302.95,1.38,10.0,101690.0
1990-07-16 02:30:00+00:00,10.94,92.55,0.0,0.0,0.0,301.9,1.45,343.0,101720.0
1990-07-16 03:30:00+00:00,10.44,95.9,0.0,0.0,0.0,301.5,1.52,320.0,101710.0
1990-07-16 04:30:00+00:00,10.02,95.9,0.0,0.0,0.0,300.95,1.66,301.0,101690.0
1990-07-16 05:30:00+00:00,10.38,95.9,86.0,228.75,53.0,302.65,1.52,295.0,101710.0
1990-07-16 06:30:00+00:00,13.61,92.65,228.0,483.94,88.0,307.5,1.45,302.0,101720.0
1990-07-16 07:30:00+00:00,16.96,86.6,390.0,653.69,106.0,324.95,2.21,312.0,101770.0
1990-07-16 08:30:00+00:00,18.82,75.65,540.0,735.28,121.0,330.95,2.76,325.0,101780.0
1990-07-16 09:30:00+00:00,20.51,70.8,670.0,781.06,134.0,336.55,3.1,340.0,101790.0
1990-07-16 10:30:00+00:00,21.88,68.7,778.0,827.61,136.0,343.3,3.17,353.0,101780.0
1990-07-16 11:30:00+00:00,23.14,62.15,840.0,836.35,144.0,348.35,3.45,5.0,101820.0
1990-07-16 12:30:00+00:00,24.01,58.2,878.0,878.17,130.0,360.15,3.45,11.0,101800.0
1990-07-16 13:30:00+00:00,24.34,58.2,750.0,566.53,278.0,374.65,3.1,13.0,101810.0
1990-07-16 14:30:00+00:00,24.45,56.35,684.0,531.13,271.0,409.5,2.69,10.0,101790.0
1990-07-16 15:30:00+00:00,24.13,58.2,640.0,666.29,181.0,408.55,2.28,0.0,101820.0
1990-07-16 16:30:00+00:00,23.85,62.25,435.0,336.78,242.0,412.4,2.21,340.0,101830.0
1990-07-16 17:30:00+00:00,23.71,62.25,333.0,369.81,171.0,399.05,2.69,333.0,101820.0
1990-07-16 18:30:00+00:00,23.43,62.25,188.0,228.65,121.0,380.45,2.62,330.0,101830.0
1990-07-16 19:30:00+00:00,22.83,68.75,63.0,60.87,54.0,353.2,2.21,337.0,101830.0
1990-07-16 20:30:00+00:00,21.17,75.95,0.0,0.0,0.0,347.55,2.14,348.0,101900.0
1990-07-16 21:30:00+00:00,19.31,83.85,0.0,0.0,0.0,341.0,2.07,2.0,101950.0
1990-07-16 22:30:00+00:00,17.68,89.7,0.0,0.0,0.0,335.95,1.72,8.0,101970.0
1990-07-16 23:30:00+00:00,16.64,92.8,0.0,0.0,0.0,333.25,1.1,13.0,102000.0
1990-07-17 00:30:00+00:00,16.69,92.8,0.0,0.0,0.0,330.15,0.48,22.0,102000.0
1990-07-17 01:30:00+00:00,16.26,96.0,0.0,0.0,0.0,329.3,0.28,337.0,102000.0
1990-07-17 02:30:00+00:00,15.55,96.0,0.0,0.0,0.0,329.2,0.83,309.0,102000.0
1990-07-17 03:30:00+00:00,13.67,99.4,0.0,0.0,0.0,328.4,1.52,311.0,101990.0
1990-07-17 04:30:00+00:00,12.96,99.4,0.0,0.0,0.0,324.15,1.79,310.0,101960.0
1990-07-17 05:30:00+00:00,13.15,99.4,86.0,246.96,51.0,324.15,1.52,307.0,101970.0
1990-07-17 06:30:00+00:00,16.13,96.0,226.0,484.47,87.0,326.1,1.1,310.0,101990.0
1990-07-17 07:30:00+00:00,19.06,83.85,388.0,654.72,105.0,332.85,0.69,320.0,102020.0
1990-07-17 08:30:00+00:00,20.9,73.35,530.0,706.22,129.0,339.65,0.69,330.0,102050.0
1990-07-17 09:30:00+00:00,22.24,68.7,669.0,781.72,134.0,345.45,0.83,344.0,102040.0
1990-07-17 10:30:00+00:00,23.31,66.55,773.0,816.53,141.0,350.85,1.17,354.0,102020.0
1990-07-17 11:30:00+00:00,24.23,62.35,835.0,825.92,149.0,354.55,1.31,1.0,102000.0
1990-07-17 12:30:00+00:00,25.0,60.35,894.0,922.08,110.0,359.4,1.17,1.0,101950.0
1990-07-17 13:30:00+00:00,25.71,58.45,863.0,895.79,118.0,362.5,1.24,353.0,101920.0
1990-07-17 14:30:00+00:00,26.24,56.6,771.0,806.59,145.0,368.65,1.38,341.0,101880.0
1990-07-17 15:30:00+00:00,26.65,54.8,686.0,824.91,119.0,369.85,1.66,332.0,101870.0
1990-07-17 16:30:00+00:00,26.71,54.8,540.0,727.97,124.0,368.5,1.86,324.0,101810.0
1990-07-17 17:30:00+00:00,26.58,54.8,383.0,618.84,113.0,368.1,2.21,320.0,101780.0
1990-07-17 18:30:00+00:00,25.98,58.55,194.0,264.51,117.0,371.4,2.34,315.0,101780.0
1990-07-17 19:30:00+00:00,24.61,64.6,74.0,130.33,55.0,357.25,2.21,316.0,101780.0
1990-07-17 20:30:00+00:00,22.59,71.15,0.0,0.0,0.0,351.85,2.69,316.0,101780.0
1990-07-17 21:30:00+00:00,20.6,75.85,0.0,0.0,0.0,343.9,2.83,320.0,101800.0
1990-07-17 22:30:00+00:00,19.27,78.3,0.0,0.0,0.0,337.1,2.69,321.0,101790.0
1990-07-17 23:30:00+00:00,18.17,80.9,0.0,0.0,0.0,329.75,2.48,321.0,101780.0
1990-07-18 00:30:00+00:00,17.24,80.8,0.0,0.0,0.0,325.1,2.41,319.0,101760.0
1990-07-18 01:30:00+00:00,16.5,80.75,0.0,0.0,0.0,321.55,2.34,319.0,101740.0
1990-07-18 02:30:00+00:00,15.83,80.65,0.0,0.0,0.0,318.75,2.34,320.0,101710.0
1990-07-18 03:30:00+00:00,15.2,83.45,0.0,0.0,0.0,317.55,2.21,318.0,101700.0
1990-07-18 04:30:00+00:00,14.58,86.4,0.0,0.0,0.0,316.4,2.21,314.0,101690.0
1990-07-18 05:30:00+00:00,14.37,89.5,87.0,280.32,48.0,315.85,1.86,308.0,101670.0
1990-07-18 06:30:00+00:00,16.46,86.55,227.0,502.68,84.0,318.35,1.31,306.0,101680.0
1990-07-18 07:30:00+00:00,20.07,73.2,387.0,655.84,105.0,331.1,0.9,316.0,101720.0
1990-07-18 08:30:00+00:00,22.02,66.35,529.0,708.82,128.0,338.3,0.69,308.0,101720.0
1990-07-18 09:30:00+00:00,23.53,60.15,665.0,773.67,137.0,345.45,0.55,276.0,101710.0
1990-07-18 10:30:00+00:00,24.69,56.35,773.0,819.69,140.0,352.8,1.1,253.0,101660.0
1990-07-18 11:30:00+00:00,25.63,54.55,840.0,839.64,144.0,357.45,1.79,262.0,101630.0
1990-07-18 12:30:00+00:00,26.32,52.85,891.0,917.9,112.0,361.7,2.14,273.0,101580.0
1990-07-18 13:30:00+00:00,26.85,52.95,828.0,804.7,160.0,365.0,2.41,281.0,101560.0
1990-07-18 14:30:00+00:00,27.16,51.3,763.0,784.97,155.0,367.1,2.62,288.0,101510.0
1990-07-18 15:30:00+00:00,27.27,51.3,676.0,796.23,130.0,371.95,2.62,292.0,101480.0
1990-07-18 16:30:00+00:00,26.9,51.3,531.0,698.58,133.0,370.4,2.9,294.0,101420.0
1990-07-18 17:30:00+00:00,26.55,52.95,381.0,609.98,116.0,380.3,2.97,304.0,101390.0
1990-07-18 18:30:00+00:00,25.89,58.55,226.0,460.06,93.0,375.65,2.34,315.0,101380.0
1990-07-18 19:30:00+00:00,25.08,64.6,70.0,111.43,54.0,372.75,2.14,336.0,101360.0
1990-07-18 20:30:00+00:00,23.28,71.25,0.0,0.0,0.0,361.3,2.34,346.0,101380.0
1990-07-18 21:30:00+00:00,21.4,76.0,0.0,0.0,0.0,354.55,2.21,351.0,101400.0
1990-07-18 22:30:00+00:00,19.99,81.15,0.0,0.0,0.0,350.85,1.86,355.0,101410.0
1990-07-18 23:30:00+00:00,18.63,89.75,0.0,0.0,0.0,346.8,1.59,359.0,101410.0
1990-07-19 00:30:00+00:00,17.37,92.85,0.0,0.0,0.0,340.2,1.45,9.0,101400.0
1990-07-19 01:30:00+00:00,16.42,92.8,0.0,0.0,0.0,338.6,1.52,21.0,101390.0
1990-07-19 02:30:00+00:00,15.64,96.0,0.0,0.0,0.0,334.6,1.45,19.0,101370.0
1990-07-19 03:30:00+00:00,15.09,99.4,0.0,0.0,0.0,329.0,1.24,4.0,101340.0
1990-07-19 04:30:00+00:00,14.4,100.0,0.0,0.0,0.0,327.85,1.38,347.0,101310.0
1990-07-19 05:30:00+00:00,14.28,99.35,81.0,227.17,50.0,325.7,1.31,345.0,101290.0
1990-07-19 06:30:00+00:00,16.69,96.05,219.0,457.49,90.0,329.75,1.17,355.0,101290.0
1990-07-19 07:30:00+00:00,19.55,81.1,378.0,631.34,108.0,337.1,1.79,14.0,101310.0
1990-07-19 08:30:00+00:00,21.11,75.95,521.0,690.22,132.0,341.0,1.86,22.0,101300.0
1990-07-19 09:30:00+00:00,22.42,68.75,656.0,756.8,141.0,347.55,1.79,24.0,101290.0
1990-07-19 10:30:00+00:00,23.48,64.4,727.0,685.35,199.0,353.4,1.52,25.0,101290.0
1990-07-19 11:30:00+00:00,24.33,62.35,563.0,194.63,402.0,361.1,1.59,360.0,101260.0
1990-07-19 12:30:00+00:00,24.71,58.35,623.0,264.45,399.0,373.1,1.38,346.0,101250.0
1990-07-19 13:30:00+00:00,25.22,58.35,693.0,435.72,332.0,370.8,1.38,330.0,101210.0
1990-07-19 14:30:00+00:00,25.45,58.45,631.0,404.96,318.0,378.15,1.52,328.0,101170.0
1990-07-19 15:30:00+00:00,25.5,58.45,608.0,571.61,217.0,383.2,1.38,329.0,101160.0
1990-07-19 16:30:00+00:00,25.57,58.45,517.0,655.02,145.0,382.8,1.31,325.0,101120.0
1990-07-19 17:30:00+00:00,25.32,60.35,375.0,591.92,119.0,387.05,1.31,325.0,101080.0
1990-07-19 18:30:00+00:00,24.98,60.35,225.0,470.42,90.0,372.55,1.24,337.0,101080.0
1990-07-19 19:30:00+00:00,23.51,68.95,70.0,113.24,54.0,386.45,2.21,9.0,101070.0
1990-07-19 20:30:00+00:00,22.44,71.15,0.0,0.0,0.0,382.0,2.07,38.0,101090.0
1990-07-19 21:30:00+00:00,21.44,76.0,0.0,0.0,0.0,375.05,1.72,67.0,101090.0
1990-07-19 22:30:00+00:00,20.36,81.2,0.0,0.0,0.0,361.1,1.72,87.0,101110.0
1990-07-19 23:30:00+00:00,19.18,86.8,0.0,0.0,0.0,353.75,1.66,103.0,101120.0
1990-07-20 00:30:00+00:00,17.97,92.85,0.0,0.0,0.0,343.9,1.52,120.0,101100.0
1990-07-20 01:30:00+00:00,17.66,92.85,0.0,0.0,0.0,344.0,1.24,138.0,101100.0
1990-07-20 02:30:00+00:00,17.92,89.75,0.0,0.0,0.0,339.65,0.83,156.0,101060.0
1990-07-20 03:30:00+00:00,18.0,89.75,0.0,0.0,0.0,337.1,0.55,176.0,101060.0
1990-07-20 04:30:00+00:00,17.55,92.85,0.0,0.0,0.0,337.1,0.34,199.0,101030.0
1990-07-20 05:30:00+00:00,17.23,96.05,74.0,186.94,49.0,335.2,0.14,227.0,101040.0
1990-07-20 06:30:00+00:00,18.18,92.85,200.0,350.73,102.0,338.3,0.14,138.0,101060.0
1990-07-20 07:30:00+00:00,20.38,84.05,362.0,561.97,123.0,355.9,0.21,356.0,101050.0
1990-07-20 08:30:00+00:00,21.75,81.35,508.0,648.38,144.0,370.2,0.83,2.0,101060.0
1990-07-20 09:30:00+00:00,22.9,73.7,641.0,711.9,158.0,370.8,1.38,21.0,101070.0
1990-07-20 10:30:00+00:00,24.17,69.05,704.0,618.06,229.0,368.85,1.45,36.0,101060.0
1990-07-20 11:30:00+00:00,24.93,66.85,675.0,403.42,342.0,369.25,1.17,42.0,101050.0
1990-07-20 12:30:00+00:00,25.47,66.95,673.0,360.81,368.0,379.3,0.76,45.0,101040.0
1990-07-20 13:30:00+00:00,25.76,69.25,596.0,246.73,392.0,378.75,0.41,22.0,101060.0
1990-07-20 14:30:00+00:00,25.9,62.65,411.0,66.13,360.0,389.55,0.83,329.0,101040.0
1990-07-20 15:30:00+00:00,25.86,62.55,427.0,148.04,326.0,387.05,1.1,318.0,101060.0
1990-07-20 16:30:00+00:00,25.87,62.55,394.0,245.57,255.0,392.3,1.17,320.0,101050.0
1990-07-20 17:30:00+00:00,25.82,62.55,352.0,487.86,142.0,378.35,1.59,324.0,101030.0
1990-07-20 18:30:00+00:00,25.44,60.45,211.0,393.31,99.0,386.45,1.86,325.0,101060.0
1990-07-20 19:30:00+00:00,24.61,64.6,65.0,93.6,52.0,374.3,1.03,40.0,101080.0
1990-07-20 20:30:00+00:00,22.42,76.15,0.0,0.0,0.0,365.4,1.59,117.0,101160.0
1990-07-20 21:30:00+00:00,20.81,84.05,0.0,0.0,0.0,350.85,1.03,186.0,101180.0
1990-07-20 22:30:00+00:00,19.0,92.9,0.0,0.0,0.0,341.4,1.17,259.0,101210.0
1990-07-20 23:30:00+00:00,17.75,96.05,0.0,0.0,0.0,334.8,1.24,286.0,101240.0
1990-07-21 00:30:00+00:00,16.72,96.05,0.0,0.0,0.0,331.5,1.45,300.0,101240.0
1990-07-21 01:30:00+00:00,16.02,96.0,0.0,0.0,0.0,332.2,1.66,327.0,101250.0
1990-07-21 02:30:00+00:00,15.59,96.0,0.0,0.0,0.0,328.8,2.0,356.0,101260.0
1990-07-21 03:30:00+00:00,15.6,96.0,0.0,0.0,0.0,328.4,2.34,11.0,101280.0
1990-07-21 04:30:00+00:00,15.56,96.0,0.0,0.0,0.0,332.65,2.34,17.0,101300.0
1990-07-21 05:30:00+00:00,15.82,96.0,51.0,45.82,45.0,349.3,2.21,19.0,101320.0
1990-07-21 06:30:00+00:00,16.55,96.05,137.0,79.48,115.0,359.55,2.83,26.0,101340.0
1990-07-21 07:30:00+00:00,18.06,86.7,241.0,118.24,191.0,357.05,2.9,36.0,101400.0
1990-07-21 08:30:00+00:00,19.86,81.15,405.0,282.57,247.0,360.95,2.69,43.0,101430.0
1990-07-21 09:30:00+00:00,21.2,78.55,624.0,646.07,187.0,358.6,2.48,46.0,101450.0
1990-07-21 10:30:00+00:00,22.69,71.15,750.0,768.33,161.0,367.3,2.48,50.0,101450.0
1990-07-21 11:30:00+00:00,23.5,66.65,816.0,787.99,167.0,389.4,2.55,57.0,101450.0
1990-07-21 12:30:00+00:00,24.36,64.5,849.0,822.7,155.0,384.75,2.28,62.0,101420.0
1990-07-21 13:30:00+00:00,25.03,62.45,0.0,0.0,0.0,379.3,2.41,62.0,101420.0
1990-07-21 14:30:00+00:00,25.15,64.6,603.0,344.42,338.0,379.3,2.55,64.0,101420.0
1990-07-21 15:30:00+00:00,25.4,62.55,594.0,530.58,233.0,394.2,2.62,70.0,101410.0
1990-07-21 16:30:00+00:00,25.11,64.6,407.0,276.58,251.0,390.55,2.48,76.0,101410.0
1990-07-21 17:30:00+00:00,24.33,69.05,292.0,245.15,187.0,388.4,2.41,76.0,101400.0
1990-07-21 18:30:00+00:00,23.41,71.35,191.0,279.7,112.0,382.4,2.55,82.0,101430.0
1990-07-21 19:30:00+00:00,22.83,68.75,50.0,29.33,46.0,366.95,2.97,88.0,101430.0
1990-07-21 20:30:00+00:00,21.17,73.35,0.0,0.0,0.0,361.7,2.97,89.0,101460.0
1990-07-21 21:30:00+00:00,19.39,75.7,0.0,0.0,0.0,347.95,2.9,93.0,101490.0
1990-07-21 22:30:00+00:00,18.24,80.9,0.0,0.0,0.0,348.15,2.48,97.0,101520.0
1990-07-21 23:30:00+00:00,17.09,86.6,0.0,0.0,0.0,333.85,2.21,99.0,101520.0
1990-07-22 00:30:00+00:00,16.43,86.55,0.0,0.0,0.0,337.3,1.93,104.0,101520.0
1990-07-22 01:30:00+00:00,15.78,92.75,0.0,0.0,0.0,330.45,1.72,101.0,101510.0
1990-07-22 02:30:00+00:00,15.15,96.0,0.0,0.0,0.0,328.4,1.66,97.0,101490.0
1990-07-22 03:30:00+00:00,14.5,96.0,0.0,0.0,0.0,324.95,1.59,94.0,101480.0
1990-07-22 04:30:00+00:00,14.07,96.0,0.0,0.0,0.0,327.05,1.31,93.0,101470.0
1990-07-22 05:30:00+00:00,14.35,96.0,62.0,109.29,48.0,323.0,0.9,92.0,101470.0
1990-07-22 06:30:00+00:00,16.23,92.75,181.0,258.99,110.0,329.0,0.62,112.0,101480.0
1990-07-22 07:30:00+00:00,18.83,81.05,341.0,475.76,141.0,336.35,0.55,134.0,101490.0
1990-07-22 08:30:00+00:00,20.82,78.5,489.0,581.84,165.0,344.85,0.62,136.0,101470.0
1990-07-22 09:30:00+00:00,22.74,73.6,631.0,685.19,169.0,353.75,0.83,127.0,101460.0
1990-07-22 10:30:00+00:00,24.26,66.75,748.0,775.56,155.0,358.2,0.97,117.0,101440.0
1990-07-22 11:30:00+00:00,25.12,60.35,805.0,766.68,175.0,368.3,0.83,111.0,101390.0
1990-07-22 12:30:00+00:00,25.54,58.45,819.0,742.52,194.0,373.9,0.83,105.0,101380.0
1990-07-22 13:30:00+00:00,25.92,54.7,735.0,551.47,281.0,393.45,0.76,92.0,101350.0
1990-07-22 14:30:00+00:00,25.86,56.5,649.0,463.81,293.0,383.4,0.83,92.0,101320.0
1990-07-22 15:30:00+00:00,25.99,54.7,395.0,106.13,323.0,398.3,0.83,97.0,101290.0
1990-07-22 16:30:00+00:00,25.86,56.5,116.0,0.0,116.0,397.7,1.03,100.0,101260.0
1990-07-22 17:30:00+00:00,25.55,54.55,34.0,0.0,34.0,381.65,1.17,100.0,101190.0
1990-07-22 18:30:00+00:00,25.38,56.5,20.0,0.0,20.0,381.65,1.52,100.0,101180.0
1990-07-22 19:30:00+00:00,24.9,60.35,58.0,67.27,49.0,376.6,2.28,57.0,101130.0
1990-07-22 20:30:00+00:00,23.01,64.3,0.0,0.0,0.0,375.25,3.17,65.0,101160.0
1990-07-22 21:30:00+00:00,21.26,73.35,0.0,0.0,0.0,368.85,3.38,74.0,101180.0
1990-07-22 22:30:00+00:00,19.69,81.1,0.0,0.0,0.0,353.2,3.24,75.0,101200.0
1990-07-22 23:30:00+00:00,18.66,83.8,0.0,0.0,0.0,353.2,3.03,69.0,101200.0
1990-07-23 00:30:00+00:00,17.84,86.7,0.0,0.0,0.0,351.45,2.9,61.0,101200.0
1990-07-23 01:30:00+00:00,16.87,89.65,0.0,0.0,0.0,341.5,2.97,59.0,101210.0
1990-07-23 02:30:00+00:00,16.14,92.75,0.0,0.0,0.0,337.9,2.97,60.0,101180.0
1990-07-23 03:30:00+00:00,15.59,96.0,0.0,0.0,0.0,337.1,2.83,64.0,101150.0
1990-07-23 04:30:00+00:00,15.06,99.4,0.0,0.0,0.0,332.65,2.55,67.0,101110.0
1990-07-23 05:30:00+00:00,14.83,99.4,16.0,0.0,16.0,326.3,2.34,70.0,101070.0
1990-07-23 06:30:00+00:00,15.85,89.6,160.0,165.8,115.0,341.0,3.17,84.0,101060.0
1990-07-23 07:30:00+00:00,16.07,92.75,292.0,270.43,179.0,383.0,3.45,86.0,101070.0
1990-07-23 08:30:00+00:00,17.05,86.6,394.0,261.49,249.0,374.3,3.59,85.0,101050.0
1990-07-23 09:30:00+00:00,18.29,80.9,247.0,5.95,243.0,376.0,3.66,89.0,101030.0
1990-07-23 10:30:00+00:00,19.39,73.15,271.0,3.93,268.0,381.25,3.72,91.0,100980.0
1990-07-23 11:30:00+00:00,20.59,70.8,295.0,3.66,292.0,391.9,3.72,88.0,100930.0
1990-07-23 12:30:00+00:00,21.06,68.5,335.0,9.53,327.0,398.85,3.79,80.0,100880.0
1990-07-23 13:30:00+00:00,21.19,66.15,170.0,0.0,170.0,401.4,4.0,73.0,100820.0
1990-07-23 14:30:00+00:00,21.19,66.15,272.0,3.92,269.0,398.85,4.14,68.0,100770.0
1990-07-23 15:30:00+00:00,21.31,66.15,329.0,42.87,300.0,387.85,4.41,68.0,100720.0
1990-07-23 16:30:00+00:00,21.44,64.0,145.0,0.0,145.0,369.45,4.55,69.0,100650.0
1990-07-23 17:30:00+00:00,21.05,66.15,52.0,0.0,52.0,345.05,4.76,72.0,100590.0
1990-07-23 18:30:00+00:00,20.21,68.3,23.0,0.0,23.0,342.35,5.03,73.0,100560.0
1990-07-23 19:30:00+00:00,17.95,75.45,8.0,0.0,8.0,375.65,4.55,76.0,100540.0
1990-07-23 20:30:00+00:00,17.33,75.4,0.0,0.0,0.0,378.55,4.48,73.0,100540.0
1990-07-23 21:30:00+00:00,16.82,75.3,0.0,0.0,0.0,372.95,4.34,76.0,100550.0
1990-07-23 22:30:00+00:00,16.55,77.95,0.0,0.0,0.0,373.3,4.14,86.0,100610.0
1990-07-23 23:30:00+00:00,16.37,77.95,0.0,0.0,0.0,377.2,4.0,77.0,100570.0
1990-07-24 00:30:00+00:00,16.07,83.55,0.0,0.0,0.0,374.1,4.21,67.0,100480.0
1990-07-24 01:30:00+00:00,15.34,86.5,0.0,0.0,0.0,349.25,4.14,59.0,100390.0
1990-07-24 02:30:00+00:00,14.73,92.7,0.0,0.0,0.0,341.95,4.48,53.0,100340.0
1990-07-24 03:30:00+00:00,14.43,96.0,0.0,0.0,0.0,346.4,4.41,63.0,100300.0
1990-07-24 04:30:00+00:00,14.62,96.0,0.0,0.0,0.0,365.55,4.07,68.0,100310.0
1990-07-24 05:30:00+00:00,14.72,92.7,7.0,0.0,7.0,377.0,4.9,58.0,100250.0
1990-07-24 06:30:00+00:00,14.82,89.5,72.0,0.0,72.0,364.6,5.24,50.0,100190.0
1990-07-24 07:30:00+00:00,15.35,80.6,89.0,0.0,89.0,374.85,6.28,66.0,100230.0
1990-07-24 08:30:00+00:00,16.15,77.85,264.0,43.47,240.0,372.55,5.66,66.0,100190.0
1990-07-24 09:30:00+00:00,16.94,72.7,349.0,61.21,308.0,381.65,5.66,66.0,100170.0
1990-07-24 10:30:00+00:00,17.53,72.8,402.0,60.49,356.0,384.55,5.79,65.0,100130.0
1990-07-24 11:30:00+00:00,17.93,72.9,218.0,0.0,218.0,388.8,6.14,58.0,100080.0
1990-07-24 12:30:00+00:00,18.7,70.45,384.0,26.26,362.0,392.85,5.93,64.0,100060.0
1990-07-24 13:30:00+00:00,18.7,72.95,481.0,98.85,400.0,393.05,5.17,71.0,100100.0
1990-07-24 14:30:00+00:00,18.63,72.95,665.0,501.57,282.0,394.6,4.83,66.0,100070.0
1990-07-24 15:30:00+00:00,18.97,70.55,564.0,449.37,261.0,392.45,5.52,63.0,100050.0
1990-07-24 16:30:00+00:00,19.37,68.2,289.0,66.36,252.0,383.2,5.79,63.0,100020.0
1990-07-24 17:30:00+00:00,19.32,70.55,195.0,42.72,177.0,382.8,5.38,57.0,99980.0
1990-07-24 18:30:00+00:00,18.9,68.1,84.0,3.64,83.0,371.4,5.03,56.0,99970.0
1990-07-24 19:30:00+00:00,17.75,70.3,14.0,0.0,14.0,350.65,3.93,44.0,100040.0
1990-07-24 20:30:00+00:00,16.81,72.7,0.0,0.0,0.0,357.25,4.21,34.0,100000.0
1990-07-24 21:30:00+00:00,15.81,77.85,0.0,0.0,0.0,336.95,4.0,41.0,100050.0
1990-07-24 22:30:00+00:00,15.08,83.45,0.0,0.0,0.0,335.55,3.52,48.0,100040.0
1990-07-24 23:30:00+00:00,14.58,89.5,0.0,0.0,0.0,336.35,3.31,44.0,100070.0
1990-07-25 00:30:00+00:00,14.53,92.7,0.0,0.0,0.0,355.9,3.31,37.0,100030.0
1990-07-25 01:30:00+00:00,14.76,92.7,0.0,0.0,0.0,374.4,3.03,28.0,100040.0
1990-07-25 02:30:00+00:00,14.92,92.7,0.0,0.0,0.0,381.85,3.24,22.0,100000.0
1990-07-25 03:30:00+00:00,14.98,92.7,0.0,0.0,0.0,384.35,3.31,13.0,99960.0
1990-07-25 04:30:00+00:00,14.97,92.7,0.0,0.0,0.0,382.2,3.31,11.0,99950.0
1990-07-25 05:30:00+00:00,14.95,92.7,13.0,0.0,13.0,373.9,3.31,14.0,99940.0
1990-07-25 06:30:00+00:00,15.36,89.55,108.0,30.1,100.0,371.75,4.55,23.0,99930.0
1990-07-25 07:30:00+00:00,15.68,89.55,193.0,48.47,173.0,372.95,4.0,27.0,99940.0
1990-07-25 08:30:00+00:00,16.1,86.5,328.0,130.99,256.0,365.2,4.0,39.0,99970.0
1990-07-25 09:30:00+00:00,17.64,78.1,407.0,133.32,318.0,377.2,4.14,45.0,99960.0
1990-07-25 10:30:00+00:00,18.74,70.45,558.0,275.61,349.0,379.1,3.59,44.0,99950.0
1990-07-25 11:30:00+00:00,19.37,65.85,436.0,64.97,383.0,389.95,3.17,35.0,99940.0
1990-07-25 12:30:00+00:00,20.18,65.95,414.0,43.07,378.0,395.95,3.1,25.0,99950.0
1990-07-25 13:30:00+00:00,20.51,63.8,483.0,105.22,397.0,399.65,3.17,22.0,99940.0
1990-07-25 14:30:00+00:00,21.0,59.6,367.0,39.4,337.0,395.2,3.1,19.0,99920.0
1990-07-25 15:30:00+00:00,21.39,57.65,171.0,0.0,171.0,400.6,2.83,19.0,99930.0
1990-07-25 16:30:00+00:00,21.53,55.65,193.0,5.4,190.0,398.85,2.48,3.0,99930.0
1990-07-25 17:30:00+00:00,21.34,57.65,161.0,14.33,155.0,396.75,2.48,337.0,99910.0
1990-07-25 18:30:00+00:00,20.97,61.7,101.0,18.37,96.0,398.65,2.69,323.0,99910.0
1990-07-25 19:30:00+00:00,19.31,70.55,7.0,0.0,7.0,394.4,1.86,358.0,100010.0
1990-07-25 20:30:00+00:00,18.86,70.55,0.0,0.0,0.0,396.55,1.72,3.0,100000.0
1990-07-25 21:30:00+00:00,18.39,72.95,0.0,0.0,0.0,393.85,1.52,13.0,100050.0
1990-07-25 22:30:00+00:00,17.62,78.1,0.0,0.0,0.0,374.85,1.52,21.0,100060.0
1990-07-25 23:30:00+00:00,17.12,80.8,0.0,0.0,0.0,376.4,1.31,29.0,100080.0
1990-07-26 00:30:00+00:00,16.18,89.6,0.0,0.0,0.0,357.65,1.1,47.0,100050.0
1990-07-26 01:30:00+00:00,16.02,89.6,0.0,0.0,0.0,372.25,0.83,78.0,100060.0
1990-07-26 02:30:00+00:00,16.11,86.5,0.0,0.0,0.0,357.05,0.48,151.0,100060.0
1990-07-26 03:30:00+00:00,15.23,96.0,0.0,0.0,0.0,364.4,1.1,216.0,100050.0
1990-07-26 04:30:00+00:00,14.79,96.0,0.0,0.0,0.0,349.3,1.59,234.0,100030.0
1990-07-26 05:30:00+00:00,14.55,99.35,57.0,120.55,43.0,341.0,1.72,248.0,100030.0
1990-07-26 06:30:00+00:00,15.77,96.0,132.0,87.47,109.0,345.25,1.72,256.0,100030.0
1990-07-26 07:30:00+00:00,17.19,89.65,280.0,248.8,178.0,355.5,0.69,264.0,100090.0
1990-07-26 08:30:00+00:00,18.45,78.25,333.0,138.89,257.0,355.9,1.24,250.0,100070.0
1990-07-26 09:30:00+00:00,19.69,73.15,641.0,747.08,144.0,357.45,1.86,257.0,100090.0
1990-07-26 10:30:00+00:00,20.68,68.4,437.0,95.22,365.0,360.75,2.21,262.0,100050.0
1990-07-26 11:30:00+00:00,21.76,61.85,523.0,149.95,401.0,360.55,2.34,264.0,100030.0
1990-07-26 12:30:00+00:00,22.29,57.75,630.0,289.04,389.0,386.3,2.21,260.0,100020.0
1990-07-26 13:30:00+00:00,22.6,54.0,686.0,437.89,329.0,390.95,2.07,258.0,99980.0
1990-07-26 14:30:00+00:00,23.11,52.25,475.0,135.64,372.0,379.1,2.14,262.0,99960.0
1990-07-26 15:30:00+00:00,23.28,50.45,562.0,456.85,256.0,395.0,2.0,262.0,99950.0
1990-07-26 16:30:00+00:00,23.34,50.45,439.0,396.2,220.0,376.2,2.0,270.0,99920.0
1990-07-26 17:30:00+00:00,23.25,52.25,337.0,463.75,144.0,368.5,1.86,275.0,99900.0
1990-07-26 18:30:00+00:00,22.86,54.1,201.0,393.51,95.0,376.2,1.38,291.0,99860.0
1990-07-26 19:30:00+00:00,21.9,61.95,50.0,57.21,43.0,347.0,1.38,309.0,99900.0
1990-07-26 20:30:00+00:00,20.48,68.4,0.0,0.0,0.0,347.75,1.86,316.0,99860.0
1990-07-26 21:30:00+00:00,18.81,75.65,0.0,0.0,0.0,346.2,2.14,314.0,99910.0
1990-07-26 22:30:00+00:00,17.39,83.7,0.0,0.0,0.0,334.0,2.55,306.0,99920.0
1990-07-26 23:30:00+00:00,16.6,89.65,0.0,0.0,0.0,343.7,2.48,303.0,99950.0
1990-07-27 00:30:00+00:00,15.99,92.75,0.0,0.0,0.0,342.15,2.28,305.0,99930.0
1990-07-27 01:30:00+00:00,15.5,96.0,0.0,0.0,0.0,347.7,2.14,301.0,99940.0
1990-07-27 02:30:00+00:00,15.2,96.0,0.0,0.0,0.0,355.9,1.86,298.0,99940.0
1990-07-27 03:30:00+00:00,14.76,99.35,0.0,0.0,0.0,351.45,1.45,286.0,99910.0
1990-07-27 04:30:00+00:00,14.57,99.35,0.0,0.0,0.0,354.95,1.45,264.0,99890.0
1990-07-27 05:30:00+00:00,14.49,99.35,57.0,141.58,41.0,347.95,1.79,252.0,99870.0
1990-07-27 06:30:00+00:00,15.04,96.0,190.0,384.59,90.0,353.0,1.72,256.0,99870.0
1990-07-27 07:30:00+00:00,16.47,89.65,140.0,7.37,137.0,344.85,1.59,290.0,99830.0
1990-07-27 08:30:00+00:00,16.76,89.65,104.0,0.0,104.0,366.75,1.52,285.0,99860.0
1990-07-27 09:30:00+00:00,17.71,83.7,165.0,0.0,165.0,367.1,1.86,277.0,99860.0
1990-07-27 10:30:00+00:00,18.51,72.95,241.0,1.33,240.0,364.6,1.72,267.0,99870.0
1990-07-27 11:30:00+00:00,19.45,68.2,359.0,22.18,341.0,378.75,1.52,262.0,99850.0
1990-07-27 12:30:00+00:00,20.06,63.7,412.0,42.09,377.0,375.85,1.59,262.0,99810.0
1990-07-27 13:30:00+00:00,20.49,61.6,410.0,47.96,371.0,370.2,1.79,266.0,99740.0
1990-07-27 14:30:00+00:00,21.2,57.55,435.0,95.1,363.0,364.4,1.72,255.0,99730.0
1990-07-27 15:30:00+00:00,20.94,57.55,348.0,62.93,306.0,372.15,1.66,248.0,99700.0
1990-07-27 16:30:00+00:00,20.45,59.5,375.0,225.36,251.0,372.95,2.0,250.0,99660.0
1990-07-27 17:30:00+00:00,19.94,61.5,67.0,0.0,67.0,363.85,2.62,265.0,99640.0
1990-07-27 18:30:00+00:00,19.37,65.85,26.0,0.0,26.0,349.5,2.69,283.0,99640.0
1990-07-27 19:30:00+00:00,17.84,80.9,7.0,0.0,7.0,375.05,1.79,253.0,99660.0
1990-07-27 20:30:00+00:00,17.05,86.6,0.0,0.0,0.0,364.2,1.66,252.0,99630.0
1990-07-27 21:30:00+00:00,16.27,92.75,0.0,0.0,0.0,360.75,1.59,259.0,99670.0
1990-07-27 22:30:00+00:00,15.74,96.0,0.0,0.0,0.0,353.4,1.66,272.0,99670.0
1990-07-27 23:30:00+00:00,15.71,96.0,0.0,0.0,0.0,372.55,1.79,282.0,99650.0
1990-07-28 00:30:00+00:00,15.23,99.4,0.0,0.0,0.0,355.7,1.93,273.0,99630.0
1990-07-28 01:30:00+00:00,14.74,99.35,0.0,0.0,0.0,342.85,2.28,262.0,99600.0
1990-07-28 02:30:00+00:00,14.56,99.35,0.0,0.0,0.0,349.9,2.55,255.0,99570.0
1990-07-28 03:30:00+00:00,14.43,96.0,0.0,0.0,0.0,352.8,2.9,251.0,99560.0
1990-07-28 04:30:00+00:00,14.34,96.0,0.0,0.0,0.0,353.55,3.17,249.0,99540.0
1990-07-28 05:30:00+00:00,14.19,92.7,13.0,0.0,13.0,350.3,3.45,246.0,99550.0
1990-07-28 06:30:00+00:00,14.4,92.7,63.0,0.0,63.0,352.6,3.59,245.0,99540.0
1990-07-28 07:30:00+00:00,15.29,92.75,217.0,91.48,180.0,358.6,3.93,252.0,99520.0
1990-07-28 08:30:00+00:00,16.09,89.6,170.0,1.84,169.0,340.6,4.21,247.0,99520.0
1990-07-28 09:30:00+00:00,16.83,78.0,481.0,268.0,304.0,337.9,4.41,242.0,99520.0
1990-07-28 10:30:00+00:00,17.96,70.35,271.0,3.99,268.0,337.1,4.97,235.0,99500.0
1990-07-28 11:30:00+00:00,18.8,68.05,265.0,1.24,264.0,338.5,5.31,230.0,99470.0
1990-07-28 12:30:00+00:00,19.13,68.1,200.0,0.0,200.0,343.5,5.45,228.0,99430.0
1990-07-28 13:30:00+00:00,19.36,65.85,698.0,471.11,316.0,341.75,5.38,217.0,99320.0
1990-07-28 14:30:00+00:00,15.94,75.15,269.0,3.97,266.0,349.7,7.17,234.0,99400.0
1990-07-28 15:30:00+00:00,16.3,67.65,378.0,91.73,317.0,348.55,5.93,254.0,99420.0
1990-07-28 16:30:00+00:00,16.89,60.85,66.0,0.0,66.0,337.9,6.21,258.0,99410.0
1990-07-28 17:30:00+00:00,16.65,56.5,84.0,0.0,84.0,328.2,6.21,254.0,99420.0
1990-07-28 18:30:00+00:00,16.35,54.45,184.0,315.06,101.0,335.2,5.79,247.0,99430.0
1990-07-28 19:30:00+00:00,13.44,72.2,63.0,172.39,43.0,318.75,4.62,257.0,99490.0
1990-07-28 20:30:00+00:00,13.74,67.15,0.0,0.0,0.0,325.9,4.07,252.0,99510.0
1990-07-28 21:30:00+00:00,13.6,62.45,0.0,0.0,0.0,311.75,4.76,247.0,99560.0
1990-07-28 22:30:00+00:00,13.2,62.3,0.0,0.0,0.0,309.85,5.17,247.0,99580.0
1990-07-28 23:30:00+00:00,12.69,66.95,0.0,0.0,0.0,309.65,5.24,246.0,99560.0
1990-07-29 00:30:00+00:00,12.42,69.45,0.0,0.0,0.0,305.95,5.38,247.0,99570.0
1990-07-29 01:30:00+00:00,12.23,74.6,0.0,0.0,0.0,303.15,5.38,248.0,99580.0
1990-07-29 02:30:00+00:00,12.17,74.6,0.0,0.0,0.0,309.65,5.45,251.0,99610.0
1990-07-29 03:30:00+00:00,12.23,77.35,0.0,0.0,0.0,323.95,5.38,252.0,99640.0
1990-07-29 04:30:00+00:00,12.22,77.35,0.0,0.0,0.0,327.65,5.17,251.0,99650.0
1990-07-29 05:30:00+00:00,11.92,80.2,65.0,281.41,35.0,300.55,5.03,248.0,99670.0
1990-07-29 06:30:00+00:00,12.55,80.3,205.0,515.71,74.0,298.2,4.55,245.0,99710.0
1990-07-29 07:30:00+00:00,13.76,77.65,363.0,654.81,100.0,303.65,6.76,244.0,99720.0
1990-07-29 08:30:00+00:00,15.0,69.85,503.0,687.77,132.0,307.9,8.0,253.0,99780.0
1990-07-29 09:30:00+00:00,16.19,62.85,580.0,534.97,228.0,306.75,8.07,255.0,99780.0
1990-07-29 10:30:00+00:00,17.48,52.75,499.0,174.85,368.0,320.1,8.41,258.0,99800.0
1990-07-29 11:30:00+00:00,18.2,51.0,472.0,95.43,395.0,337.3,8.34,258.0,99780.0
1990-07-29 12:30:00+00:00,18.68,47.55,442.0,60.45,392.0,368.45,7.93,259.0,99830.0
1990-07-29 13:30:00+00:00,18.85,45.95,359.0,21.03,342.0,374.45,7.52,259.0,99830.0
1990-07-29 14:30:00+00:00,18.65,47.55,257.0,2.66,255.0,375.85,6.48,260.0,99850.0
1990-07-29 15:30:00+00:00,18.93,45.95,311.0,33.21,289.0,375.65,6.41,262.0,99860.0
1990-07-29 16:30:00+00:00,18.57,47.55,236.0,23.86,223.0,377.0,5.31,261.0,99910.0
1990-07-29 17:30:00+00:00,18.15,51.0,267.0,206.01,183.0,373.3,4.55,262.0,99880.0
1990-07-29 18:30:00+00:00,17.72,54.7,193.0,384.13,93.0,351.85,3.72,261.0,99880.0
1990-07-29 19:30:00+00:00,17.05,60.85,22.0,0.0,22.0,315.05,2.55,273.0,99850.0
1990-07-29 20:30:00+00:00,15.78,65.15,0.0,0.0,0.0,320.65,2.07,262.0,99830.0
1990-07-29 21:30:00+00:00,14.82,69.85,0.0,0.0,0.0,334.2,1.72,250.0,99850.0
1990-07-29 22:30:00+00:00,14.3,77.65,0.0,0.0,0.0,351.85,1.17,234.0,99820.0
1990-07-29 23:30:00+00:00,14.08,74.95,0.0,0.0,0.0,347.0,1.93,206.0,99790.0
1990-07-30 00:30:00+00:00,13.31,77.6,0.0,0.0,0.0,333.25,1.72,195.0,99740.0
1990-07-30 01:30:00+00:00,12.63,89.4,0.0,0.0,0.0,338.95,1.1,152.0,99680.0
1990-07-30 02:30:00+00:00,13.0,89.4,0.0,0.0,0.0,363.25,1.72,118.0,99600.0
1990-07-30 03:30:00+00:00,12.94,89.4,0.0,0.0,0.0,363.45,2.48,104.0,99530.0
1990-07-30 04:30:00+00:00,12.86,89.4,0.0,0.0,0.0,364.6,3.17,87.0,99430.0
1990-07-30 05:30:00+00:00,12.83,89.4,10.0,0.0,10.0,366.75,4.07,83.0,99320.0
1990-07-30 06:30:00+00:00,12.82,89.4,73.0,3.98,72.0,366.95,4.28,85.0,99250.0
1990-07-30 07:30:00+00:00,13.64,92.65,243.0,160.49,179.0,368.65,3.59,97.0,99160.0
1990-07-30 08:30:00+00:00,14.59,92.7,290.0,83.84,245.0,357.85,4.62,109.0,99080.0
1990-07-30 09:30:00+00:00,15.71,86.5,121.0,0.0,121.0,359.95,3.59,99.0,99050.0
1990-07-30 10:30:00+00:00,16.91,75.3,179.0,0.0,179.0,357.85,3.86,85.0,98980.0
1990-07-30 11:30:00+00:00,17.1,78.0,257.0,1.24,256.0,369.25,4.28,61.0,98930.0
1990-07-30 12:30:00+00:00,16.53,86.55,274.0,1.21,273.0,381.65,4.76,37.0,98900.0
1990-07-30 13:30:00+00:00,16.39,83.6,108.0,0.0,108.0,361.7,5.66,23.0,98910.0
1990-07-30 14:30:00+00:00,16.42,86.55,237.0,1.33,236.0,369.05,6.0,9.0,98950.0
1990-07-30 15:30:00+00:00,15.9,89.6,96.0,0.0,96.0,367.3,5.72,358.0,99030.0
1990-07-30 16:30:00+00:00,16.29,89.65,120.0,0.0,120.0,354.15,5.52,344.0,99120.0
1990-07-30 17:30:00+00:00,16.05,86.5,47.0,0.0,47.0,356.65,5.79,334.0,99220.0
1990-07-30 18:30:00+00:00,15.64,83.5,81.0,7.78,79.0,370.8,5.24,322.0,99310.0
1990-07-30 19:30:00+00:00,14.53,89.5,12.0,0.0,12.0,369.25,5.03,300.0,99430.0
1990-07-30 20:30:00+00:00,14.44,89.5,0.0,0.0,0.0,370.4,4.55,300.0,99490.0
1990-07-30 21:30:00+00:00,14.19,89.5,0.0,0.0,0.0,359.55,4.34,295.0,99560.0
1990-07-30 22:30:00+00:00,14.03,89.5,0.0,0.0,0.0,354.75,4.48,291.0,99600.0
1990-07-30 23:30:00+00:00,13.97,89.5,0.0,0.0,0.0,358.2,4.21,290.0,99650.0
1990-07-31 00:30:00+00:00,14.07,89.5,0.0,0.0,0.0,372.35,3.86,288.0,99670.0
1990-07-31 01:30:00+00:00,14.0,89.5,0.0,0.0,0.0,364.7,3.66,284.0,99690.0
1990-07-31 02:30:00+00:00,13.97,89.5,0.0,0.0,0.0,371.0,3.79,280.0,99720.0
1990-07-31 03:30:00+00:00,13.81,89.5,0.0,0.0,0.0,368.1,3.86,277.0,99720.0
1990-07-31 04:30:00+00:00,13.52,89.45,0.0,0.0,0.0,358.2,3.86,277.0,99740.0
1990-07-31 05:30:00+00:00,13.27,89.45,19.0,0.0,19.0,348.75,3.79,276.0,99760.0
1990-07-31 06:30:00+00:00,13.56,89.45,69.0,4.03,68.0,359.0,3.59,275.0,99780.0
1990-07-31 07:30:00+00:00,13.93,89.5,210.0,88.41,175.0,365.0,4.14,272.0,99810.0
1990-07-31 08:30:00+00:00,15.09,89.5,330.0,151.68,249.0,352.4,4.41,276.0,99850.0
1990-07-31 09:30:00+00:00,15.48,83.5,439.0,197.59,310.0,360.35,4.69,277.0,99860.0
1990-07-31 10:30:00+00:00,16.5,77.95,219.0,0.0,219.0,369.65,4.97,280.0,99860.0
1990-07-31 11:30:00+00:00,17.06,72.7,468.0,97.24,390.0,355.3,5.17,282.0,99890.0
1990-07-31 12:30:00+00:00,17.29,72.7,452.0,71.74,393.0,376.8,5.03,288.0,99910.0
1990-07-31 13:30:00+00:00,17.36,70.3,423.0,58.48,376.0,381.05,4.62,289.0,99930.0
1990-07-31 14:30:00+00:00,17.94,65.55,232.0,0.0,232.0,378.35,4.55,288.0,99920.0
1990-07-31 15:30:00+00:00,18.43,63.4,282.0,19.78,269.0,374.45,4.69,289.0,99900.0
1990-07-31 16:30:00+00:00,17.66,70.67,180.0,3.71,178.0,376.06,3.87,296.0,99910.0
1990-07-31 17:30:00+00:00,17.17,72.06,185.0,44.81,167.0,370.28,3.72,303.0,99910.0
1990-07-31 18:30:00+00:00,16.69,73.45,92.0,15.76,88.0,364.51,3.58,305.0,99900.0
1990-07-31 19:30:00+00:00,16.21,74.84,31.0,9.45,30.0,358.73,3.44,296.0,99990.0
1990-07-31 20:30:00+00:00,15.72,76.23,0.0,0.0,0.0,352.95,3.3,292.0,99990.0
1990-07-31 21:30:00+00:00,15.24,77.62,0.0,0.0,0.0,347.17,3.16,287.0,100020.0
1990-07-31 22:30:00+00:00,14.75,79.0,0.0,0.0,0.0,341.39,3.02,285.0,100020.0
1990-07-31 23:30:00+00:00,14.27,80.39,0.0,0.0,0.0,335.61,2.88,283.0,100040.0
1990-08-01 00:30:00+00:00,13.78,81.78,0.0,0.0,0.0,329.84,2.74,261.0,100970.0
1990-08-01 01:30:00+00:00,13.3,83.17,0.0,0.0,0.0,324.06,2.59,257.0,100960.0
1990-08-01 02:30:00+00:00,12.81,84.56,0.0,0.0,0.0,318.28,2.45,256.0,100930.0
1990-08-01 03:30:00+00:00,12.33,85.95,0.0,0.0,0.0,312.5,2.31,254.0,100900.0
1990-08-01 04:30:00+00:00,11.84,87.34,0.0,0.0,0.0,306.72,2.17,250.0,100890.0
1990-08-01 05:30:00+00:00,11.36,88.73,34.0,42.91,30.0,300.94,2.03,248.0,100880.0
1990-08-01 06:30:00+00:00,10.88,90.12,140.0,161.51,101.0,295.17,1.89,246.0,100890.0
1990-08-01 07:30:00+00:00,10.39,91.5,189.0,56.42,167.0,289.39,1.75,240.0,100910.0
1990-08-01 08:30:00+00:00,15.51,77.8,283.0,77.59,242.0,313.1,2.34,242.0,100920.0
1990-08-01 09:30:00+00:00,16.7,70.1,341.0,64.86,299.0,311.75,3.03,240.0,100910.0
1990-08-01 10:30:00+00:00,17.49,65.45,275.0,5.41,271.0,325.1,3.66,234.0,100910.0
1990-08-01 11:30:00+00:00,17.79,61.05,309.0,7.53,303.0,342.95,4.0,234.0,100870.0
1990-08-01 12:30:00+00:00,18.1,61.05,375.0,25.69,354.0,356.3,4.0,230.0,100830.0
1990-08-01 13:30:00+00:00,18.43,56.95,457.0,87.66,387.0,364.4,4.34,226.0,100790.0
1990-08-01 14:30:00+00:00,17.94,58.9,377.0,49.87,340.0,363.85,4.9,223.0,100770.0
1990-08-01 15:30:00+00:00,17.21,67.75,334.0,55.26,298.0,369.25,4.69,223.0,100730.0
1990-08-01 16:30:00+00:00,17.05,67.75,232.0,26.26,218.0,370.4,4.34,216.0,100680.0
1990-08-01 17:30:00+00:00,16.59,67.65,119.0,2.53,118.0,367.1,4.21,208.0,100630.0
1990-08-01 18:30:00+00:00,16.01,72.55,17.0,0.0,17.0,359.75,3.59,197.0,100590.0
1990-08-01 19:30:00+00:00,14.52,83.4,11.0,0.0,11.0,369.25,3.24,176.0,100520.0
1990-08-01 20:30:00+00:00,14.17,89.45,0.0,0.0,0.0,369.45,3.17,162.0,100470.0
1990-08-01 21:30:00+00:00,13.83,92.65,0.0,0.0,0.0,369.45,3.45,156.0,100410.0
1990-08-01 22:30:00+00:00,13.81,92.65,0.0,0.0,0.0,372.35,3.59,149.0,100350.0
1990-08-01 23:30:00+00:00,13.79,95.95,0.0,0.0,0.0,373.3,3.72,141.0,100260.0
1990-08-02 00:30:00+00:00,13.77,95.95,0.0,0.0,0.0,375.25,3.79,133.0,100220.0
1990-08-02 01:30:00+00:00,13.63,92.65,0.0,0.0,0.0,376.9,3.72,129.0,100120.0
1990-08-02 02:30:00+00:00,13.59,92.65,0.0,0.0,0.0,377.4,3.45,125.0,100070.0
1990-08-02 03:30:00+00:00,13.62,92.65,0.0,0.0,0.0,378.35,3.1,118.0,99980.0
1990-08-02 04:30:00+00:00,13.64,95.95,0.0,0.0,0.0,378.55,2.83,115.0,99950.0
1990-08-02 05:30:00+00:00,13.63,95.95,4.0,0.0,4.0,375.85,2.69,112.0,99900.0
1990-08-02 06:30:00+00:00,13.93,95.95,16.0,0.0,16.0,380.1,3.45,116.0,99920.0
1990-08-02 07:30:00+00:00,14.6,96.0,0.0,0.0,0.0,383.55,2.55,116.0,99960.0
1990-08-02 08:30:00+00:00,15.05,92.7,175.0,3.81,173.0,385.1,2.48,112.0,99980.0
1990-08-02 09:30:00+00:00,15.61,92.75,227.0,4.65,224.0,387.85,2.41,113.0,99960.0
1990-08-02 10:30:00+00:00,16.04,92.75,138.0,0.0,138.0,389.55,2.48,120.0,99960.0
1990-08-02 11:30:00+00:00,16.58,89.65,290.0,5.03,286.0,391.3,2.48,132.0,99960.0
1990-08-02 12:30:00+00:00,17.15,89.65,308.0,6.14,303.0,393.65,2.48,151.0,99970.0
1990-08-02 13:30:00+00:00,17.88,86.7,132.0,0.0,132.0,395.55,2.48,178.0,99950.0
1990-08-02 14:30:00+00:00,18.27,89.75,180.0,0.0,180.0,398.65,2.83,202.0,99930.0
1990-08-02 15:30:00+00:00,18.54,86.75,70.0,0.0,70.0,400.4,3.31,219.0,99890.0
1990-08-02 16:30:00+00:00,18.61,89.75,83.0,0.0,83.0,401.4,3.24,223.0,99880.0
1990-08-02 17:30:00+00:00,18.77,89.75,65.0,0.0,65.0,402.55,3.24,223.0,99830.0
1990-08-02 18:30:00+00:00,19.16,89.8,114.0,65.76,98.0,402.55,3.59,225.0,99810.0
1990-08-02 19:30:00+00:00,19.47,89.85,16.0,0.0,16.0,377.95,3.1,228.0,99810.0
1990-08-02 20:30:00+00:00,18.69,92.85,0.0,0.0,0.0,366.55,3.38,223.0,99830.0
1990-08-02 21:30:00+00:00,18.49,89.75,0.0,0.0,0.0,392.1,3.79,217.0,99800.0
1990-08-02 22:30:00+00:00,18.14,92.85,0.0,0.0,0.0,388.4,4.14,218.0,99780.0
1990-08-02 23:30:00+00:00,17.86,92.85,0.0,0.0,0.0,392.65,4.34,219.0,99730.0
1990-08-03 00:30:00+00:00,17.78,92.85,0.0,0.0,0.0,400.4,4.55,219.0,99730.0
1990-08-03 01:30:00+00:00,17.62,96.05,0.0,0.0,0.0,400.15,4.9,219.0,99650.0
1990-08-03 02:30:00+00:00,17.52,96.05,0.0,0.0,0.0,398.45,5.38,225.0,99600.0
1990-08-03 03:30:00+00:00,17.35,89.7,0.0,0.0,0.0,394.0,5.93,237.0,99570.0
1990-08-03 04:30:00+00:00,16.76,89.65,0.0,0.0,0.0,381.45,6.0,240.0,99560.0
1990-08-03 05:30:00+00:00,16.39,89.65,48.0,231.9,28.0,382.8,5.93,240.0,99570.0
1990-08-03 06:30:00+00:00,16.43,86.55,67.0,4.26,66.0,376.6,5.86,240.0,99580.0
1990-08-03 07:30:00+00:00,16.54,83.6,0.0,0.0,0.0,331.3,6.07,235.0,99580.0
1990-08-03 08:30:00+00:00,17.32,78.1,403.0,357.76,216.0,328.6,7.24,236.0,99590.0
1990-08-03 09:30:00+00:00,18.43,68.05,518.0,397.12,263.0,341.2,7.86,236.0,99550.0
1990-08-03 10:30:00+00:00,19.42,61.4,538.0,264.32,344.0,353.95,8.55,236.0,99550.0
1990-08-03 11:30:00+00:00,19.93,55.3,306.0,7.58,300.0,352.0,8.83,235.0,99510.0
1990-08-03 12:30:00+00:00,19.69,57.2,389.0,33.24,362.0,365.4,8.83,235.0,99490.0
1990-08-03 13:30:00+00:00,20.12,55.3,316.0,10.09,308.0,353.0,8.97,235.0,99480.0
1990-08-03 14:30:00+00:00,20.15,55.3,182.0,0.0,182.0,359.95,8.55,233.0,99430.0
1990-08-03 15:30:00+00:00,19.95,57.3,545.0,466.35,244.0,360.35,9.24,234.0,99410.0
1990-08-03 16:30:00+00:00,19.49,59.25,262.0,53.16,234.0,362.1,8.76,232.0,99370.0
1990-08-03 17:30:00+00:00,19.2,61.3,94.0,0.0,94.0,356.1,8.34,229.0,99340.0
1990-08-03 18:30:00+00:00,18.61,63.4,86.0,16.69,82.0,348.35,7.93,228.0,99340.0
1990-08-03 19:30:00+00:00,17.82,67.95,21.0,0.0,21.0,344.3,7.52,230.0,99350.0
1990-08-03 20:30:00+00:00,17.02,70.2,0.0,0.0,0.0,349.9,6.9,229.0,99390.0
1990-08-03 21:30:00+00:00,16.4,72.65,0.0,0.0,0.0,351.25,6.9,227.0,99420.0
1990-08-03 22:30:00+00:00,15.98,75.15,0.0,0.0,0.0,353.95,6.83,228.0,99430.0
1990-08-03 23:30:00+00:00,15.66,77.8,0.0,0.0,0.0,352.8,6.69,230.0,99440.0
1990-08-04 00:30:00+00:00,15.26,77.8,0.0,0.0,0.0,335.4,6.41,232.0,99430.0
1990-08-04 01:30:00+00:00,15.02,80.55,0.0,0.0,0.0,332.2,6.28,234.0,99440.0
1990-08-04 02:30:00+00:00,14.82,80.55,0.0,0.0,0.0,330.15,6.07,237.0,99450.0
1990-08-04 03:30:00+00:00,14.66,83.4,0.0,0.0,0.0,329.4,5.79,240.0,99450.0
1990-08-04 04:30:00+00:00,14.28,83.4,0.0,0.0,0.0,317.2,5.52,241.0,99460.0
1990-08-04 05:30:00+00:00,14.14,86.35,39.0,120.92,29.0,323.2,5.24,241.0,99510.0
1990-08-04 06:30:00+00:00,14.48,83.4,124.0,120.89,96.0,317.0,4.76,241.0,99530.0
1990-08-04 07:30:00+00:00,15.64,80.6,290.0,380.88,145.0,330.35,6.83,251.0,99600.0
1990-08-04 08:30:00+00:00,16.55,72.65,431.0,467.53,188.0,325.9,6.83,259.0,99640.0
1990-08-04 09:30:00+00:00,17.22,70.2,515.0,397.3,261.0,337.3,6.62,261.0,99690.0
1990-08-04 10:30:00+00:00,17.66,67.85,188.0,0.0,188.0,339.25,6.48,262.0,99730.0
1990-08-04 11:30:00+00:00,18.16,67.95,397.0,45.61,361.0,354.75,6.34,264.0,99740.0
1990-08-04 12:30:00+00:00,18.85,63.5,152.0,0.0,152.0,345.65,6.21,266.0,99770.0
1990-08-04 13:30:00+00:00,19.56,65.85,124.0,0.0,124.0,356.85,5.59,259.0,99800.0
1990-08-04 14:30:00+00:00,19.87,63.7,213.0,0.0,213.0,354.15,5.52,261.0,99830.0
1990-08-04 15:30:00+00:00,17.91,72.9,418.0,171.26,308.0,358.4,4.9,269.0,99890.0
1990-08-04 16:30:00+00:00,17.46,72.8,283.0,80.24,241.0,359.55,5.1,281.0,99970.0
1990-08-04 17:30:00+00:00,16.65,83.6,134.0,7.8,131.0,371.55,4.0,273.0,100040.0
1990-08-04 18:30:00+00:00,17.05,78.0,182.0,453.68,75.0,358.2,4.07,276.0,100090.0
1990-08-04 19:30:00+00:00,16.97,75.3,50.0,230.48,30.0,343.7,3.93,285.0,100180.0
1990-08-04 20:30:00+00:00,16.13,77.85,0.0,0.0,0.0,342.75,3.52,282.0,100270.0
1990-08-04 21:30:00+00:00,15.49,80.6,0.0,0.0,0.0,337.9,3.52,279.0,100340.0
1990-08-04 22:30:00+00:00,15.08,83.45,0.0,0.0,0.0,340.2,3.59,280.0,100400.0
1990-08-04 23:30:00+00:00,14.46,86.4,0.0,0.0,0.0,329.75,3.52,281.0,100430.0
1990-08-05 00:30:00+00:00,13.93,89.45,0.0,0.0,0.0,326.65,3.52,283.0,100450.0
1990-08-05 01:30:00+00:00,13.3,89.45,0.0,0.0,0.0,312.25,3.52,283.0,100510.0
1990-08-05 02:30:00+00:00,12.94,92.65,0.0,0.0,0.0,313.1,3.45,283.0,100560.0
1990-08-05 03:30:00+00:00,12.88,89.4,0.0,0.0,0.0,324.95,3.31,285.0,100620.0
1990-08-05 04:30:00+00:00,12.9,89.4,0.0,0.0,0.0,331.3,3.17,286.0,100690.0
1990-08-05 05:30:00+00:00,13.23,89.4,4.0,0.0,4.0,350.3,2.97,287.0,100760.0
1990-08-05 06:30:00+00:00,13.88,89.45,70.0,4.38,69.0,353.75,2.9,290.0,100800.0
1990-08-05 07:30:00+00:00,14.53,86.4,270.0,294.01,159.0,365.55,3.03,300.0,100890.0
1990-08-05 08:30:00+00:00,15.3,77.8,409.0,387.02,209.0,350.3,2.97,296.0,100950.0
1990-08-05 09:30:00+00:00,16.28,70.1,601.0,685.03,165.0,355.1,2.9,286.0,101000.0
1990-08-05 10:30:00+00:00,17.07,67.75,504.0,204.54,355.0,344.1,2.97,273.0,101040.0
1990-08-05 11:30:00+00:00,17.93,61.05,427.0,66.11,375.0,354.75,3.38,267.0,101040.0
1990-08-05 12:30:00+00:00,18.72,59.05,752.0,616.14,255.0,343.1,3.66,266.0,101050.0
1990-08-05 13:30:00+00:00,19.77,55.2,685.0,485.1,303.0,337.3,3.86,269.0,101080.0
1990-08-05 14:30:00+00:00,20.48,49.8,593.0,384.76,312.0,326.65,4.28,269.0,101060.0
1990-08-05 15:30:00+00:00,20.79,48.05,462.0,255.05,299.0,341.4,4.34,273.0,101090.0
1990-08-05 16:30:00+00:00,20.25,49.7,400.0,348.09,219.0,365.0,2.76,280.0,101080.0
1990-08-05 17:30:00+00:00,20.22,49.7,188.0,60.35,165.0,356.85,1.79,278.0,101080.0
1990-08-05 18:30:00+00:00,20.04,51.5,119.0,94.84,97.0,353.55,1.31,253.0,101090.0
1990-08-05 19:30:00+00:00,19.33,59.25,18.0,0.0,18.0,357.05,2.14,265.0,101140.0
1990-08-05 20:30:00+00:00,17.83,65.55,0.0,0.0,0.0,345.45,2.69,271.0,101220.0
1990-08-05 21:30:00+00:00,16.5,72.65,0.0,0.0,0.0,336.75,3.24,274.0,101270.0
1990-08-05 22:30:00+00:00,15.64,77.8,0.0,0.0,0.0,335.95,3.31,277.0,101350.0
1990-08-05 23:30:00+00:00,14.94,80.55,0.0,0.0,0.0,336.15,3.1,274.0,101350.0
1990-08-06 00:30:00+00:00,13.96,86.35,0.0,0.0,0.0,315.45,2.97,266.0,101360.0
1990-08-06 01:30:00+00:00,13.31,86.35,0.0,0.0,0.0,310.5,2.97,264.0,101380.0
1990-08-06 02:30:00+00:00,12.94,86.3,0.0,0.0,0.0,313.3,2.83,267.0,101420.0
1990-08-06 03:30:00+00:00,12.64,89.4,0.0,0.0,0.0,313.3,2.69,267.0,101440.0
1990-08-06 04:30:00+00:00,12.33,89.4,0.0,0.0,0.0,310.4,2.69,270.0,101470.0
1990-08-06 05:30:00+00:00,12.28,89.4,25.0,26.5,23.0,316.05,2.55,272.0,101520.0
1990-08-06 06:30:00+00:00,12.92,89.4,120.0,120.07,93.0,302.65,2.21,270.0,101550.0
1990-08-06 07:30:00+00:00,14.94,86.45,330.0,635.78,92.0,315.65,2.34,255.0,101650.0
1990-08-06 08:30:00+00:00,16.69,80.75,485.0,733.83,108.0,318.35,2.48,253.0,101670.0
1990-08-06 09:30:00+00:00,18.27,70.35,623.0,798.65,117.0,321.25,2.83,249.0,101690.0
1990-08-06 10:30:00+00:00,19.36,63.6,590.0,401.02,299.0,341.95,3.24,242.0,101670.0
1990-08-06 11:30:00+00:00,20.09,61.5,642.0,403.21,326.0,374.45,3.45,237.0,101680.0
1990-08-06 12:30:00+00:00,20.6,57.45,720.0,554.88,274.0,370.8,3.93,238.0,101680.0
1990-08-06 13:30:00+00:00,21.24,53.6,773.0,778.82,162.0,365.55,4.41,237.0,101670.0
1990-08-06 14:30:00+00:00,21.61,51.9,699.0,730.18,168.0,393.25,4.76,238.0,101670.0
1990-08-06 15:30:00+00:00,22.05,50.2,610.0,748.67,134.0,394.2,4.9,239.0,101640.0
1990-08-06 16:30:00+00:00,22.81,50.3,482.0,708.66,116.0,385.1,4.97,237.0,101600.0
1990-08-06 17:30:00+00:00,23.5,50.55,342.0,673.07,88.0,364.2,5.17,237.0,101550.0
1990-08-06 18:30:00+00:00,22.75,55.9,148.0,254.38,90.0,377.4,4.76,229.0,101540.0
1990-08-06 19:30:00+00:00,21.27,61.7,27.0,38.21,24.0,356.1,4.62,215.0,101530.0
1990-08-06 20:30:00+00:00,20.01,63.7,0.0,0.0,0.0,360.95,4.83,211.0,101510.0
1990-08-06 21:30:00+00:00,19.38,68.2,0.0,0.0,0.0,371.95,5.17,210.0,101490.0
1990-08-06 22:30:00+00:00,19.15,75.65,0.0,0.0,0.0,382.0,5.66,213.0,101450.0
1990-08-06 23:30:00+00:00,19.01,78.3,0.0,0.0,0.0,385.5,6.14,216.0,101390.0
1990-08-07 00:30:00+00:00,19.03,81.05,0.0,0.0,0.0,398.85,6.41,220.0,101340.0
1990-08-07 01:30:00+00:00,18.86,81.05,0.0,0.0,0.0,402.25,6.28,224.0,101310.0
1990-08-07 02:30:00+00:00,18.76,86.75,0.0,0.0,0.0,400.2,6.21,227.0,101260.0
1990-08-07 03:30:00+00:00,18.71,86.75,0.0,0.0,0.0,397.7,6.21,232.0,101220.0
1990-08-07 04:30:00+00:00,18.5,86.75,0.0,0.0,0.0,389.75,6.28,239.0,101200.0
1990-08-07 05:30:00+00:00,18.04,83.75,29.0,69.62,24.0,390.15,6.41,245.0,101190.0
1990-08-07 06:30:00+00:00,17.36,78.1,118.0,117.42,92.0,373.1,6.76,249.0,101200.0
1990-08-07 07:30:00+00:00,17.4,72.8,265.0,299.1,154.0,342.95,6.55,249.0,101250.0
1990-08-07 08:30:00+00:00,17.47,70.3,357.0,246.73,231.0,345.05,6.83,251.0,101270.0
1990-08-07 09:30:00+00:00,17.85,65.55,549.0,518.53,222.0,364.2,6.76,251.0,101260.0
1990-08-07 10:30:00+00:00,18.55,61.2,675.0,640.59,212.0,352.8,6.76,248.0,101250.0
1990-08-07 11:30:00+00:00,18.95,59.15,758.0,719.74,196.0,368.3,6.69,247.0,101200.0
1990-08-07 12:30:00+00:00,19.82,55.3,744.0,613.09,253.0,362.5,6.9,248.0,101200.0
1990-08-07 13:30:00+00:00,20.13,55.3,798.0,845.82,137.0,354.75,6.83,249.0,101150.0
1990-08-07 14:30:00+00:00,20.29,55.3,734.0,835.6,129.0,345.45,6.69,250.0,101120.0
1990-08-07 15:30:00+00:00,20.38,51.65,630.0,806.44,120.0,351.85,6.76,249.0,101090.0
1990-08-07 16:30:00+00:00,20.36,51.65,489.0,735.09,112.0,353.95,6.9,248.0,101050.0
1990-08-07 17:30:00+00:00,20.1,53.35,325.0,594.31,103.0,348.15,6.83,245.0,100980.0
1990-08-07 18:30:00+00:00,19.87,53.35,177.0,486.74,68.0,339.85,6.62,244.0,100950.0
1990-08-07 19:30:00+00:00,19.13,63.5,36.0,134.67,26.0,339.85,6.21,234.0,100860.0
1990-08-07 20:30:00+00:00,17.75,67.85,0.0,0.0,0.0,326.85,6.83,233.0,100840.0
1990-08-07 21:30:00+00:00,16.67,72.65,0.0,0.0,0.0,322.05,7.38,237.0,100820.0
1990-08-07 22:30:00+00:00,16.34,72.65,0.0,0.0,0.0,340.0,7.72,243.0,100800.0
1990-08-07 23:30:00+00:00,16.53,72.65,0.0,0.0,0.0,366.75,7.59,252.0,100790.0
1990-08-08 00:30:00+00:00,16.49,70.1,0.0,0.0,0.0,368.65,7.1,263.0,100770.0
1990-08-08 01:30:00+00:00,15.33,67.45,0.0,0.0,0.0,301.45,6.97,266.0,100800.0
1990-08-08 02:30:00+00:00,14.34,64.85,0.0,0.0,0.0,298.6,6.76,261.0,100790.0
1990-08-08 03:30:00+00:00,13.47,64.75,0.0,0.0,0.0,287.95,6.55,259.0,100780.0
1990-08-08 04:30:00+00:00,13.05,69.55,0.0,0.0,0.0,299.2,6.14,260.0,100800.0
1990-08-08 05:30:00+00:00,13.02,72.1,7.0,0.0,7.0,323.0,5.66,261.0,100870.0
1990-08-08 06:30:00+00:00,13.15,74.75,29.0,0.0,29.0,309.85,4.9,261.0,100920.0
1990-08-08 07:30:00+00:00,13.93,72.2,175.0,51.65,156.0,323.95,6.0,262.0,101010.0
1990-08-08 08:30:00+00:00,14.83,67.35,235.0,35.46,217.0,331.3,7.66,282.0,101060.0
1990-08-08 09:30:00+00:00,15.06,67.35,490.0,336.18,279.0,343.1,7.17,286.0,101120.0
1990-08-08 10:30:00+00:00,15.38,65.05,291.0,11.11,283.0,335.55,6.83,286.0,101150.0
1990-08-08 11:30:00+00:00,16.2,62.85,697.0,524.48,289.0,326.5,6.69,286.0,101150.0
1990-08-08 12:30:00+00:00,16.81,54.6,580.0,235.63,392.0,328.6,6.76,287.0,101160.0
1990-08-08 13:30:00+00:00,17.62,50.85,452.0,88.65,383.0,324.15,6.97,290.0,101180.0
1990-08-08 14:30:00+00:00,17.79,47.4,615.0,448.14,292.0,320.65,6.69,294.0,101190.0
1990-08-08 15:30:00+00:00,17.78,47.4,599.0,683.69,169.0,311.4,6.41,298.0,101210.0
1990-08-08 16:30:00+00:00,17.47,49.05,483.0,710.96,121.0,317.55,6.14,301.0,101230.0
1990-08-08 17:30:00+00:00,16.77,48.9,324.0,587.1,107.0,315.85,5.72,302.0,101250.0
1990-08-08 18:30:00+00:00,16.11,52.4,178.0,514.13,65.0,301.5,5.1,301.0,101320.0
1990-08-08 19:30:00+00:00,15.46,56.25,31.0,100.14,24.0,316.05,4.14,296.0,101340.0
1990-08-08 20:30:00+00:00,14.29,62.55,0.0,0.0,0.0,302.65,3.72,292.0,101380.0
1990-08-08 21:30:00+00:00,13.46,64.75,0.0,0.0,0.0,298.2,3.79,287.0,101410.0
1990-08-08 22:30:00+00:00,12.95,69.55,0.0,0.0,0.0,300.55,4.0,284.0,101410.0
1990-08-08 23:30:00+00:00,12.42,72.05,0.0,0.0,0.0,292.4,4.21,285.0,101420.0
1990-08-09 00:30:00+00:00,11.91,77.35,0.0,0.0,0.0,284.85,4.21,288.0,101420.0
1990-08-09 01:30:00+00:00,11.53,77.3,0.0,0.0,0.0,284.0,4.21,294.0,101460.0
1990-08-09 02:30:00+00:00,11.18,80.1,0.0,0.0,0.0,282.55,4.21,302.0,101490.0
1990-08-09 03:30:00+00:00,10.66,80.05,0.0,0.0,0.0,276.15,3.86,307.0,101510.0
1990-08-09 04:30:00+00:00,10.19,79.95,0.0,0.0,0.0,276.55,3.66,308.0,101520.0
1990-08-09 05:30:00+00:00,9.73,77.1,35.0,217.44,21.0,271.1,3.45,308.0,101550.0
1990-08-09 06:30:00+00:00,10.38,77.15,137.0,237.83,86.0,272.3,3.03,307.0,101590.0
1990-08-09 07:30:00+00:00,12.22,77.45,298.0,477.33,124.0,278.85,3.59,303.0,101630.0
1990-08-09 08:30:00+00:00,13.73,72.2,474.0,699.8,121.0,286.6,4.41,307.0,101650.0
1990-08-09 09:30:00+00:00,14.78,62.65,623.0,803.71,121.0,320.3,5.03,307.0,101640.0
1990-08-09 10:30:00+00:00,15.11,64.95,145.0,0.0,145.0,319.9,5.38,300.0,101630.0
1990-08-09 11:30:00+00:00,14.95,64.95,378.0,36.13,350.0,347.95,5.79,296.0,101600.0
1990-08-09 12:30:00+00:00,15.36,62.75,385.0,33.97,358.0,346.8,6.0,297.0,101620.0
1990-08-09 13:30:00+00:00,15.82,58.45,633.0,377.96,340.0,335.2,6.07,298.0,101590.0
1990-08-09 14:30:00+00:00,16.17,56.35,131.0,0.0,131.0,317.95,6.34,299.0,101560.0
1990-08-09 15:30:00+00:00,16.12,54.35,320.0,52.77,287.0,315.85,6.48,300.0,101570.0
1990-08-09 16:30:00+00:00,15.84,52.4,479.0,714.3,118.0,310.6,6.55,300.0,101550.0
1990-08-09 17:30:00+00:00,15.41,54.25,294.0,443.11,132.0,316.2,6.69,303.0,101540.0
1990-08-09 18:30:00+00:00,14.69,60.3,154.0,347.95,79.0,316.2,5.66,300.0,101540.0
1990-08-09 19:30:00+00:00,13.91,67.15,33.0,152.77,23.0,314.1,5.17,300.0,101570.0
1990-08-09 20:30:00+00:00,12.95,67.05,0.0,0.0,0.0,299.55,4.55,300.0,101550.0
1990-08-09 21:30:00+00:00,12.47,72.05,0.0,0.0,0.0,303.65,4.34,300.0,101570.0
1990-08-09 22:30:00+00:00,12.04,74.6,0.0,0.0,0.0,304.6,4.21,301.0,101540.0
1990-08-09 23:30:00+00:00,11.67,77.3,0.0,0.0,0.0,303.45,4.07,300.0,101550.0
1990-08-10 00:30:00+00:00,11.65,77.3,0.0,0.0,0.0,320.5,3.93,299.0,101540.0
1990-08-10 01:30:00+00:00,11.13,83.05,0.0,0.0,0.0,301.05,3.79,296.0,101520.0
1990-08-10 02:30:00+00:00,11.01,83.05,0.0,0.0,0.0,311.2,3.93,296.0,101530.0
1990-08-10 03:30:00+00:00,10.65,86.05,0.0,0.0,0.0,301.7,3.72,295.0,101520.0
1990-08-10 04:30:00+00:00,10.8,83.05,0.0,0.0,0.0,325.5,3.59,296.0,101490.0
1990-08-10 05:30:00+00:00,10.6,89.25,24.0,82.49,19.0,316.2,3.24,296.0,101520.0
1990-08-10 06:30:00+00:00,11.06,86.1,89.0,42.68,80.0,311.95,3.03,297.0,101530.0
1990-08-10 07:30:00+00:00,12.34,80.3,263.0,323.93,146.0,315.25,3.17,313.0,101570.0
1990-08-10 08:30:00+00:00,13.11,77.5,415.0,464.84,182.0,321.85,3.03,324.0,101600.0
1990-08-10 09:30:00+00:00,13.88,72.2,370.0,115.84,298.0,328.4,2.97,323.0,101600.0
1990-08-10 10:30:00+00:00,14.76,64.95,498.0,215.74,344.0,325.7,2.83,324.0,101580.0
1990-08-10 11:30:00+00:00,15.66,60.5,470.0,115.3,381.0,316.2,2.69,317.0,101590.0
1990-08-10 12:30:00+00:00,16.36,54.45,613.0,313.25,365.0,338.5,2.76,306.0,101570.0
1990-08-10 13:30:00+00:00,16.39,56.5,527.0,190.42,380.0,364.4,2.83,296.0,101540.0
1990-08-10 14:30:00+00:00,16.74,54.45,414.0,96.64,345.0,358.0,3.38,292.0,101530.0
1990-08-10 15:30:00+00:00,17.04,54.6,421.0,199.44,297.0,355.1,4.0,290.0,101530.0
1990-08-10 16:30:00+00:00,16.77,56.6,331.0,195.4,233.0,358.4,4.0,289.0,101510.0
1990-08-10 17:30:00+00:00,16.16,62.85,138.0,13.83,133.0,357.45,3.79,289.0,101480.0
1990-08-10 18:30:00+00:00,15.36,67.45,64.0,4.73,63.0,356.1,3.17,282.0,101460.0
1990-08-10 19:30:00+00:00,15.02,75.0,14.0,0.0,14.0,364.6,2.62,274.0,101420.0
1990-08-10 20:30:00+00:00,14.51,77.65,0.0,0.0,0.0,368.65,2.69,257.0,101400.0
1990-08-10 21:30:00+00:00,14.28,80.45,0.0,0.0,0.0,369.05,3.31,248.0,101390.0
1990-08-10 22:30:00+00:00,14.13,83.35,0.0,0.0,0.0,371.0,3.93,251.0,101360.0
1990-08-10 23:30:00+00:00,13.93,86.35,0.0,0.0,0.0,369.65,4.41,258.0,101340.0
1990-08-11 00:30:00+00:00,13.77,86.35,0.0,0.0,0.0,374.1,4.69,266.0,101310.0
1990-08-11 01:30:00+00:00,13.26,86.35,0.0,0.0,0.0,372.45,4.76,270.0,101270.0
1990-08-11 02:30:00+00:00,12.95,89.4,0.0,0.0,0.0,362.85,4.97,264.0,101180.0
1990-08-11 03:30:00+00:00,12.73,86.3,0.0,0.0,0.0,351.25,5.17,264.0,101160.0
1990-08-11 04:30:00+00:00,12.73,86.3,0.0,0.0,0.0,360.15,5.17,265.0,101130.0
1990-08-11 05:30:00+00:00,12.7,89.4,16.0,17.6,15.0,365.75,5.17,266.0,101120.0
1990-08-11 06:30:00+00:00,12.73,86.3,41.0,0.0,41.0,366.35,5.24,270.0,101110.0
1990-08-11 07:30:00+00:00,13.05,86.3,82.0,0.0,82.0,365.75,5.17,270.0,101080.0
1990-08-11 08:30:00+00:00,13.56,86.35,117.0,0.0,117.0,363.65,6.07,274.0,101070.0
1990-08-11 09:30:00+00:00,14.61,83.4,275.0,27.49,258.0,365.75,6.97,277.0,101090.0
1990-08-11 10:30:00+00:00,15.26,77.8,321.0,28.14,301.0,374.65,7.45,278.0,101090.0
1990-08-11 11:30:00+00:00,15.69,80.6,251.0,1.3,250.0,379.9,7.66,280.0,101090.0
1990-08-11 12:30:00+00:00,16.17,77.85,224.0,0.0,224.0,373.9,8.0,282.0,101140.0
1990-08-11 13:30:00+00:00,16.54,75.25,513.0,183.44,372.0,381.05,7.86,283.0,101130.0
1990-08-11 14:30:00+00:00,17.04,75.3,118.0,0.0,118.0,384.35,7.59,284.0,101120.0
1990-08-11 15:30:00+00:00,17.68,75.4,203.0,1.62,202.0,384.35,7.1,285.0,101130.0
1990-08-11 16:30:00+00:00,18.32,72.95,227.0,36.18,209.0,384.75,6.76,287.0,101140.0
1990-08-11 17:30:00+00:00,18.63,72.95,142.0,22.39,134.0,394.0,6.0,288.0,101120.0
1990-08-11 18:30:00+00:00,18.35,75.55,79.0,29.01,73.0,393.65,5.31,284.0,101160.0
1990-08-11 19:30:00+00:00,18.15,80.9,13.0,0.0,13.0,397.3,5.1,273.0,101160.0
1990-08-11 20:30:00+00:00,17.73,80.85,0.0,0.0,0.0,391.7,4.9,266.0,101180.0
1990-08-11 21:30:00+00:00,17.5,80.85,0.0,0.0,0.0,393.45,4.9,264.0,101220.0
1990-08-11 22:30:00+00:00,17.24,83.65,0.0,0.0,0.0,388.4,4.83,265.0,101250.0
1990-08-11 23:30:00+00:00,17.12,83.65,0.0,0.0,0.0,393.05,4.83,267.0,101260.0
1990-08-12 00:30:00+00:00,16.98,83.65,0.0,0.0,0.0,391.5,4.76,268.0,101260.0
1990-08-12 01:30:00+00:00,16.86,83.65,0.0,0.0,0.0,389.85,4.69,268.0,101250.0
1990-08-12 02:30:00+00:00,16.71,83.6,0.0,0.0,0.0,389.0,4.41,267.0,101240.0
1990-08-12 03:30:00+00:00,16.45,83.6,0.0,0.0,0.0,383.75,4.21,263.0,101240.0
1990-08-12 04:30:00+00:00,15.92,86.5,0.0,0.0,0.0,366.75,4.0,259.0,101230.0
1990-08-12 05:30:00+00:00,15.67,89.55,16.0,18.88,15.0,372.95,3.86,257.0,101250.0
1990-08-12 06:30:00+00:00,15.58,86.5,116.0,162.0,83.0,346.0,3.59,252.0,101240.0
1990-08-12 07:30:00+00:00,15.78,80.65,278.0,428.91,126.0,319.5,5.31,257.0,101290.0
1990-08-12 08:30:00+00:00,16.37,75.25,450.0,650.83,128.0,331.5,5.59,257.0,101300.0
1990-08-12 09:30:00+00:00,17.26,67.75,596.0,760.68,128.0,331.1,5.72,254.0,101300.0
1990-08-12 10:30:00+00:00,18.39,59.05,703.0,799.86,137.0,313.3,5.86,252.0,101280.0
1990-08-12 11:30:00+00:00,19.6,55.2,788.0,868.57,123.0,316.8,5.93,249.0,101270.0
1990-08-12 12:30:00+00:00,20.74,53.5,808.0,864.65,129.0,319.7,6.21,248.0,101250.0
1990-08-12 13:30:00+00:00,21.49,53.75,784.0,857.22,128.0,326.65,6.55,250.0,101220.0
1990-08-12 14:30:00+00:00,21.84,52.0,711.0,823.29,129.0,336.15,6.9,252.0,101180.0
1990-08-12 15:30:00+00:00,21.78,55.65,606.0,792.85,119.0,335.75,6.83,252.0,101200.0
1990-08-12 16:30:00+00:00,21.18,55.55,457.0,688.91,117.0,340.4,6.69,252.0,101180.0
1990-08-12 17:30:00+00:00,20.4,57.45,269.0,379.57,135.0,336.15,6.41,252.0,101130.0
1990-08-12 18:30:00+00:00,19.36,59.25,160.0,494.32,60.0,330.15,5.79,255.0,101150.0
1990-08-12 19:30:00+00:00,18.07,63.3,25.0,154.99,17.0,374.85,5.72,256.0,101180.0
1990-08-12 20:30:00+00:00,17.66,65.45,0.0,0.0,0.0,385.7,5.31,252.0,101180.0
1990-08-12 21:30:00+00:00,16.83,67.75,0.0,0.0,0.0,349.3,5.03,244.0,101180.0
1990-08-12 22:30:00+00:00,16.02,75.15,0.0,0.0,0.0,329.55,5.24,241.0,101160.0
1990-08-12 23:30:00+00:00,15.68,77.8,0.0,0.0,0.0,340.8,5.31,241.0,101140.0
1990-08-13 00:30:00+00:00,15.45,80.6,0.0,0.0,0.0,343.9,5.17,241.0,101100.0
1990-08-13 01:30:00+00:00,15.38,80.6,0.0,0.0,0.0,345.35,5.1,242.0,101110.0
1990-08-13 02:30:00+00:00,15.17,86.45,0.0,0.0,0.0,337.5,5.1,242.0,101070.0
1990-08-13 03:30:00+00:00,15.2,86.45,0.0,0.0,0.0,345.85,5.17,243.0,101060.0
1990-08-13 04:30:00+00:00,15.46,86.5,0.0,0.0,0.0,362.3,5.03,244.0,101030.0
1990-08-13 05:30:00+00:00,15.75,83.55,3.0,0.0,3.0,370.4,4.76,244.0,101050.0
1990-08-13 06:30:00+00:00,16.28,83.6,41.0,0.0,41.0,387.25,3.86,246.0,101070.0
1990-08-13 07:30:00+00:00,16.81,86.6,194.0,111.13,155.0,391.9,3.86,264.0,101060.0
1990-08-13 08:30:00+00:00,17.22,80.8,370.0,333.7,206.0,383.55,4.21,277.0,101120.0
1990-08-13 09:30:00+00:00,17.3,70.3,530.0,519.58,212.0,379.5,4.69,282.0,101170.0
1990-08-13 10:30:00+00:00,17.92,61.05,438.0,134.86,343.0,364.0,5.38,280.0,101200.0
1990-08-13 11:30:00+00:00,18.08,61.05,532.0,212.48,370.0,370.8,5.31,279.0,101240.0
1990-08-13 12:30:00+00:00,18.35,59.05,634.0,379.81,337.0,379.5,5.24,280.0,101250.0
1990-08-13 13:30:00+00:00,18.79,57.1,631.0,414.8,315.0,376.4,5.31,282.0,101270.0
1990-08-13 14:30:00+00:00,18.88,55.05,510.0,254.53,331.0,379.7,5.17,284.0,101270.0
1990-08-13 15:30:00+00:00,18.99,55.05,472.0,339.14,265.0,379.3,4.97,287.0,101290.0
1990-08-13 16:30:00+00:00,18.88,55.05,346.0,259.49,219.0,368.65,4.76,290.0,101320.0
1990-08-13 17:30:00+00:00,18.29,59.05,227.0,212.24,153.0,369.85,4.41,296.0,101340.0
1990-08-13 18:30:00+00:00,17.55,63.2,115.0,171.97,81.0,371.0,3.72,300.0,101400.0
1990-08-13 19:30:00+00:00,16.87,65.35,4.0,0.0,4.0,359.95,3.03,304.0,101410.0
1990-08-13 20:30:00+00:00,15.84,70.0,0.0,0.0,0.0,342.95,2.28,300.0,101460.0
1990-08-13 21:30:00+00:00,14.88,75.0,0.0,0.0,0.0,329.0,2.14,294.0,101490.0
1990-08-13 22:30:00+00:00,14.36,77.65,0.0,0.0,0.0,334.6,2.21,291.0,101510.0
1990-08-13 23:30:00+00:00,13.6,80.4,0.0,0.0,0.0,319.3,2.34,288.0,101530.0
1990-08-14 00:30:00+00:00,12.94,83.25,0.0,0.0,0.0,310.6,2.34,287.0,101540.0
1990-08-14 01:30:00+00:00,12.55,89.4,0.0,0.0,0.0,310.9,2.28,287.0,101540.0
1990-08-14 02:30:00+00:00,12.24,89.4,0.0,0.0,0.0,311.95,2.28,286.0,101490.0
1990-08-14 03:30:00+00:00,12.21,92.6,0.0,0.0,0.0,318.95,2.21,284.0,101510.0
1990-08-14 04:30:00+00:00,12.18,92.6,0.0,0.0,0.0,320.5,2.28,283.0,101530.0
1990-08-14 05:30:00+00:00,12.45,89.4,9.0,0.0,9.0,335.55,2.21,281.0,101530.0
1990-08-14 06:30:00+00:00,13.07,89.4,68.0,15.28,65.0,324.75,2.0,281.0,101570.0
1990-08-14 07:30:00+00:00,15.5,83.5,134.0,17.27,128.0,349.7,2.28,281.0,101590.0
1990-08-14 08:30:00+00:00,16.82,75.3,169.0,4.1,167.0,347.4,2.69,292.0,101620.0
1990-08-14 09:30:00+00:00,17.56,70.3,236.0,9.86,230.0,339.05,2.76,292.0,101640.0
1990-08-14 10:30:00+00:00,18.13,65.55,226.0,1.43,225.0,364.6,2.97,295.0,101650.0
1990-08-14 11:30:00+00:00,18.61,61.2,346.0,25.03,327.0,369.45,2.97,298.0,101640.0
1990-08-14 12:30:00+00:00,19.31,55.2,200.0,0.0,200.0,371.4,2.9,297.0,101640.0
1990-08-14 13:30:00+00:00,19.86,53.35,369.0,38.24,340.0,371.55,2.9,300.0,101630.0
1990-08-14 14:30:00+00:00,20.16,53.35,506.0,248.74,332.0,374.3,2.97,305.0,101630.0
1990-08-14 15:30:00+00:00,20.1,53.35,418.0,216.03,287.0,380.1,2.69,314.0,101630.0
1990-08-14 16:30:00+00:00,20.03,53.35,417.0,529.67,160.0,373.5,2.21,321.0,101640.0
1990-08-14 17:30:00+00:00,19.84,53.35,260.0,368.95,133.0,340.6,1.86,320.0,101610.0
1990-08-14 18:30:00+00:00,19.34,57.2,145.0,435.15,61.0,333.25,2.0,311.0,101630.0
1990-08-14 19:30:00+00:00,17.98,65.55,18.0,119.13,13.0,375.05,1.86,330.0,101690.0
1990-08-14 20:30:00+00:00,16.78,70.2,0.0,0.0,0.0,351.85,2.0,333.0,101740.0
1990-08-14 21:30:00+00:00,15.99,75.15,0.0,0.0,0.0,349.7,2.07,336.0,101780.0
1990-08-14 22:30:00+00:00,15.14,80.55,0.0,0.0,0.0,336.35,2.07,342.0,101790.0
1990-08-14 23:30:00+00:00,14.53,83.4,0.0,0.0,0.0,336.35,1.93,354.0,101770.0
1990-08-15 00:30:00+00:00,13.84,83.35,0.0,0.0,0.0,327.65,1.93,4.0,101760.0
1990-08-15 01:30:00+00:00,13.35,83.35,0.0,0.0,0.0,328.9,1.86,18.0,101740.0
1990-08-15 02:30:00+00:00,12.98,86.3,0.0,0.0,0.0,328.05,1.72,32.0,101710.0
1990-08-15 03:30:00+00:00,12.52,89.4,0.0,0.0,0.0,323.0,1.66,50.0,101680.0
1990-08-15 04:30:00+00:00,12.1,92.6,0.0,0.0,0.0,324.15,1.59,60.0,101650.0
1990-08-15 05:30:00+00:00,11.48,92.55,16.0,96.88,12.0,311.2,1.66,62.0,101650.0
1990-08-15 06:30:00+00:00,12.56,92.6,127.0,280.24,73.0,329.75,1.1,68.0,101650.0
1990-08-15 07:30:00+00:00,14.16,89.45,296.0,584.4,95.0,319.7,1.1,97.0,101740.0
1990-08-15 08:30:00+00:00,15.88,80.65,452.0,693.16,116.0,331.5,1.45,130.0,101700.0
1990-08-15 09:30:00+00:00,17.63,72.8,598.0,787.81,121.0,325.9,1.66,145.0,101670.0
1990-08-15 10:30:00+00:00,19.07,65.75,688.0,769.41,151.0,324.75,1.93,150.0,101650.0
1990-08-15 11:30:00+00:00,20.21,57.3,656.0,480.28,293.0,335.75,1.86,146.0,101630.0
1990-08-15 12:30:00+00:00,21.05,51.75,0.0,0.0,0.0,358.0,1.66,144.0,101590.0
1990-08-15 13:30:00+00:00,22.03,48.45,683.0,559.18,261.0,363.25,1.52,141.0,101560.0
1990-08-15 14:30:00+00:00,22.2,46.75,691.0,784.78,145.0,369.25,1.59,132.0,101510.0
1990-08-15 15:30:00+00:00,22.59,46.85,577.0,717.18,145.0,331.9,1.79,124.0,101450.0
1990-08-15 16:30:00+00:00,22.57,46.85,442.0,657.08,126.0,333.45,2.07,115.0,101400.0
1990-08-15 17:30:00+00:00,22.29,48.45,272.0,450.42,119.0,332.65,2.28,113.0,101340.0
1990-08-15 18:30:00+00:00,21.69,51.9,137.0,393.03,63.0,332.3,2.14,113.0,101350.0
1990-08-15 19:30:00+00:00,19.76,59.25,10.0,0.0,10.0,325.7,2.97,95.0,101340.0
1990-08-15 20:30:00+00:00,17.7,65.45,0.0,0.0,0.0,319.9,3.52,98.0,101370.0
1990-08-15 21:30:00+00:00,16.1,70.0,0.0,0.0,0.0,314.1,3.52,101.0,101390.0
1990-08-15 22:30:00+00:00,14.94,75.0,0.0,0.0,0.0,308.85,3.17,105.0,101410.0
1990-08-15 23:30:00+00:00,14.08,80.4,0.0,0.0,0.0,305.0,2.76,111.0,101410.0
1990-08-16 00:30:00+00:00,13.38,80.4,0.0,0.0,0.0,302.1,2.48,118.0,101420.0
1990-08-16 01:30:00+00:00,12.63,83.25,0.0,0.0,0.0,299.9,2.21,120.0,101390.0
1990-08-16 02:30:00+00:00,11.88,86.2,0.0,0.0,0.0,297.45,1.79,115.0,101350.0
1990-08-16 03:30:00+00:00,11.04,92.55,0.0,0.0,0.0,295.3,1.66,94.0,101330.0
1990-08-16 04:30:00+00:00,10.39,92.5,0.0,0.0,0.0,293.4,1.93,75.0,101290.0
1990-08-16 05:30:00+00:00,10.02,95.9,8.0,0.0,8.0,292.05,2.07,70.0,101270.0
1990-08-16 06:30:00+00:00,10.75,92.55,123.0,264.61,73.0,290.65,1.79,71.0,101250.0
1990-08-16 07:30:00+00:00,13.08,89.4,285.0,525.87,106.0,295.5,2.14,81.0,101290.0
1990-08-16 08:30:00+00:00,15.06,83.45,443.0,660.69,125.0,299.55,2.55,89.0,101260.0
1990-08-16 09:30:00+00:00,16.78,67.75,568.0,679.25,159.0,312.15,3.17,96.0,101240.0
1990-08-16 10:30:00+00:00,17.99,61.05,626.0,557.15,239.0,328.8,3.31,98.0,101210.0
1990-08-16 11:30:00+00:00,19.02,57.1,716.0,660.53,219.0,343.7,3.24,99.0,101160.0
1990-08-16 12:30:00+00:00,19.79,55.2,754.0,719.22,199.0,320.3,3.17,99.0,101110.0
1990-08-16 13:30:00+00:00,20.53,51.65,719.0,673.77,213.0,327.05,3.38,97.0,101080.0
1990-08-16 14:30:00+00:00,20.94,51.75,632.0,581.05,230.0,331.7,3.59,96.0,101030.0
1990-08-16 15:30:00+00:00,21.13,51.75,588.0,772.27,126.0,327.45,3.66,98.0,100990.0
1990-08-16 16:30:00+00:00,21.01,51.75,445.0,686.19,118.0,334.6,3.59,99.0,100950.0
1990-08-16 17:30:00+00:00,20.64,53.5,276.0,489.45,112.0,348.15,3.45,98.0,100920.0
1990-08-16 18:30:00+00:00,19.92,55.3,133.0,387.03,62.0,352.8,3.38,90.0,100900.0
1990-08-16 19:30:00+00:00,18.45,63.4,10.0,0.0,10.0,323.55,3.45,77.0,100850.0
1990-08-16 20:30:00+00:00,16.5,72.65,0.0,0.0,0.0,316.4,3.66,76.0,100890.0
1990-08-16 21:30:00+00:00,15.14,80.55,0.0,0.0,0.0,312.15,3.52,79.0,100890.0
1990-08-16 22:30:00+00:00,14.16,86.35,0.0,0.0,0.0,306.95,3.31,83.0,100900.0
1990-08-16 23:30:00+00:00,13.52,86.35,0.0,0.0,0.0,304.8,3.17,90.0,100900.0
1990-08-17 00:30:00+00:00,13.02,89.4,0.0,0.0,0.0,303.65,2.83,97.0,100880.0
1990-08-17 01:30:00+00:00,12.55,89.4,0.0,0.0,0.0,304.5,2.41,100.0,100860.0
1990-08-17 02:30:00+00:00,12.1,92.6,0.0,0.0,0.0,305.4,2.21,101.0,100830.0
1990-08-17 03:30:00+00:00,11.72,89.35,0.0,0.0,0.0,308.3,2.0,94.0,100760.0
1990-08-17 04:30:00+00:00,11.09,92.55,0.0,0.0,0.0,293.0,1.93,80.0,100720.0
1990-08-17 05:30:00+00:00,10.53,95.9,9.0,0.0,9.0,289.3,2.0,65.0,100690.0
1990-08-17 06:30:00+00:00,11.09,92.55,133.0,383.38,62.0,288.75,2.0,66.0,100660.0
1990-08-17 07:30:00+00:00,13.31,86.35,283.0,531.46,104.0,303.65,2.41,77.0,100660.0
1990-08-17 08:30:00+00:00,15.24,86.45,241.0,58.59,213.0,335.0,2.41,95.0,100660.0
1990-08-17 09:30:00+00:00,16.81,70.2,349.0,103.55,287.0,344.85,2.76,118.0,100660.0
1990-08-17 10:30:00+00:00,17.8,63.3,388.0,81.02,332.0,373.9,3.03,117.0,100610.0
1990-08-17 11:30:00+00:00,18.55,61.2,637.0,441.93,306.0,386.1,3.24,106.0,100590.0
1990-08-17 12:30:00+00:00,19.82,55.3,779.0,817.6,151.0,365.2,3.79,103.0,100530.0
1990-08-17 13:30:00+00:00,20.93,51.75,759.0,824.35,143.0,336.15,3.79,103.0,100480.0
1990-08-17 14:30:00+00:00,21.86,48.45,693.0,812.63,134.0,322.6,3.66,103.0,100420.0
1990-08-17 15:30:00+00:00,22.43,46.85,590.0,792.88,119.0,326.85,3.66,103.0,100370.0
1990-08-17 16:30:00+00:00,22.63,46.85,445.0,705.37,112.0,329.2,3.45,105.0,100300.0
1990-08-17 17:30:00+00:00,22.51,46.85,271.0,487.33,110.0,331.5,3.03,106.0,100290.0
1990-08-17 18:30:00+00:00,21.8,51.9,129.0,380.89,61.0,340.4,2.62,84.0,100300.0
1990-08-17 19:30:00+00:00,19.85,61.5,7.0,0.0,7.0,330.15,3.24,69.0,100300.0
1990-08-17 20:30:00+00:00,17.93,72.9,0.0,0.0,0.0,327.25,3.66,67.0,100340.0
1990-08-17 21:30:00+00:00,16.57,80.75,0.0,0.0,0.0,319.5,3.52,71.0,100350.0
1990-08-17 22:30:00+00:00,15.68,86.5,0.0,0.0,0.0,318.55,3.17,76.0,100350.0
1990-08-17 23:30:00+00:00,14.98,86.45,0.0,0.0,0.0,317.55,2.9,81.0,100340.0
1990-08-18 00:30:00+00:00,14.4,89.5,0.0,0.0,0.0,318.15,2.69,77.0,100330.0
1990-08-18 01:30:00+00:00,13.91,92.65,0.0,0.0,0.0,318.65,2.48,70.0,100300.0
1990-08-18 02:30:00+00:00,13.43,92.65,0.0,0.0,0.0,321.05,2.28,60.0,100290.0
1990-08-18 03:30:00+00:00,13.04,92.65,0.0,0.0,0.0,319.3,2.28,52.0,100250.0
1990-08-18 04:30:00+00:00,12.92,95.95,0.0,0.0,0.0,323.4,2.34,47.0,100230.0
1990-08-18 05:30:00+00:00,12.75,95.95,3.0,0.0,3.0,318.95,2.34,45.0,100220.0
1990-08-18 06:30:00+00:00,13.27,95.95,89.0,93.71,72.0,327.65,1.93,42.0,100230.0
1990-08-18 07:30:00+00:00,15.63,92.75,103.0,3.0,102.0,382.4,3.38,73.0,100260.0
1990-08-18 08:30:00+00:00,16.88,80.8,241.0,63.24,211.0,370.0,3.52,70.0,100260.0
1990-08-18 09:30:00+00:00,18.5,70.45,515.0,517.37,207.0,365.0,3.72,74.0,100260.0
1990-08-18 10:30:00+00:00,19.8,63.7,555.0,382.38,292.0,353.75,3.72,80.0,100270.0
1990-08-18 11:30:00+00:00,20.88,57.55,462.0,127.43,367.0,363.85,3.59,87.0,100230.0
1990-08-18 12:30:00+00:00,21.55,55.65,572.0,277.32,360.0,378.75,3.59,87.0,100200.0
1990-08-18 13:30:00+00:00,21.8,55.65,562.0,290.54,346.0,387.65,3.52,86.0,100200.0
1990-08-18 14:30:00+00:00,22.1,53.85,541.0,355.34,298.0,373.1,3.31,87.0,100180.0
1990-08-18 15:30:00+00:00,22.03,53.85,455.0,337.43,256.0,373.3,3.72,81.0,100140.0
1990-08-18 16:30:00+00:00,21.4,55.65,354.0,337.92,196.0,383.0,4.14,79.0,100120.0
1990-08-18 17:30:00+00:00,20.68,61.6,255.0,423.84,117.0,380.45,4.83,76.0,100130.0
1990-08-18 18:30:00+00:00,19.82,63.7,100.0,172.87,70.0,361.1,4.62,76.0,100120.0
1990-08-18 19:30:00+00:00,19.07,65.75,5.0,0.0,5.0,354.35,4.69,80.0,100140.0
1990-08-18 20:30:00+00:00,17.3,72.8,0.0,0.0,0.0,334.4,4.55,80.0,100160.0
1990-08-18 21:30:00+00:00,16.33,80.75,0.0,0.0,0.0,339.25,4.41,82.0,100160.0
1990-08-18 22:30:00+00:00,15.66,86.5,0.0,0.0,0.0,333.45,4.21,85.0,100160.0
1990-08-18 23:30:00+00:00,15.38,86.5,0.0,0.0,0.0,335.95,4.07,92.0,100130.0
1990-08-19 00:30:00+00:00,15.44,83.5,0.0,0.0,0.0,350.85,3.93,99.0,100100.0
1990-08-19 01:30:00+00:00,14.94,86.45,0.0,0.0,0.0,336.25,3.72,104.0,100030.0
1990-08-19 02:30:00+00:00,14.73,89.5,0.0,0.0,0.0,344.65,3.52,109.0,100000.0
1990-08-19 03:30:00+00:00,14.51,86.4,0.0,0.0,0.0,348.75,3.45,111.0,99940.0
1990-08-19 04:30:00+00:00,14.53,89.5,0.0,0.0,0.0,358.8,3.38,116.0,99900.0
1990-08-19 05:30:00+00:00,14.48,89.5,1.0,0.0,1.0,357.25,3.31,119.0,99860.0
1990-08-19 06:30:00+00:00,14.76,86.45,19.0,0.0,19.0,362.65,3.1,122.0,99810.0
1990-08-19 07:30:00+00:00,14.97,96.0,29.0,0.0,29.0,363.85,3.93,120.0,99770.0
1990-08-19 08:30:00+00:00,15.8,92.75,55.0,0.0,55.0,377.95,3.86,117.0,99680.0
1990-08-19 09:30:00+00:00,16.04,96.0,83.0,0.0,83.0,386.3,3.86,127.0,99690.0
1990-08-19 10:30:00+00:00,16.22,99.4,134.0,0.0,134.0,390.95,3.66,139.0,99650.0
1990-08-19 11:30:00+00:00,16.55,99.4,117.0,0.0,117.0,388.8,2.83,139.0,99600.0
1990-08-19 12:30:00+00:00,17.0,96.05,68.0,0.0,68.0,388.4,2.76,138.0,99510.0
1990-08-19 13:30:00+00:00,17.3,92.85,163.0,0.0,163.0,389.2,2.9,146.0,99450.0
1990-08-19 14:30:00+00:00,17.35,92.85,87.0,0.0,87.0,389.75,3.86,166.0,99400.0
1990-08-19 15:30:00+00:00,17.12,89.65,110.0,0.0,110.0,386.45,5.03,177.0,99340.0
1990-08-19 16:30:00+00:00,17.39,83.7,109.0,0.0,109.0,384.75,5.03,175.0,99300.0
1990-08-19 17:30:00+00:00,17.31,86.65,123.0,18.71,117.0,391.1,4.97,174.0,99230.0
1990-08-19 18:30:00+00:00,17.47,86.65,70.0,47.49,62.0,387.25,5.03,183.0,99250.0
1990-08-19 19:30:00+00:00,17.35,83.7,0.0,0.0,0.0,361.5,4.34,182.0,99270.0
1990-08-19 20:30:00+00:00,16.52,86.55,0.0,0.0,0.0,337.3,4.28,188.0,99290.0
1990-08-19 21:30:00+00:00,16.11,83.55,0.0,0.0,0.0,338.1,4.55,192.0,99300.0
1990-08-19 22:30:00+00:00,15.88,80.65,0.0,0.0,0.0,344.3,4.97,195.0,99290.0
1990-08-19 23:30:00+00:00,15.66,80.6,0.0,0.0,0.0,348.15,5.52,196.0,99300.0
1990-08-20 00:30:00+00:00,15.11,80.55,0.0,0.0,0.0,329.2,5.66,198.0,99280.0
1990-08-20 01:30:00+00:00,14.71,83.4,0.0,0.0,0.0,325.8,5.66,196.0,99280.0
1990-08-20 02:30:00+00:00,14.2,86.35,0.0,0.0,0.0,311.2,5.79,194.0,99250.0
1990-08-20 03:30:00+00:00,13.94,83.35,0.0,0.0,0.0,313.3,5.93,193.0,99200.0
1990-08-20 04:30:00+00:00,13.93,80.4,0.0,0.0,0.0,322.6,6.21,192.0,99180.0
1990-08-20 05:30:00+00:00,14.17,77.6,0.0,0.0,0.0,349.1,6.69,193.0,99160.0
1990-08-20 06:30:00+00:00,14.52,74.95,64.0,23.02,60.0,367.3,7.1,191.0,99140.0
1990-08-20 07:30:00+00:00,14.82,77.75,162.0,70.58,139.0,359.55,5.66,184.0,99130.0
1990-08-20 08:30:00+00:00,15.32,75.1,86.0,0.0,86.0,361.9,6.55,190.0,99110.0
1990-08-20 09:30:00+00:00,15.51,77.8,311.0,67.99,271.0,372.35,6.48,191.0,99120.0
1990-08-20 10:30:00+00:00,16.56,75.25,439.0,158.64,331.0,370.4,7.86,195.0,99110.0
1990-08-20 11:30:00+00:00,17.86,67.95,235.0,1.35,234.0,352.2,10.0,208.0,99100.0
1990-08-20 12:30:00+00:00,19.16,68.1,467.0,124.17,373.0,345.05,10.0,204.0,99090.0
1990-08-20 13:30:00+00:00,19.61,65.85,516.0,217.5,356.0,357.05,10.28,205.0,99110.0
1990-08-20 14:30:00+00:00,19.45,63.6,464.0,204.27,326.0,355.9,10.48,208.0,99060.0
1990-08-20 15:30:00+00:00,18.85,63.5,368.0,154.91,278.0,351.85,9.17,216.0,99130.0
1990-08-20 16:30:00+00:00,18.65,63.4,223.0,50.19,200.0,361.5,9.31,221.0,99140.0
1990-08-20 17:30:00+00:00,17.99,67.95,154.0,66.5,133.0,353.0,8.83,221.0,99160.0
1990-08-20 18:30:00+00:00,17.55,70.3,77.0,79.6,64.0,353.75,7.72,219.0,99240.0
1990-08-20 19:30:00+00:00,16.94,72.7,0.0,0.0,0.0,360.55,7.24,222.0,99290.0
1990-08-20 20:30:00+00:00,16.21,77.85,0.0,0.0,0.0,347.2,6.97,225.0,99370.0
1990-08-20 21:30:00+00:00,15.96,77.85,0.0,0.0,0.0,356.3,6.76,229.0,99420.0
1990-08-20 22:30:00+00:00,15.83,77.85,0.0,0.0,0.0,370.2,6.48,237.0,99460.0
1990-08-20 23:30:00+00:00,15.34,83.5,0.0,0.0,0.0,363.45,6.07,241.0,99520.0
1990-08-21 00:30:00+00:00,15.33,83.5,0.0,0.0,0.0,365.2,5.86,244.0,99580.0
1990-08-21 01:30:00+00:00,15.32,80.6,0.0,0.0,0.0,376.35,5.72,251.0,99630.0
1990-08-21 02:30:00+00:00,15.12,83.45,0.0,0.0,0.0,376.0,5.59,253.0,99710.0
1990-08-21 03:30:00+00:00,14.83,83.45,0.0,0.0,0.0,377.75,5.38,255.0,99780.0
1990-08-21 04:30:00+00:00,14.72,86.4,0.0,0.0,0.0,377.2,5.52,260.0,99860.0
1990-08-21 05:30:00+00:00,14.65,89.5,0.0,0.0,0.0,375.65,5.38,265.0,99940.0
1990-08-21 06:30:00+00:00,14.55,89.5,59.0,17.66,56.0,351.45,5.1,266.0,100040.0
1990-08-21 07:30:00+00:00,14.9,89.5,143.0,43.45,129.0,368.3,5.24,273.0,100180.0
1990-08-21 08:30:00+00:00,15.64,86.5,287.0,157.43,214.0,371.2,6.41,279.0,100250.0
1990-08-21 09:30:00+00:00,16.14,83.55,448.0,338.59,250.0,351.05,6.62,280.0,100340.0
1990-08-21 10:30:00+00:00,17.04,75.3,444.0,172.77,327.0,368.3,6.83,283.0,100410.0
1990-08-21 11:30:00+00:00,18.01,70.35,357.0,39.47,328.0,352.2,6.55,277.0,100480.0
1990-08-21 12:30:00+00:00,18.82,65.75,489.0,157.99,370.0,343.5,6.55,269.0,100520.0
1990-08-21 13:30:00+00:00,18.93,63.5,367.0,46.47,333.0,366.55,6.97,263.0,100580.0
1990-08-21 14:30:00+00:00,19.28,61.3,454.0,196.63,322.0,359.95,7.03,258.0,100640.0
1990-08-21 15:30:00+00:00,19.49,59.25,525.0,629.7,162.0,364.4,6.62,253.0,100660.0
1990-08-21 16:30:00+00:00,19.23,57.1,317.0,258.0,200.0,361.1,6.34,250.0,100680.0
1990-08-21 17:30:00+00:00,18.56,59.05,79.0,0.0,79.0,345.65,5.86,245.0,100750.0
1990-08-21 18:30:00+00:00,17.1,70.2,25.0,0.0,25.0,362.65,4.69,231.0,100780.0
1990-08-21 19:30:00+00:00,16.52,83.6,0.0,0.0,0.0,388.4,4.69,212.0,100730.0
1990-08-21 20:30:00+00:00,16.11,92.75,0.0,0.0,0.0,389.0,5.17,216.0,100740.0
1990-08-21 21:30:00+00:00,16.14,99.4,0.0,0.0,0.0,390.95,5.31,229.0,100740.0
1990-08-21 22:30:00+00:00,16.58,96.05,0.0,0.0,0.0,393.25,5.52,234.0,100760.0
1990-08-21 23:30:00+00:00,16.82,92.8,0.0,0.0,0.0,393.85,5.52,236.0,100760.0
1990-08-22 00:30:00+00:00,16.84,92.8,0.0,0.0,0.0,392.85,5.52,236.0,100800.0
1990-08-22 01:30:00+00:00,16.77,92.8,0.0,0.0,0.0,392.6,5.52,236.0,100830.0
1990-08-22 02:30:00+00:00,16.81,92.8,0.0,0.0,0.0,391.1,5.52,235.0,100830.0
1990-08-22 03:30:00+00:00,16.85,92.8,0.0,0.0,0.0,391.9,5.38,232.0,100850.0
1990-08-22 04:30:00+00:00,16.87,92.8,0.0,0.0,0.0,393.65,5.31,231.0,100870.0
1990-08-22 05:30:00+00:00,16.86,92.8,0.0,0.0,0.0,392.1,5.31,228.0,100850.0
1990-08-22 06:30:00+00:00,16.95,92.8,98.0,210.87,63.0,393.45,5.38,231.0,100900.0
1990-08-22 07:30:00+00:00,17.53,92.85,183.0,144.45,137.0,394.0,5.86,221.0,100920.0
1990-08-22 08:30:00+00:00,17.54,92.85,296.0,197.8,205.0,398.1,6.21,218.0,100990.0
1990-08-22 09:30:00+00:00,17.62,92.85,384.0,201.31,267.0,399.45,6.0,214.0,101000.0
1990-08-22 10:30:00+00:00,18.17,92.85,238.0,4.45,235.0,398.1,6.28,214.0,101040.0
1990-08-22 11:30:00+00:00,18.51,89.75,326.0,25.99,307.0,399.65,6.69,217.0,101070.0
1990-08-22 12:30:00+00:00,18.92,86.8,174.0,0.0,174.0,402.15,7.38,226.0,101120.0
1990-08-22 13:30:00+00:00,19.33,83.9,134.0,0.0,134.0,403.1,6.62,229.0,101140.0
1990-08-22 14:30:00+00:00,19.71,83.9,107.0,0.0,107.0,404.65,6.07,232.0,101170.0
1990-08-22 15:30:00+00:00,20.07,81.15,250.0,26.23,235.0,404.85,5.86,234.0,101190.0
1990-08-22 16:30:00+00:00,20.31,78.5,197.0,33.43,182.0,407.2,5.31,235.0,101230.0
1990-08-22 17:30:00+00:00,20.42,78.5,125.0,29.44,116.0,408.15,5.17,236.0,101260.0
1990-08-22 18:30:00+00:00,20.2,81.15,72.0,85.07,59.0,407.2,4.48,238.0,101320.0
1990-08-22 19:30:00+00:00,19.85,83.95,0.0,0.0,0.0,404.65,4.28,233.0,101340.0
1990-08-22 20:30:00+00:00,19.25,86.8,0.0,0.0,0.0,395.75,3.72,231.0,101400.0
1990-08-22 21:30:00+00:00,18.79,86.8,0.0,0.0,0.0,393.85,3.31,226.0,101420.0
1990-08-22 22:30:00+00:00,18.31,89.75,0.0,0.0,0.0,383.75,2.97,221.0,101460.0
1990-08-22 23:30:00+00:00,18.11,92.85,0.0,0.0,0.0,390.35,2.69,216.0,101450.0
1990-08-23 00:30:00+00:00,18.07,89.75,0.0,0.0,0.0,397.3,2.48,210.0,101470.0
1990-08-23 01:30:00+00:00,17.99,89.75,0.0,0.0,0.0,396.65,2.34,202.0,101440.0
1990-08-23 02:30:00+00:00,17.76,92.85,0.0,0.0,0.0,392.65,2.21,193.0,101410.0
1990-08-23 03:30:00+00:00,17.58,92.85,0.0,0.0,0.0,392.1,2.28,187.0,101390.0
1990-08-23 04:30:00+00:00,17.13,96.05,0.0,0.0,0.0,376.6,2.41,187.0,101410.0
1990-08-23 05:30:00+00:00,16.51,96.05,0.0,0.0,0.0,357.85,2.48,184.0,101420.0
1990-08-23 06:30:00+00:00,16.26,96.05,99.0,240.65,60.0,338.65,2.48,179.0,101450.0
1990-08-23 07:30:00+00:00,17.3,92.85,234.0,384.52,113.0,357.45,3.03,186.0,101440.0
1990-08-23 08:30:00+00:00,18.65,86.75,397.0,593.79,126.0,350.85,2.76,183.0,101440.0
1990-08-23 09:30:00+00:00,20.4,70.8,511.0,590.43,170.0,348.75,3.03,178.0,101400.0
1990-08-23 10:30:00+00:00,22.11,61.95,644.0,752.36,140.0,347.75,3.52,173.0,101360.0
1990-08-23 11:30:00+00:00,23.61,54.2,718.0,799.03,137.0,353.75,4.0,170.0,101310.0
1990-08-23 12:30:00+00:00,24.9,52.6,686.0,627.88,218.0,357.85,4.55,168.0,101230.0
1990-08-23 13:30:00+00:00,25.95,51.05,683.0,692.61,182.0,365.4,5.03,167.0,101200.0
1990-08-23 14:30:00+00:00,26.65,51.2,630.0,724.43,150.0,370.4,5.24,169.0,101120.0
1990-08-23 15:30:00+00:00,26.97,49.55,480.0,502.45,195.0,377.95,5.24,170.0,101060.0
1990-08-23 16:30:00+00:00,26.99,51.3,243.0,96.9,200.0,378.35,5.03,170.0,101020.0
1990-08-23 17:30:00+00:00,26.39,54.8,136.0,49.91,121.0,382.8,3.93,167.0,100960.0
1990-08-23 18:30:00+00:00,25.36,58.45,30.0,0.0,30.0,381.85,3.66,168.0,100970.0
1990-08-23 19:30:00+00:00,23.95,56.25,0.0,0.0,0.0,372.75,3.17,170.0,100960.0
1990-08-23 20:30:00+00:00,22.4,59.95,0.0,0.0,0.0,362.5,3.17,171.0,100980.0
1990-08-23 21:30:00+00:00,21.12,63.9,0.0,0.0,0.0,351.85,3.1,176.0,100980.0
1990-08-23 22:30:00+00:00,20.08,68.3,0.0,0.0,0.0,348.95,2.97,181.0,100960.0
1990-08-23 23:30:00+00:00,19.3,70.65,0.0,0.0,0.0,349.9,2.83,187.0,100950.0
1990-08-24 00:30:00+00:00,18.64,75.55,0.0,0.0,0.0,351.45,2.48,200.0,100930.0
1990-08-24 01:30:00+00:00,17.74,80.85,0.0,0.0,0.0,346.7,2.14,222.0,100910.0
1990-08-24 02:30:00+00:00,16.99,86.6,0.0,0.0,0.0,351.25,1.93,253.0,100900.0
1990-08-24 03:30:00+00:00,16.38,89.65,0.0,0.0,0.0,350.1,2.14,284.0,100890.0
1990-08-24 04:30:00+00:00,16.01,92.75,0.0,0.0,0.0,350.3,2.55,305.0,100900.0
1990-08-24 05:30:00+00:00,15.54,96.0,0.0,0.0,0.0,338.5,2.69,315.0,100940.0
1990-08-24 06:30:00+00:00,15.61,92.75,109.0,366.81,51.0,336.35,2.69,320.0,100990.0
1990-08-24 07:30:00+00:00,17.17,86.6,256.0,540.4,88.0,341.55,2.76,326.0,101050.0
1990-08-24 08:30:00+00:00,18.89,75.65,409.0,660.5,110.0,343.9,2.97,334.0,101050.0
1990-08-24 09:30:00+00:00,20.23,73.2,505.0,571.56,177.0,350.65,3.24,340.0,101050.0
1990-08-24 10:30:00+00:00,21.47,66.25,651.0,777.58,133.0,353.0,3.17,343.0,101050.0
1990-08-24 11:30:00+00:00,22.42,64.2,702.0,753.5,157.0,357.25,2.97,346.0,101070.0
1990-08-24 12:30:00+00:00,23.27,62.15,739.0,810.67,138.0,359.95,2.62,348.0,101040.0
1990-08-24 13:30:00+00:00,24.2,58.2,709.0,791.23,140.0,364.6,1.86,344.0,101030.0
1990-08-24 14:30:00+00:00,24.55,58.2,618.0,688.32,165.0,400.8,1.66,329.0,101030.0
1990-08-24 15:30:00+00:00,24.54,58.2,380.0,209.78,262.0,404.65,2.34,312.0,101000.0
1990-08-24 16:30:00+00:00,23.9,56.25,383.0,592.59,123.0,410.65,3.45,312.0,101020.0
1990-08-24 17:30:00+00:00,22.72,62.05,126.0,37.24,115.0,409.1,3.38,323.0,101000.0
1990-08-24 18:30:00+00:00,21.79,68.6,29.0,0.0,29.0,403.9,2.41,335.0,101050.0
1990-08-24 19:30:00+00:00,21.37,68.6,0.0,0.0,0.0,392.65,2.34,357.0,101000.0
1990-08-24 20:30:00+00:00,20.12,75.75,0.0,0.0,0.0,383.0,2.48,29.0,101000.0
1990-08-24 21:30:00+00:00,19.11,81.05,0.0,0.0,0.0,375.65,2.83,51.0,101010.0
1990-08-24 22:30:00+00:00,18.24,83.75,0.0,0.0,0.0,375.45,2.76,55.0,101000.0
1990-08-24 23:30:00+00:00,17.55,86.65,0.0,0.0,0.0,374.85,2.76,48.0,101000.0
1990-08-25 00:30:00+00:00,16.83,86.6,0.0,0.0,0.0,364.6,2.76,39.0,100960.0
1990-08-25 01:30:00+00:00,16.41,86.55,0.0,0.0,0.0,373.25,2.76,36.0,100920.0
1990-08-25 02:30:00+00:00,15.81,92.75,0.0,0.0,0.0,373.1,2.48,33.0,100880.0
1990-08-25 03:30:00+00:00,15.6,96.0,0.0,0.0,0.0,373.7,2.14,32.0,100850.0
1990-08-25 04:30:00+00:00,15.49,96.0,0.0,0.0,0.0,375.25,1.93,42.0,100850.0
1990-08-25 05:30:00+00:00,15.4,96.0,0.0,0.0,0.0,377.2,1.86,48.0,100820.0
1990-08-25 06:30:00+00:00,15.42,96.0,57.0,32.44,52.0,379.5,2.21,51.0,100820.0
1990-08-25 07:30:00+00:00,15.53,96.0,137.0,48.85,122.0,365.2,3.31,54.0,100780.0
1990-08-25 08:30:00+00:00,16.85,89.65,155.0,6.68,152.0,354.75,2.83,56.0,100780.0
1990-08-25 09:30:00+00:00,18.87,83.85,143.0,0.0,143.0,362.1,2.14,63.0,100770.0
1990-08-25 10:30:00+00:00,20.79,78.5,134.0,0.0,134.0,369.45,1.38,72.0,100740.0
1990-08-25 11:30:00+00:00,21.91,73.55,231.0,1.39,230.0,378.55,1.17,75.0,100690.0
1990-08-25 12:30:00+00:00,23.33,66.65,105.0,0.0,105.0,391.1,1.93,101.0,100650.0
1990-08-25 13:30:00+00:00,24.05,64.5,102.0,0.0,102.0,399.65,2.34,115.0,100600.0
1990-08-25 14:30:00+00:00,23.92,66.75,203.0,1.53,202.0,405.65,2.0,119.0,100600.0
1990-08-25 15:30:00+00:00,24.1,69.05,163.0,0.0,163.0,394.8,1.72,121.0,100560.0
1990-08-25 16:30:00+00:00,23.71,71.35,61.0,0.0,61.0,395.95,1.59,132.0,100480.0
1990-08-25 17:30:00+00:00,22.99,73.7,27.0,0.0,27.0,396.15,0.9,207.0,100450.0
1990-08-25 18:30:00+00:00,21.18,86.95,31.0,0.0,31.0,396.95,1.24,257.0,100450.0
1990-08-25 19:30:00+00:00,19.62,89.85,0.0,0.0,0.0,376.0,1.1,326.0,100470.0
1990-08-25 20:30:00+00:00,18.87,92.9,0.0,0.0,0.0,382.0,0.69,348.0,100490.0
1990-08-25 21:30:00+00:00,18.42,96.1,0.0,0.0,0.0,389.4,0.62,275.0,100480.0
1990-08-25 22:30:00+00:00,18.38,96.1,0.0,0.0,0.0,402.9,1.24,251.0,100490.0
1990-08-25 23:30:00+00:00,18.33,92.85,0.0,0.0,0.0,404.65,1.79,260.0,100500.0
1990-08-26 00:30:00+00:00,17.99,96.05,0.0,0.0,0.0,394.8,1.66,248.0,100490.0
1990-08-26 01:30:00+00:00,17.64,96.05,0.0,0.0,0.0,380.0,2.28,253.0,100490.0
1990-08-26 02:30:00+00:00,16.91,92.8,0.0,0.0,0.0,351.45,2.97,265.0,100510.0
1990-08-26 03:30:00+00:00,15.86,92.75,0.0,0.0,0.0,326.3,3.31,272.0,100550.0
1990-08-26 04:30:00+00:00,14.67,92.7,0.0,0.0,0.0,309.65,3.17,276.0,100590.0
1990-08-26 05:30:00+00:00,13.5,89.45,0.0,0.0,0.0,298.6,2.76,271.0,100630.0
1990-08-26 06:30:00+00:00,12.88,89.4,106.0,386.25,48.0,290.65,2.62,262.0,100690.0
1990-08-26 07:30:00+00:00,13.82,89.45,265.0,610.14,80.0,289.1,3.17,252.0,100720.0
1990-08-26 08:30:00+00:00,14.95,83.45,420.0,718.82,100.0,294.55,3.66,252.0,100770.0
1990-08-26 09:30:00+00:00,16.41,77.95,558.0,782.16,115.0,306.15,3.72,249.0,100840.0
1990-08-26 10:30:00+00:00,17.83,70.35,543.0,409.98,273.0,310.05,3.93,244.0,100860.0
1990-08-26 11:30:00+00:00,19.04,61.3,645.0,550.7,251.0,313.5,4.28,244.0,100880.0
1990-08-26 12:30:00+00:00,19.87,51.5,683.0,615.14,232.0,318.95,4.69,246.0,100870.0
1990-08-26 13:30:00+00:00,20.23,51.5,640.0,550.33,249.0,316.6,4.9,251.0,100890.0
1990-08-26 14:30:00+00:00,20.55,48.05,622.0,698.02,169.0,317.4,4.9,255.0,100910.0
1990-08-26 15:30:00+00:00,20.66,48.05,521.0,683.77,143.0,317.75,4.55,257.0,100910.0
1990-08-26 16:30:00+00:00,20.65,48.05,288.0,214.67,196.0,316.05,4.14,258.0,100930.0
1990-08-26 17:30:00+00:00,20.39,48.05,88.0,3.51,87.0,316.8,3.24,257.0,100940.0
1990-08-26 18:30:00+00:00,19.5,53.25,87.0,313.02,46.0,320.85,2.14,248.0,100960.0
1990-08-26 19:30:00+00:00,18.25,61.05,0.0,0.0,0.0,320.85,2.07,251.0,101010.0
1990-08-26 20:30:00+00:00,16.66,67.65,0.0,0.0,0.0,311.75,2.14,264.0,101070.0
1990-08-26 21:30:00+00:00,15.38,72.45,0.0,0.0,0.0,309.65,2.21,283.0,101110.0
1990-08-26 22:30:00+00:00,14.34,77.65,0.0,0.0,0.0,308.1,2.14,295.0,101120.0
1990-08-26 23:30:00+00:00,13.41,80.4,0.0,0.0,0.0,306.15,1.93,299.0,101140.0
1990-08-27 00:30:00+00:00,12.46,86.25,0.0,0.0,0.0,303.65,1.72,308.0,101150.0
1990-08-27 01:30:00+00:00,11.56,89.3,0.0,0.0,0.0,299.9,1.59,324.0,101110.0
1990-08-27 02:30:00+00:00,11.14,92.55,0.0,0.0,0.0,298.4,1.45,346.0,101110.0
1990-08-27 03:30:00+00:00,10.65,92.5,0.0,0.0,0.0,293.55,1.59,12.0,101080.0
1990-08-27 04:30:00+00:00,10.16,95.9,0.0,0.0,0.0,291.25,1.93,29.0,101050.0
1990-08-27 05:30:00+00:00,10.05,95.9,0.0,0.0,0.0,290.65,2.21,31.0,101040.0
1990-08-27 06:30:00+00:00,10.67,92.5,86.0,212.11,55.0,294.15,2.07,43.0,101070.0
1990-08-27 07:30:00+00:00,13.46,86.35,210.0,300.67,120.0,305.55,2.14,53.0,101090.0
1990-08-27 08:30:00+00:00,15.61,80.6,121.0,0.0,121.0,318.55,2.76,61.0,101070.0
1990-08-27 09:30:00+00:00,17.2,78.0,60.0,0.0,60.0,339.25,3.38,66.0,101010.0
1990-08-27 10:30:00+00:00,18.77,72.95,297.0,27.49,279.0,341.95,3.72,77.0,100940.0
1990-08-27 11:30:00+00:00,19.76,68.2,547.0,316.26,322.0,349.9,4.41,90.0,100900.0
1990-08-27 12:30:00+00:00,19.76,70.65,469.0,152.27,358.0,369.65,4.07,99.0,100850.0
1990-08-27 13:30:00+00:00,19.57,73.15,383.0,69.4,334.0,372.75,4.34,88.0,100750.0
1990-08-27 14:30:00+00:00,19.66,75.7,80.0,0.0,80.0,370.8,4.97,81.0,100660.0
1990-08-27 15:30:00+00:00,19.25,78.3,58.0,0.0,58.0,382.6,4.55,75.0,100580.0
1990-08-27 16:30:00+00:00,18.41,81.0,34.0,0.0,34.0,372.95,4.0,72.0,100560.0
1990-08-27 17:30:00+00:00,17.35,83.7,155.0,121.75,121.0,377.95,4.0,74.0,100540.0
1990-08-27 18:30:00+00:00,16.34,86.55,7.0,0.0,7.0,390.55,4.14,72.0,100490.0
1990-08-27 19:30:00+00:00,15.87,89.6,0.0,0.0,0.0,387.85,4.55,71.0,100450.0
1990-08-27 20:30:00+00:00,15.49,89.55,0.0,0.0,0.0,381.45,4.34,68.0,100430.0
1990-08-27 21:30:00+00:00,15.34,86.5,0.0,0.0,0.0,381.25,4.0,66.0,100400.0
1990-08-27 22:30:00+00:00,15.17,92.7,0.0,0.0,0.0,387.25,4.07,64.0,100350.0
1990-08-27 23:30:00+00:00,15.03,92.7,0.0,0.0,0.0,385.9,3.72,64.0,100270.0
1990-08-28 00:30:00+00:00,14.94,96.0,0.0,0.0,0.0,386.1,3.24,67.0,100200.0
1990-08-28 01:30:00+00:00,14.94,96.0,0.0,0.0,0.0,383.1,2.55,68.0,100150.0
1990-08-28 02:30:00+00:00,14.87,99.4,0.0,0.0,0.0,384.15,1.72,67.0,100110.0
1990-08-28 03:30:00+00:00,15.06,99.4,0.0,0.0,0.0,386.3,0.9,63.0,100080.0
1990-08-28 04:30:00+00:00,15.11,99.4,0.0,0.0,0.0,383.0,0.34,291.0,100040.0
1990-08-28 05:30:00+00:00,15.24,99.4,0.0,0.0,0.0,386.3,1.17,251.0,100060.0
1990-08-28 06:30:00+00:00,15.34,96.0,58.0,49.26,51.0,379.1,2.48,237.0,100080.0
1990-08-28 07:30:00+00:00,16.05,96.0,138.0,57.54,121.0,367.5,3.93,236.0,100110.0
1990-08-28 08:30:00+00:00,16.63,92.8,317.0,301.7,185.0,366.95,4.41,241.0,100140.0
1990-08-28 09:30:00+00:00,17.77,83.7,195.0,5.37,192.0,344.5,4.48,247.0,100180.0
1990-08-28 10:30:00+00:00,18.71,75.55,182.0,0.0,182.0,346.0,4.14,246.0,100180.0
1990-08-28 11:30:00+00:00,19.63,70.65,539.0,306.76,322.0,357.85,4.07,247.0,100210.0
1990-08-28 12:30:00+00:00,19.99,73.2,521.0,241.47,346.0,369.65,3.66,254.0,100230.0
1990-08-28 13:30:00+00:00,20.36,73.3,336.0,37.06,310.0,387.65,3.38,263.0,100240.0
1990-08-28 14:30:00+00:00,19.9,75.75,128.0,0.0,128.0,399.25,2.97,287.0,100270.0
1990-08-28 15:30:00+00:00,19.07,73.05,186.0,3.68,184.0,379.1,3.59,317.0,100360.0
1990-08-28 16:30:00+00:00,18.53,78.25,336.0,435.3,154.0,370.2,3.93,346.0,100400.0
1990-08-28 17:30:00+00:00,17.67,83.7,223.0,518.7,81.0,369.65,4.0,2.0,100420.0
1990-08-28 18:30:00+00:00,16.93,83.65,73.0,250.65,43.0,358.0,3.59,12.0,100510.0
1990-08-28 19:30:00+00:00,17.05,83.65,0.0,0.0,0.0,349.5,2.48,2.0,100570.0
1990-08-28 20:30:00+00:00,15.89,86.5,0.0,0.0,0.0,335.75,2.28,5.0,100670.0
1990-08-28 21:30:00+00:00,14.94,92.7,0.0,0.0,0.0,328.2,2.14,355.0,100750.0
1990-08-28 22:30:00+00:00,14.27,92.7,0.0,0.0,0.0,329.4,2.0,348.0,100830.0
1990-08-28 23:30:00+00:00,13.78,92.65,0.0,0.0,0.0,331.9,1.79,345.0,100860.0
1990-08-29 00:30:00+00:00,13.19,95.95,0.0,0.0,0.0,323.0,1.59,337.0,100890.0
1990-08-29 01:30:00+00:00,12.8,92.65,0.0,0.0,0.0,329.7,1.45,317.0,100920.0
1990-08-29 02:30:00+00:00,12.65,95.95,0.0,0.0,0.0,336.15,1.52,297.0,100940.0
1990-08-29 03:30:00+00:00,12.69,95.95,0.0,0.0,0.0,339.45,1.72,289.0,100970.0
1990-08-29 04:30:00+00:00,12.96,92.65,0.0,0.0,0.0,344.3,1.93,283.0,100990.0
1990-08-29 05:30:00+00:00,13.27,92.65,0.0,0.0,0.0,349.9,2.0,279.0,101020.0
1990-08-29 06:30:00+00:00,13.75,95.95,41.0,7.24,40.0,357.85,2.21,281.0,101090.0
1990-08-29 07:30:00+00:00,14.88,92.7,87.0,3.43,86.0,360.75,2.97,290.0,101160.0
1990-08-29 08:30:00+00:00,15.44,89.55,312.0,283.64,189.0,339.65,3.45,297.0,101210.0
1990-08-29 09:30:00+00:00,16.48,77.95,510.0,639.83,155.0,339.05,3.79,298.0,101270.0
1990-08-29 10:30:00+00:00,17.35,70.3,520.0,378.79,275.0,337.3,3.86,294.0,101310.0
1990-08-29 11:30:00+00:00,18.07,63.3,586.0,418.04,292.0,331.7,3.79,289.0,101330.0
1990-08-29 12:30:00+00:00,18.83,57.1,527.0,252.63,345.0,318.15,4.07,283.0,101350.0
1990-08-29 13:30:00+00:00,19.31,53.25,689.0,768.97,153.0,319.5,4.21,280.0,101330.0
1990-08-29 14:30:00+00:00,19.78,53.25,635.0,803.47,125.0,321.05,4.55,283.0,101340.0
1990-08-29 15:30:00+00:00,19.93,49.7,530.0,786.55,107.0,313.9,4.28,288.0,101360.0
1990-08-29 16:30:00+00:00,19.83,49.7,379.0,668.65,103.0,314.3,3.59,293.0,101330.0
1990-08-29 17:30:00+00:00,19.42,53.25,220.0,521.99,80.0,313.5,2.69,296.0,101340.0
1990-08-29 18:30:00+00:00,18.65,61.2,75.0,315.92,39.0,314.65,1.45,302.0,101370.0
1990-08-29 19:30:00+00:00,17.49,75.4,0.0,0.0,0.0,314.85,1.17,242.0,101380.0
1990-08-29 20:30:00+00:00,15.72,80.6,0.0,0.0,0.0,313.3,1.38,226.0,101460.0
1990-08-29 21:30:00+00:00,14.04,86.35,0.0,0.0,0.0,314.5,1.79,225.0,101480.0
1990-08-29 22:30:00+00:00,13.25,83.35,0.0,0.0,0.0,314.65,2.14,230.0,101510.0
1990-08-29 23:30:00+00:00,12.98,86.3,0.0,0.0,0.0,313.7,2.41,235.0,101510.0
1990-08-30 00:30:00+00:00,12.97,86.3,0.0,0.0,0.0,311.0,2.62,243.0,101510.0
1990-08-30 01:30:00+00:00,12.85,86.3,0.0,0.0,0.0,309.55,2.62,249.0,101500.0
1990-08-30 02:30:00+00:00,12.61,89.4,0.0,0.0,0.0,308.1,2.48,250.0,101520.0
1990-08-30 03:30:00+00:00,12.3,89.4,0.0,0.0,0.0,307.1,2.34,246.0,101480.0
1990-08-30 04:30:00+00:00,11.99,89.35,0.0,0.0,0.0,305.0,2.34,240.0,101490.0
1990-08-30 05:30:00+00:00,11.75,89.35,0.0,0.0,0.0,302.85,2.34,238.0,101480.0
1990-08-30 06:30:00+00:00,11.89,89.35,75.0,186.59,50.0,302.1,2.28,235.0,101480.0
1990-08-30 07:30:00+00:00,13.69,92.65,208.0,340.83,110.0,308.85,2.28,230.0,101530.0
1990-08-30 08:30:00+00:00,15.55,86.5,385.0,635.27,112.0,320.5,2.62,230.0,101550.0
1990-08-30 09:30:00+00:00,17.06,80.8,525.0,729.71,123.0,326.3,2.69,221.0,101540.0
1990-08-30 10:30:00+00:00,18.68,72.95,620.0,737.42,146.0,330.55,3.31,214.0,101550.0
1990-08-30 11:30:00+00:00,19.9,65.95,697.0,799.59,138.0,330.55,3.72,216.0,101530.0
1990-08-30 12:30:00+00:00,20.9,61.7,717.0,807.22,139.0,333.85,3.79,221.0,101500.0
1990-08-30 13:30:00+00:00,21.63,59.7,690.0,798.64,137.0,343.5,4.0,222.0,101450.0
1990-08-30 14:30:00+00:00,22.19,57.75,621.0,781.11,129.0,344.1,4.0,220.0,101390.0
1990-08-30 15:30:00+00:00,22.39,55.9,514.0,752.84,113.0,345.85,3.72,214.0,101320.0
1990-08-30 16:30:00+00:00,22.38,55.9,367.0,645.6,104.0,344.5,3.66,208.0,101250.0
1990-08-30 17:30:00+00:00,22.04,57.75,207.0,464.6,85.0,340.2,3.45,200.0,101210.0
1990-08-30 18:30:00+00:00,21.0,63.9,64.0,231.14,39.0,338.5,3.1,192.0,101190.0
1990-08-30 19:30:00+00:00,19.57,68.2,0.0,0.0,0.0,338.85,2.9,192.0,101180.0
1990-08-30 20:30:00+00:00,18.19,72.9,0.0,0.0,0.0,330.15,2.97,201.0,101190.0
1990-08-30 21:30:00+00:00,17.32,75.4,0.0,0.0,0.0,327.85,3.03,212.0,101190.0
1990-08-30 22:30:00+00:00,16.55,80.75,0.0,0.0,0.0,322.6,3.03,218.0,101160.0
1990-08-30 23:30:00+00:00,15.84,83.55,0.0,0.0,0.0,319.1,3.03,216.0,101130.0
1990-08-31 00:30:00+00:00,15.17,89.5,0.0,0.0,0.0,316.6,2.97,212.0,101070.0
1990-08-31 01:30:00+00:00,14.62,89.5,0.0,0.0,0.0,312.45,3.03,208.0,101060.0
1990-08-31 02:30:00+00:00,14.07,92.65,0.0,0.0,0.0,308.3,3.03,213.0,101010.0
1990-08-31 03:30:00+00:00,13.63,89.45,0.0,0.0,0.0,306.15,3.1,223.0,100970.0
1990-08-31 04:30:00+00:00,13.33,89.45,0.0,0.0,0.0,310.2,2.97,222.0,100960.0
1990-08-31 05:30:00+00:00,13.02,92.65,0.0,0.0,0.0,310.6,2.83,216.0,100920.0
1990-08-31 06:30:00+00:00,13.14,92.65,19.0,0.0,19.0,317.2,3.03,214.0,100910.0
1990-08-31 07:30:00+00:00,14.48,92.7,180.0,208.08,121.0,323.95,3.38,209.0,100920.0
1990-08-31 08:30:00+00:00,16.29,83.6,208.0,54.02,185.0,327.05,5.45,222.0,100910.0
1990-08-31 09:30:00+00:00,17.62,78.1,246.0,29.25,230.0,339.05,5.59,231.0,100910.0
1990-08-31 10:30:00+00:00,18.69,75.55,217.0,3.13,215.0,381.25,5.66,234.0,100900.0
1990-08-31 11:30:00+00:00,19.17,75.65,213.0,0.0,213.0,393.65,5.52,234.0,100930.0
1990-08-31 12:30:00+00:00,19.81,70.7,440.0,126.47,350.0,389.55,5.72,238.0,100880.0
1990-08-31 13:30:00+00:00,20.33,68.4,515.0,283.53,320.0,371.55,5.86,249.0,100910.0
1990-08-31 14:30:00+00:00,20.9,63.9,620.0,793.68,124.0,357.45,5.38,260.0,100910.0
1990-08-31 15:30:00+00:00,20.98,59.6,343.0,176.32,250.0,348.75,5.03,268.0,100900.0
1990-08-31 16:30:00+00:00,19.12,61.39,310.0,373.21,160.0,353.66,3.33,272.0,100910.0
1990-08-31 17:30:00+00:00,18.67,63.75,134.0,93.42,110.0,352.63,3.32,273.0,100930.0
1990-08-31 18:30:00+00:00,18.21,66.12,48.0,97.74,38.0,351.61,3.32,278.0,101040.0
1990-08-31 19:30:00+00:00,17.76,68.48,0.0,0.0,0.0,350.58,3.32,292.0,101080.0
1990-08-31 20:30:00+00:00,17.31,70.85,0.0,0.0,0.0,349.56,3.32,292.0,101160.0
1990-08-31 21:30:00+00:00,16.85,73.21,0.0,0.0,0.0,348.53,3.32,286.0,101170.0
1990-08-31 22:30:00+00:00,16.4,75.58,0.0,0.0,0.0,347.5,3.31,278.0,101210.0
1990-08-31 23:30:00+00:00,15.95,77.95,0.0,0.0,0.0,346.48,3.31,271.0,101220.0
1990-09-01 00:30:00+00:00,15.5,80.31,0.0,0.0,0.0,345.45,3.31,296.0,101200.0
1990-09-01 01:30:00+00:00,15.04,82.68,0.0,0.0,0.0,344.43,3.31,295.0,101210.0
1990-09-01 02:30:00+00:00,14.59,85.04,0.0,0.0,0.0,343.4,3.31,293.0,101200.0
1990-09-01 03:30:00+00:00,14.14,87.41,0.0,0.0,0.0,342.37,3.3,292.0,101180.0
1990-09-01 04:30:00+00:00,13.68,89.77,0.0,0.0,0.0,341.35,3.3,289.0,101190.0
1990-09-01 05:30:00+00:00,13.23,92.14,0.0,0.0,0.0,340.32,3.3,282.0,101180.0
1990-09-01 06:30:00+00:00,12.78,94.5,87.0,338.76,43.0,339.3,3.3,278.0,101180.0
1990-09-01 07:30:00+00:00,12.33,96.87,197.0,289.2,115.0,338.27,3.3,287.0,101210.0
1990-09-01 08:30:00+00:00,15.45,77.85,140.0,4.7,138.0,340.2,5.45,299.0,101230.0
1990-09-01 09:30:00+00:00,16.26,72.65,430.0,365.67,230.0,348.95,5.52,299.0,101250.0
1990-09-01 10:30:00+00:00,16.98,72.7,160.0,0.0,160.0,356.3,5.03,293.0,101250.0
1990-09-01 11:30:00+00:00,17.86,67.85,437.0,136.71,342.0,360.55,5.52,291.0,101210.0
1990-09-01 12:30:00+00:00,18.39,65.55,185.0,0.0,185.0,376.2,5.31,287.0,101210.0
1990-09-01 13:30:00+00:00,18.85,63.4,347.0,46.53,315.0,374.1,5.31,285.0,101190.0
1990-09-01 14:30:00+00:00,18.56,63.4,352.0,84.81,299.0,381.45,4.83,285.0,101160.0
1990-09-01 15:30:00+00:00,18.63,63.4,225.0,20.86,214.0,379.7,4.55,286.0,101140.0
1990-09-01 16:30:00+00:00,18.53,63.4,106.0,0.0,106.0,371.55,4.07,286.0,101090.0
1990-09-01 17:30:00+00:00,18.16,67.95,96.0,15.57,92.0,367.5,3.31,284.0,101060.0
1990-09-01 18:30:00+00:00,17.46,72.8,44.0,68.41,37.0,367.7,2.9,282.0,101060.0
1990-09-01 19:30:00+00:00,16.52,75.3,0.0,0.0,0.0,367.1,3.38,270.0,101060.0
1990-09-01 20:30:00+00:00,15.78,77.85,0.0,0.0,0.0,354.75,3.24,259.0,101090.0
1990-09-01 21:30:00+00:00,14.99,80.6,0.0,0.0,0.0,340.6,3.45,251.0,101090.0
1990-09-01 22:30:00+00:00,14.25,83.4,0.0,0.0,0.0,329.75,3.72,248.0,101080.0
1990-09-01 23:30:00+00:00,13.48,86.35,0.0,0.0,0.0,316.6,3.79,246.0,101040.0
1990-09-02 00:30:00+00:00,13.18,89.4,0.0,0.0,0.0,323.55,3.79,244.0,101010.0
1990-09-02 01:30:00+00:00,12.71,92.6,0.0,0.0,0.0,312.05,3.66,242.0,100960.0
1990-09-02 02:30:00+00:00,12.53,92.6,0.0,0.0,0.0,317.2,3.59,243.0,100930.0
1990-09-02 03:30:00+00:00,12.3,95.95,0.0,0.0,0.0,310.05,3.52,245.0,100890.0
1990-09-02 04:30:00+00:00,12.37,95.95,0.0,0.0,0.0,316.6,3.59,247.0,100860.0
1990-09-02 05:30:00+00:00,12.54,95.95,0.0,0.0,0.0,324.35,3.66,249.0,100820.0
1990-09-02 06:30:00+00:00,13.06,92.65,84.0,333.95,42.0,340.8,3.79,249.0,100820.0
1990-09-02 07:30:00+00:00,15.1,86.5,172.0,186.03,120.0,380.1,4.48,248.0,100780.0
1990-09-02 08:30:00+00:00,15.65,83.55,373.0,618.75,112.0,370.6,5.24,248.0,100760.0
1990-09-02 09:30:00+00:00,16.39,80.75,492.0,624.39,153.0,363.65,6.41,251.0,100740.0
1990-09-02 10:30:00+00:00,17.46,72.8,289.0,28.36,271.0,368.3,6.83,254.0,100730.0
1990-09-02 11:30:00+00:00,17.61,72.8,225.0,1.45,224.0,384.15,6.69,258.0,100700.0
1990-09-02 12:30:00+00:00,17.98,72.9,213.0,0.0,213.0,386.1,6.69,262.0,100680.0
1990-09-02 13:30:00+00:00,18.01,72.9,193.0,0.0,193.0,389.4,6.55,266.0,100680.0
1990-09-02 14:30:00+00:00,17.7,75.4,218.0,4.84,215.0,388.6,5.59,263.0,100650.0
1990-09-02 15:30:00+00:00,17.73,78.1,130.0,0.0,130.0,386.85,5.66,260.0,100650.0
1990-09-02 16:30:00+00:00,17.57,78.1,78.0,0.0,78.0,381.25,5.31,262.0,100610.0
1990-09-02 17:30:00+00:00,17.16,80.8,40.0,0.0,40.0,383.0,4.83,264.0,100580.0
1990-09-02 18:30:00+00:00,16.7,80.8,24.0,0.0,24.0,383.2,4.21,262.0,100580.0
1990-09-02 19:30:00+00:00,16.02,86.55,0.0,0.0,0.0,379.5,3.45,267.0,100500.0
1990-09-02 20:30:00+00:00,15.54,89.6,0.0,0.0,0.0,383.2,3.59,286.0,100530.0
1990-09-02 21:30:00+00:00,15.01,92.75,0.0,0.0,0.0,383.95,4.07,303.0,100560.0
1990-09-02 22:30:00+00:00,14.43,89.5,0.0,0.0,0.0,378.55,4.28,310.0,100610.0
1990-09-02 23:30:00+00:00,13.94,86.4,0.0,0.0,0.0,372.75,4.14,310.0,100620.0
1990-09-03 00:30:00+00:00,13.25,86.3,0.0,0.0,0.0,351.05,4.07,310.0,100650.0
1990-09-03 01:30:00+00:00,12.61,80.3,0.0,0.0,0.0,344.4,4.21,310.0,100680.0
1990-09-03 02:30:00+00:00,12.08,77.35,0.0,0.0,0.0,340.0,4.07,309.0,100700.0
1990-09-03 03:30:00+00:00,11.08,80.1,0.0,0.0,0.0,292.2,3.79,306.0,100710.0
1990-09-03 04:30:00+00:00,10.7,80.05,0.0,0.0,0.0,297.85,3.59,305.0,100730.0
1990-09-03 05:30:00+00:00,10.58,80.05,0.0,0.0,0.0,304.6,3.52,307.0,100770.0
1990-09-03 06:30:00+00:00,10.6,83.0,29.0,0.0,29.0,304.8,3.38,312.0,100850.0
1990-09-03 07:30:00+00:00,11.34,86.1,114.0,29.04,106.0,288.55,2.9,312.0,100910.0
1990-09-03 08:30:00+00:00,12.65,77.45,404.0,756.33,88.0,292.05,3.79,328.0,100960.0
1990-09-03 09:30:00+00:00,13.43,67.15,523.0,745.99,121.0,298.2,3.86,339.0,101050.0
1990-09-03 10:30:00+00:00,14.37,62.55,612.0,720.12,158.0,308.65,3.86,338.0,101070.0
1990-09-03 11:30:00+00:00,14.99,56.25,506.0,254.99,331.0,320.3,4.0,335.0,101120.0
1990-09-03 12:30:00+00:00,15.62,52.4,517.0,250.5,341.0,330.55,4.07,336.0,101190.0
1990-09-03 13:30:00+00:00,15.98,50.6,226.0,1.47,225.0,344.3,4.21,337.0,101220.0
1990-09-03 14:30:00+00:00,16.32,48.8,433.0,219.56,298.0,332.5,4.28,338.0,101270.0
1990-09-03 15:30:00+00:00,16.27,48.8,280.0,75.46,241.0,338.3,4.14,340.0,101300.0
1990-09-03 16:30:00+00:00,16.1,48.8,199.0,63.97,174.0,339.85,3.79,340.0,101300.0
1990-09-03 17:30:00+00:00,15.68,52.4,178.0,334.15,96.0,329.2,3.24,336.0,101340.0
1990-09-03 18:30:00+00:00,14.83,58.25,40.0,77.37,33.0,321.85,2.69,328.0,101420.0
1990-09-03 19:30:00+00:00,13.67,64.75,0.0,0.0,0.0,318.55,2.41,337.0,101450.0
1990-09-03 20:30:00+00:00,12.46,69.45,0.0,0.0,0.0,311.4,2.21,355.0,101540.0
1990-09-03 21:30:00+00:00,11.67,77.3,0.0,0.0,0.0,316.05,2.0,18.0,101630.0
1990-09-03 22:30:00+00:00,11.14,80.1,0.0,0.0,0.0,322.05,1.93,35.0,101690.0
1990-09-03 23:30:00+00:00,10.47,83.0,0.0,0.0,0.0,309.85,1.86,44.0,101750.0
1990-09-04 00:30:00+00:00,10.23,86.0,0.0,0.0,0.0,321.45,1.66,47.0,101760.0
1990-09-04 01:30:00+00:00,9.78,89.15,0.0,0.0,0.0,315.75,1.45,42.0,101810.0
1990-09-04 02:30:00+00:00,9.51,89.15,0.0,0.0,0.0,320.85,1.31,31.0,101810.0
1990-09-04 03:30:00+00:00,9.14,89.1,0.0,0.0,0.0,314.65,1.31,14.0,101830.0
1990-09-04 04:30:00+00:00,8.92,89.1,0.0,0.0,0.0,316.2,1.38,7.0,101830.0
1990-09-04 05:30:00+00:00,8.81,92.4,0.0,0.0,0.0,318.35,1.31,8.0,101860.0
1990-09-04 06:30:00+00:00,8.7,92.4,65.0,178.77,44.0,310.8,1.24,360.0,101920.0
1990-09-04 07:30:00+00:00,10.17,82.95,142.0,95.79,116.0,330.95,1.1,17.0,101970.0
1990-09-04 08:30:00+00:00,11.02,77.2,235.0,108.76,190.0,323.75,0.97,25.0,102030.0
1990-09-04 09:30:00+00:00,11.99,71.95,509.0,718.04,125.0,328.0,0.9,8.0,102080.0
1990-09-04 10:30:00+00:00,12.91,69.55,585.0,645.11,181.0,336.95,1.17,347.0,102090.0
1990-09-04 11:30:00+00:00,13.68,67.15,683.0,800.69,137.0,340.4,1.1,324.0,102100.0
1990-09-04 12:30:00+00:00,14.48,62.65,629.0,550.15,245.0,346.6,1.45,303.0,102110.0
1990-09-04 13:30:00+00:00,15.2,62.75,655.0,726.19,166.0,346.4,1.93,295.0,102120.0
1990-09-04 14:30:00+00:00,16.29,56.5,607.0,792.12,124.0,338.1,2.48,297.0,102090.0
1990-09-04 15:30:00+00:00,16.93,54.6,509.0,803.57,98.0,347.75,2.69,296.0,102060.0
1990-09-04 16:30:00+00:00,16.81,54.6,344.0,617.86,106.0,343.1,2.83,293.0,102050.0
1990-09-04 17:30:00+00:00,16.29,58.6,196.0,517.6,72.0,354.55,2.48,292.0,102050.0
1990-09-04 18:30:00+00:00,15.71,62.85,37.0,82.85,30.0,367.9,2.28,292.0,102070.0
1990-09-04 19:30:00+00:00,14.57,69.85,0.0,0.0,0.0,314.85,2.21,286.0,102020.0
1990-09-04 20:30:00+00:00,13.39,74.85,0.0,0.0,0.0,314.3,2.21,288.0,102070.0
1990-09-04 21:30:00+00:00,12.6,80.3,0.0,0.0,0.0,316.8,2.14,286.0,102080.0
1990-09-04 22:30:00+00:00,12.31,83.15,0.0,0.0,0.0,330.75,2.0,275.0,102110.0
1990-09-04 23:30:00+00:00,12.4,83.25,0.0,0.0,0.0,347.0,2.07,266.0,102080.0
1990-09-05 00:30:00+00:00,12.33,86.2,0.0,0.0,0.0,343.7,2.21,265.0,102110.0
1990-09-05 01:30:00+00:00,12.66,86.25,0.0,0.0,0.0,359.9,2.34,267.0,102090.0
1990-09-05 02:30:00+00:00,12.65,89.4,0.0,0.0,0.0,350.5,2.62,267.0,102080.0
1990-09-05 03:30:00+00:00,12.81,89.4,0.0,0.0,0.0,354.15,2.83,267.0,102040.0
1990-09-05 04:30:00+00:00,12.91,86.3,0.0,0.0,0.0,352.8,2.9,268.0,102000.0
1990-09-05 05:30:00+00:00,13.16,89.4,0.0,0.0,0.0,356.5,2.97,269.0,102050.0
1990-09-05 06:30:00+00:00,13.44,89.45,40.0,26.48,37.0,359.0,2.97,270.0,102060.0
1990-09-05 07:30:00+00:00,14.79,92.7,133.0,82.29,111.0,360.75,3.03,275.0,102050.0
1990-09-05 08:30:00+00:00,15.82,89.6,142.0,7.32,139.0,363.65,3.59,278.0,102050.0
1990-09-05 09:30:00+00:00,16.91,83.65,262.0,50.88,235.0,367.9,4.83,288.0,102070.0
1990-09-05 10:30:00+00:00,18.01,80.9,508.0,413.18,251.0,374.65,4.83,291.0,102090.0
1990-09-05 11:30:00+00:00,19.04,73.05,482.0,237.64,321.0,389.75,5.03,293.0,102110.0
1990-09-05 12:30:00+00:00,19.47,70.65,446.0,154.33,339.0,386.3,5.24,296.0,102150.0
1990-09-05 13:30:00+00:00,19.34,73.05,452.0,191.48,324.0,376.0,5.24,298.0,102160.0
1990-09-05 14:30:00+00:00,19.22,73.05,517.0,487.94,222.0,379.1,5.31,298.0,102140.0
1990-09-05 15:30:00+00:00,19.22,73.05,411.0,426.86,195.0,372.55,5.38,301.0,102150.0
1990-09-05 16:30:00+00:00,18.73,75.55,298.0,411.05,142.0,340.0,5.24,305.0,102150.0
1990-09-05 17:30:00+00:00,18.03,75.45,190.0,517.8,69.0,331.3,4.97,309.0,102150.0
1990-09-05 18:30:00+00:00,17.04,80.8,45.0,229.44,27.0,337.7,4.07,310.0,102180.0
1990-09-05 19:30:00+00:00,16.03,83.6,0.0,0.0,0.0,328.8,3.66,309.0,102150.0
1990-09-05 20:30:00+00:00,15.23,89.55,0.0,0.0,0.0,329.95,3.52,311.0,102170.0
1990-09-05 21:30:00+00:00,14.84,92.7,0.0,0.0,0.0,333.45,3.31,313.0,102210.0
1990-09-05 22:30:00+00:00,14.68,92.7,0.0,0.0,0.0,338.3,3.1,315.0,102240.0
1990-09-05 23:30:00+00:00,14.69,92.7,0.0,0.0,0.0,347.55,2.97,317.0,102240.0
1990-09-06 00:30:00+00:00,14.37,96.0,0.0,0.0,0.0,334.2,2.76,319.0,102270.0
1990-09-06 01:30:00+00:00,14.39,96.0,0.0,0.0,0.0,345.35,2.55,322.0,102280.0
1990-09-06 02:30:00+00:00,14.17,96.0,0.0,0.0,0.0,338.1,2.41,322.0,102270.0
1990-09-06 03:30:00+00:00,14.07,96.0,0.0,0.0,0.0,343.3,2.34,321.0,102230.0
1990-09-06 04:30:00+00:00,14.09,96.0,0.0,0.0,0.0,352.2,2.28,318.0,102230.0
1990-09-06 05:30:00+00:00,14.1,96.0,0.0,0.0,0.0,355.7,2.21,314.0,102250.0
1990-09-06 06:30:00+00:00,14.15,96.0,49.0,91.66,39.0,355.3,2.21,314.0,102280.0
1990-09-06 07:30:00+00:00,15.51,89.6,153.0,155.77,112.0,365.4,2.69,336.0,102310.0
1990-09-06 08:30:00+00:00,16.89,83.65,268.0,214.51,181.0,367.7,3.1,355.0,102330.0
1990-09-06 09:30:00+00:00,17.8,83.7,329.0,153.85,248.0,376.2,2.62,5.0,102360.0
1990-09-06 10:30:00+00:00,18.98,75.65,373.0,123.04,297.0,385.7,2.34,5.0,102380.0
1990-09-06 11:30:00+00:00,19.62,73.15,393.0,101.04,325.0,396.75,2.07,359.0,102400.0
1990-09-06 12:30:00+00:00,20.32,73.2,541.0,347.07,302.0,394.8,2.07,353.0,102400.0
1990-09-06 13:30:00+00:00,21.09,68.5,562.0,462.7,255.0,396.35,1.93,341.0,102390.0
1990-09-06 14:30:00+00:00,20.97,68.5,358.0,118.46,287.0,396.35,2.28,335.0,102360.0
1990-09-06 15:30:00+00:00,20.81,70.8,456.0,643.33,134.0,386.45,2.34,333.0,102330.0
1990-09-06 16:30:00+00:00,20.71,70.8,161.0,29.43,150.0,383.2,2.41,328.0,102320.0
1990-09-06 17:30:00+00:00,20.5,68.4,85.0,21.95,80.0,377.75,2.55,319.0,102310.0
1990-09-06 18:30:00+00:00,19.48,70.65,33.0,110.53,25.0,374.65,2.83,312.0,102320.0
1990-09-06 19:30:00+00:00,18.7,78.25,0.0,0.0,0.0,374.45,3.17,312.0,102320.0
1990-09-06 20:30:00+00:00,17.2,83.65,0.0,0.0,0.0,352.4,3.59,317.0,102360.0
1990-09-06 21:30:00+00:00,16.37,83.6,0.0,0.0,0.0,362.5,3.52,319.0,102380.0
1990-09-06 22:30:00+00:00,15.63,80.65,0.0,0.0,0.0,355.9,3.31,321.0,102400.0
1990-09-06 23:30:00+00:00,14.86,83.45,0.0,0.0,0.0,343.5,2.97,325.0,102400.0
1990-09-07 00:30:00+00:00,14.38,83.4,0.0,0.0,0.0,346.2,2.55,330.0,102390.0
1990-09-07 01:30:00+00:00,13.75,86.35,0.0,0.0,0.0,339.55,2.34,331.0,102380.0
1990-09-07 02:30:00+00:00,13.5,86.35,0.0,0.0,0.0,348.35,2.07,329.0,102360.0
1990-09-07 03:30:00+00:00,13.19,92.65,0.0,0.0,0.0,347.95,1.93,329.0,102330.0
1990-09-07 04:30:00+00:00,13.12,92.65,0.0,0.0,0.0,361.7,1.93,330.0,102330.0
1990-09-07 05:30:00+00:00,13.09,92.65,0.0,0.0,0.0,372.55,1.79,331.0,102350.0
1990-09-07 06:30:00+00:00,13.13,95.95,37.0,28.6,34.0,375.25,1.72,335.0,102360.0
1990-09-07 07:30:00+00:00,13.68,92.65,107.0,30.88,99.0,379.1,1.93,318.0,102400.0
1990-09-07 08:30:00+00:00,14.18,92.7,207.0,72.24,178.0,382.6,1.86,314.0,102400.0
1990-09-07 09:30:00+00:00,14.8,89.5,308.0,114.88,248.0,383.55,1.72,305.0,102380.0
1990-09-07 10:30:00+00:00,15.85,86.5,295.0,37.5,272.0,354.95,1.72,297.0,102380.0
1990-09-07 11:30:00+00:00,17.47,75.4,420.0,134.63,330.0,354.55,1.86,290.0,102360.0
1990-09-07 12:30:00+00:00,18.42,70.35,708.0,867.13,115.0,361.3,2.07,288.0,102340.0
1990-09-07 13:30:00+00:00,19.0,65.75,687.0,886.89,103.0,345.25,2.48,291.0,102300.0
1990-09-07 14:30:00+00:00,19.66,65.85,604.0,836.63,107.0,340.6,2.9,300.0,102270.0
1990-09-07 15:30:00+00:00,20.06,63.7,491.0,798.03,96.0,354.55,3.17,307.0,102210.0
1990-09-07 16:30:00+00:00,20.0,63.7,325.0,603.27,103.0,347.2,3.38,308.0,102180.0
1990-09-07 17:30:00+00:00,19.28,68.1,173.0,450.92,73.0,324.95,3.45,306.0,102150.0
1990-09-07 18:30:00+00:00,17.82,75.4,37.0,211.29,23.0,320.1,3.31,303.0,102150.0
1990-09-07 19:30:00+00:00,16.08,80.75,0.0,0.0,0.0,324.35,3.24,300.0,102110.0
1990-09-07 20:30:00+00:00,14.61,86.45,0.0,0.0,0.0,310.05,3.24,302.0,102150.0
1990-09-07 21:30:00+00:00,13.62,89.45,0.0,0.0,0.0,308.5,3.1,306.0,102160.0
1990-09-07 22:30:00+00:00,12.94,92.65,0.0,0.0,0.0,307.9,3.03,309.0,102150.0
1990-09-07 23:30:00+00:00,12.48,92.6,0.0,0.0,0.0,305.2,2.97,310.0,102160.0
1990-09-08 00:30:00+00:00,12.24,95.95,0.0,0.0,0.0,309.65,2.83,310.0,102140.0
1990-09-08 01:30:00+00:00,12.22,95.95,0.0,0.0,0.0,320.0,2.76,309.0,102100.0
1990-09-08 02:30:00+00:00,12.1,95.95,0.0,0.0,0.0,316.2,2.83,307.0,102050.0
1990-09-08 03:30:00+00:00,12.04,95.95,0.0,0.0,0.0,319.1,2.76,306.0,102010.0
1990-09-08 04:30:00+00:00,12.07,95.95,0.0,0.0,0.0,324.95,2.69,304.0,101990.0
1990-09-08 05:30:00+00:00,12.02,95.95,0.0,0.0,0.0,322.4,2.76,304.0,101970.0
1990-09-08 06:30:00+00:00,12.13,95.95,27.0,9.94,26.0,325.5,2.76,307.0,101980.0
1990-09-08 07:30:00+00:00,13.28,89.4,93.0,15.69,89.0,343.7,3.59,323.0,102000.0
1990-09-08 08:30:00+00:00,14.29,83.4,79.0,0.0,79.0,361.9,3.31,325.0,101980.0
1990-09-08 09:30:00+00:00,15.15,77.8,84.0,0.0,84.0,363.25,3.17,324.0,101980.0
1990-09-08 10:30:00+00:00,15.97,75.25,162.0,0.0,162.0,363.45,3.24,326.0,101980.0
1990-09-08 11:30:00+00:00,16.62,72.7,197.0,0.0,197.0,376.2,3.17,329.0,101980.0
1990-09-08 12:30:00+00:00,17.32,72.7,131.0,0.0,131.0,372.55,3.03,329.0,101950.0
1990-09-08 13:30:00+00:00,17.88,70.3,176.0,0.0,176.0,382.6,2.97,327.0,101900.0
1990-09-08 14:30:00+00:00,18.41,67.95,191.0,1.7,190.0,383.2,3.17,324.0,101870.0
1990-09-08 15:30:00+00:00,18.92,65.65,215.0,26.56,202.0,381.65,3.38,325.0,101790.0
1990-09-08 16:30:00+00:00,18.78,65.65,202.0,102.17,165.0,386.65,3.24,327.0,101760.0
1990-09-08 17:30:00+00:00,18.33,67.95,120.0,129.78,92.0,387.65,2.62,316.0,101740.0
1990-09-08 18:30:00+00:00,17.57,70.3,17.0,16.64,16.0,378.15,2.62,304.0,101760.0
1990-09-08 19:30:00+00:00,16.56,72.7,0.0,0.0,0.0,380.3,2.34,304.0,101770.0
1990-09-08 20:30:00+00:00,15.78,77.85,0.0,0.0,0.0,363.05,2.41,306.0,101800.0
1990-09-08 21:30:00+00:00,15.12,80.6,0.0,0.0,0.0,357.45,2.34,313.0,101800.0
1990-09-08 22:30:00+00:00,14.22,86.4,0.0,0.0,0.0,338.5,2.28,318.0,101800.0
1990-09-08 23:30:00+00:00,14.14,86.4,0.0,0.0,0.0,359.55,2.07,318.0,101800.0
1990-09-09 00:30:00+00:00,14.06,89.5,0.0,0.0,0.0,364.0,1.86,312.0,101790.0
1990-09-09 01:30:00+00:00,13.61,92.65,0.0,0.0,0.0,346.9,1.93,302.0,101760.0
1990-09-09 02:30:00+00:00,13.45,92.65,0.0,0.0,0.0,353.4,1.93,295.0,101700.0
1990-09-09 03:30:00+00:00,13.23,95.95,0.0,0.0,0.0,349.3,2.0,292.0,101670.0
1990-09-09 04:30:00+00:00,13.14,95.95,0.0,0.0,0.0,349.3,2.14,290.0,101680.0
1990-09-09 05:30:00+00:00,12.98,95.95,0.0,0.0,0.0,343.1,2.21,289.0,101670.0
1990-09-09 06:30:00+00:00,13.25,95.95,35.0,41.49,31.0,355.9,2.14,286.0,101670.0
1990-09-09 07:30:00+00:00,14.1,92.7,185.0,374.93,91.0,363.65,2.0,285.0,101690.0
1990-09-09 08:30:00+00:00,14.9,89.5,293.0,333.28,162.0,365.2,3.1,303.0,101680.0
1990-09-09 09:30:00+00:00,15.54,83.55,296.0,105.11,242.0,371.55,3.03,300.0,101690.0
1990-09-09 10:30:00+00:00,16.33,77.95,430.0,238.19,286.0,365.4,3.31,293.0,101690.0
1990-09-09 11:30:00+00:00,17.41,75.3,541.0,401.96,276.0,361.9,3.93,287.0,101690.0
1990-09-09 12:30:00+00:00,17.93,67.85,486.0,241.77,323.0,362.85,4.21,282.0,101670.0
1990-09-09 13:30:00+00:00,18.05,65.55,324.0,46.28,294.0,374.3,4.55,281.0,101630.0
1990-09-09 14:30:00+00:00,17.73,67.85,290.0,46.29,263.0,378.55,4.76,281.0,101580.0
1990-09-09 15:30:00+00:00,17.83,67.85,267.0,86.83,225.0,359.55,5.03,284.0,101520.0
1990-09-09 16:30:00+00:00,17.31,67.75,109.0,2.81,108.0,357.65,5.03,287.0,101490.0
1990-09-09 17:30:00+00:00,16.68,67.75,92.0,47.69,82.0,348.15,4.69,286.0,101450.0
1990-09-09 18:30:00+00:00,15.8,72.55,19.0,37.09,17.0,340.6,4.14,285.0,101420.0
1990-09-09 19:30:00+00:00,15.03,75.1,0.0,0.0,0.0,361.5,4.34,286.0,101400.0
1990-09-09 20:30:00+00:00,14.26,80.45,0.0,0.0,0.0,338.5,4.34,289.0,101410.0
1990-09-09 21:30:00+00:00,13.79,80.4,0.0,0.0,0.0,336.15,4.28,283.0,101370.0
1990-09-09 22:30:00+00:00,13.5,80.4,0.0,0.0,0.0,333.25,4.55,274.0,101290.0
1990-09-09 23:30:00+00:00,13.63,80.4,0.0,0.0,0.0,344.85,4.97,275.0,101230.0
1990-09-10 00:30:00+00:00,13.85,80.4,0.0,0.0,0.0,348.55,5.38,276.0,101180.0
1990-09-10 01:30:00+00:00,13.9,77.65,0.0,0.0,0.0,341.1,5.66,279.0,101110.0
1990-09-10 02:30:00+00:00,14.03,80.45,0.0,0.0,0.0,347.55,5.93,284.0,101030.0
1990-09-10 03:30:00+00:00,14.12,80.45,0.0,0.0,0.0,353.2,6.0,288.0,100960.0
1990-09-10 04:30:00+00:00,14.05,83.4,0.0,0.0,0.0,345.25,5.93,289.0,100920.0
1990-09-10 05:30:00+00:00,13.89,86.35,0.0,0.0,0.0,337.1,5.86,290.0,100880.0
1990-09-10 06:30:00+00:00,14.21,86.4,30.0,21.71,28.0,362.65,6.21,293.0,100890.0
1990-09-10 07:30:00+00:00,15.03,83.5,176.0,332.66,94.0,365.95,5.72,295.0,100900.0
1990-09-10 08:30:00+00:00,15.25,72.45,344.0,604.38,109.0,353.55,7.59,305.0,100930.0
1990-09-10 09:30:00+00:00,15.08,65.05,451.0,563.38,164.0,363.05,7.66,311.0,100990.0
1990-09-10 10:30:00+00:00,15.02,60.5,502.0,438.28,239.0,347.0,7.31,315.0,101050.0
1990-09-10 11:30:00+00:00,15.35,58.35,598.0,583.57,216.0,332.85,6.83,317.0,101070.0
1990-09-10 12:30:00+00:00,15.74,56.35,655.0,739.62,160.0,332.1,6.34,317.0,101120.0
1990-09-10 13:30:00+00:00,16.2,54.45,615.0,687.3,173.0,333.25,6.14,317.0,101140.0
1990-09-10 14:30:00+00:00,16.3,54.45,555.0,716.44,141.0,342.35,5.86,317.0,101160.0
1990-09-10 15:30:00+00:00,16.34,54.45,461.0,742.66,106.0,331.9,5.72,317.0,101180.0
1990-09-10 16:30:00+00:00,15.99,52.5,302.0,559.44,106.0,346.2,5.45,318.0,101180.0
1990-09-10 17:30:00+00:00,15.5,54.35,154.0,417.52,69.0,357.45,4.76,316.0,101210.0
1990-09-10 18:30:00+00:00,14.64,60.4,22.0,125.78,16.0,323.55,4.21,310.0,101250.0
1990-09-10 19:30:00+00:00,13.89,64.75,0.0,0.0,0.0,307.5,3.93,305.0,101280.0
1990-09-10 20:30:00+00:00,12.92,67.05,0.0,0.0,0.0,298.6,3.66,306.0,101340.0
1990-09-10 21:30:00+00:00,12.3,71.95,0.0,0.0,0.0,300.95,3.24,315.0,101380.0
1990-09-10 22:30:00+00:00,11.59,74.55,0.0,0.0,0.0,296.5,2.76,330.0,101440.0
1990-09-10 23:30:00+00:00,11.17,77.2,0.0,0.0,0.0,307.9,2.21,344.0,101490.0
1990-09-11 00:30:00+00:00,10.65,80.05,0.0,0.0,0.0,307.3,1.93,352.0,101530.0
1990-09-11 01:30:00+00:00,10.17,86.0,0.0,0.0,0.0,310.35,1.66,353.0,101550.0
1990-09-11 02:30:00+00:00,9.22,89.1,0.0,0.0,0.0,291.45,1.59,349.0,101540.0
1990-09-11 03:30:00+00:00,8.23,92.4,0.0,0.0,0.0,283.5,1.59,343.0,101560.0
1990-09-11 04:30:00+00:00,7.53,92.35,0.0,0.0,0.0,282.75,1.59,328.0,101560.0
1990-09-11 05:30:00+00:00,7.28,95.8,0.0,0.0,0.0,290.5,1.52,313.0,101590.0
1990-09-11 06:30:00+00:00,6.93,95.8,48.0,193.51,31.0,281.95,1.52,305.0,101640.0
1990-09-11 07:30:00+00:00,9.57,92.45,194.0,491.21,75.0,294.35,0.62,305.0,101740.0
1990-09-11 08:30:00+00:00,11.39,83.1,356.0,683.89,93.0,299.2,0.55,300.0,101770.0
1990-09-11 09:30:00+00:00,12.91,74.75,481.0,718.71,118.0,318.35,1.24,287.0,101800.0
1990-09-11 10:30:00+00:00,14.07,72.3,595.0,797.57,120.0,324.55,2.0,291.0,101810.0
1990-09-11 11:30:00+00:00,14.95,67.45,520.0,358.53,287.0,347.0,2.41,295.0,101800.0
1990-09-11 12:30:00+00:00,15.79,65.15,576.0,478.7,258.0,352.6,2.76,297.0,101790.0
1990-09-11 13:30:00+00:00,16.39,62.95,611.0,688.24,172.0,364.6,2.9,297.0,101760.0
1990-09-11 14:30:00+00:00,16.65,58.7,538.0,662.17,159.0,364.0,3.1,298.0,101760.0
1990-09-11 15:30:00+00:00,16.95,58.7,444.0,692.41,117.0,353.0,3.17,299.0,101750.0
1990-09-11 16:30:00+00:00,16.77,58.7,289.0,511.05,113.0,328.8,3.1,303.0,101740.0
1990-09-11 17:30:00+00:00,16.6,56.6,136.0,303.88,76.0,327.25,3.1,310.0,101740.0
1990-09-11 18:30:00+00:00,15.92,62.95,13.0,0.0,13.0,344.3,2.48,299.0,101760.0
1990-09-11 19:30:00+00:00,14.96,72.45,0.0,0.0,0.0,326.1,2.97,297.0,101800.0
1990-09-11 20:30:00+00:00,14.13,80.45,0.0,0.0,0.0,322.6,3.17,304.0,101850.0
1990-09-11 21:30:00+00:00,13.38,89.4,0.0,0.0,0.0,316.05,3.03,307.0,101880.0
1990-09-11 22:30:00+00:00,13.37,92.65,0.0,0.0,0.0,341.55,2.69,308.0,101900.0
1990-09-11 23:30:00+00:00,13.07,92.65,0.0,0.0,0.0,337.3,2.41,305.0,101870.0
1990-09-12 00:30:00+00:00,12.89,92.65,0.0,0.0,0.0,338.85,2.21,300.0,101880.0
1990-09-12 01:30:00+00:00,12.9,92.65,0.0,0.0,0.0,347.1,2.07,295.0,101880.0
1990-09-12 02:30:00+00:00,13.09,95.95,0.0,0.0,0.0,360.95,2.0,292.0,101860.0
1990-09-12 03:30:00+00:00,13.12,95.95,0.0,0.0,0.0,359.95,1.93,291.0,101850.0
1990-09-12 04:30:00+00:00,13.21,95.95,0.0,0.0,0.0,362.1,1.86,295.0,101840.0
1990-09-12 05:30:00+00:00,13.04,95.95,0.0,0.0,0.0,351.65,1.86,298.0,101850.0
1990-09-12 06:30:00+00:00,13.33,95.95,42.0,143.63,30.0,366.55,1.72,304.0,101870.0
1990-09-12 07:30:00+00:00,13.65,95.95,168.0,323.54,91.0,346.0,1.45,315.0,101920.0
1990-09-12 08:30:00+00:00,14.99,89.55,326.0,552.24,116.0,350.5,1.93,334.0,101950.0
1990-09-12 09:30:00+00:00,15.88,83.55,399.0,389.48,204.0,363.65,2.07,351.0,101970.0
1990-09-12 10:30:00+00:00,16.71,78.0,381.0,159.05,287.0,365.0,1.45,350.0,102000.0
1990-09-12 11:30:00+00:00,17.34,78.0,546.0,449.54,256.0,368.85,1.17,337.0,101980.0
1990-09-12 12:30:00+00:00,17.98,72.9,575.0,494.48,249.0,375.65,1.31,329.0,101990.0
1990-09-12 13:30:00+00:00,18.45,70.45,482.0,303.52,290.0,367.1,1.52,317.0,101970.0
1990-09-12 14:30:00+00:00,18.43,70.35,476.0,448.12,222.0,376.0,1.72,319.0,101940.0
1990-09-12 15:30:00+00:00,18.58,68.05,437.0,692.43,114.0,376.0,2.0,319.0,101940.0
1990-09-12 16:30:00+00:00,18.61,68.05,93.0,0.0,93.0,374.65,2.14,321.0,101910.0
1990-09-12 17:30:00+00:00,18.06,72.9,51.0,0.0,51.0,366.75,1.66,322.0,101900.0
1990-09-12 18:30:00+00:00,17.28,78.0,8.0,0.0,8.0,352.6,1.66,319.0,101900.0
1990-09-12 19:30:00+00:00,16.53,78.0,0.0,0.0,0.0,349.1,1.72,325.0,101930.0
1990-09-12 20:30:00+00:00,15.46,86.5,0.0,0.0,0.0,350.3,1.52,327.0,101940.0
1990-09-12 21:30:00+00:00,14.58,89.5,0.0,0.0,0.0,348.75,1.31,340.0,101940.0
1990-09-12 22:30:00+00:00,13.65,92.65,0.0,0.0,0.0,324.35,1.17,357.0,101950.0
1990-09-12 23:30:00+00:00,13.62,92.65,0.0,0.0,0.0,322.05,0.83,6.0,101940.0
1990-09-13 00:30:00+00:00,12.95,95.95,0.0,0.0,0.0,338.1,0.41,339.0,101940.0
1990-09-13 01:30:00+00:00,12.28,99.4,0.0,0.0,0.0,328.35,0.55,286.0,101910.0
1990-09-13 02:30:00+00:00,11.9,99.4,0.0,0.0,0.0,353.4,0.55,266.0,101870.0
1990-09-13 03:30:00+00:00,11.24,100.0,0.0,0.0,0.0,341.95,0.9,268.0,101800.0
1990-09-13 04:30:00+00:00,11.28,100.0,0.0,0.0,0.0,347.4,0.97,271.0,101800.0
1990-09-13 05:30:00+00:00,11.5,99.4,0.0,0.0,0.0,354.15,1.03,274.0,101760.0
1990-09-13 06:30:00+00:00,11.28,100.0,26.0,25.24,24.0,341.95,1.1,273.0,101740.0
1990-09-13 07:30:00+00:00,11.78,99.4,110.0,64.18,95.0,333.05,1.17,264.0,101770.0
1990-09-13 08:30:00+00:00,13.33,95.95,263.0,260.68,165.0,339.25,1.1,256.0,101730.0
1990-09-13 09:30:00+00:00,14.92,86.5,390.0,364.75,209.0,345.45,1.31,246.0,101740.0
1990-09-13 10:30:00+00:00,16.09,80.75,582.0,784.45,122.0,344.3,1.72,244.0,101710.0
1990-09-13 11:30:00+00:00,17.21,78.0,402.0,134.32,316.0,351.65,2.07,238.0,101670.0
1990-09-13 12:30:00+00:00,18.65,70.45,348.0,61.14,308.0,354.75,2.48,232.0,101590.0
1990-09-13 13:30:00+00:00,19.54,57.2,526.0,430.45,256.0,340.4,3.38,230.0,101530.0
1990-09-13 14:30:00+00:00,19.87,51.4,133.0,0.0,133.0,324.15,4.07,233.0,101460.0
1990-09-13 15:30:00+00:00,19.6,53.25,386.0,466.75,171.0,360.75,4.0,231.0,101390.0
1990-09-13 16:30:00+00:00,19.19,57.1,171.0,72.22,147.0,371.55,3.38,223.0,101300.0
1990-09-13 17:30:00+00:00,18.75,61.2,75.0,32.42,69.0,345.45,3.17,223.0,101230.0
1990-09-13 18:30:00+00:00,17.7,65.45,8.0,0.0,8.0,338.65,3.03,228.0,101230.0
1990-09-13 19:30:00+00:00,16.38,70.1,0.0,0.0,0.0,335.2,2.69,232.0,101200.0
1990-09-13 20:30:00+00:00,15.57,70.0,0.0,0.0,0.0,334.2,2.83,229.0,101180.0
1990-09-13 21:30:00+00:00,14.65,75.0,0.0,0.0,0.0,316.4,3.03,232.0,101150.0
1990-09-13 22:30:00+00:00,14.03,77.65,0.0,0.0,0.0,308.65,3.24,231.0,101100.0
1990-09-13 23:30:00+00:00,14.14,77.65,0.0,0.0,0.0,328.8,3.45,232.0,101050.0
1990-09-14 00:30:00+00:00,13.7,83.35,0.0,0.0,0.0,307.5,3.93,234.0,101000.0
1990-09-14 01:30:00+00:00,13.59,86.35,0.0,0.0,0.0,313.45,4.48,235.0,100920.0
1990-09-14 02:30:00+00:00,13.31,89.4,0.0,0.0,0.0,308.1,4.69,238.0,100890.0
1990-09-14 03:30:00+00:00,13.27,89.4,0.0,0.0,0.0,321.45,4.9,238.0,100820.0
1990-09-14 04:30:00+00:00,13.37,89.4,0.0,0.0,0.0,334.05,5.17,238.0,100780.0
1990-09-14 05:30:00+00:00,13.51,89.45,0.0,0.0,0.0,341.55,5.31,239.0,100760.0
1990-09-14 06:30:00+00:00,13.58,89.45,36.0,133.52,26.0,339.05,5.24,241.0,100740.0
1990-09-14 07:30:00+00:00,14.58,83.45,80.0,13.08,77.0,370.0,5.31,249.0,100800.0
1990-09-14 08:30:00+00:00,15.12,80.6,57.0,0.0,57.0,376.0,4.9,256.0,100820.0
1990-09-14 09:30:00+00:00,15.54,80.65,148.0,0.0,148.0,379.9,5.17,273.0,100880.0
1990-09-14 10:30:00+00:00,15.48,72.55,255.0,22.35,242.0,378.35,5.17,293.0,100940.0
1990-09-14 11:30:00+00:00,15.43,67.55,352.0,75.54,304.0,380.85,5.24,296.0,100970.0
1990-09-14 12:30:00+00:00,16.15,58.6,401.0,124.79,320.0,338.5,5.59,295.0,101020.0
1990-09-14 13:30:00+00:00,16.34,54.45,314.0,48.24,284.0,337.9,5.59,296.0,101040.0
1990-09-14 14:30:00+00:00,16.42,52.5,416.0,291.58,254.0,333.05,5.59,299.0,101060.0
1990-09-14 15:30:00+00:00,15.99,52.5,408.0,598.12,136.0,352.4,5.66,305.0,101100.0
1990-09-14 16:30:00+00:00,15.73,56.35,248.0,364.74,129.0,353.55,5.45,309.0,101160.0
1990-09-14 17:30:00+00:00,15.31,60.5,141.0,480.86,55.0,339.45,4.62,308.0,101210.0
1990-09-14 18:30:00+00:00,14.59,64.95,5.0,0.0,5.0,329.2,3.93,305.0,101270.0
1990-09-14 19:30:00+00:00,13.33,72.1,0.0,0.0,0.0,306.35,3.59,301.0,101340.0
1990-09-14 20:30:00+00:00,12.53,74.7,0.0,0.0,0.0,297.65,3.45,298.0,101420.0
1990-09-14 21:30:00+00:00,11.92,77.35,0.0,0.0,0.0,295.1,3.24,298.0,101470.0
1990-09-14 22:30:00+00:00,11.15,86.1,0.0,0.0,0.0,285.85,2.97,296.0,101500.0
1990-09-14 23:30:00+00:00,10.51,89.25,0.0,0.0,0.0,281.95,2.76,297.0,101570.0
1990-09-15 00:30:00+00:00,9.94,89.2,0.0,0.0,0.0,280.2,2.48,297.0,101580.0
1990-09-15 01:30:00+00:00,9.48,92.45,0.0,0.0,0.0,283.8,2.28,294.0,101590.0
1990-09-15 02:30:00+00:00,9.19,95.85,0.0,0.0,0.0,291.05,2.14,297.0,101610.0
1990-09-15 03:30:00+00:00,8.76,95.85,0.0,0.0,0.0,283.7,2.14,302.0,101600.0
1990-09-15 04:30:00+00:00,8.36,95.85,0.0,0.0,0.0,283.1,1.93,300.0,101640.0
1990-09-15 05:30:00+00:00,8.16,95.8,0.0,0.0,0.0,297.25,1.59,287.0,101660.0
1990-09-15 06:30:00+00:00,7.48,95.8,41.0,255.15,23.0,281.75,1.59,276.0,101680.0
1990-09-15 07:30:00+00:00,8.55,99.4,184.0,524.31,66.0,297.45,1.1,264.0,101740.0
1990-09-15 08:30:00+00:00,11.38,89.3,335.0,659.06,93.0,314.65,1.03,244.0,101750.0
1990-09-15 09:30:00+00:00,12.97,74.75,461.0,701.89,119.0,310.2,1.72,252.0,101760.0
1990-09-15 10:30:00+00:00,13.88,72.2,558.0,720.88,142.0,319.3,2.07,239.0,101740.0
1990-09-15 11:30:00+00:00,14.69,67.35,623.0,759.69,144.0,332.85,2.69,231.0,101690.0
1990-09-15 12:30:00+00:00,15.44,62.85,440.0,191.01,317.0,331.9,3.38,228.0,101630.0
1990-09-15 13:30:00+00:00,16.15,60.75,380.0,124.91,303.0,332.85,3.93,231.0,101580.0
1990-09-15 14:30:00+00:00,16.66,58.7,338.0,129.11,267.0,351.05,4.28,234.0,101480.0
1990-09-15 15:30:00+00:00,16.69,56.6,367.0,425.53,176.0,350.5,4.48,236.0,101410.0
1990-09-15 16:30:00+00:00,16.59,56.6,253.0,418.55,119.0,367.3,4.48,237.0,101360.0
1990-09-15 17:30:00+00:00,16.27,60.75,121.0,330.26,64.0,367.3,3.72,231.0,101270.0
1990-09-15 18:30:00+00:00,15.87,62.85,0.0,0.0,0.0,369.25,3.52,225.0,101240.0
1990-09-15 19:30:00+00:00,15.18,65.05,0.0,0.0,0.0,337.5,3.45,230.0,101140.0
1990-09-15 20:30:00+00:00,14.5,67.35,0.0,0.0,0.0,332.3,3.59,230.0,101110.0
1990-09-15 21:30:00+00:00,13.51,72.2,0.0,0.0,0.0,309.85,3.66,230.0,101060.0
1990-09-15 22:30:00+00:00,12.68,80.3,0.0,0.0,0.0,301.5,3.66,230.0,101000.0
1990-09-15 23:30:00+00:00,12.17,83.15,0.0,0.0,0.0,306.75,3.79,228.0,100950.0
1990-09-16 00:30:00+00:00,11.55,86.15,0.0,0.0,0.0,296.85,4.0,226.0,100880.0
1990-09-16 01:30:00+00:00,10.99,89.3,0.0,0.0,0.0,295.05,4.21,224.0,100800.0
1990-09-16 02:30:00+00:00,10.78,92.5,0.0,0.0,0.0,297.45,4.34,224.0,100730.0
1990-09-16 03:30:00+00:00,10.68,92.5,0.0,0.0,0.0,298.4,4.48,224.0,100640.0
1990-09-16 04:30:00+00:00,10.72,92.5,0.0,0.0,0.0,302.3,4.62,223.0,100570.0
1990-09-16 05:30:00+00:00,10.74,95.9,0.0,0.0,0.0,301.7,4.69,223.0,100510.0
1990-09-16 06:30:00+00:00,10.81,95.9,24.0,45.33,21.0,301.3,4.76,223.0,100450.0
1990-09-16 07:30:00+00:00,12.34,92.6,171.0,462.16,69.0,348.35,4.41,222.0,100390.0
1990-09-16 08:30:00+00:00,13.61,80.4,256.0,278.41,155.0,359.95,7.17,230.0,100330.0
1990-09-16 09:30:00+00:00,14.36,77.65,324.0,205.09,225.0,363.65,6.97,230.0,100270.0
1990-09-16 10:30:00+00:00,15.21,72.45,372.0,167.73,276.0,375.45,7.1,225.0,100210.0
1990-09-16 11:30:00+00:00,16.07,67.65,324.0,55.95,289.0,370.8,7.66,223.0,100110.0
1990-09-16 12:30:00+00:00,16.92,65.35,411.0,153.42,313.0,362.3,8.62,224.0,100010.0
1990-09-16 13:30:00+00:00,17.74,60.95,490.0,373.16,262.0,359.0,9.03,227.0,99890.0
1990-09-16 14:30:00+00:00,18.71,54.95,346.0,154.36,262.0,354.95,9.24,231.0,99780.0
1990-09-16 15:30:00+00:00,19.08,55.05,332.0,320.61,190.0,374.1,8.9,232.0,99680.0
1990-09-16 16:30:00+00:00,18.69,59.05,64.0,0.0,64.0,378.55,7.59,231.0,99620.0
1990-09-16 17:30:00+00:00,18.12,63.3,40.0,0.0,40.0,373.3,7.66,231.0,99610.0
1990-09-16 18:30:00+00:00,17.27,70.2,0.0,0.0,0.0,376.8,7.17,230.0,99620.0
1990-09-16 19:30:00+00:00,16.29,77.95,0.0,0.0,0.0,387.05,5.86,250.0,99720.0
1990-09-16 20:30:00+00:00,15.18,80.6,0.0,0.0,0.0,375.85,4.97,276.0,99800.0
1990-09-16 21:30:00+00:00,13.9,80.45,0.0,0.0,0.0,349.7,4.0,284.0,99850.0
1990-09-16 22:30:00+00:00,12.63,86.25,0.0,0.0,0.0,314.65,3.24,275.0,99900.0
1990-09-16 23:30:00+00:00,11.51,89.3,0.0,0.0,0.0,291.65,3.1,263.0,99930.0
1990-09-17 00:30:00+00:00,10.85,92.5,0.0,0.0,0.0,290.1,3.1,257.0,99930.0
1990-09-17 01:30:00+00:00,10.72,92.5,0.0,0.0,0.0,298.5,3.17,256.0,99940.0
1990-09-17 02:30:00+00:00,10.38,89.25,0.0,0.0,0.0,291.65,3.31,259.0,99940.0
1990-09-17 03:30:00+00:00,10.19,92.5,0.0,0.0,0.0,295.3,3.38,264.0,99910.0
1990-09-17 04:30:00+00:00,10.03,92.5,0.0,0.0,0.0,295.1,3.45,270.0,99920.0
1990-09-17 05:30:00+00:00,10.05,89.2,0.0,0.0,0.0,303.25,3.52,278.0,99960.0
1990-09-17 06:30:00+00:00,9.98,89.2,24.0,64.72,20.0,304.05,3.59,282.0,99980.0
1990-09-17 07:30:00+00:00,10.35,89.2,138.0,221.89,90.0,304.2,3.86,289.0,100070.0
1990-09-17 08:30:00+00:00,11.13,83.05,313.0,569.31,109.0,295.7,4.97,296.0,100090.0
1990-09-17 09:30:00+00:00,12.09,74.6,347.0,265.61,220.0,295.9,5.31,300.0,100120.0
1990-09-17 10:30:00+00:00,12.86,66.95,218.0,8.81,213.0,308.3,5.24,299.0,100130.0
1990-09-17 11:30:00+00:00,13.56,60.2,239.0,8.06,234.0,306.75,5.38,300.0,100130.0
1990-09-17 12:30:00+00:00,13.82,58.0,415.0,157.85,315.0,310.4,5.38,302.0,100170.0
1990-09-17 13:30:00+00:00,13.94,56.0,325.0,62.76,287.0,313.3,5.31,306.0,100190.0
1990-09-17 14:30:00+00:00,13.07,62.3,74.0,0.0,74.0,320.3,5.17,316.0,100210.0
1990-09-17 15:30:00+00:00,12.88,66.95,83.0,0.0,83.0,312.95,4.76,329.0,100250.0
1990-09-17 16:30:00+00:00,11.76,71.85,170.0,103.95,138.0,308.85,5.38,340.0,100340.0
1990-09-17 17:30:00+00:00,10.66,77.15,40.0,0.0,40.0,310.6,3.72,341.0,100410.0
1990-09-17 18:30:00+00:00,9.89,79.95,0.0,0.0,0.0,311.55,3.31,331.0,100470.0
1990-09-17 19:30:00+00:00,8.71,85.9,0.0,0.0,0.0,299.95,4.07,336.0,100610.0
1990-09-17 20:30:00+00:00,8.25,82.7,0.0,0.0,0.0,305.0,4.07,339.0,100680.0
1990-09-17 21:30:00+00:00,7.57,82.65,0.0,0.0,0.0,270.15,4.34,338.0,100740.0
1990-09-17 22:30:00+00:00,7.11,82.6,0.0,0.0,0.0,259.1,4.48,338.0,100840.0
1990-09-17 23:30:00+00:00,6.78,82.55,0.0,0.0,0.0,257.75,4.62,338.0,100870.0
1990-09-18 00:30:00+00:00,6.58,82.55,0.0,0.0,0.0,257.75,4.76,338.0,100940.0
1990-09-18 01:30:00+00:00,6.32,79.5,0.0,0.0,0.0,253.25,4.76,339.0,100980.0
1990-09-18 02:30:00+00:00,6.01,79.5,0.0,0.0,0.0,251.2,4.48,339.0,101020.0
1990-09-18 03:30:00+00:00,5.7,79.4,0.0,0.0,0.0,251.0,4.21,335.0,101060.0
1990-09-18 04:30:00+00:00,5.33,79.4,0.0,0.0,0.0,249.05,3.93,328.0,101160.0
1990-09-18 05:30:00+00:00,4.88,79.35,0.0,0.0,0.0,246.55,3.45,324.0,101240.0
1990-09-18 06:30:00+00:00,4.42,79.3,30.0,209.04,18.0,243.65,3.1,319.0,101320.0
1990-09-18 07:30:00+00:00,5.09,85.6,167.0,467.16,68.0,244.8,2.76,311.0,101420.0
1990-09-18 08:30:00+00:00,6.7,79.5,316.0,607.6,101.0,244.6,3.38,310.0,101470.0
1990-09-18 09:30:00+00:00,8.31,68.6,454.0,713.8,116.0,248.1,3.59,308.0,101540.0
1990-09-18 10:30:00+00:00,9.74,57.05,570.0,806.7,116.0,250.6,4.07,308.0,101560.0
1990-09-18 11:30:00+00:00,10.85,49.2,630.0,823.65,123.0,255.05,4.21,306.0,101550.0
1990-09-18 12:30:00+00:00,11.71,45.8,632.0,778.37,143.0,268.8,4.28,300.0,101540.0
1990-09-18 13:30:00+00:00,12.59,41.1,609.0,806.73,125.0,274.2,5.03,299.0,101530.0
1990-09-18 14:30:00+00:00,12.88,42.7,452.0,446.82,214.0,288.75,5.17,295.0,101510.0
1990-09-18 15:30:00+00:00,12.78,44.35,394.0,614.98,129.0,315.65,5.03,289.0,101480.0
1990-09-18 16:30:00+00:00,12.49,47.85,172.0,116.03,137.0,337.3,4.83,285.0,101480.0
1990-09-18 17:30:00+00:00,11.97,51.5,64.0,39.04,58.0,336.55,3.93,280.0,101480.0
1990-09-18 18:30:00+00:00,11.46,53.35,0.0,0.0,0.0,336.95,3.38,270.0,101480.0
1990-09-18 19:30:00+00:00,10.79,59.5,0.0,0.0,0.0,322.05,3.45,258.0,101440.0
1990-09-18 20:30:00+00:00,10.02,64.0,0.0,0.0,0.0,300.35,3.86,251.0,101410.0
1990-09-18 21:30:00+00:00,9.28,68.8,0.0,0.0,0.0,285.05,4.21,244.0,101380.0
1990-09-18 22:30:00+00:00,8.83,71.35,0.0,0.0,0.0,285.85,4.41,234.0,101340.0
1990-09-18 23:30:00+00:00,8.83,71.35,0.0,0.0,0.0,303.25,4.55,231.0,101280.0
1990-09-19 00:30:00+00:00,8.61,74.05,0.0,0.0,0.0,305.2,4.76,227.0,101210.0
1990-09-19 01:30:00+00:00,8.35,76.85,0.0,0.0,0.0,292.9,4.76,226.0,101160.0
1990-09-19 02:30:00+00:00,8.38,79.75,0.0,0.0,0.0,292.05,4.83,223.0,101100.0
1990-09-19 03:30:00+00:00,8.61,82.75,0.0,0.0,0.0,294.75,5.03,223.0,101000.0
1990-09-19 04:30:00+00:00,9.25,82.85,0.0,0.0,0.0,315.65,5.24,226.0,100960.0
1990-09-19 05:30:00+00:00,9.5,82.9,0.0,0.0,0.0,303.85,5.31,228.0,100910.0
1990-09-19 06:30:00+00:00,9.69,85.95,20.0,75.48,16.0,293.75,5.38,229.0,100890.0
1990-09-19 07:30:00+00:00,10.88,83.05,159.0,453.03,65.0,293.75,5.52,227.0,100800.0
1990-09-19 08:30:00+00:00,12.31,83.15,215.0,163.16,158.0,305.75,5.38,224.0,100810.0
1990-09-19 09:30:00+00:00,13.45,77.6,135.0,0.0,135.0,318.55,6.14,224.0,100780.0
1990-09-19 10:30:00+00:00,15.12,72.45,184.0,1.79,183.0,336.15,8.76,241.0,100780.0
1990-09-19 11:30:00+00:00,16.01,70.1,212.0,3.28,210.0,338.1,8.14,240.0,100730.0
1990-09-19 12:30:00+00:00,16.63,67.75,163.0,0.0,163.0,347.55,8.48,244.0,100740.0
1990-09-19 13:30:00+00:00,16.18,72.65,271.0,26.92,255.0,377.4,6.41,238.0,100710.0
1990-09-19 14:30:00+00:00,16.69,67.75,245.0,34.17,227.0,365.75,7.31,240.0,100690.0
1990-09-19 15:30:00+00:00,16.7,67.75,91.0,0.0,91.0,354.75,6.97,242.0,100660.0
1990-09-19 16:30:00+00:00,15.97,72.65,47.0,0.0,47.0,370.0,6.0,236.0,100620.0
1990-09-19 17:30:00+00:00,15.14,77.8,21.0,0.0,21.0,365.0,6.07,234.0,100580.0
1990-09-19 18:30:00+00:00,14.56,80.55,0.0,0.0,0.0,358.6,6.14,231.0,100570.0
1990-09-19 19:30:00+00:00,14.25,86.4,0.0,0.0,0.0,355.7,6.07,227.0,100510.0
1990-09-19 20:30:00+00:00,14.29,86.4,0.0,0.0,0.0,354.15,6.34,226.0,100490.0
1990-09-19 21:30:00+00:00,14.39,86.4,0.0,0.0,0.0,353.0,6.62,228.0,100480.0
1990-09-19 22:30:00+00:00,14.58,86.45,0.0,0.0,0.0,359.4,6.41,230.0,100460.0
1990-09-19 23:30:00+00:00,14.35,89.5,0.0,0.0,0.0,348.55,6.21,228.0,100450.0
1990-09-20 00:30:00+00:00,14.45,89.5,0.0,0.0,0.0,371.95,6.48,227.0,100410.0
1990-09-20 01:30:00+00:00,14.69,92.7,0.0,0.0,0.0,373.25,6.83,231.0,100400.0
1990-09-20 02:30:00+00:00,15.03,89.55,0.0,0.0,0.0,374.85,7.17,234.0,100360.0
1990-09-20 03:30:00+00:00,15.06,89.55,0.0,0.0,0.0,373.9,6.97,235.0,100330.0
1990-09-20 04:30:00+00:00,14.93,86.5,0.0,0.0,0.0,378.15,6.41,230.0,100320.0
1990-09-20 05:30:00+00:00,14.63,89.5,0.0,0.0,0.0,377.4,6.21,226.0,100290.0
1990-09-20 06:30:00+00:00,14.35,92.7,12.0,20.59,11.0,350.65,5.93,232.0,100310.0
1990-09-20 07:30:00+00:00,14.8,92.7,107.0,108.35,85.0,376.6,4.9,240.0,100380.0
1990-09-20 08:30:00+00:00,15.07,89.55,137.0,20.3,130.0,366.15,4.62,238.0,100410.0
1990-09-20 09:30:00+00:00,15.73,86.5,305.0,187.42,218.0,349.3,5.59,240.0,100430.0
1990-09-20 10:30:00+00:00,16.46,78.0,426.0,329.07,244.0,329.55,5.72,243.0,100450.0
1990-09-20 11:30:00+00:00,17.17,75.3,286.0,33.04,266.0,341.2,6.34,244.0,100440.0
1990-09-20 12:30:00+00:00,18.04,65.55,451.0,257.47,292.0,330.15,7.17,245.0,100450.0
1990-09-20 13:30:00+00:00,18.44,63.3,376.0,149.47,288.0,338.3,7.1,246.0,100440.0
1990-09-20 14:30:00+00:00,18.37,61.05,351.0,197.71,248.0,344.85,6.83,246.0,100430.0
1990-09-20 15:30:00+00:00,18.38,58.9,355.0,501.44,145.0,333.65,6.62,245.0,100430.0
1990-09-20 16:30:00+00:00,17.95,56.85,220.0,380.35,110.0,332.3,6.07,245.0,100430.0
1990-09-20 17:30:00+00:00,17.06,60.85,89.0,241.09,55.0,321.85,5.1,239.0,100420.0
1990-09-20 18:30:00+00:00,15.86,62.85,0.0,0.0,0.0,309.05,4.83,236.0,100470.0
1990-09-20 19:30:00+00:00,15.5,62.85,0.0,0.0,0.0,344.65,5.03,232.0,100550.0
1990-09-20 20:30:00+00:00,14.47,64.95,0.0,0.0,0.0,311.4,4.97,228.0,100570.0
1990-09-20 21:30:00+00:00,13.64,72.2,0.0,0.0,0.0,299.95,4.83,223.0,100590.0
1990-09-20 22:30:00+00:00,13.24,77.5,0.0,0.0,0.0,307.9,4.69,216.0,100580.0
1990-09-20 23:30:00+00:00,13.47,80.4,0.0,0.0,0.0,335.75,4.9,213.0,100550.0
1990-09-21 00:30:00+00:00,13.49,89.45,0.0,0.0,0.0,316.2,5.03,216.0,100560.0
1990-09-21 01:30:00+00:00,14.3,92.7,0.0,0.0,0.0,351.55,5.17,221.0,100540.0
1990-09-21 02:30:00+00:00,14.78,89.5,0.0,0.0,0.0,358.4,5.17,223.0,100520.0
1990-09-21 03:30:00+00:00,15.18,89.55,0.0,0.0,0.0,377.55,5.17,223.0,100480.0
1990-09-21 04:30:00+00:00,15.13,89.55,0.0,0.0,0.0,371.2,5.1,217.0,100470.0
1990-09-21 05:30:00+00:00,15.22,89.55,0.0,0.0,0.0,376.6,5.86,214.0,100470.0
1990-09-21 06:30:00+00:00,15.1,86.5,2.0,0.0,2.0,374.1,6.28,213.0,100440.0
1990-09-21 07:30:00+00:00,14.84,86.45,56.0,5.04,55.0,363.65,6.9,209.0,100390.0
1990-09-21 08:30:00+00:00,15.08,83.5,188.0,105.8,152.0,362.85,6.9,207.0,100370.0
1990-09-21 09:30:00+00:00,15.55,77.85,128.0,0.0,128.0,347.95,8.41,209.0,100340.0
1990-09-21 10:30:00+00:00,16.41,72.65,108.0,0.0,108.0,344.1,10.14,213.0,100310.0
1990-09-21 11:30:00+00:00,17.35,67.75,209.0,3.33,207.0,366.75,10.62,216.0,100290.0
1990-09-21 12:30:00+00:00,18.07,67.95,314.0,55.54,280.0,368.3,10.48,220.0,100290.0
1990-09-21 13:30:00+00:00,18.03,70.35,288.0,46.3,261.0,378.75,9.17,220.0,100270.0
1990-09-21 14:30:00+00:00,17.76,78.1,166.0,1.94,165.0,387.25,8.34,224.0,100270.0
1990-09-21 15:30:00+00:00,17.27,83.65,166.0,16.96,159.0,387.85,6.34,233.0,100300.0
1990-09-21 16:30:00+00:00,16.87,83.65,135.0,60.08,118.0,389.4,4.9,232.0,100360.0
1990-09-21 17:30:00+00:00,16.54,83.65,81.0,222.76,51.0,387.25,4.07,235.0,100390.0
1990-09-21 18:30:00+00:00,16.15,86.55,0.0,0.0,0.0,384.95,3.38,234.0,100450.0
1990-09-21 19:30:00+00:00,15.15,89.55,0.0,0.0,0.0,356.5,2.48,262.0,100610.0
1990-09-21 20:30:00+00:00,14.52,92.7,0.0,0.0,0.0,358.4,2.0,281.0,100680.0
1990-09-21 21:30:00+00:00,14.07,92.7,0.0,0.0,0.0,361.5,1.66,292.0,100750.0
1990-09-21 22:30:00+00:00,13.59,92.65,0.0,0.0,0.0,357.05,1.38,293.0,100760.0
1990-09-21 23:30:00+00:00,13.39,92.65,0.0,0.0,0.0,363.45,1.17,292.0,100840.0
1990-09-22 00:30:00+00:00,12.93,92.65,0.0,0.0,0.0,352.0,0.97,284.0,100860.0
1990-09-22 01:30:00+00:00,12.46,95.95,0.0,0.0,0.0,337.25,0.9,291.0,100920.0
1990-09-22 02:30:00+00:00,11.44,99.4,0.0,0.0,0.0,341.95,1.1,309.0,100940.0
1990-09-22 03:30:00+00:00,10.33,100.0,0.0,0.0,0.0,326.5,1.03,314.0,100940.0
1990-09-22 04:30:00+00:00,10.03,99.4,0.0,0.0,0.0,333.65,0.76,313.0,100950.0
1990-09-22 05:30:00+00:00,9.59,99.4,0.0,0.0,0.0,332.85,0.69,305.0,100970.0
1990-09-22 06:30:00+00:00,9.54,99.4,7.0,0.0,7.0,351.25,0.69,298.0,101010.0
1990-09-22 07:30:00+00:00,9.75,99.4,114.0,170.02,81.0,356.3,0.41,282.0,101100.0
1990-09-22 08:30:00+00:00,10.6,99.4,162.0,53.63,144.0,359.4,0.41,197.0,101140.0
1990-09-22 09:30:00+00:00,12.03,99.4,99.0,0.0,99.0,361.9,1.03,170.0,101180.0
1990-09-22 10:30:00+00:00,14.22,83.4,454.0,438.13,216.0,366.55,2.28,170.0,101190.0
1990-09-22 11:30:00+00:00,16.46,70.2,525.0,515.92,218.0,327.25,3.24,186.0,101170.0
1990-09-22 12:30:00+00:00,17.66,67.85,405.0,174.71,299.0,347.2,3.79,201.0,101140.0
1990-09-22 13:30:00+00:00,18.42,67.95,299.0,55.42,267.0,369.85,3.86,212.0,101090.0
1990-09-22 14:30:00+00:00,18.2,70.35,194.0,7.86,190.0,381.25,3.66,216.0,101050.0
1990-09-22 15:30:00+00:00,18.3,70.35,217.0,76.24,186.0,372.95,4.0,216.0,101010.0
1990-09-22 16:30:00+00:00,18.35,70.35,117.0,28.91,109.0,367.5,3.79,211.0,100990.0
1990-09-22 17:30:00+00:00,18.09,70.35,60.0,77.93,50.0,369.05,3.93,203.0,100960.0
1990-09-22 18:30:00+00:00,17.3,72.7,0.0,0.0,0.0,355.5,4.28,200.0,100950.0
1990-09-22 19:30:00+00:00,16.25,77.95,0.0,0.0,0.0,336.55,4.07,206.0,100970.0
1990-09-22 20:30:00+00:00,15.49,80.65,0.0,0.0,0.0,323.0,4.14,205.0,100970.0
1990-09-22 21:30:00+00:00,14.81,86.45,0.0,0.0,0.0,314.65,4.14,207.0,100970.0
1990-09-22 22:30:00+00:00,14.17,89.5,0.0,0.0,0.0,307.1,4.14,207.0,100970.0
1990-09-22 23:30:00+00:00,13.84,92.65,0.0,0.0,0.0,317.4,4.21,205.0,100960.0
1990-09-23 00:30:00+00:00,13.6,92.65,0.0,0.0,0.0,324.95,4.34,203.0,100940.0
1990-09-23 01:30:00+00:00,13.26,95.95,0.0,0.0,0.0,327.75,4.55,199.0,100880.0
1990-09-23 02:30:00+00:00,12.8,95.95,0.0,0.0,0.0,321.65,4.83,197.0,100790.0
1990-09-23 03:30:00+00:00,12.5,95.95,0.0,0.0,0.0,326.5,5.1,200.0,100730.0
1990-09-23 04:30:00+00:00,12.49,92.6,0.0,0.0,0.0,339.85,5.38,203.0,100710.0
1990-09-23 05:30:00+00:00,12.46,92.6,0.0,0.0,0.0,342.95,5.52,203.0,100670.0
1990-09-23 06:30:00+00:00,12.69,92.6,9.0,0.0,9.0,354.75,5.72,202.0,100670.0
1990-09-23 07:30:00+00:00,13.58,89.45,145.0,448.36,60.0,358.4,5.59,200.0,100660.0
1990-09-23 08:30:00+00:00,14.31,86.4,217.0,211.45,147.0,356.5,6.76,200.0,100640.0
1990-09-23 09:30:00+00:00,15.62,77.85,283.0,157.79,212.0,350.85,8.07,207.0,100630.0
1990-09-23 10:30:00+00:00,16.76,75.3,148.0,0.0,148.0,357.85,7.31,207.0,100610.0
1990-09-23 11:30:00+00:00,17.6,72.8,232.0,10.17,226.0,364.4,8.0,208.0,100590.0
1990-09-23 12:30:00+00:00,17.68,75.4,202.0,1.66,201.0,381.05,7.93,205.0,100560.0
1990-09-23 13:30:00+00:00,17.86,75.4,221.0,8.75,216.0,389.95,8.14,203.0,100510.0
1990-09-23 14:30:00+00:00,17.66,78.1,79.0,0.0,79.0,390.15,7.72,201.0,100440.0
1990-09-23 15:30:00+00:00,17.66,78.1,175.0,27.47,164.0,392.1,7.17,199.0,100390.0
1990-09-23 16:30:00+00:00,17.56,80.85,64.0,0.0,64.0,393.65,6.97,197.0,100350.0
1990-09-23 17:30:00+00:00,17.22,83.65,58.0,90.2,47.0,391.9,6.48,194.0,100290.0
1990-09-23 18:30:00+00:00,16.93,83.65,0.0,0.0,0.0,392.45,6.48,192.0,100240.0
1990-09-23 19:30:00+00:00,16.23,86.55,0.0,0.0,0.0,389.95,5.93,188.0,100210.0
1990-09-23 20:30:00+00:00,16.04,86.55,0.0,0.0,0.0,390.55,5.66,189.0,100150.0
1990-09-23 21:30:00+00:00,15.98,89.65,0.0,0.0,0.0,390.55,5.52,191.0,100090.0
1990-09-23 22:30:00+00:00,15.99,89.65,0.0,0.0,0.0,391.7,5.72,191.0,100010.0
1990-09-23 23:30:00+00:00,16.0,89.65,0.0,0.0,0.0,391.1,6.07,192.0,99890.0
1990-09-24 00:30:00+00:00,16.08,89.65,0.0,0.0,0.0,387.05,6.21,190.0,99790.0
1990-09-24 01:30:00+00:00,16.37,92.8,0.0,0.0,0.0,389.1,6.9,187.0,99670.0
1990-09-24 02:30:00+00:00,16.32,92.8,0.0,0.0,0.0,392.3,7.24,190.0,99540.0
1990-09-24 03:30:00+00:00,15.98,89.65,0.0,0.0,0.0,379.7,6.76,188.0,99360.0
1990-09-24 04:30:00+00:00,15.75,92.75,0.0,0.0,0.0,380.85,7.1,187.0,99210.0
1990-09-24 05:30:00+00:00,15.55,92.75,0.0,0.0,0.0,374.65,6.97,182.0,99020.0
1990-09-24 06:30:00+00:00,15.82,92.75,8.0,0.0,8.0,388.4,8.76,186.0,98870.0
1990-09-24 07:30:00+00:00,13.02,86.3,39.0,0.0,39.0,370.8,7.38,264.0,99060.0
1990-09-24 08:30:00+00:00,11.35,89.3,99.0,3.06,98.0,357.05,6.83,268.0,99240.0
1990-09-24 09:30:00+00:00,10.42,86.05,432.0,761.53,93.0,341.0,6.28,256.0,99340.0
1990-09-24 10:30:00+00:00,10.72,80.05,504.0,690.15,136.0,315.85,6.55,244.0,99440.0
1990-09-24 11:30:00+00:00,12.92,60.05,301.0,54.74,269.0,294.15,8.9,245.0,99430.0
1990-09-24 12:30:00+00:00,13.45,55.9,209.0,3.36,207.0,312.75,10.21,246.0,99490.0
1990-09-24 13:30:00+00:00,13.27,62.3,164.0,0.0,164.0,324.95,9.72,248.0,99550.0
1990-09-24 14:30:00+00:00,14.31,58.1,337.0,205.12,235.0,318.95,10.69,252.0,99600.0
1990-09-24 15:30:00+00:00,14.36,60.3,114.0,0.0,114.0,331.3,8.55,242.0,99630.0
1990-09-24 16:30:00+00:00,14.27,60.3,169.0,208.23,114.0,325.5,7.86,241.0,99690.0
1990-09-24 17:30:00+00:00,13.78,62.45,74.0,276.84,42.0,329.95,7.38,243.0,99720.0
1990-09-24 18:30:00+00:00,12.96,62.3,0.0,0.0,0.0,299.0,6.62,242.0,99790.0
1990-09-24 19:30:00+00:00,12.32,69.35,0.0,0.0,0.0,301.5,5.79,241.0,99880.0
1990-09-24 20:30:00+00:00,11.96,69.35,0.0,0.0,0.0,308.85,5.59,240.0,99910.0
1990-09-24 21:30:00+00:00,11.63,74.55,0.0,0.0,0.0,307.7,5.45,241.0,99960.0
1990-09-24 22:30:00+00:00,11.24,77.2,0.0,0.0,0.0,297.85,5.31,242.0,99980.0
1990-09-24 23:30:00+00:00,10.98,77.2,0.0,0.0,0.0,299.4,5.24,245.0,100000.0
1990-09-25 00:30:00+00:00,10.64,80.05,0.0,0.0,0.0,293.4,5.1,248.0,100030.0
1990-09-25 01:30:00+00:00,10.43,80.05,0.0,0.0,0.0,296.2,4.9,249.0,100040.0
1990-09-25 02:30:00+00:00,10.24,82.95,0.0,0.0,0.0,300.55,4.69,250.0,100040.0
1990-09-25 03:30:00+00:00,10.03,82.95,0.0,0.0,0.0,301.1,4.48,251.0,100050.0
1990-09-25 04:30:00+00:00,9.83,85.95,0.0,0.0,0.0,300.95,4.34,251.0,100040.0
1990-09-25 05:30:00+00:00,9.66,85.95,0.0,0.0,0.0,299.75,4.21,252.0,100050.0
1990-09-25 06:30:00+00:00,9.41,85.95,5.0,0.0,5.0,293.95,4.0,251.0,100090.0
1990-09-25 07:30:00+00:00,10.04,89.2,115.0,232.69,73.0,305.4,4.28,255.0,100110.0
1990-09-25 08:30:00+00:00,10.94,83.05,181.0,111.89,145.0,308.65,4.0,255.0,100130.0
1990-09-25 09:30:00+00:00,12.14,80.2,231.0,68.13,201.0,341.55,5.52,277.0,100180.0
1990-09-25 10:30:00+00:00,13.29,72.1,467.0,530.13,187.0,334.6,5.03,298.0,100220.0
1990-09-25 11:30:00+00:00,14.12,67.25,284.0,39.7,261.0,314.5,4.62,319.0,100270.0
1990-09-25 12:30:00+00:00,14.85,67.35,398.0,181.29,291.0,327.45,4.21,332.0,100330.0
1990-09-25 13:30:00+00:00,15.42,62.85,441.0,339.16,251.0,322.8,4.21,338.0,100400.0
1990-09-25 14:30:00+00:00,15.64,62.85,138.0,0.0,138.0,316.8,4.41,338.0,100460.0
1990-09-25 15:30:00+00:00,15.06,62.75,237.0,139.12,183.0,308.65,4.48,331.0,100480.0
1990-09-25 16:30:00+00:00,14.71,60.4,99.0,15.51,95.0,310.6,4.69,326.0,100560.0
1990-09-25 17:30:00+00:00,13.28,67.05,43.0,36.62,39.0,295.7,4.48,330.0,100650.0
1990-09-25 18:30:00+00:00,12.03,71.95,0.0,0.0,0.0,300.55,3.79,336.0,100750.0
1990-09-25 19:30:00+00:00,10.92,80.1,0.0,0.0,0.0,316.8,2.55,336.0,100870.0
1990-09-25 20:30:00+00:00,10.53,83.0,0.0,0.0,0.0,331.1,2.62,330.0,100950.0
1990-09-25 21:30:00+00:00,9.86,86.0,0.0,0.0,0.0,315.05,2.83,324.0,101040.0
1990-09-25 22:30:00+00:00,9.35,85.95,0.0,0.0,0.0,303.25,2.76,324.0,101090.0
1990-09-25 23:30:00+00:00,9.01,85.95,0.0,0.0,0.0,299.0,2.9,330.0,101140.0
1990-09-26 00:30:00+00:00,8.48,82.75,0.0,0.0,0.0,283.1,3.17,340.0,101170.0
1990-09-26 01:30:00+00:00,8.05,82.7,0.0,0.0,0.0,280.5,3.45,342.0,101210.0
1990-09-26 02:30:00+00:00,7.75,85.8,0.0,0.0,0.0,281.75,3.59,342.0,101240.0
1990-09-26 03:30:00+00:00,7.55,85.8,0.0,0.0,0.0,287.0,3.72,342.0,101220.0
1990-09-26 04:30:00+00:00,7.46,82.65,0.0,0.0,0.0,294.15,3.93,342.0,101260.0
1990-09-26 05:30:00+00:00,7.15,82.6,0.0,0.0,0.0,287.95,3.93,342.0,101300.0
1990-09-26 06:30:00+00:00,6.69,82.55,0.0,0.0,0.0,281.2,3.86,344.0,101340.0
1990-09-26 07:30:00+00:00,6.81,85.7,102.0,164.84,73.0,281.75,3.59,340.0,101400.0
1990-09-26 08:30:00+00:00,7.49,76.7,214.0,223.94,143.0,259.3,4.07,343.0,101420.0
1990-09-26 09:30:00+00:00,8.23,68.6,349.0,381.21,183.0,257.0,5.59,353.0,101430.0
1990-09-26 10:30:00+00:00,9.11,61.45,487.0,611.74,167.0,255.85,6.76,1.0,101430.0
1990-09-26 11:30:00+00:00,9.81,57.05,446.0,308.37,269.0,280.05,7.24,5.0,101450.0
1990-09-26 12:30:00+00:00,10.36,52.95,415.0,215.51,289.0,287.95,7.66,6.0,101460.0
1990-09-26 13:30:00+00:00,10.85,47.35,464.0,409.44,237.0,278.3,8.14,6.0,101460.0
1990-09-26 14:30:00+00:00,10.97,47.45,429.0,519.3,177.0,302.65,8.14,4.0,101460.0
1990-09-26 15:30:00+00:00,10.72,49.2,171.0,28.8,160.0,313.1,8.21,6.0,101490.0
1990-09-26 16:30:00+00:00,10.5,53.1,227.0,636.09,67.0,314.85,7.38,5.0,101490.0
1990-09-26 17:30:00+00:00,10.15,55.05,69.0,320.81,36.0,323.4,6.76,4.0,101520.0
1990-09-26 18:30:00+00:00,9.73,57.05,0.0,0.0,0.0,320.5,6.41,3.0,101560.0
1990-09-26 19:30:00+00:00,8.26,63.6,0.0,0.0,0.0,290.3,6.34,356.0,101620.0
1990-09-26 20:30:00+00:00,7.72,65.95,0.0,0.0,0.0,274.6,6.28,357.0,101650.0
1990-09-26 21:30:00+00:00,7.1,68.4,0.0,0.0,0.0,256.4,6.21,357.0,101650.0
1990-09-26 22:30:00+00:00,6.76,73.7,0.0,0.0,0.0,262.6,6.07,358.0,101630.0
1990-09-26 23:30:00+00:00,6.48,73.7,0.0,0.0,0.0,258.55,5.93,357.0,101620.0
1990-09-27 00:30:00+00:00,6.25,76.55,0.0,0.0,0.0,251.75,5.59,358.0,101590.0
1990-09-27 01:30:00+00:00,6.19,76.55,0.0,0.0,0.0,255.0,5.38,358.0,101570.0
1990-09-27 02:30:00+00:00,6.12,76.55,0.0,0.0,0.0,253.7,5.1,356.0,101570.0
1990-09-27 03:30:00+00:00,6.25,79.5,0.0,0.0,0.0,267.05,5.1,355.0,101550.0
1990-09-27 04:30:00+00:00,6.37,79.5,0.0,0.0,0.0,270.15,5.03,355.0,101550.0
1990-09-27 05:30:00+00:00,6.71,79.5,0.0,0.0,0.0,287.6,5.17,357.0,101530.0
1990-09-27 06:30:00+00:00,6.75,82.55,0.0,0.0,0.0,274.2,5.1,359.0,101540.0
1990-09-27 07:30:00+00:00,6.89,79.55,103.0,186.76,71.0,279.85,5.24,356.0,101540.0
1990-09-27 08:30:00+00:00,8.03,76.8,160.0,70.44,138.0,271.5,5.03,354.0,101530.0
1990-09-27 09:30:00+00:00,9.35,68.9,130.0,0.0,130.0,266.3,5.93,359.0,101500.0
1990-09-27 10:30:00+00:00,10.91,61.85,372.0,237.46,249.0,271.9,7.45,12.0,101470.0
1990-09-27 11:30:00+00:00,11.83,59.7,341.0,107.27,280.0,302.65,7.59,17.0,101450.0
1990-09-27 12:30:00+00:00,11.98,59.85,333.0,88.07,282.0,347.2,7.31,16.0,101420.0
1990-09-27 13:30:00+00:00,11.98,62.1,494.0,539.56,198.0,339.05,7.72,15.0,101390.0
1990-09-27 14:30:00+00:00,11.93,62.1,345.0,244.13,228.0,345.45,7.52,13.0,101340.0
1990-09-27 15:30:00+00:00,11.78,69.25,193.0,61.21,170.0,347.0,7.17,14.0,101310.0
1990-09-27 16:30:00+00:00,11.38,71.85,152.0,175.34,109.0,337.7,5.86,11.0,101280.0
1990-09-27 17:30:00+00:00,11.01,77.2,38.0,41.45,34.0,327.65,6.14,13.0,101250.0
1990-09-27 18:30:00+00:00,10.46,80.05,0.0,0.0,0.0,326.65,5.17,14.0,101240.0
1990-09-27 19:30:00+00:00,10.04,86.0,0.0,0.0,0.0,310.2,5.03,18.0,101240.0
1990-09-27 20:30:00+00:00,9.82,89.15,0.0,0.0,0.0,312.55,4.97,15.0,101230.0
1990-09-27 21:30:00+00:00,9.47,85.95,0.0,0.0,0.0,299.0,4.9,11.0,101210.0
1990-09-27 22:30:00+00:00,9.28,89.1,0.0,0.0,0.0,297.05,4.76,11.0,101190.0
1990-09-27 23:30:00+00:00,9.29,85.95,0.0,0.0,0.0,305.2,4.69,9.0,101150.0
1990-09-28 00:30:00+00:00,9.22,89.1,0.0,0.0,0.0,301.7,4.55,7.0,101090.0
1990-09-28 01:30:00+00:00,9.3,89.1,0.0,0.0,0.0,308.2,4.62,6.0,101050.0
1990-09-28 02:30:00+00:00,9.37,89.15,0.0,0.0,0.0,306.55,4.69,7.0,100990.0
1990-09-28 03:30:00+00:00,9.6,89.15,0.0,0.0,0.0,318.15,4.83,9.0,100940.0
1990-09-28 04:30:00+00:00,9.61,89.15,0.0,0.0,0.0,312.95,4.97,13.0,100930.0
1990-09-28 05:30:00+00:00,9.64,89.15,0.0,0.0,0.0,311.75,4.97,15.0,100880.0
1990-09-28 06:30:00+00:00,9.8,92.45,0.0,0.0,0.0,319.1,5.1,14.0,100860.0
1990-09-28 07:30:00+00:00,10.12,89.2,61.0,23.99,57.0,332.5,5.66,14.0,100840.0
1990-09-28 08:30:00+00:00,10.87,83.05,140.0,42.26,127.0,331.7,7.38,17.0,100830.0
1990-09-28 09:30:00+00:00,11.84,80.15,192.0,30.54,179.0,346.0,7.72,21.0,100790.0
1990-09-28 10:30:00+00:00,12.94,69.55,131.0,0.0,131.0,334.8,8.0,27.0,100780.0
1990-09-28 11:30:00+00:00,13.24,72.1,198.0,3.55,196.0,345.25,6.83,26.0,100740.0
1990-09-28 12:30:00+00:00,13.83,67.15,101.0,0.0,101.0,338.3,7.72,31.0,100680.0
1990-09-28 13:30:00+00:00,13.87,67.15,260.0,36.85,240.0,348.75,7.1,30.0,100630.0
1990-09-28 14:30:00+00:00,13.18,74.75,73.0,0.0,73.0,356.65,5.03,21.0,100570.0
1990-09-28 15:30:00+00:00,12.62,77.45,120.0,2.71,119.0,359.0,5.52,17.0,100550.0
1990-09-28 16:30:00+00:00,12.29,83.15,102.0,33.48,94.0,359.75,5.79,15.0,100510.0
1990-09-28 17:30:00+00:00,12.1,83.15,5.0,0.0,5.0,362.5,5.72,15.0,100490.0
1990-09-28 18:30:00+00:00,11.99,86.2,0.0,0.0,0.0,365.0,5.52,18.0,100490.0
1990-09-28 19:30:00+00:00,11.86,89.3,0.0,0.0,0.0,365.4,5.45,22.0,100550.0
1990-09-28 20:30:00+00:00,11.79,92.55,0.0,0.0,0.0,365.75,5.24,23.0,100540.0
1990-09-28 21:30:00+00:00,11.78,92.55,0.0,0.0,0.0,365.95,4.97,24.0,100540.0
1990-09-28 22:30:00+00:00,11.76,92.55,0.0,0.0,0.0,365.75,4.76,22.0,100520.0
1990-09-28 23:30:00+00:00,11.74,92.55,0.0,0.0,0.0,365.75,4.62,22.0,100530.0
1990-09-29 00:30:00+00:00,11.71,92.55,0.0,0.0,0.0,363.45,4.48,23.0,100510.0
1990-09-29 01:30:00+00:00,11.74,92.55,0.0,0.0,0.0,365.1,4.34,26.0,100500.0
1990-09-29 02:30:00+00:00,11.8,92.55,0.0,0.0,0.0,366.15,4.21,31.0,100500.0
1990-09-29 03:30:00+00:00,11.79,92.55,0.0,0.0,0.0,362.85,4.07,32.0,100490.0
1990-09-29 04:30:00+00:00,11.55,92.55,0.0,0.0,0.0,349.9,3.79,32.0,100490.0
1990-09-29 05:30:00+00:00,11.21,95.9,0.0,0.0,0.0,339.25,3.66,29.0,100490.0
1990-09-29 06:30:00+00:00,10.88,92.55,0.0,0.0,0.0,334.6,3.59,27.0,100520.0
1990-09-29 07:30:00+00:00,11.42,92.55,71.0,55.52,62.0,357.25,4.07,32.0,100580.0
1990-09-29 08:30:00+00:00,12.0,86.2,89.0,0.0,89.0,356.5,4.69,38.0,100610.0
1990-09-29 09:30:00+00:00,12.7,83.25,268.0,166.39,198.0,342.95,4.34,39.0,100650.0
1990-09-29 10:30:00+00:00,13.59,74.85,180.0,3.94,178.0,329.4,4.14,39.0,100650.0
1990-09-29 11:30:00+00:00,14.47,67.35,334.0,111.14,272.0,324.55,3.93,40.0,100640.0
1990-09-29 12:30:00+00:00,15.15,65.05,353.0,130.32,279.0,357.65,4.28,43.0,100630.0
1990-09-29 13:30:00+00:00,14.94,65.05,542.0,810.2,107.0,353.55,4.34,45.0,100670.0
1990-09-29 14:30:00+00:00,14.71,67.35,445.0,708.52,114.0,359.4,3.79,43.0,100690.0
1990-09-29 15:30:00+00:00,14.65,67.35,153.0,22.01,145.0,349.3,3.45,38.0,100710.0
1990-09-29 16:30:00+00:00,14.23,69.75,185.0,459.93,78.0,341.2,3.38,35.0,100760.0
1990-09-29 17:30:00+00:00,13.34,72.1,34.0,47.71,30.0,325.7,3.03,31.0,100790.0
1990-09-29 18:30:00+00:00,12.23,74.6,0.0,0.0,0.0,326.5,2.83,31.0,100850.0
1990-09-29 19:30:00+00:00,10.82,74.4,0.0,0.0,0.0,310.4,2.48,26.0,100910.0
1990-09-29 20:30:00+00:00,9.84,77.0,0.0,0.0,0.0,296.65,2.28,24.0,100950.0
1990-09-29 21:30:00+00:00,8.92,79.85,0.0,0.0,0.0,284.1,2.14,19.0,100970.0
1990-09-29 22:30:00+00:00,8.18,82.7,0.0,0.0,0.0,281.95,2.0,15.0,100990.0
1990-09-29 23:30:00+00:00,7.33,89.0,0.0,0.0,0.0,274.05,1.86,16.0,101020.0
1990-09-30 00:30:00+00:00,6.64,92.3,0.0,0.0,0.0,281.75,1.45,11.0,101050.0
1990-09-30 01:30:00+00:00,6.6,88.95,0.0,0.0,0.0,278.6,1.17,0.0,101090.0
1990-09-30 02:30:00+00:00,6.21,88.95,0.0,0.0,0.0,280.4,1.17,357.0,101080.0
1990-09-30 03:30:00+00:00,5.2,92.25,0.0,0.0,0.0,273.85,1.52,3.0,101090.0
1990-09-30 04:30:00+00:00,4.54,92.25,0.0,0.0,0.0,267.65,1.86,14.0,101140.0
1990-09-30 05:30:00+00:00,4.37,92.25,0.0,0.0,0.0,271.1,1.93,26.0,101150.0
1990-09-30 06:30:00+00:00,4.15,95.75,0.0,0.0,0.0,270.35,1.79,36.0,101190.0
1990-09-30 07:30:00+00:00,5.04,92.25,103.0,273.06,60.0,275.2,1.1,46.0,101290.0
1990-09-30 08:30:00+00:00,7.64,92.35,229.0,379.14,116.0,283.1,0.97,73.0,101330.0
1990-09-30 09:30:00+00:00,9.2,85.95,276.0,194.84,195.0,295.5,1.38,96.0,101370.0
1990-09-30 10:30:00+00:00,10.53,77.15,293.0,103.48,241.0,306.75,1.66,119.0,101400.0
1990-09-30 11:30:00+00:00,11.76,69.25,337.0,121.28,270.0,306.15,1.72,127.0,101390.0
1990-09-30 12:30:00+00:00,12.63,64.55,478.0,448.25,226.0,309.65,1.66,117.0,101390.0
1990-09-30 13:30:00+00:00,13.21,62.3,491.0,612.02,166.0,317.4,1.66,112.0,101400.0
1990-09-30 14:30:00+00:00,13.55,60.2,293.0,153.98,222.0,325.7,1.79,113.0,101400.0
1990-09-30 15:30:00+00:00,13.75,60.2,196.0,89.59,164.0,322.4,2.0,110.0,101400.0
1990-09-30 16:30:00+00:00,11.8,74.59,93.0,26.51,87.0,309.4,1.57,106.0,101400.0
1990-09-30 17:30:00+00:00,11.68,75.36,29.0,38.7,26.0,310.04,2.02,96.0,101410.0
1990-09-30 18:30:00+00:00,11.56,76.13,0.0,0.0,0.0,310.68,2.47,91.0,101450.0
1990-09-30 19:30:00+00:00,11.43,76.9,0.0,0.0,0.0,311.32,2.92,93.0,101480.0
1990-09-30 20:30:00+00:00,11.31,77.67,0.0,0.0,0.0,311.97,3.37,91.0,101510.0
1990-09-30 21:30:00+00:00,11.19,78.44,0.0,0.0,0.0,312.61,3.82,91.0,101530.0
1990-09-30 22:30:00+00:00,11.07,79.21,0.0,0.0,0.0,313.25,4.27,94.0,101560.0
1990-09-30 23:30:00+00:00,10.95,79.99,0.0,0.0,0.0,313.89,4.72,96.0,101520.0
1990-10-01 00:30:00+00:00,10.83,80.76,0.0,0.0,0.0,314.53,5.17,245.0,98780.0
1990-10-01 01:30:00+00:00,10.71,81.53,0.0,0.0,0.0,315.18,5.62,245.0,98680.0
1990-10-01 02:30:00+00:00,10.59,82.3,0.0,0.0,0.0,315.82,6.07,254.0,98630.0
1990-10-01 03:30:00+00:00,10.47,83.07,0.0,0.0,0.0,316.46,6.52,264.0,98590.0
1990-10-01 04:30:00+00:00,10.34,83.84,0.0,0.0,0.0,317.1,6.97,267.0,98570.0
1990-10-01 05:30:00+00:00,10.22,84.62,0.0,0.0,0.0,317.74,7.42,269.0,98580.0
1990-10-01 06:30:00+00:00,10.1,85.39,0.0,0.0,0.0,318.38,7.87,267.0,98610.0
1990-10-01 07:30:00+00:00,9.98,86.16,90.0,209.26,59.0,319.03,8.32,271.0,98640.0
1990-10-01 08:30:00+00:00,9.81,82.9,196.0,246.18,125.0,295.3,6.83,275.0,98730.0
1990-10-01 09:30:00+00:00,10.4,74.4,287.0,248.95,186.0,289.1,8.21,280.0,98830.0
1990-10-01 10:30:00+00:00,10.95,71.75,309.0,142.26,239.0,294.15,8.55,280.0,98900.0
1990-10-01 11:30:00+00:00,11.29,71.75,321.0,105.26,264.0,287.95,8.48,279.0,98930.0
1990-10-01 12:30:00+00:00,11.49,64.35,98.0,0.0,98.0,294.15,8.69,279.0,98970.0
1990-10-01 13:30:00+00:00,11.34,61.85,135.0,0.0,135.0,285.25,8.83,282.0,98980.0
1990-10-01 14:30:00+00:00,11.49,59.7,93.0,0.0,93.0,289.9,9.03,280.0,99000.0
1990-10-01 15:30:00+00:00,11.11,61.85,155.0,34.8,143.0,284.5,8.9,276.0,98970.0
1990-10-01 16:30:00+00:00,11.02,61.85,176.0,523.81,64.0,281.0,8.07,270.0,98980.0
1990-10-01 17:30:00+00:00,10.5,64.1,25.0,61.59,21.0,302.85,7.31,271.0,98990.0
1990-10-01 18:30:00+00:00,9.82,66.35,0.0,0.0,0.0,293.55,6.48,269.0,99040.0
1990-10-01 19:30:00+00:00,9.05,68.8,0.0,0.0,0.0,289.1,5.86,264.0,99090.0
1990-10-01 20:30:00+00:00,8.51,71.35,0.0,0.0,0.0,273.45,5.79,261.0,99110.0
1990-10-01 21:30:00+00:00,8.14,73.95,0.0,0.0,0.0,271.1,5.79,261.0,99100.0
1990-10-01 22:30:00+00:00,8.04,73.95,0.0,0.0,0.0,283.1,5.79,261.0,99100.0
1990-10-01 23:30:00+00:00,7.86,73.95,0.0,0.0,0.0,280.2,5.79,262.0,99100.0
1990-10-02 00:30:00+00:00,7.71,79.65,0.0,0.0,0.0,280.4,5.72,264.0,99080.0
1990-10-02 01:30:00+00:00,7.7,79.65,0.0,0.0,0.0,290.6,5.59,267.0,99090.0
1990-10-02 02:30:00+00:00,7.57,79.65,0.0,0.0,0.0,296.65,5.31,271.0,99070.0
1990-10-02 03:30:00+00:00,7.34,82.6,0.0,0.0,0.0,293.75,4.9,276.0,99070.0
1990-10-02 04:30:00+00:00,7.41,82.65,0.0,0.0,0.0,313.1,4.55,285.0,99060.0
1990-10-02 05:30:00+00:00,7.5,85.8,0.0,0.0,0.0,330.55,4.21,297.0,99100.0
1990-10-02 06:30:00+00:00,7.27,89.0,0.0,0.0,0.0,316.2,3.72,305.0,99160.0
1990-10-02 07:30:00+00:00,6.83,82.6,83.0,174.27,58.0,290.65,3.59,291.0,99240.0
1990-10-02 08:30:00+00:00,7.56,79.65,249.0,595.99,80.0,289.7,3.86,288.0,99320.0
1990-10-02 09:30:00+00:00,8.47,74.05,374.0,663.9,108.0,271.5,4.9,290.0,99360.0
1990-10-02 10:30:00+00:00,9.46,68.9,446.0,593.69,157.0,278.1,5.59,291.0,99420.0
1990-10-02 11:30:00+00:00,10.25,61.65,525.0,727.54,135.0,276.75,6.21,291.0,99380.0
1990-10-02 12:30:00+00:00,10.45,59.5,76.0,0.0,76.0,295.7,6.28,287.0,99430.0
1990-10-02 13:30:00+00:00,10.77,57.3,361.0,216.23,250.0,293.95,6.28,286.0,99420.0
1990-10-02 14:30:00+00:00,10.79,57.3,425.0,706.69,112.0,292.2,5.93,282.0,99400.0
1990-10-02 15:30:00+00:00,10.75,55.15,192.0,103.36,157.0,277.1,5.52,276.0,99380.0
1990-10-02 16:30:00+00:00,10.61,53.1,26.0,0.0,26.0,271.7,4.9,268.0,99380.0
1990-10-02 17:30:00+00:00,9.81,57.05,27.0,102.22,21.0,270.55,4.07,253.0,99360.0
1990-10-02 18:30:00+00:00,8.79,61.3,0.0,0.0,0.0,275.2,4.14,242.0,99360.0
1990-10-02 19:30:00+00:00,7.58,73.9,0.0,0.0,0.0,282.75,3.45,239.0,99350.0
1990-10-02 20:30:00+00:00,6.99,79.55,0.0,0.0,0.0,293.0,2.97,235.0,99330.0
1990-10-02 21:30:00+00:00,6.59,82.6,0.0,0.0,0.0,301.1,2.14,236.0,99350.0
1990-10-02 22:30:00+00:00,6.19,85.7,0.0,0.0,0.0,299.0,1.52,260.0,99390.0
1990-10-02 23:30:00+00:00,6.2,85.7,0.0,0.0,0.0,307.7,2.07,322.0,99470.0
1990-10-03 00:30:00+00:00,6.27,85.7,0.0,0.0,0.0,302.3,3.38,341.0,99550.0
1990-10-03 01:30:00+00:00,6.05,85.7,0.0,0.0,0.0,279.35,4.14,341.0,99670.0
1990-10-03 02:30:00+00:00,5.87,85.7,0.0,0.0,0.0,277.5,4.83,337.0,99760.0
1990-10-03 03:30:00+00:00,5.53,85.65,0.0,0.0,0.0,271.9,4.83,331.0,99810.0
1990-10-03 04:30:00+00:00,5.38,79.4,0.0,0.0,0.0,292.6,4.9,320.0,99860.0
1990-10-03 05:30:00+00:00,4.8,82.35,0.0,0.0,0.0,265.3,4.83,314.0,99930.0
1990-10-03 06:30:00+00:00,4.57,79.3,0.0,0.0,0.0,266.3,4.9,313.0,99980.0
1990-10-03 07:30:00+00:00,4.82,79.3,102.0,418.02,44.0,256.4,5.31,310.0,100050.0
1990-10-03 08:30:00+00:00,5.75,76.5,250.0,627.93,75.0,252.55,4.9,310.0,100150.0
1990-10-03 09:30:00+00:00,6.85,71.05,389.0,765.93,86.0,261.85,6.0,314.0,100240.0
1990-10-03 10:30:00+00:00,8.09,66.05,495.0,836.97,92.0,264.35,6.34,319.0,100320.0
1990-10-03 11:30:00+00:00,9.27,61.45,427.0,358.12,237.0,267.45,6.41,324.0,100380.0
1990-10-03 12:30:00+00:00,10.06,57.15,257.0,33.37,239.0,264.15,6.14,327.0,100440.0
1990-10-03 13:30:00+00:00,10.34,55.05,197.0,7.88,193.0,274.05,5.86,331.0,100510.0
1990-10-03 14:30:00+00:00,10.42,51.1,354.0,386.87,185.0,269.95,5.59,328.0,100540.0
1990-10-03 15:30:00+00:00,10.25,51.0,235.0,252.68,151.0,272.1,5.52,322.0,100610.0
1990-10-03 16:30:00+00:00,9.86,50.85,164.0,491.71,65.0,265.1,4.97,316.0,100660.0
1990-10-03 17:30:00+00:00,8.89,52.7,18.0,0.0,18.0,267.85,4.28,309.0,100710.0
1990-10-03 18:30:00+00:00,7.67,56.55,0.0,0.0,0.0,264.75,3.79,303.0,100800.0
1990-10-03 19:30:00+00:00,6.59,61.0,0.0,0.0,0.0,267.85,3.45,294.0,100830.0
1990-10-03 20:30:00+00:00,5.73,65.65,0.0,0.0,0.0,255.65,3.45,288.0,100890.0
1990-10-03 21:30:00+00:00,5.08,68.1,0.0,0.0,0.0,252.35,3.31,283.0,100890.0
1990-10-03 22:30:00+00:00,4.47,70.7,0.0,0.0,0.0,247.9,3.17,275.0,100920.0
1990-10-03 23:30:00+00:00,3.93,73.4,0.0,0.0,0.0,242.3,3.24,268.0,100900.0
1990-10-04 00:30:00+00:00,3.63,76.15,0.0,0.0,0.0,243.65,3.24,261.0,100870.0
1990-10-04 01:30:00+00:00,3.51,79.15,0.0,0.0,0.0,250.35,3.1,256.0,100830.0
1990-10-04 02:30:00+00:00,3.34,79.15,0.0,0.0,0.0,250.2,3.1,248.0,100800.0
1990-10-04 03:30:00+00:00,3.46,82.25,0.0,0.0,0.0,263.0,3.17,237.0,100730.0
1990-10-04 04:30:00+00:00,3.43,82.25,0.0,0.0,0.0,261.65,3.38,225.0,100700.0
1990-10-04 05:30:00+00:00,3.55,85.45,0.0,0.0,0.0,266.85,3.59,216.0,100610.0
1990-10-04 06:30:00+00:00,3.65,85.45,0.0,0.0,0.0,264.15,3.93,208.0,100540.0
1990-10-04 07:30:00+00:00,4.87,85.6,31.0,0.0,31.0,297.05,4.62,204.0,100440.0
1990-10-04 08:30:00+00:00,6.22,82.55,126.0,47.48,113.0,301.9,4.97,198.0,100340.0
1990-10-04 09:30:00+00:00,7.65,79.65,193.0,53.77,172.0,303.25,6.07,199.0,100200.0
1990-10-04 10:30:00+00:00,9.17,76.95,200.0,18.9,191.0,299.55,7.31,202.0,100090.0
1990-10-04 11:30:00+00:00,10.83,71.7,224.0,19.05,214.0,302.5,10.0,213.0,99940.0
1990-10-04 12:30:00+00:00,11.39,69.15,152.0,0.0,152.0,335.4,10.21,215.0,99810.0
1990-10-04 13:30:00+00:00,11.35,74.45,102.0,0.0,102.0,353.0,8.41,212.0,99650.0
1990-10-04 14:30:00+00:00,11.75,74.55,228.0,69.64,198.0,352.6,8.55,211.0,99520.0
1990-10-04 15:30:00+00:00,12.19,74.6,70.0,0.0,70.0,355.7,9.24,214.0,99370.0
1990-10-04 16:30:00+00:00,12.37,77.35,17.0,0.0,17.0,357.45,9.31,217.0,99270.0
1990-10-04 17:30:00+00:00,12.17,83.15,11.0,0.0,11.0,357.85,9.24,216.0,99160.0
1990-10-04 18:30:00+00:00,12.11,86.2,0.0,0.0,0.0,363.45,9.17,215.0,99070.0
1990-10-04 19:30:00+00:00,12.53,89.4,0.0,0.0,0.0,366.95,8.69,218.0,98970.0
1990-10-04 20:30:00+00:00,12.76,92.6,0.0,0.0,0.0,369.85,8.34,220.0,98890.0
1990-10-04 21:30:00+00:00,12.93,92.65,0.0,0.0,0.0,370.2,7.79,222.0,98830.0
1990-10-04 22:30:00+00:00,12.91,92.65,0.0,0.0,0.0,372.75,7.45,223.0,98810.0
1990-10-04 23:30:00+00:00,12.84,99.4,0.0,0.0,0.0,374.3,6.9,224.0,98760.0
1990-10-05 00:30:00+00:00,12.92,95.95,0.0,0.0,0.0,374.45,6.34,226.0,98720.0
1990-10-05 01:30:00+00:00,12.97,95.95,0.0,0.0,0.0,375.15,5.79,229.0,98690.0
1990-10-05 02:30:00+00:00,12.97,95.95,0.0,0.0,0.0,374.65,4.69,233.0,98680.0
1990-10-05 03:30:00+00:00,12.93,95.95,0.0,0.0,0.0,376.8,3.52,245.0,98630.0
1990-10-05 04:30:00+00:00,12.7,99.4,0.0,0.0,0.0,376.6,2.69,280.0,98650.0
1990-10-05 05:30:00+00:00,12.1,95.95,0.0,0.0,0.0,372.55,2.41,336.0,98660.0
1990-10-05 06:30:00+00:00,11.16,95.9,0.0,0.0,0.0,368.65,3.38,15.0,98680.0
1990-10-05 07:30:00+00:00,9.14,95.85,35.0,7.73,34.0,361.5,5.17,31.0,98670.0
1990-10-05 08:30:00+00:00,7.68,95.8,137.0,78.09,116.0,355.1,4.97,35.0,98740.0
1990-10-05 09:30:00+00:00,7.44,92.35,103.0,0.0,103.0,350.3,5.72,33.0,98790.0
1990-10-05 10:30:00+00:00,7.56,92.35,40.0,0.0,40.0,347.75,4.69,32.0,98880.0
1990-10-05 11:30:00+00:00,7.86,89.05,302.0,102.02,249.0,343.3,4.9,31.0,98990.0
1990-10-05 12:30:00+00:00,8.8,79.75,330.0,138.28,257.0,320.65,5.17,27.0,99080.0
1990-10-05 13:30:00+00:00,9.99,66.45,423.0,480.24,185.0,290.65,5.03,25.0,99130.0
1990-10-05 14:30:00+00:00,10.67,59.5,411.0,751.1,92.0,285.85,4.69,23.0,99220.0
1990-10-05 15:30:00+00:00,11.01,55.3,290.0,646.64,83.0,273.85,4.21,23.0,99320.0
1990-10-05 16:30:00+00:00,10.9,57.4,153.0,508.11,57.0,261.85,3.45,24.0,99440.0
1990-10-05 17:30:00+00:00,9.86,66.35,11.0,0.0,11.0,258.55,2.41,25.0,99550.0
1990-10-05 18:30:00+00:00,8.31,73.95,0.0,0.0,0.0,254.85,2.28,21.0,99660.0
1990-10-05 19:30:00+00:00,7.6,79.65,0.0,0.0,0.0,276.95,2.28,27.0,99750.0
1990-10-05 20:30:00+00:00,7.73,79.65,0.0,0.0,0.0,311.75,1.79,19.0,99850.0
1990-10-05 21:30:00+00:00,7.43,79.65,0.0,0.0,0.0,308.3,1.66,15.0,99880.0
1990-10-05 22:30:00+00:00,7.06,85.75,0.0,0.0,0.0,302.5,1.45,9.0,99940.0
1990-10-05 23:30:00+00:00,7.6,79.65,0.0,0.0,0.0,305.95,0.9,340.0,100000.0
1990-10-06 00:30:00+00:00,8.07,76.8,0.0,0.0,0.0,313.9,0.55,299.0,100030.0
1990-10-06 01:30:00+00:00,8.2,76.8,0.0,0.0,0.0,302.0,0.48,263.0,100050.0
1990-10-06 02:30:00+00:00,6.85,82.6,0.0,0.0,0.0,277.5,1.03,235.0,100080.0
1990-10-06 03:30:00+00:00,4.98,88.85,0.0,0.0,0.0,277.3,1.59,234.0,100100.0
1990-10-06 04:30:00+00:00,4.97,92.25,0.0,0.0,0.0,292.8,1.38,219.0,100130.0
1990-10-06 05:30:00+00:00,4.61,92.25,0.0,0.0,0.0,280.6,1.45,184.0,100150.0
1990-10-06 06:30:00+00:00,4.6,92.25,0.0,0.0,0.0,295.7,1.66,164.0,100170.0
1990-10-06 07:30:00+00:00,4.12,99.4,72.0,184.65,49.0,282.15,1.52,154.0,100250.0
1990-10-06 08:30:00+00:00,6.13,92.3,187.0,291.68,110.0,282.95,1.59,146.0,100280.0
1990-10-06 09:30:00+00:00,8.52,82.75,309.0,423.35,148.0,279.65,2.62,153.0,100290.0
1990-10-06 10:30:00+00:00,9.91,77.1,451.0,734.62,109.0,292.2,3.72,161.0,100300.0
1990-10-06 11:30:00+00:00,10.73,77.15,518.0,805.56,104.0,309.65,4.0,167.0,100290.0
1990-10-06 12:30:00+00:00,11.83,74.55,290.0,78.52,249.0,311.75,4.0,174.0,100280.0
1990-10-06 13:30:00+00:00,12.65,72.05,96.0,0.0,96.0,326.65,4.21,178.0,100250.0
1990-10-06 14:30:00+00:00,12.88,74.7,118.0,0.0,118.0,361.9,4.34,179.0,100180.0
1990-10-06 15:30:00+00:00,13.05,74.75,142.0,38.22,130.0,364.4,4.69,180.0,100160.0
1990-10-06 16:30:00+00:00,12.95,77.5,65.0,16.41,62.0,366.75,3.93,176.0,100140.0
1990-10-06 17:30:00+00:00,12.79,83.25,5.0,0.0,5.0,365.75,3.66,172.0,100130.0
1990-10-06 18:30:00+00:00,12.47,86.25,0.0,0.0,0.0,356.65,3.38,167.0,100160.0
1990-10-06 19:30:00+00:00,12.61,89.4,0.0,0.0,0.0,363.05,3.52,170.0,100140.0
1990-10-06 20:30:00+00:00,12.67,89.4,0.0,0.0,0.0,364.4,3.66,164.0,100120.0
1990-10-06 21:30:00+00:00,12.17,92.6,0.0,0.0,0.0,334.0,3.93,166.0,100070.0
1990-10-06 22:30:00+00:00,11.93,92.6,0.0,0.0,0.0,328.05,4.21,173.0,100070.0
1990-10-06 23:30:00+00:00,11.96,95.95,0.0,0.0,0.0,340.4,4.48,172.0,100020.0
1990-10-07 00:30:00+00:00,12.19,95.95,0.0,0.0,0.0,356.85,4.69,170.0,100000.0
1990-10-07 01:30:00+00:00,12.33,92.6,0.0,0.0,0.0,357.55,4.76,166.0,99900.0
1990-10-07 02:30:00+00:00,11.95,92.6,0.0,0.0,0.0,333.05,4.69,156.0,99820.0
1990-10-07 03:30:00+00:00,11.78,95.9,0.0,0.0,0.0,332.1,5.03,154.0,99700.0
1990-10-07 04:30:00+00:00,12.25,92.6,0.0,0.0,0.0,354.95,5.52,157.0,99630.0
1990-10-07 05:30:00+00:00,12.73,92.6,0.0,0.0,0.0,366.15,5.59,161.0,99560.0
1990-10-07 06:30:00+00:00,13.14,92.65,0.0,0.0,0.0,374.3,5.31,162.0,99490.0
1990-10-07 07:30:00+00:00,14.06,92.7,38.0,16.69,36.0,374.85,5.93,164.0,99410.0
1990-10-07 08:30:00+00:00,14.82,96.0,43.0,0.0,43.0,382.2,6.62,167.0,99350.0
1990-10-07 09:30:00+00:00,15.56,89.6,53.0,0.0,53.0,385.5,7.31,169.0,99290.0
1990-10-07 10:30:00+00:00,15.89,89.6,99.0,0.0,99.0,384.15,9.17,170.0,99230.0
1990-10-07 11:30:00+00:00,15.72,92.75,89.0,0.0,89.0,385.1,9.59,173.0,99140.0
1990-10-07 12:30:00+00:00,15.7,89.6,263.0,54.22,235.0,383.2,9.03,180.0,99140.0
1990-10-07 13:30:00+00:00,15.63,86.5,224.0,33.08,208.0,385.1,7.93,188.0,99150.0
1990-10-07 14:30:00+00:00,15.59,89.6,143.0,4.85,141.0,386.3,6.97,190.0,99150.0
1990-10-07 15:30:00+00:00,15.76,89.6,187.0,155.91,139.0,369.85,6.0,187.0,99120.0
1990-10-07 16:30:00+00:00,15.41,89.55,107.0,192.48,73.0,367.1,5.59,187.0,99120.0
1990-10-07 17:30:00+00:00,14.77,92.7,1.0,0.0,1.0,355.1,5.24,187.0,99120.0
1990-10-07 18:30:00+00:00,14.05,92.7,0.0,0.0,0.0,359.2,5.17,195.0,99140.0
1990-10-07 19:30:00+00:00,12.92,83.25,0.0,0.0,0.0,320.1,5.59,227.0,99390.0
1990-10-07 20:30:00+00:00,11.83,86.15,0.0,0.0,0.0,307.1,6.07,230.0,99480.0
1990-10-07 21:30:00+00:00,11.0,83.05,0.0,0.0,0.0,290.85,6.34,238.0,99590.0
1990-10-07 22:30:00+00:00,10.87,83.0,0.0,0.0,0.0,303.25,6.41,251.0,99730.0
1990-10-07 23:30:00+00:00,10.79,80.05,0.0,0.0,0.0,309.45,6.07,264.0,99840.0
1990-10-08 00:30:00+00:00,10.53,77.15,0.0,0.0,0.0,309.25,5.38,266.0,99950.0
1990-10-08 01:30:00+00:00,9.71,79.9,0.0,0.0,0.0,278.6,4.62,259.0,100060.0
1990-10-08 02:30:00+00:00,9.04,82.85,0.0,0.0,0.0,279.65,4.14,252.0,100160.0
1990-10-08 03:30:00+00:00,8.46,89.1,0.0,0.0,0.0,275.75,3.93,250.0,100250.0
1990-10-08 04:30:00+00:00,8.02,92.4,0.0,0.0,0.0,271.7,3.79,252.0,100340.0
1990-10-08 05:30:00+00:00,8.2,92.4,0.0,0.0,0.0,292.6,3.79,258.0,100450.0
1990-10-08 06:30:00+00:00,8.01,92.4,0.0,0.0,0.0,277.3,3.59,262.0,100530.0
1990-10-08 07:30:00+00:00,8.36,95.8,79.0,356.39,38.0,279.25,3.45,266.0,100620.0
1990-10-08 08:30:00+00:00,9.52,89.15,211.0,515.51,80.0,280.8,3.03,266.0,100740.0
1990-10-08 09:30:00+00:00,11.19,83.05,347.0,689.17,92.0,279.85,4.0,276.0,100820.0
1990-10-08 10:30:00+00:00,12.46,72.05,434.0,703.56,114.0,283.5,4.62,291.0,100900.0
1990-10-08 11:30:00+00:00,13.48,64.75,394.0,336.12,225.0,287.55,4.34,294.0,100970.0
1990-10-08 12:30:00+00:00,14.09,60.3,449.0,509.17,189.0,306.55,4.0,295.0,101020.0
1990-10-08 13:30:00+00:00,14.48,56.15,391.0,399.73,200.0,324.15,3.86,291.0,101090.0
1990-10-08 14:30:00+00:00,14.37,58.1,333.0,420.58,162.0,343.7,3.93,288.0,101140.0
1990-10-08 15:30:00+00:00,14.22,60.3,269.0,616.36,83.0,332.3,3.59,288.0,101210.0
1990-10-08 16:30:00+00:00,13.75,64.75,134.0,469.11,54.0,317.0,2.62,284.0,101300.0
1990-10-08 17:30:00+00:00,12.92,67.05,6.0,0.0,6.0,321.25,2.07,278.0,101400.0
1990-10-08 18:30:00+00:00,11.5,74.55,0.0,0.0,0.0,301.1,2.07,277.0,101490.0
1990-10-08 19:30:00+00:00,9.96,82.95,0.0,0.0,0.0,281.0,2.34,281.0,101550.0
1990-10-08 20:30:00+00:00,9.15,89.1,0.0,0.0,0.0,288.15,2.21,287.0,101640.0
1990-10-08 21:30:00+00:00,8.38,89.1,0.0,0.0,0.0,282.75,2.21,289.0,101700.0
1990-10-08 22:30:00+00:00,7.89,92.4,0.0,0.0,0.0,289.5,1.93,286.0,101780.0
1990-10-08 23:30:00+00:00,6.99,95.8,0.0,0.0,0.0,279.45,1.79,269.0,101760.0
1990-10-09 00:30:00+00:00,6.1,92.3,0.0,0.0,0.0,276.15,1.66,252.0,101780.0
1990-10-09 01:30:00+00:00,5.39,92.3,0.0,0.0,0.0,271.8,1.79,241.0,101810.0
1990-10-09 02:30:00+00:00,4.94,95.75,0.0,0.0,0.0,270.75,1.93,244.0,101840.0
1990-10-09 03:30:00+00:00,4.7,95.75,0.0,0.0,0.0,270.75,2.0,235.0,101860.0
1990-10-09 04:30:00+00:00,4.58,95.75,0.0,0.0,0.0,269.4,2.14,232.0,101890.0
1990-10-09 05:30:00+00:00,4.58,95.75,0.0,0.0,0.0,268.8,2.21,225.0,101920.0
1990-10-09 06:30:00+00:00,4.67,95.75,0.0,0.0,0.0,268.4,2.34,211.0,101940.0
1990-10-09 07:30:00+00:00,5.49,95.75,76.0,362.75,36.0,306.35,2.14,218.0,102030.0
1990-10-09 08:30:00+00:00,7.07,99.4,211.0,557.88,72.0,324.95,2.55,216.0,102090.0
1990-10-09 09:30:00+00:00,8.21,99.4,344.0,704.4,87.0,343.1,3.1,216.0,102120.0
1990-10-09 10:30:00+00:00,9.86,95.85,438.0,749.79,101.0,340.4,3.59,212.0,102140.0
1990-10-09 11:30:00+00:00,11.29,89.3,425.0,468.61,192.0,326.5,4.21,213.0,102110.0
1990-10-09 12:30:00+00:00,12.32,83.15,461.0,592.23,162.0,322.6,4.55,213.0,102100.0
1990-10-09 13:30:00+00:00,13.03,77.5,376.0,366.6,203.0,315.85,5.24,215.0,102070.0
1990-10-09 14:30:00+00:00,13.43,74.85,341.0,489.31,145.0,321.05,5.52,218.0,102070.0
1990-10-09 15:30:00+00:00,13.56,72.2,195.0,213.05,132.0,321.85,5.45,220.0,102040.0
1990-10-09 16:30:00+00:00,13.37,74.75,89.0,121.6,69.0,347.95,4.69,212.0,102030.0
1990-10-09 17:30:00+00:00,13.02,74.75,0.0,0.0,0.0,356.5,4.76,204.0,102020.0
1990-10-09 18:30:00+00:00,12.56,77.45,0.0,0.0,0.0,346.2,4.83,200.0,102040.0
1990-10-09 19:30:00+00:00,12.43,74.7,0.0,0.0,0.0,309.05,4.9,202.0,101980.0
1990-10-09 20:30:00+00:00,12.04,77.35,0.0,0.0,0.0,310.05,5.24,202.0,101990.0
1990-10-09 21:30:00+00:00,11.75,83.1,0.0,0.0,0.0,312.55,5.59,202.0,101980.0
1990-10-09 22:30:00+00:00,11.64,83.1,0.0,0.0,0.0,329.0,5.72,204.0,101990.0
1990-10-09 23:30:00+00:00,11.24,83.05,0.0,0.0,0.0,318.95,5.79,206.0,101990.0
1990-10-10 00:30:00+00:00,10.89,80.1,0.0,0.0,0.0,314.65,6.0,208.0,101960.0
1990-10-10 01:30:00+00:00,10.32,79.95,0.0,0.0,0.0,295.8,6.07,209.0,101940.0
1990-10-10 02:30:00+00:00,10.19,79.95,0.0,0.0,0.0,302.65,6.21,209.0,101870.0
1990-10-10 03:30:00+00:00,10.27,79.95,0.0,0.0,0.0,310.05,6.34,210.0,101810.0
1990-10-10 04:30:00+00:00,10.39,77.15,0.0,0.0,0.0,315.65,6.55,211.0,101740.0
1990-10-10 05:30:00+00:00,10.64,77.15,0.0,0.0,0.0,324.55,6.69,211.0,101720.0
1990-10-10 06:30:00+00:00,10.83,77.15,0.0,0.0,0.0,323.0,6.76,212.0,101700.0
1990-10-10 07:30:00+00:00,11.15,74.45,42.0,47.4,37.0,309.45,7.31,212.0,101640.0
1990-10-10 08:30:00+00:00,11.81,71.85,66.0,0.0,66.0,312.75,7.24,214.0,101660.0
1990-10-10 09:30:00+00:00,12.66,69.45,295.0,469.87,126.0,313.7,6.48,212.0,101660.0
1990-10-10 10:30:00+00:00,13.64,67.15,408.0,659.8,115.0,311.55,7.45,213.0,101650.0
1990-10-10 11:30:00+00:00,14.66,64.95,472.0,734.29,111.0,315.65,7.66,213.0,101650.0
1990-10-10 12:30:00+00:00,15.74,62.85,409.0,422.75,198.0,322.05,7.79,214.0,101620.0
1990-10-10 13:30:00+00:00,16.33,62.95,372.0,392.7,189.0,327.25,7.79,215.0,101580.0
1990-10-10 14:30:00+00:00,16.38,65.25,245.0,157.14,183.0,335.75,7.52,215.0,101530.0
1990-10-10 15:30:00+00:00,16.24,65.25,222.0,393.57,108.0,345.85,6.97,215.0,101530.0
1990-10-10 16:30:00+00:00,15.68,67.55,114.0,378.71,54.0,339.65,6.62,218.0,101530.0
1990-10-10 17:30:00+00:00,15.01,67.45,0.0,0.0,0.0,346.4,6.21,219.0,101540.0
1990-10-10 18:30:00+00:00,14.47,69.85,0.0,0.0,0.0,350.3,6.0,217.0,101550.0
1990-10-10 19:30:00+00:00,13.71,72.2,0.0,0.0,0.0,322.6,6.07,213.0,101510.0
1990-10-10 20:30:00+00:00,13.11,77.5,0.0,0.0,0.0,316.8,6.0,214.0,101510.0
1990-10-10 21:30:00+00:00,12.83,80.3,0.0,0.0,0.0,332.1,5.93,215.0,101500.0
1990-10-10 22:30:00+00:00,12.5,80.3,0.0,0.0,0.0,331.9,5.93,214.0,101540.0
1990-10-10 23:30:00+00:00,12.23,83.15,0.0,0.0,0.0,334.0,5.86,213.0,101530.0
1990-10-11 00:30:00+00:00,12.1,83.15,0.0,0.0,0.0,339.05,5.93,212.0,101520.0
1990-10-11 01:30:00+00:00,12.05,83.15,0.0,0.0,0.0,344.4,5.86,212.0,101490.0
1990-10-11 02:30:00+00:00,11.81,86.15,0.0,0.0,0.0,334.6,5.66,213.0,101470.0
1990-10-11 03:30:00+00:00,11.69,86.15,0.0,0.0,0.0,337.9,5.45,215.0,101450.0
1990-10-11 04:30:00+00:00,11.52,86.15,0.0,0.0,0.0,335.75,5.31,218.0,101410.0
1990-10-11 05:30:00+00:00,11.61,83.1,0.0,0.0,0.0,351.05,5.1,220.0,101440.0
1990-10-11 06:30:00+00:00,11.62,86.15,0.0,0.0,0.0,355.1,4.83,222.0,101450.0
1990-10-11 07:30:00+00:00,11.94,83.15,48.0,109.24,37.0,362.5,4.62,224.0,101440.0
1990-10-11 08:30:00+00:00,12.13,86.2,89.0,16.72,85.0,352.4,3.86,222.0,101460.0
1990-10-11 09:30:00+00:00,12.51,83.25,95.0,0.0,95.0,364.0,3.86,217.0,101490.0
1990-10-11 10:30:00+00:00,13.36,83.25,263.0,132.21,205.0,363.85,4.34,219.0,101540.0
1990-10-11 11:30:00+00:00,13.81,80.4,255.0,67.89,222.0,362.1,4.41,216.0,101560.0
1990-10-11 12:30:00+00:00,14.75,77.75,241.0,46.62,218.0,353.2,5.24,224.0,101590.0
1990-10-11 13:30:00+00:00,15.4,77.8,206.0,30.43,192.0,358.2,5.17,225.0,101560.0
1990-10-11 14:30:00+00:00,15.56,75.15,135.0,5.15,133.0,372.15,4.76,227.0,101540.0
1990-10-11 15:30:00+00:00,15.47,75.15,140.0,70.51,120.0,373.9,4.07,230.0,101530.0
1990-10-11 16:30:00+00:00,15.27,77.8,77.0,104.96,61.0,372.95,3.17,229.0,101540.0
1990-10-11 17:30:00+00:00,14.79,80.55,0.0,0.0,0.0,373.9,2.76,222.0,101540.0
1990-10-11 18:30:00+00:00,14.35,83.4,0.0,0.0,0.0,372.95,2.62,217.0,101590.0
1990-10-11 19:30:00+00:00,14.15,83.4,0.0,0.0,0.0,371.75,2.55,228.0,101600.0
1990-10-11 20:30:00+00:00,13.87,86.35,0.0,0.0,0.0,370.4,2.34,229.0,101650.0
1990-10-11 21:30:00+00:00,13.6,86.35,0.0,0.0,0.0,370.2,2.14,227.0,101630.0
1990-10-11 22:30:00+00:00,13.32,89.4,0.0,0.0,0.0,367.9,1.93,222.0,101620.0
1990-10-11 23:30:00+00:00,12.81,92.6,0.0,0.0,0.0,357.45,1.72,221.0,101600.0
1990-10-12 00:30:00+00:00,12.4,92.6,0.0,0.0,0.0,355.3,1.66,216.0,101590.0
1990-10-12 01:30:00+00:00,12.13,92.6,0.0,0.0,0.0,356.2,1.79,202.0,101560.0
1990-10-12 02:30:00+00:00,11.75,95.9,0.0,0.0,0.0,352.6,1.86,197.0,101540.0
1990-10-12 03:30:00+00:00,11.34,95.9,0.0,0.0,0.0,346.0,1.72,207.0,101540.0
1990-10-12 04:30:00+00:00,10.8,99.4,0.0,0.0,0.0,340.0,1.59,210.0,101500.0
1990-10-12 05:30:00+00:00,10.08,99.4,0.0,0.0,0.0,324.35,1.66,193.0,101470.0
1990-10-12 06:30:00+00:00,9.31,100.0,0.0,0.0,0.0,308.65,1.79,191.0,101440.0
1990-10-12 07:30:00+00:00,9.22,99.4,55.0,208.55,35.0,315.85,1.72,192.0,101490.0
1990-10-12 08:30:00+00:00,9.82,99.4,174.0,375.71,86.0,322.4,1.52,190.0,101510.0
1990-10-12 09:30:00+00:00,10.64,99.4,287.0,472.38,122.0,349.3,1.45,188.0,101500.0
1990-10-12 10:30:00+00:00,11.78,95.9,379.0,549.3,141.0,360.55,1.72,190.0,101490.0
1990-10-12 11:30:00+00:00,13.53,86.35,475.0,788.83,96.0,345.85,1.93,187.0,101490.0
1990-10-12 12:30:00+00:00,14.91,83.45,488.0,812.14,92.0,344.3,2.76,189.0,101440.0
1990-10-12 13:30:00+00:00,16.32,77.95,445.0,772.73,94.0,321.05,3.72,198.0,101370.0
1990-10-12 14:30:00+00:00,16.66,75.3,359.0,700.42,91.0,326.85,3.79,203.0,101280.0
1990-10-12 15:30:00+00:00,16.7,78.0,213.0,392.57,104.0,334.6,3.66,202.0,101220.0
1990-10-12 16:30:00+00:00,16.41,80.75,105.0,382.29,49.0,330.15,2.97,201.0,101150.0
1990-10-12 17:30:00+00:00,15.23,86.5,0.0,0.0,0.0,319.7,2.34,195.0,101100.0
1990-10-12 18:30:00+00:00,13.95,89.5,0.0,0.0,0.0,317.95,2.28,191.0,101080.0
1990-10-12 19:30:00+00:00,14.15,92.7,0.0,0.0,0.0,312.95,2.83,181.0,101050.0
1990-10-12 20:30:00+00:00,14.03,92.7,0.0,0.0,0.0,317.75,3.24,186.0,101010.0
1990-10-12 21:30:00+00:00,13.82,92.65,0.0,0.0,0.0,316.2,3.59,193.0,100970.0
1990-10-12 22:30:00+00:00,13.57,92.65,0.0,0.0,0.0,317.0,3.86,201.0,100930.0
1990-10-12 23:30:00+00:00,13.27,92.65,0.0,0.0,0.0,315.85,3.93,206.0,100890.0
1990-10-13 00:30:00+00:00,12.89,95.95,0.0,0.0,0.0,312.15,3.86,207.0,100820.0
1990-10-13 01:30:00+00:00,12.58,92.6,0.0,0.0,0.0,310.5,3.79,209.0,100760.0
1990-10-13 02:30:00+00:00,12.29,95.95,0.0,0.0,0.0,307.5,3.66,216.0,100720.0
1990-10-13 03:30:00+00:00,12.05,95.95,0.0,0.0,0.0,305.95,3.59,220.0,100670.0
1990-10-13 04:30:00+00:00,11.97,95.95,0.0,0.0,0.0,313.1,3.52,222.0,100630.0
1990-10-13 05:30:00+00:00,12.24,95.95,0.0,0.0,0.0,338.5,3.38,225.0,100600.0
1990-10-13 06:30:00+00:00,12.49,95.95,0.0,0.0,0.0,347.95,3.38,226.0,100590.0
1990-10-13 07:30:00+00:00,13.59,95.95,38.0,65.86,32.0,378.95,3.52,225.0,100550.0
1990-10-13 08:30:00+00:00,14.08,96.0,177.0,423.16,80.0,378.35,3.93,229.0,100590.0
1990-10-13 09:30:00+00:00,14.53,92.7,137.0,17.44,131.0,377.4,4.55,239.0,100620.0
1990-10-13 10:30:00+00:00,15.12,86.5,78.0,0.0,78.0,364.8,4.48,247.0,100630.0
1990-10-13 11:30:00+00:00,15.3,77.8,273.0,98.98,226.0,373.7,5.1,256.0,100650.0
1990-10-13 12:30:00+00:00,15.32,72.45,346.0,249.04,226.0,371.2,5.52,263.0,100700.0
1990-10-13 13:30:00+00:00,15.38,69.9,291.0,169.5,215.0,374.3,5.38,265.0,100690.0
1990-10-13 14:30:00+00:00,15.61,65.15,307.0,432.71,144.0,365.4,5.1,266.0,100690.0
1990-10-13 15:30:00+00:00,15.68,65.15,153.0,117.77,121.0,362.85,4.55,268.0,100700.0
1990-10-13 16:30:00+00:00,15.18,67.45,96.0,327.22,50.0,346.8,3.66,266.0,100750.0
1990-10-13 17:30:00+00:00,14.55,69.85,0.0,0.0,0.0,351.05,3.31,261.0,100770.0
1990-10-13 18:30:00+00:00,13.8,74.85,0.0,0.0,0.0,346.0,3.17,251.0,100830.0
1990-10-13 19:30:00+00:00,13.04,80.35,0.0,0.0,0.0,317.2,3.59,246.0,100860.0
1990-10-13 20:30:00+00:00,12.73,83.25,0.0,0.0,0.0,328.4,3.45,247.0,100930.0
1990-10-13 21:30:00+00:00,12.4,86.25,0.0,0.0,0.0,330.55,3.17,248.0,100970.0
1990-10-13 22:30:00+00:00,12.2,89.35,0.0,0.0,0.0,335.75,2.9,249.0,101010.0
1990-10-13 23:30:00+00:00,11.95,92.6,0.0,0.0,0.0,335.2,2.55,247.0,101050.0
1990-10-14 00:30:00+00:00,11.81,95.9,0.0,0.0,0.0,343.3,2.0,238.0,101060.0
1990-10-14 01:30:00+00:00,11.7,95.9,0.0,0.0,0.0,351.15,1.72,224.0,101030.0
1990-10-14 02:30:00+00:00,11.76,95.9,0.0,0.0,0.0,358.2,1.86,218.0,101030.0
1990-10-14 03:30:00+00:00,11.88,95.9,0.0,0.0,0.0,362.1,2.14,215.0,101010.0
1990-10-14 04:30:00+00:00,12.03,95.95,0.0,0.0,0.0,366.15,2.14,208.0,100990.0
1990-10-14 05:30:00+00:00,12.17,95.95,0.0,0.0,0.0,366.75,2.07,209.0,100990.0
1990-10-14 06:30:00+00:00,12.27,95.95,0.0,0.0,0.0,368.1,2.14,208.0,100980.0
1990-10-14 07:30:00+00:00,12.39,99.4,9.0,0.0,9.0,370.4,2.62,207.0,100990.0
1990-10-14 08:30:00+00:00,12.74,95.95,92.0,31.22,85.0,371.95,3.24,210.0,101000.0
1990-10-14 09:30:00+00:00,13.26,92.65,149.0,32.46,138.0,372.75,4.0,216.0,101000.0
1990-10-14 10:30:00+00:00,13.85,89.45,260.0,144.39,199.0,362.5,5.17,226.0,101000.0
1990-10-14 11:30:00+00:00,14.4,83.4,272.0,104.41,223.0,364.4,5.45,221.0,101000.0
1990-10-14 12:30:00+00:00,14.57,80.55,204.0,21.0,194.0,371.55,5.1,213.0,100960.0
1990-10-14 13:30:00+00:00,14.73,77.75,97.0,0.0,97.0,368.45,4.97,212.0,100870.0
1990-10-14 14:30:00+00:00,14.9,77.75,100.0,0.0,100.0,365.95,5.17,212.0,100790.0
1990-10-14 15:30:00+00:00,15.05,72.45,84.0,3.76,83.0,365.2,4.62,211.0,100750.0
1990-10-14 16:30:00+00:00,14.72,75.0,44.0,14.85,42.0,372.15,4.62,209.0,100690.0
1990-10-14 17:30:00+00:00,14.26,80.45,0.0,0.0,0.0,372.75,4.76,208.0,100650.0
1990-10-14 18:30:00+00:00,13.85,83.35,0.0,0.0,0.0,368.1,4.97,208.0,100630.0
1990-10-14 19:30:00+00:00,13.65,86.35,0.0,0.0,0.0,360.75,5.45,210.0,100580.0
1990-10-14 20:30:00+00:00,13.25,89.4,0.0,0.0,0.0,346.6,5.38,215.0,100590.0
1990-10-14 21:30:00+00:00,12.79,89.4,0.0,0.0,0.0,335.2,5.03,217.0,100530.0
1990-10-14 22:30:00+00:00,12.15,92.6,0.0,0.0,0.0,314.65,5.03,219.0,100550.0
1990-10-14 23:30:00+00:00,12.04,92.6,0.0,0.0,0.0,333.25,4.9,221.0,100510.0
1990-10-15 00:30:00+00:00,12.0,92.6,0.0,0.0,0.0,339.65,4.76,221.0,100460.0
1990-10-15 01:30:00+00:00,11.96,92.6,0.0,0.0,0.0,337.8,4.62,220.0,100430.0
1990-10-15 02:30:00+00:00,11.96,92.6,0.0,0.0,0.0,338.1,4.48,219.0,100380.0
1990-10-15 03:30:00+00:00,12.19,95.95,0.0,0.0,0.0,356.1,4.14,219.0,100290.0
1990-10-15 04:30:00+00:00,12.34,95.95,0.0,0.0,0.0,361.3,3.72,216.0,100240.0
1990-10-15 05:30:00+00:00,12.48,95.95,0.0,0.0,0.0,369.65,3.38,209.0,100230.0
1990-10-15 06:30:00+00:00,12.39,99.4,0.0,0.0,0.0,370.6,2.76,206.0,100160.0
1990-10-15 07:30:00+00:00,12.77,99.4,23.0,12.27,22.0,377.0,2.41,216.0,100120.0
1990-10-15 08:30:00+00:00,12.81,100.0,47.0,0.0,47.0,375.85,1.52,250.0,100120.0
1990-10-15 09:30:00+00:00,12.6,99.4,57.0,0.0,57.0,374.65,2.14,311.0,100140.0
1990-10-15 10:30:00+00:00,12.07,95.95,129.0,0.0,129.0,372.35,3.24,324.0,100170.0
1990-10-15 11:30:00+00:00,11.31,86.1,171.0,6.47,168.0,369.85,3.52,317.0,100210.0
1990-10-15 12:30:00+00:00,11.43,80.15,235.0,48.89,212.0,356.3,3.93,298.0,100240.0
1990-10-15 13:30:00+00:00,11.68,77.3,265.0,128.23,209.0,345.85,4.62,287.0,100220.0
1990-10-15 14:30:00+00:00,12.0,71.95,224.0,145.24,171.0,323.4,5.03,283.0,100190.0
1990-10-15 15:30:00+00:00,12.33,66.85,123.0,53.86,109.0,307.1,5.59,279.0,100200.0
1990-10-15 16:30:00+00:00,12.04,66.85,95.0,418.92,41.0,331.7,4.41,266.0,100190.0
1990-10-15 17:30:00+00:00,11.44,69.25,0.0,0.0,0.0,330.55,4.21,252.0,100170.0
1990-10-15 18:30:00+00:00,10.85,74.4,0.0,0.0,0.0,316.4,4.41,250.0,100240.0
1990-10-15 19:30:00+00:00,10.06,79.95,0.0,0.0,0.0,291.45,4.0,247.0,100190.0
1990-10-15 20:30:00+00:00,9.5,82.9,0.0,0.0,0.0,284.65,4.0,246.0,100210.0
1990-10-15 21:30:00+00:00,9.38,85.95,0.0,0.0,0.0,299.95,4.21,243.0,100190.0
1990-10-15 22:30:00+00:00,9.42,85.95,0.0,0.0,0.0,309.65,4.34,250.0,100230.0
1990-10-15 23:30:00+00:00,9.43,85.95,0.0,0.0,0.0,319.3,4.48,261.0,100200.0
1990-10-16 00:30:00+00:00,9.41,82.9,0.0,0.0,0.0,324.75,4.28,268.0,100220.0
1990-10-16 01:30:00+00:00,9.04,85.95,0.0,0.0,0.0,310.35,4.21,268.0,100220.0
1990-10-16 02:30:00+00:00,8.66,85.9,0.0,0.0,0.0,302.1,4.28,268.0,100250.0
1990-10-16 03:30:00+00:00,8.23,85.85,0.0,0.0,0.0,294.35,4.34,270.0,100200.0
1990-10-16 04:30:00+00:00,7.84,85.8,0.0,0.0,0.0,288.75,4.48,270.0,100240.0
1990-10-16 05:30:00+00:00,7.59,85.8,0.0,0.0,0.0,291.05,4.55,272.0,100260.0
1990-10-16 06:30:00+00:00,7.37,85.8,0.0,0.0,0.0,289.9,4.69,273.0,100270.0
1990-10-16 07:30:00+00:00,7.43,82.65,43.0,221.72,26.0,286.6,4.41,277.0,100330.0
1990-10-16 08:30:00+00:00,7.93,82.7,169.0,448.16,73.0,277.1,4.21,278.0,100400.0
1990-10-16 09:30:00+00:00,8.8,79.75,289.0,563.22,104.0,279.85,4.97,278.0,100430.0
1990-10-16 10:30:00+00:00,9.82,71.5,385.0,653.45,116.0,278.1,6.14,289.0,100480.0
1990-10-16 11:30:00+00:00,10.64,64.1,408.0,530.42,165.0,285.85,6.62,293.0,100510.0
1990-10-16 12:30:00+00:00,11.19,61.85,254.0,73.17,220.0,297.25,6.9,293.0,100560.0
1990-10-16 13:30:00+00:00,11.24,59.6,368.0,466.45,167.0,291.25,6.76,291.0,100580.0
1990-10-16 14:30:00+00:00,11.14,59.6,210.0,111.39,170.0,300.55,6.48,290.0,100610.0
1990-10-16 15:30:00+00:00,10.92,61.85,220.0,566.68,76.0,279.65,5.93,289.0,100650.0
1990-10-16 16:30:00+00:00,10.47,64.1,88.0,381.67,41.0,290.5,5.31,287.0,100670.0
1990-10-16 17:30:00+00:00,9.75,68.9,0.0,0.0,0.0,298.05,4.83,285.0,100720.0
1990-10-16 18:30:00+00:00,8.77,74.05,0.0,0.0,0.0,272.3,4.41,281.0,100780.0
1990-10-16 19:30:00+00:00,7.81,79.65,0.0,0.0,0.0,265.7,4.28,279.0,100810.0
1990-10-16 20:30:00+00:00,7.46,82.65,0.0,0.0,0.0,268.05,4.28,277.0,100860.0
1990-10-16 21:30:00+00:00,7.18,85.75,0.0,0.0,0.0,265.5,4.28,275.0,100880.0
1990-10-16 22:30:00+00:00,7.18,85.75,0.0,0.0,0.0,272.1,4.34,277.0,100940.0
1990-10-16 23:30:00+00:00,7.01,85.75,0.0,0.0,0.0,266.3,4.21,278.0,100960.0
1990-10-17 00:30:00+00:00,6.69,85.75,0.0,0.0,0.0,261.45,3.86,276.0,100980.0
1990-10-17 01:30:00+00:00,6.37,85.75,0.0,0.0,0.0,262.9,3.66,274.0,100980.0
1990-10-17 02:30:00+00:00,6.31,88.95,0.0,0.0,0.0,271.9,3.45,274.0,100990.0
1990-10-17 03:30:00+00:00,5.97,88.95,0.0,0.0,0.0,261.65,3.31,272.0,100980.0
1990-10-17 04:30:00+00:00,5.85,88.95,0.0,0.0,0.0,267.45,3.24,269.0,100970.0
1990-10-17 05:30:00+00:00,5.81,92.3,0.0,0.0,0.0,272.3,3.17,267.0,101000.0
1990-10-17 06:30:00+00:00,5.66,88.9,0.0,0.0,0.0,266.85,3.03,268.0,101020.0
1990-10-17 07:30:00+00:00,6.06,92.3,34.0,125.24,25.0,280.6,2.97,264.0,101050.0
1990-10-17 08:30:00+00:00,7.03,92.35,176.0,559.28,59.0,274.05,2.69,262.0,101080.0
1990-10-17 09:30:00+00:00,8.78,85.9,295.0,655.83,83.0,276.35,3.1,261.0,101110.0
1990-10-17 10:30:00+00:00,10.33,77.1,385.0,706.44,98.0,282.15,3.93,275.0,101110.0
1990-10-17 11:30:00+00:00,11.17,71.75,357.0,357.96,195.0,301.5,3.59,275.0,101130.0
1990-10-17 12:30:00+00:00,11.5,66.75,358.0,344.23,200.0,320.85,3.45,270.0,101130.0
1990-10-17 13:30:00+00:00,11.59,66.75,354.0,449.27,163.0,326.85,3.24,264.0,101080.0
1990-10-17 14:30:00+00:00,11.87,64.35,225.0,169.84,165.0,318.95,3.17,257.0,101050.0
1990-10-17 15:30:00+00:00,11.78,64.35,137.0,112.75,109.0,340.2,3.1,250.0,101020.0
1990-10-17 16:30:00+00:00,11.24,69.15,60.0,119.22,46.0,326.3,2.48,235.0,101010.0
1990-10-17 17:30:00+00:00,10.55,71.7,0.0,0.0,0.0,328.6,2.34,222.0,101000.0
1990-10-17 18:30:00+00:00,10.12,74.3,0.0,0.0,0.0,336.95,2.41,215.0,101010.0
1990-10-17 19:30:00+00:00,9.93,77.1,0.0,0.0,0.0,332.5,2.34,214.0,101000.0
1990-10-17 20:30:00+00:00,9.78,79.9,0.0,0.0,0.0,335.55,2.48,217.0,101000.0
1990-10-17 21:30:00+00:00,9.44,79.9,0.0,0.0,0.0,327.45,2.62,226.0,101000.0
1990-10-17 22:30:00+00:00,9.13,82.85,0.0,0.0,0.0,323.4,2.69,231.0,100970.0
1990-10-17 23:30:00+00:00,8.92,82.85,0.0,0.0,0.0,324.55,2.76,233.0,100960.0
1990-10-18 00:30:00+00:00,8.61,85.9,0.0,0.0,0.0,318.95,2.9,233.0,100940.0
1990-10-18 01:30:00+00:00,8.03,89.05,0.0,0.0,0.0,303.75,3.1,231.0,100890.0
1990-10-18 02:30:00+00:00,7.63,92.35,0.0,0.0,0.0,303.25,3.24,228.0,100860.0
1990-10-18 03:30:00+00:00,7.27,92.35,0.0,0.0,0.0,298.4,3.31,228.0,100810.0
1990-10-18 04:30:00+00:00,7.16,92.35,0.0,0.0,0.0,303.65,3.52,229.0,100750.0
1990-10-18 05:30:00+00:00,7.07,92.35,0.0,0.0,0.0,302.1,3.66,229.0,100740.0
1990-10-18 06:30:00+00:00,7.02,92.35,0.0,0.0,0.0,301.7,3.79,231.0,100730.0
1990-10-18 07:30:00+00:00,7.22,95.8,40.0,283.36,21.0,278.1,3.93,234.0,100740.0
1990-10-18 08:30:00+00:00,7.88,92.4,171.0,548.52,59.0,271.5,4.07,234.0,100750.0
1990-10-18 09:30:00+00:00,9.33,89.1,270.0,518.8,105.0,280.05,4.83,234.0,100730.0
1990-10-18 10:30:00+00:00,10.9,77.2,377.0,688.51,101.0,281.95,6.76,248.0,100730.0
1990-10-18 11:30:00+00:00,11.97,69.35,313.0,225.95,212.0,318.55,6.83,252.0,100730.0
1990-10-18 12:30:00+00:00,12.87,64.55,371.0,405.89,187.0,308.65,6.69,253.0,100750.0
1990-10-18 13:30:00+00:00,13.5,60.2,328.0,350.51,181.0,313.5,6.41,251.0,100690.0
1990-10-18 14:30:00+00:00,13.87,58.0,305.0,564.0,109.0,329.55,6.14,250.0,100690.0
1990-10-18 15:30:00+00:00,13.72,60.2,184.0,375.11,93.0,351.85,5.24,242.0,100710.0
1990-10-18 16:30:00+00:00,13.14,62.3,11.0,0.0,11.0,334.6,4.97,240.0,100700.0
1990-10-18 17:30:00+00:00,12.34,64.45,0.0,0.0,0.0,327.45,4.69,239.0,100720.0
1990-10-18 18:30:00+00:00,11.53,69.25,0.0,0.0,0.0,308.3,4.55,238.0,100760.0
1990-10-18 19:30:00+00:00,11.32,74.45,0.0,0.0,0.0,329.75,4.69,240.0,100780.0
1990-10-18 20:30:00+00:00,10.9,77.2,0.0,0.0,0.0,315.05,4.76,239.0,100830.0
1990-10-18 21:30:00+00:00,10.65,80.05,0.0,0.0,0.0,318.75,4.62,236.0,100820.0
1990-10-18 22:30:00+00:00,10.37,86.0,0.0,0.0,0.0,314.1,4.34,235.0,100810.0
1990-10-18 23:30:00+00:00,10.24,86.0,0.0,0.0,0.0,316.05,4.28,234.0,100830.0
1990-10-19 00:30:00+00:00,10.21,86.0,0.0,0.0,0.0,321.25,4.07,228.0,100830.0
1990-10-19 01:30:00+00:00,10.08,86.0,0.0,0.0,0.0,322.9,3.86,222.0,100800.0
1990-10-19 02:30:00+00:00,10.11,89.2,0.0,0.0,0.0,329.4,3.86,220.0,100810.0
1990-10-19 03:30:00+00:00,10.12,89.2,0.0,0.0,0.0,327.85,4.0,220.0,100790.0
1990-10-19 04:30:00+00:00,10.47,86.05,0.0,0.0,0.0,346.2,4.21,217.0,100740.0
1990-10-19 05:30:00+00:00,10.78,89.25,0.0,0.0,0.0,356.1,4.48,215.0,100740.0
1990-10-19 06:30:00+00:00,10.75,89.25,0.0,0.0,0.0,349.9,4.55,213.0,100720.0
1990-10-19 07:30:00+00:00,10.88,92.5,3.0,0.0,3.0,353.95,4.69,213.0,100750.0
1990-10-19 08:30:00+00:00,10.85,92.5,110.0,125.52,85.0,336.95,5.03,210.0,100750.0
1990-10-19 09:30:00+00:00,11.38,86.1,134.0,28.77,125.0,337.1,5.45,207.0,100740.0
1990-10-19 10:30:00+00:00,11.83,83.1,328.0,457.67,147.0,330.55,6.14,208.0,100700.0
1990-10-19 11:30:00+00:00,12.41,72.05,257.0,108.73,209.0,321.65,7.1,211.0,100660.0
1990-10-19 12:30:00+00:00,12.76,72.05,159.0,4.47,157.0,325.1,7.52,211.0,100600.0
1990-10-19 13:30:00+00:00,13.06,67.05,214.0,62.85,188.0,343.9,8.9,215.0,100490.0
1990-10-19 14:30:00+00:00,13.33,67.05,112.0,2.93,111.0,357.45,9.03,216.0,100410.0
1990-10-19 15:30:00+00:00,13.09,69.55,87.0,12.66,84.0,348.55,7.45,212.0,100370.0
1990-10-19 16:30:00+00:00,12.74,72.05,18.0,0.0,18.0,337.9,7.24,212.0,100300.0
1990-10-19 17:30:00+00:00,12.44,69.45,0.0,0.0,0.0,338.3,7.03,212.0,100270.0
1990-10-19 18:30:00+00:00,12.4,74.6,0.0,0.0,0.0,341.55,7.31,212.0,100240.0
1990-10-19 19:30:00+00:00,12.02,77.35,0.0,0.0,0.0,318.95,7.45,216.0,100200.0
1990-10-19 20:30:00+00:00,12.0,80.2,0.0,0.0,0.0,316.2,7.66,217.0,100140.0
1990-10-19 21:30:00+00:00,11.94,80.2,0.0,0.0,0.0,311.55,7.66,216.0,100080.0
1990-10-19 22:30:00+00:00,12.08,80.2,0.0,0.0,0.0,318.35,7.72,215.0,100000.0
1990-10-19 23:30:00+00:00,12.21,83.15,0.0,0.0,0.0,315.65,7.79,213.0,99930.0
1990-10-20 00:30:00+00:00,12.62,83.25,0.0,0.0,0.0,341.2,8.07,212.0,99850.0
1990-10-20 01:30:00+00:00,12.95,80.35,0.0,0.0,0.0,356.6,8.41,210.0,99790.0
1990-10-20 02:30:00+00:00,13.12,80.35,0.0,0.0,0.0,365.55,8.76,209.0,99690.0
1990-10-20 03:30:00+00:00,13.11,80.35,0.0,0.0,0.0,364.4,8.76,207.0,99590.0
1990-10-20 04:30:00+00:00,13.06,80.35,0.0,0.0,0.0,366.15,8.97,205.0,99460.0
1990-10-20 05:30:00+00:00,13.08,80.35,0.0,0.0,0.0,367.9,9.17,205.0,99380.0
1990-10-20 06:30:00+00:00,13.21,83.25,0.0,0.0,0.0,369.05,9.17,207.0,99340.0
1990-10-20 07:30:00+00:00,13.44,80.4,19.0,34.82,17.0,371.2,9.45,209.0,99230.0
1990-10-20 08:30:00+00:00,13.88,83.35,44.0,0.0,44.0,372.35,9.38,211.0,99230.0
1990-10-20 09:30:00+00:00,14.33,83.4,140.0,39.01,128.0,376.4,9.1,217.0,99220.0
1990-10-20 10:30:00+00:00,14.21,83.4,254.0,182.0,183.0,370.8,8.83,227.0,99260.0
1990-10-20 11:30:00+00:00,14.6,77.75,278.0,158.28,209.0,345.65,8.76,234.0,99270.0
1990-10-20 12:30:00+00:00,15.24,67.45,239.0,74.65,206.0,318.55,8.34,234.0,99280.0
1990-10-20 13:30:00+00:00,15.16,60.5,126.0,0.0,126.0,329.4,8.07,233.0,99270.0
1990-10-20 14:30:00+00:00,14.34,60.3,118.0,5.95,116.0,341.95,7.79,232.0,99280.0
1990-10-20 15:30:00+00:00,13.53,62.45,35.0,0.0,35.0,339.05,7.31,228.0,99290.0
1990-10-20 16:30:00+00:00,12.81,66.95,20.0,0.0,20.0,337.7,6.97,224.0,99290.0
1990-10-20 17:30:00+00:00,12.05,69.35,0.0,0.0,0.0,336.55,6.48,222.0,99260.0
1990-10-20 18:30:00+00:00,11.43,71.85,0.0,0.0,0.0,334.0,6.14,221.0,99300.0
1990-10-20 19:30:00+00:00,9.13,79.85,0.0,0.0,0.0,321.85,5.59,221.0,99290.0
1990-10-20 20:30:00+00:00,8.94,79.85,0.0,0.0,0.0,316.8,5.66,224.0,99310.0
1990-10-20 21:30:00+00:00,8.89,79.85,0.0,0.0,0.0,313.7,5.93,230.0,99330.0
1990-10-20 22:30:00+00:00,8.94,79.85,0.0,0.0,0.0,315.65,5.86,230.0,99370.0
1990-10-20 23:30:00+00:00,8.82,82.75,0.0,0.0,0.0,307.7,5.79,230.0,99380.0
1990-10-21 00:30:00+00:00,8.6,82.75,0.0,0.0,0.0,300.95,5.66,232.0,99410.0
1990-10-21 01:30:00+00:00,8.2,82.7,0.0,0.0,0.0,285.75,5.45,231.0,99410.0
1990-10-21 02:30:00+00:00,7.67,82.65,0.0,0.0,0.0,271.7,5.45,233.0,99440.0
1990-10-21 03:30:00+00:00,7.07,82.6,0.0,0.0,0.0,256.6,5.38,238.0,99470.0
1990-10-21 04:30:00+00:00,6.72,79.55,0.0,0.0,0.0,262.6,5.17,247.0,99520.0
1990-10-21 05:30:00+00:00,6.71,79.55,0.0,0.0,0.0,284.5,4.9,253.0,99580.0
1990-10-21 06:30:00+00:00,6.27,82.55,0.0,0.0,0.0,264.15,4.55,251.0,99640.0
1990-10-21 07:30:00+00:00,6.4,79.55,29.0,227.96,17.0,261.25,5.03,251.0,99720.0
1990-10-21 08:30:00+00:00,7.11,82.6,152.0,470.48,63.0,263.6,5.59,252.0,99800.0
1990-10-21 09:30:00+00:00,8.01,76.8,280.0,661.29,80.0,255.85,5.52,253.0,99880.0
1990-10-21 10:30:00+00:00,8.83,68.7,371.0,712.18,97.0,262.05,6.97,267.0,99970.0
1990-10-21 11:30:00+00:00,9.33,63.8,298.0,206.76,209.0,277.5,6.9,272.0,100020.0
1990-10-21 12:30:00+00:00,9.8,59.25,413.0,646.11,131.0,266.5,6.76,275.0,100110.0
1990-10-21 13:30:00+00:00,9.94,55.05,364.0,569.14,135.0,271.9,6.28,276.0,100160.0
1990-10-21 14:30:00+00:00,10.1,52.95,308.0,659.65,90.0,258.55,5.86,276.0,100210.0
1990-10-21 15:30:00+00:00,9.86,54.9,195.0,567.1,67.0,262.6,5.03,271.0,100250.0
1990-10-21 16:30:00+00:00,9.23,59.15,66.0,367.67,31.0,258.95,3.86,261.0,100300.0
1990-10-21 17:30:00+00:00,8.01,61.2,0.0,0.0,0.0,257.2,3.52,248.0,100370.0
1990-10-21 18:30:00+00:00,6.9,68.4,0.0,0.0,0.0,251.95,3.45,238.0,100420.0
1990-10-21 19:30:00+00:00,6.48,65.85,0.0,0.0,0.0,249.05,4.0,236.0,100470.0
1990-10-21 20:30:00+00:00,6.06,68.3,0.0,0.0,0.0,249.05,3.93,236.0,100520.0
1990-10-21 21:30:00+00:00,5.6,70.85,0.0,0.0,0.0,249.05,3.79,231.0,100560.0
1990-10-21 22:30:00+00:00,5.17,73.55,0.0,0.0,0.0,248.65,3.79,226.0,100590.0
1990-10-21 23:30:00+00:00,4.85,73.55,0.0,0.0,0.0,247.3,3.93,226.0,100620.0
1990-10-22 00:30:00+00:00,4.63,79.3,0.0,0.0,0.0,246.35,4.0,227.0,100630.0
1990-10-22 01:30:00+00:00,4.5,79.3,0.0,0.0,0.0,245.9,4.07,226.0,100640.0
1990-10-22 02:30:00+00:00,4.43,79.3,0.0,0.0,0.0,246.75,4.14,225.0,100670.0
1990-10-22 03:30:00+00:00,4.33,79.3,0.0,0.0,0.0,246.75,4.14,225.0,100650.0
1990-10-22 04:30:00+00:00,4.31,85.5,0.0,0.0,0.0,251.0,4.14,224.0,100650.0
1990-10-22 05:30:00+00:00,4.39,82.35,0.0,0.0,0.0,256.6,4.07,224.0,100660.0
1990-10-22 06:30:00+00:00,4.52,82.35,0.0,0.0,0.0,261.65,4.07,227.0,100730.0
1990-10-22 07:30:00+00:00,4.67,85.55,24.0,209.0,14.0,269.2,4.0,228.0,100800.0
1990-10-22 08:30:00+00:00,5.63,82.5,145.0,461.53,60.0,268.6,3.93,231.0,100910.0
1990-10-22 09:30:00+00:00,7.17,82.6,192.0,185.03,137.0,263.4,4.0,233.0,100980.0
1990-10-22 10:30:00+00:00,8.68,76.85,353.0,645.79,108.0,268.8,4.55,242.0,101050.0
1990-10-22 11:30:00+00:00,9.83,68.9,266.0,138.84,207.0,272.85,5.52,263.0,101090.0
1990-10-22 12:30:00+00:00,10.54,64.1,264.0,125.32,210.0,298.05,5.38,265.0,101110.0
1990-10-22 13:30:00+00:00,11.11,61.85,373.0,660.36,111.0,315.45,5.17,265.0,101140.0
1990-10-22 14:30:00+00:00,11.24,61.85,281.0,523.25,111.0,327.85,4.41,259.0,101170.0
1990-10-22 15:30:00+00:00,11.32,61.85,179.0,476.86,74.0,336.75,4.0,254.0,101230.0
1990-10-22 16:30:00+00:00,10.74,64.1,59.0,322.97,30.0,305.4,3.1,243.0,101280.0
1990-10-22 17:30:00+00:00,9.16,71.4,0.0,0.0,0.0,278.65,2.97,229.0,101320.0
1990-10-22 18:30:00+00:00,7.82,79.65,0.0,0.0,0.0,263.6,3.17,224.0,101380.0
1990-10-22 19:30:00+00:00,7.26,82.6,0.0,0.0,0.0,264.95,3.31,218.0,101390.0
1990-10-22 20:30:00+00:00,7.02,82.6,0.0,0.0,0.0,273.85,3.59,217.0,101410.0
1990-10-22 21:30:00+00:00,6.83,82.6,0.0,0.0,0.0,275.95,3.79,217.0,101430.0
1990-10-22 22:30:00+00:00,7.02,82.6,0.0,0.0,0.0,293.2,4.0,215.0,101410.0
1990-10-22 23:30:00+00:00,7.42,82.65,0.0,0.0,0.0,312.95,4.21,209.0,101360.0
1990-10-23 00:30:00+00:00,7.81,85.8,0.0,0.0,0.0,322.8,4.69,207.0,101280.0
1990-10-23 01:30:00+00:00,8.08,85.85,0.0,0.0,0.0,319.6,5.17,210.0,101250.0
1990-10-23 02:30:00+00:00,8.47,85.9,0.0,0.0,0.0,326.3,5.59,211.0,101230.0
1990-10-23 03:30:00+00:00,8.66,85.9,0.0,0.0,0.0,322.6,5.79,208.0,101120.0
1990-10-23 04:30:00+00:00,8.98,85.95,0.0,0.0,0.0,332.3,6.21,208.0,101050.0
1990-10-23 05:30:00+00:00,9.14,85.95,0.0,0.0,0.0,326.1,6.48,208.0,100980.0
1990-10-23 06:30:00+00:00,9.4,82.9,0.0,0.0,0.0,328.6,6.9,209.0,100890.0
1990-10-23 07:30:00+00:00,9.55,85.95,5.0,0.0,5.0,321.25,7.03,205.0,100870.0
1990-10-23 08:30:00+00:00,10.12,82.95,33.0,0.0,33.0,324.35,7.52,206.0,100840.0
1990-10-23 09:30:00+00:00,10.92,80.1,114.0,17.12,109.0,323.55,8.14,208.0,100800.0
1990-10-23 10:30:00+00:00,11.72,80.15,203.0,85.55,171.0,321.05,7.17,204.0,100760.0
1990-10-23 11:30:00+00:00,12.25,77.35,75.0,0.0,75.0,343.5,7.79,200.0,100650.0
1990-10-23 12:30:00+00:00,12.87,74.7,36.0,0.0,36.0,343.7,10.07,207.0,100560.0
1990-10-23 13:30:00+00:00,12.6,77.45,72.0,0.0,72.0,345.05,9.45,208.0,100440.0
1990-10-23 14:30:00+00:00,12.68,77.45,79.0,0.0,79.0,334.2,9.59,211.0,100370.0
1990-10-23 15:30:00+00:00,12.56,74.7,48.0,0.0,48.0,353.4,9.66,213.0,100320.0
1990-10-23 16:30:00+00:00,12.0,80.2,29.0,23.68,27.0,346.2,9.59,213.0,100300.0
1990-10-23 17:30:00+00:00,11.57,83.1,0.0,0.0,0.0,348.55,9.79,211.0,100250.0
1990-10-23 18:30:00+00:00,11.62,83.1,0.0,0.0,0.0,358.6,9.79,210.0,100230.0
1990-10-23 19:30:00+00:00,12.37,77.35,0.0,0.0,0.0,353.75,10.07,210.0,100160.0
1990-10-23 20:30:00+00:00,12.38,80.2,0.0,0.0,0.0,362.3,9.72,211.0,100190.0
1990-10-23 21:30:00+00:00,12.45,77.45,0.0,0.0,0.0,364.8,9.24,213.0,100190.0
1990-10-23 22:30:00+00:00,12.58,80.3,0.0,0.0,0.0,365.55,8.69,212.0,100210.0
1990-10-23 23:30:00+00:00,12.73,83.25,0.0,0.0,0.0,367.7,8.34,213.0,100210.0
1990-10-24 00:30:00+00:00,12.88,83.25,0.0,0.0,0.0,368.65,8.07,214.0,100210.0
1990-10-24 01:30:00+00:00,13.09,83.25,0.0,0.0,0.0,370.9,7.03,221.0,100220.0
1990-10-24 02:30:00+00:00,12.89,89.4,0.0,0.0,0.0,371.75,5.38,250.0,100320.0
1990-10-24 03:30:00+00:00,11.81,86.15,0.0,0.0,0.0,367.3,5.03,279.0,100420.0
1990-10-24 04:30:00+00:00,10.41,77.15,0.0,0.0,0.0,338.85,4.28,276.0,100500.0
1990-10-24 05:30:00+00:00,9.3,79.85,0.0,0.0,0.0,309.85,3.59,260.0,100580.0
1990-10-24 06:30:00+00:00,8.19,82.7,0.0,0.0,0.0,281.0,3.45,248.0,100690.0
1990-10-24 07:30:00+00:00,7.16,85.75,4.0,0.0,4.0,264.35,3.52,248.0,100840.0
1990-10-24 08:30:00+00:00,7.65,82.65,74.0,40.18,67.0,281.0,3.66,248.0,100950.0
1990-10-24 09:30:00+00:00,8.61,79.75,189.0,202.15,131.0,283.7,3.31,246.0,101020.0
1990-10-24 10:30:00+00:00,9.84,74.2,310.0,452.92,143.0,275.95,4.34,250.0,101100.0
1990-10-24 11:30:00+00:00,10.76,66.55,407.0,746.26,98.0,265.1,5.31,260.0,101170.0
1990-10-24 12:30:00+00:00,11.34,61.85,410.0,731.23,103.0,263.6,5.45,264.0,101220.0
1990-10-24 13:30:00+00:00,11.63,59.7,356.0,619.7,117.0,267.85,5.52,265.0,101220.0
1990-10-24 14:30:00+00:00,11.65,55.4,230.0,286.74,140.0,278.3,5.31,268.0,101290.0
1990-10-24 15:30:00+00:00,11.36,57.4,132.0,191.08,92.0,281.75,4.34,267.0,101370.0
1990-10-24 16:30:00+00:00,10.76,59.5,48.0,252.54,28.0,292.4,3.45,252.0,101440.0
1990-10-24 17:30:00+00:00,9.07,66.25,0.0,0.0,0.0,266.1,3.1,237.0,101520.0
1990-10-24 18:30:00+00:00,7.94,68.6,0.0,0.0,0.0,260.1,3.31,234.0,101670.0
1990-10-24 19:30:00+00:00,7.61,73.9,0.0,0.0,0.0,259.15,3.66,229.0,101730.0
1990-10-24 20:30:00+00:00,7.19,76.65,0.0,0.0,0.0,260.1,3.66,226.0,101790.0
1990-10-24 21:30:00+00:00,6.72,79.55,0.0,0.0,0.0,255.65,3.72,223.0,101850.0
1990-10-24 22:30:00+00:00,6.44,79.55,0.0,0.0,0.0,256.05,3.86,218.0,101920.0
1990-10-24 23:30:00+00:00,6.19,85.7,0.0,0.0,0.0,256.2,3.86,218.0,101910.0
1990-10-25 00:30:00+00:00,6.01,85.7,0.0,0.0,0.0,256.05,3.72,222.0,101950.0
1990-10-25 01:30:00+00:00,5.66,88.9,0.0,0.0,0.0,255.15,3.66,227.0,101930.0
1990-10-25 02:30:00+00:00,5.49,88.9,0.0,0.0,0.0,253.9,3.66,225.0,101940.0
1990-10-25 03:30:00+00:00,5.31,92.25,0.0,0.0,0.0,253.9,3.66,219.0,101890.0
1990-10-25 04:30:00+00:00,5.12,92.25,0.0,0.0,0.0,252.95,3.86,209.0,101830.0
1990-10-25 05:30:00+00:00,5.05,92.25,0.0,0.0,0.0,254.3,4.14,206.0,101800.0
1990-10-25 06:30:00+00:00,5.17,92.25,0.0,0.0,0.0,260.3,4.34,206.0,101790.0
1990-10-25 07:30:00+00:00,5.84,88.95,8.0,0.0,8.0,287.2,5.31,201.0,101730.0
1990-10-25 08:30:00+00:00,6.5,85.75,68.0,35.45,62.0,280.4,6.07,202.0,101730.0
1990-10-25 09:30:00+00:00,7.49,82.65,165.0,134.86,127.0,281.2,5.93,202.0,101670.0
1990-10-25 10:30:00+00:00,8.62,76.85,220.0,137.58,170.0,301.3,6.9,202.0,101580.0
1990-10-25 11:30:00+00:00,9.53,77.0,143.0,4.89,141.0,317.75,7.31,204.0,101490.0
1990-10-25 12:30:00+00:00,10.83,71.7,112.0,0.0,112.0,327.05,9.52,212.0,101380.0
1990-10-25 13:30:00+00:00,11.62,66.75,124.0,2.63,123.0,323.95,9.52,216.0,101240.0
1990-10-25 14:30:00+00:00,12.0,69.35,49.0,0.0,49.0,342.95,8.34,215.0,101150.0
1990-10-25 15:30:00+00:00,12.11,69.35,55.0,0.0,55.0,341.95,8.34,217.0,101060.0
1990-10-25 16:30:00+00:00,11.91,69.35,21.0,13.51,20.0,337.1,7.93,219.0,101010.0
1990-10-25 17:30:00+00:00,11.67,71.85,0.0,0.0,0.0,328.6,7.59,220.0,100980.0
1990-10-25 18:30:00+00:00,11.52,74.55,0.0,0.0,0.0,324.75,7.59,219.0,100950.0
1990-10-25 19:30:00+00:00,11.67,77.3,0.0,0.0,0.0,345.65,8.0,221.0,100870.0
1990-10-25 20:30:00+00:00,11.93,77.35,0.0,0.0,0.0,360.95,8.07,220.0,100790.0
1990-10-25 21:30:00+00:00,12.15,83.15,0.0,0.0,0.0,362.3,8.41,219.0,100730.0
1990-10-25 22:30:00+00:00,12.39,86.2,0.0,0.0,0.0,357.65,8.62,219.0,100650.0
1990-10-25 23:30:00+00:00,12.71,86.25,0.0,0.0,0.0,358.4,8.62,219.0,100610.0
1990-10-26 00:30:00+00:00,13.11,86.3,0.0,0.0,0.0,371.95,8.55,219.0,100540.0
1990-10-26 01:30:00+00:00,13.51,89.45,0.0,0.0,0.0,374.4,8.07,222.0,100490.0
1990-10-26 02:30:00+00:00,13.56,92.65,0.0,0.0,0.0,376.2,7.24,225.0,100440.0
1990-10-26 03:30:00+00:00,13.7,95.95,0.0,0.0,0.0,377.75,6.34,232.0,100380.0
1990-10-26 04:30:00+00:00,13.59,95.95,0.0,0.0,0.0,376.4,6.21,241.0,100370.0
1990-10-26 05:30:00+00:00,13.15,92.65,0.0,0.0,0.0,370.2,5.66,256.0,100400.0
1990-10-26 06:30:00+00:00,12.29,92.6,0.0,0.0,0.0,365.2,4.62,273.0,100440.0
1990-10-26 07:30:00+00:00,12.63,86.25,6.0,0.0,6.0,356.85,4.62,256.0,100430.0
1990-10-26 08:30:00+00:00,12.14,86.2,27.0,0.0,27.0,351.25,4.21,256.0,100470.0
1990-10-26 09:30:00+00:00,11.87,89.3,51.0,0.0,51.0,346.8,4.28,242.0,100450.0
1990-10-26 10:30:00+00:00,12.0,83.15,165.0,39.09,151.0,334.0,4.97,239.0,100410.0
1990-10-26 11:30:00+00:00,12.62,80.3,139.0,4.96,137.0,322.6,5.38,244.0,100410.0
1990-10-26 12:30:00+00:00,13.01,74.75,387.0,701.81,100.0,301.1,6.41,254.0,100390.0
1990-10-26 13:30:00+00:00,13.08,69.55,330.0,568.36,117.0,310.4,6.41,259.0,100320.0
1990-10-26 14:30:00+00:00,12.97,64.65,187.0,161.68,138.0,315.65,6.28,259.0,100300.0
1990-10-26 15:30:00+00:00,12.25,69.35,165.0,538.39,58.0,296.5,6.28,261.0,100280.0
1990-10-26 16:30:00+00:00,11.26,69.15,37.0,188.71,24.0,300.15,6.0,263.0,100300.0
1990-10-26 17:30:00+00:00,10.27,71.6,0.0,0.0,0.0,299.75,5.24,259.0,100290.0
1990-10-26 18:30:00+00:00,9.69,71.5,0.0,0.0,0.0,301.9,5.24,254.0,100310.0
1990-10-26 19:30:00+00:00,8.86,76.85,0.0,0.0,0.0,274.05,5.03,251.0,100290.0
1990-10-26 20:30:00+00:00,8.53,74.05,0.0,0.0,0.0,280.05,4.9,252.0,100280.0
1990-10-26 21:30:00+00:00,8.18,76.8,0.0,0.0,0.0,281.75,4.69,255.0,100250.0
1990-10-26 22:30:00+00:00,7.87,76.8,0.0,0.0,0.0,283.3,4.62,254.0,100230.0
1990-10-26 23:30:00+00:00,7.32,82.6,0.0,0.0,0.0,267.25,4.48,254.0,100200.0
1990-10-27 00:30:00+00:00,7.14,79.55,0.0,0.0,0.0,277.3,4.34,258.0,100160.0
1990-10-27 01:30:00+00:00,6.92,79.55,0.0,0.0,0.0,281.3,4.28,262.0,100120.0
1990-10-27 02:30:00+00:00,6.61,76.65,0.0,0.0,0.0,281.2,4.21,262.0,100050.0
1990-10-27 03:30:00+00:00,6.04,76.55,0.0,0.0,0.0,262.2,4.14,263.0,100000.0
1990-10-27 04:30:00+00:00,5.54,79.4,0.0,0.0,0.0,256.6,4.0,265.0,99940.0
1990-10-27 05:30:00+00:00,5.26,82.4,0.0,0.0,0.0,261.45,3.86,268.0,99950.0
1990-10-27 06:30:00+00:00,4.65,85.55,0.0,0.0,0.0,248.5,3.66,264.0,99950.0
1990-10-27 07:30:00+00:00,4.4,85.55,6.0,0.0,6.0,257.6,3.86,267.0,99980.0
1990-10-27 08:30:00+00:00,4.62,88.85,124.0,451.83,52.0,243.65,3.93,268.0,100000.0
1990-10-27 09:30:00+00:00,5.82,82.5,240.0,581.91,82.0,250.05,4.28,269.0,99980.0
1990-10-27 10:30:00+00:00,6.84,73.8,285.0,393.88,146.0,253.9,5.72,282.0,100000.0
1990-10-27 11:30:00+00:00,7.6,68.5,368.0,613.17,124.0,256.2,6.0,284.0,100010.0
1990-10-27 12:30:00+00:00,8.17,63.6,377.0,626.93,124.0,264.75,6.14,287.0,100010.0
1990-10-27 13:30:00+00:00,8.26,61.2,370.0,787.79,79.0,281.0,5.93,290.0,99960.0
1990-10-27 14:30:00+00:00,8.38,59.0,141.0,43.66,128.0,272.65,6.0,293.0,99940.0
1990-10-27 15:30:00+00:00,8.06,63.6,120.0,186.01,84.0,260.65,5.31,292.0,99950.0
1990-10-27 16:30:00+00:00,7.46,68.5,34.0,187.95,22.0,271.9,4.41,286.0,99980.0
1990-10-27 17:30:00+00:00,6.34,73.7,0.0,0.0,0.0,258.15,4.14,284.0,100000.0
1990-10-27 18:30:00+00:00,5.76,79.4,0.0,0.0,0.0,260.1,4.0,285.0,100060.0
1990-10-27 19:30:00+00:00,4.98,85.6,0.0,0.0,0.0,258.15,3.31,289.0,100090.0
1990-10-27 20:30:00+00:00,4.34,88.85,0.0,0.0,0.0,248.65,3.17,286.0,100140.0
1990-10-27 21:30:00+00:00,3.82,92.15,0.0,0.0,0.0,244.4,3.1,288.0,100180.0
1990-10-27 22:30:00+00:00,3.42,92.15,0.0,0.0,0.0,244.2,2.9,292.0,100200.0
1990-10-27 23:30:00+00:00,3.01,92.15,0.0,0.0,0.0,243.25,2.69,295.0,100220.0
1990-10-28 00:30:00+00:00,2.65,92.15,0.0,0.0,0.0,244.05,2.62,296.0,100240.0
1990-10-28 01:30:00+00:00,2.22,92.1,0.0,0.0,0.0,238.9,2.62,295.0,100230.0
1990-10-28 02:30:00+00:00,1.9,92.1,0.0,0.0,0.0,237.45,2.62,292.0,100240.0
1990-10-28 03:30:00+00:00,1.56,92.05,0.0,0.0,0.0,235.7,2.62,289.0,100200.0
1990-10-28 04:30:00+00:00,1.37,92.05,0.0,0.0,0.0,238.6,2.62,284.0,100170.0
1990-10-28 05:30:00+00:00,1.17,92.05,0.0,0.0,0.0,233.75,2.69,280.0,100190.0
1990-10-28 06:30:00+00:00,1.1,92.05,0.0,0.0,0.0,233.6,2.83,278.0,100180.0
1990-10-28 07:30:00+00:00,1.19,95.65,0.0,0.0,0.0,236.65,2.76,272.0,100200.0
1990-10-28 08:30:00+00:00,1.92,92.1,61.0,25.9,57.0,240.35,2.69,271.0,100220.0
1990-10-28 09:30:00+00:00,3.64,88.75,42.0,0.0,42.0,239.95,2.83,272.0,100200.0
1990-10-28 10:30:00+00:00,5.12,82.4,208.0,120.8,166.0,250.2,3.38,282.0,100190.0
1990-10-28 11:30:00+00:00,6.05,73.7,110.0,0.0,110.0,262.6,3.1,292.0,100150.0
1990-10-28 12:30:00+00:00,6.53,73.8,106.0,0.0,106.0,285.05,2.48,299.0,100120.0
1990-10-28 13:30:00+00:00,6.21,76.55,99.0,0.0,99.0,281.0,1.72,312.0,100040.0
1990-10-28 14:30:00+00:00,5.02,79.35,70.0,0.0,70.0,294.35,2.0,349.0,100020.0
1990-10-28 15:30:00+00:00,3.59,85.45,61.0,5.31,60.0,300.95,3.66,9.0,100080.0
1990-10-28 16:30:00+00:00,2.63,92.15,12.0,0.0,12.0,307.7,3.59,20.0,100140.0
1990-10-28 17:30:00+00:00,2.36,85.35,0.0,0.0,0.0,291.25,3.38,24.0,100230.0
1990-10-28 18:30:00+00:00,2.08,82.05,0.0,0.0,0.0,278.85,3.17,22.0,100320.0
1990-10-28 19:30:00+00:00,1.55,95.65,0.0,0.0,0.0,308.85,3.03,12.0,100350.0
1990-10-28 20:30:00+00:00,1.46,92.05,0.0,0.0,0.0,285.25,2.76,352.0,100420.0
1990-10-28 21:30:00+00:00,1.1,88.55,0.0,0.0,0.0,265.5,2.76,334.0,100480.0
1990-10-28 22:30:00+00:00,0.24,88.45,0.0,0.0,0.0,233.2,2.69,325.0,100480.0
1990-10-28 23:30:00+00:00,-0.73,88.4,0.0,0.0,0.0,215.6,2.55,313.0,100490.0
1990-10-29 00:30:00+00:00,-1.61,84.95,0.0,0.0,0.0,208.8,2.55,302.0,100450.0
1990-10-29 01:30:00+00:00,-2.07,81.55,0.0,0.0,0.0,208.15,2.76,294.0,100450.0
1990-10-29 02:30:00+00:00,-2.14,81.55,0.0,0.0,0.0,211.5,2.97,286.0,100410.0
1990-10-29 03:30:00+00:00,-1.95,81.55,0.0,0.0,0.0,217.15,3.1,282.0,100370.0
1990-10-29 04:30:00+00:00,-1.73,88.3,0.0,0.0,0.0,219.65,3.03,278.0,100320.0
1990-10-29 05:30:00+00:00,-1.42,91.9,0.0,0.0,0.0,225.65,2.97,272.0,100320.0
1990-10-29 06:30:00+00:00,-1.3,95.6,0.0,0.0,0.0,224.85,2.97,264.0,100290.0
1990-10-29 07:30:00+00:00,-1.03,91.95,0.0,0.0,0.0,224.3,2.97,267.0,100250.0
1990-10-29 08:30:00+00:00,-0.47,91.95,100.0,267.5,60.0,224.1,2.69,255.0,100200.0
1990-10-29 09:30:00+00:00,1.23,92.05,229.0,554.79,84.0,229.9,2.69,243.0,100150.0
1990-10-29 10:30:00+00:00,2.98,85.4,334.0,727.06,85.0,229.15,3.17,242.0,100100.0
1990-10-29 11:30:00+00:00,4.19,82.3,380.0,730.62,97.0,233.75,3.59,241.0,100040.0
1990-10-29 12:30:00+00:00,4.91,73.55,391.0,755.9,94.0,240.35,3.72,235.0,99920.0
1990-10-29 13:30:00+00:00,5.12,68.1,222.0,133.78,174.0,249.85,3.86,221.0,99770.0
1990-10-29 14:30:00+00:00,4.98,68.1,217.0,316.72,126.0,261.25,4.0,206.0,99640.0
1990-10-29 15:30:00+00:00,4.63,70.7,100.0,109.07,80.0,259.3,3.72,189.0,99500.0
1990-10-29 16:30:00+00:00,4.11,73.4,18.0,0.0,18.0,269.4,3.79,184.0,99430.0
1990-10-29 17:30:00+00:00,3.46,73.3,0.0,0.0,0.0,277.7,3.52,178.0,99350.0
1990-10-29 18:30:00+00:00,3.11,73.2,0.0,0.0,0.0,281.0,3.59,166.0,99280.0
1990-10-29 19:30:00+00:00,2.65,82.15,0.0,0.0,0.0,274.2,3.59,156.0,99210.0
1990-10-29 20:30:00+00:00,2.5,82.15,0.0,0.0,0.0,277.5,3.66,152.0,99100.0
1990-10-29 21:30:00+00:00,2.4,82.15,0.0,0.0,0.0,278.85,3.59,145.0,99050.0
1990-10-29 22:30:00+00:00,1.99,82.05,0.0,0.0,0.0,265.5,3.59,132.0,99010.0
1990-10-29 23:30:00+00:00,1.88,82.05,0.0,0.0,0.0,275.2,3.79,122.0,98970.0
1990-10-30 00:30:00+00:00,1.59,82.0,0.0,0.0,0.0,272.65,3.52,113.0,98900.0
1990-10-30 01:30:00+00:00,1.18,85.2,0.0,0.0,0.0,268.35,3.31,102.0,98860.0
1990-10-30 02:30:00+00:00,0.7,85.15,0.0,0.0,0.0,261.85,3.24,86.0,98830.0
1990-10-30 03:30:00+00:00,0.41,85.15,0.0,0.0,0.0,260.3,3.38,69.0,98800.0
1990-10-30 04:30:00+00:00,0.72,85.15,0.0,0.0,0.0,274.8,3.66,57.0,98770.0
1990-10-30 05:30:00+00:00,1.03,81.95,0.0,0.0,0.0,275.75,3.93,47.0,98760.0
1990-10-30 06:30:00+00:00,1.36,82.0,0.0,0.0,0.0,274.05,4.41,41.0,98810.0
1990-10-30 07:30:00+00:00,1.82,88.65,0.0,0.0,0.0,284.65,4.07,49.0,98840.0
1990-10-30 08:30:00+00:00,2.25,92.1,42.0,6.91,41.0,275.0,4.28,48.0,98900.0
1990-10-30 09:30:00+00:00,3.05,88.7,119.0,46.82,107.0,272.85,4.41,48.0,98960.0
1990-10-30 10:30:00+00:00,4.7,85.55,180.0,74.12,155.0,276.75,4.55,46.0,99020.0
1990-10-30 11:30:00+00:00,5.66,79.4,163.0,20.94,155.0,279.45,5.1,50.0,99060.0
1990-10-30 12:30:00+00:00,6.26,73.7,78.0,0.0,78.0,278.3,6.28,54.0,99110.0
1990-10-30 13:30:00+00:00,6.26,73.7,77.0,0.0,77.0,277.1,5.93,50.0,99120.0
1990-10-30 14:30:00+00:00,6.08,76.55,152.0,85.04,128.0,281.2,6.62,46.0,99200.0
1990-10-30 15:30:00+00:00,5.88,79.5,140.0,448.46,60.0,279.25,6.83,42.0,99250.0
1990-10-30 16:30:00+00:00,5.1,85.6,16.0,0.0,16.0,267.25,5.72,38.0,99320.0
1990-10-30 17:30:00+00:00,4.47,85.55,0.0,0.0,0.0,269.75,5.52,36.0,99430.0
1990-10-30 18:30:00+00:00,4.12,85.5,0.0,0.0,0.0,270.95,5.1,33.0,99500.0
1990-10-30 19:30:00+00:00,3.17,88.7,0.0,0.0,0.0,252.35,4.62,25.0,99550.0
1990-10-30 20:30:00+00:00,2.72,85.35,0.0,0.0,0.0,249.45,4.28,16.0,99600.0
1990-10-30 21:30:00+00:00,2.4,82.15,0.0,0.0,0.0,249.65,4.21,10.0,99650.0
1990-10-30 22:30:00+00:00,2.27,85.3,0.0,0.0,0.0,251.95,4.41,9.0,99710.0
1990-10-30 23:30:00+00:00,2.37,82.15,0.0,0.0,0.0,264.55,4.48,8.0,99740.0
1990-10-31 00:30:00+00:00,2.04,88.65,0.0,0.0,0.0,245.95,4.48,5.0,99760.0
1990-10-31 01:30:00+00:00,2.07,88.65,0.0,0.0,0.0,255.75,4.34,3.0,99750.0
1990-10-31 02:30:00+00:00,1.81,88.65,0.0,0.0,0.0,243.85,4.14,1.0,99760.0
1990-10-31 03:30:00+00:00,1.66,92.05,0.0,0.0,0.0,240.75,4.21,359.0,99760.0
1990-10-31 04:30:00+00:00,1.73,92.05,0.0,0.0,0.0,241.3,4.41,0.0,99770.0
1990-10-31 05:30:00+00:00,1.86,92.1,0.0,0.0,0.0,245.0,4.62,4.0,99780.0
1990-10-31 06:30:00+00:00,1.87,92.1,0.0,0.0,0.0,242.3,4.69,5.0,99830.0
1990-10-31 07:30:00+00:00,1.72,95.65,0.0,0.0,0.0,232.4,4.62,360.0,99920.0
1990-10-31 08:30:00+00:00,2.06,92.1,103.0,393.43,48.0,232.4,4.62,1.0,99970.0
1990-10-31 09:30:00+00:00,3.33,88.75,221.0,580.97,75.0,254.85,4.41,2.0,100000.0
1990-10-31 10:30:00+00:00,4.61,82.35,310.0,656.27,92.0,255.65,6.48,7.0,100030.0
1990-10-31 11:30:00+00:00,5.68,76.5,353.0,636.75,113.0,280.4,6.28,12.0,100040.0
1990-10-31 12:30:00+00:00,6.35,68.4,326.0,460.18,150.0,315.45,5.79,15.0,100070.0
1990-10-31 13:30:00+00:00,6.62,68.4,217.0,140.63,168.0,321.05,4.62,14.0,100050.0
1990-10-31 14:30:00+00:00,6.68,68.4,164.0,129.89,128.0,286.6,4.28,13.0,100060.0
1990-10-31 15:30:00+00:00,6.59,71.05,117.0,259.38,72.0,284.65,3.38,12.0,100080.0
1990-10-31 16:30:00+00:00,3.57,90.05,13.0,0.0,13.0,264.0,2.67,6.0,100100.0
1990-10-31 17:30:00+00:00,3.55,87.8,0.0,0.0,0.0,261.31,2.81,3.0,100150.0
1990-10-31 18:30:00+00:00,3.52,85.55,0.0,0.0,0.0,258.62,2.94,4.0,100190.0
1990-10-31 19:30:00+00:00,3.49,83.3,0.0,0.0,0.0,255.93,3.07,3.0,100230.0
1990-10-31 20:30:00+00:00,3.46,81.06,0.0,0.0,0.0,253.24,3.2,6.0,100250.0
1990-10-31 21:30:00+00:00,3.43,78.81,0.0,0.0,0.0,250.55,3.33,6.0,100260.0
1990-10-31 22:30:00+00:00,3.4,76.56,0.0,0.0,0.0,247.86,3.47,8.0,100300.0
1990-10-31 23:30:00+00:00,3.38,74.31,0.0,0.0,0.0,245.18,3.6,13.0,100290.0
1990-11-01 00:30:00+00:00,3.35,72.06,0.0,0.0,0.0,242.49,3.73,327.0,101200.0
1990-11-01 01:30:00+00:00,3.32,69.81,0.0,0.0,0.0,239.8,3.86,326.0,101300.0
1990-11-01 02:30:00+00:00,3.29,67.56,0.0,0.0,0.0,237.11,3.99,326.0,101390.0
1990-11-01 03:30:00+00:00,3.26,65.31,0.0,0.0,0.0,234.42,4.13,326.0,101450.0
1990-11-01 04:30:00+00:00,3.24,63.06,0.0,0.0,0.0,231.73,4.26,327.0,101500.0
1990-11-01 05:30:00+00:00,3.21,60.81,0.0,0.0,0.0,229.04,4.39,325.0,101600.0
1990-11-01 06:30:00+00:00,3.18,58.56,0.0,0.0,0.0,226.35,4.52,325.0,101690.0
1990-11-01 07:30:00+00:00,3.15,56.31,0.0,0.0,0.0,223.67,4.65,325.0,101780.0
1990-11-01 08:30:00+00:00,3.27,67.7,114.0,529.34,40.0,233.95,4.28,326.0,101890.0
1990-11-01 09:30:00+00:00,4.41,67.9,232.0,668.51,64.0,233.95,3.72,323.0,101980.0
1990-11-01 10:30:00+00:00,5.7,60.75,329.0,776.68,71.0,236.65,4.55,327.0,102060.0
1990-11-01 11:30:00+00:00,6.77,56.45,373.0,761.44,86.0,239.4,4.76,334.0,102130.0
1990-11-01 12:30:00+00:00,7.53,54.55,379.0,763.48,87.0,242.1,4.69,337.0,102160.0
1990-11-01 13:30:00+00:00,7.98,54.55,342.0,749.06,81.0,244.2,4.55,335.0,102200.0
1990-11-01 14:30:00+00:00,8.1,52.6,253.0,631.41,78.0,245.2,4.34,335.0,102250.0
1990-11-01 15:30:00+00:00,7.85,56.7,114.0,236.32,73.0,245.4,3.72,334.0,102280.0
1990-11-01 16:30:00+00:00,6.92,61.0,14.0,0.0,14.0,244.2,3.03,332.0,102320.0
1990-11-01 17:30:00+00:00,5.49,65.65,0.0,0.0,0.0,248.3,2.76,331.0,102380.0
1990-11-01 18:30:00+00:00,4.56,70.7,0.0,0.0,0.0,247.9,2.76,331.0,102440.0
1990-11-01 19:30:00+00:00,4.0,73.4,0.0,0.0,0.0,242.1,2.9,324.0,102450.0
1990-11-01 20:30:00+00:00,3.55,73.3,0.0,0.0,0.0,244.6,2.9,324.0,102500.0
1990-11-01 21:30:00+00:00,3.04,76.1,0.0,0.0,0.0,236.1,2.97,324.0,102550.0
1990-11-01 22:30:00+00:00,2.69,76.0,0.0,0.0,0.0,235.7,2.97,325.0,102570.0
1990-11-01 23:30:00+00:00,2.4,78.95,0.0,0.0,0.0,235.5,2.9,326.0,102600.0
1990-11-02 00:30:00+00:00,2.08,75.95,0.0,0.0,0.0,234.35,2.83,329.0,102600.0
1990-11-02 01:30:00+00:00,1.8,78.9,0.0,0.0,0.0,234.05,2.69,332.0,102600.0
1990-11-02 02:30:00+00:00,1.5,78.9,0.0,0.0,0.0,233.2,2.62,332.0,102580.0
1990-11-02 03:30:00+00:00,1.19,78.8,0.0,0.0,0.0,232.6,2.55,331.0,102560.0
1990-11-02 04:30:00+00:00,0.94,78.8,0.0,0.0,0.0,234.15,2.55,329.0,102530.0
1990-11-02 05:30:00+00:00,0.83,81.9,0.0,0.0,0.0,239.4,2.48,329.0,102550.0
1990-11-02 06:30:00+00:00,0.58,81.9,0.0,0.0,0.0,237.25,2.41,329.0,102550.0
1990-11-02 07:30:00+00:00,-0.12,88.45,0.0,0.0,0.0,225.85,2.62,325.0,102580.0
1990-11-02 08:30:00+00:00,0.23,85.1,110.0,548.28,36.0,224.85,2.34,324.0,102610.0
1990-11-02 09:30:00+00:00,2.32,78.95,225.0,657.68,63.0,227.0,2.14,325.0,102640.0
1990-11-02 10:30:00+00:00,4.41,70.6,323.0,776.55,69.0,230.3,2.41,330.0,102680.0
1990-11-02 11:30:00+00:00,5.72,63.15,366.0,761.23,83.0,236.1,2.55,335.0,102680.0
1990-11-02 12:30:00+00:00,6.55,58.65,377.0,784.49,81.0,238.05,2.62,339.0,102670.0
1990-11-02 13:30:00+00:00,7.03,56.55,335.0,748.51,78.0,241.9,2.55,339.0,102620.0
1990-11-02 14:30:00+00:00,7.21,54.4,262.0,742.15,60.0,243.65,2.55,338.0,102610.0
1990-11-02 15:30:00+00:00,7.01,56.55,146.0,604.73,44.0,243.45,2.21,333.0,102590.0
1990-11-02 16:30:00+00:00,6.07,63.25,12.0,0.0,12.0,243.45,1.93,319.0,102580.0
1990-11-02 17:30:00+00:00,4.45,70.6,0.0,0.0,0.0,240.75,2.41,311.0,102600.0
1990-11-02 18:30:00+00:00,3.14,73.2,0.0,0.0,0.0,239.75,2.55,313.0,102610.0
1990-11-02 19:30:00+00:00,2.55,79.0,0.0,0.0,0.0,238.6,2.55,316.0,102640.0
1990-11-02 20:30:00+00:00,2.02,78.95,0.0,0.0,0.0,238.05,2.55,316.0,102660.0
1990-11-02 21:30:00+00:00,1.6,78.9,0.0,0.0,0.0,238.4,2.48,316.0,102670.0
1990-11-02 22:30:00+00:00,1.25,81.95,0.0,0.0,0.0,239.95,2.41,318.0,102650.0
1990-11-02 23:30:00+00:00,0.92,85.15,0.0,0.0,0.0,240.75,2.34,319.0,102640.0
1990-11-03 00:30:00+00:00,0.63,81.9,0.0,0.0,0.0,242.1,2.28,318.0,102600.0
1990-11-03 01:30:00+00:00,0.32,85.1,0.0,0.0,0.0,242.8,2.21,315.0,102590.0
1990-11-03 02:30:00+00:00,0.02,85.1,0.0,0.0,0.0,242.85,2.14,312.0,102590.0
1990-11-03 03:30:00+00:00,-0.2,88.45,0.0,0.0,0.0,244.05,2.14,307.0,102570.0
1990-11-03 04:30:00+00:00,-0.42,88.45,0.0,0.0,0.0,243.85,2.14,304.0,102550.0
1990-11-03 05:30:00+00:00,-0.56,88.45,0.0,0.0,0.0,243.45,2.14,301.0,102540.0
1990-11-03 06:30:00+00:00,-0.68,91.95,0.0,0.0,0.0,243.45,2.14,300.0,102550.0
1990-11-03 07:30:00+00:00,-0.6,91.95,0.0,0.0,0.0,246.95,2.21,305.0,102570.0
1990-11-03 08:30:00+00:00,-0.18,91.95,95.0,399.5,43.0,245.0,1.93,301.0,102580.0
1990-11-03 09:30:00+00:00,2.54,85.35,216.0,633.89,63.0,245.4,1.52,295.0,102580.0
1990-11-03 10:30:00+00:00,5.42,76.4,315.0,773.21,66.0,248.1,1.59,289.0,102580.0
1990-11-03 11:30:00+00:00,7.13,71.15,361.0,769.09,79.0,252.15,1.66,285.0,102570.0
1990-11-03 12:30:00+00:00,8.16,66.15,369.0,784.48,77.0,254.85,1.72,284.0,102560.0
1990-11-03 13:30:00+00:00,8.63,63.8,323.0,718.25,80.0,256.8,1.86,284.0,102520.0
1990-11-03 14:30:00+00:00,8.74,63.8,232.0,564.95,81.0,257.4,1.86,282.0,102520.0
1990-11-03 15:30:00+00:00,8.34,66.15,138.0,573.4,44.0,257.0,1.79,276.0,102480.0
1990-11-03 16:30:00+00:00,7.04,73.9,10.0,0.0,10.0,255.25,2.21,271.0,102470.0
1990-11-03 17:30:00+00:00,5.03,79.35,0.0,0.0,0.0,250.8,2.55,275.0,102480.0
1990-11-03 18:30:00+00:00,3.83,85.45,0.0,0.0,0.0,249.25,2.55,280.0,102520.0
1990-11-03 19:30:00+00:00,2.99,82.2,0.0,0.0,0.0,241.5,2.48,281.0,102520.0
1990-11-03 20:30:00+00:00,2.27,85.3,0.0,0.0,0.0,238.4,2.62,284.0,102540.0
1990-11-03 21:30:00+00:00,1.74,85.25,0.0,0.0,0.0,236.65,2.62,284.0,102560.0
1990-11-03 22:30:00+00:00,1.37,85.2,0.0,0.0,0.0,236.85,2.55,278.0,102560.0
1990-11-03 23:30:00+00:00,1.09,81.95,0.0,0.0,0.0,237.65,2.62,266.0,102560.0
1990-11-04 00:30:00+00:00,0.96,81.95,0.0,0.0,0.0,239.2,2.69,260.0,102540.0
1990-11-04 01:30:00+00:00,0.99,81.95,0.0,0.0,0.0,241.45,2.83,258.0,102550.0
1990-11-04 02:30:00+00:00,1.04,85.2,0.0,0.0,0.0,240.95,2.97,259.0,102530.0
1990-11-04 03:30:00+00:00,1.2,88.55,0.0,0.0,0.0,241.5,3.1,261.0,102510.0
1990-11-04 04:30:00+00:00,1.42,92.05,0.0,0.0,0.0,242.85,3.17,261.0,102490.0
1990-11-04 05:30:00+00:00,1.68,92.05,0.0,0.0,0.0,248.65,3.24,263.0,102500.0
1990-11-04 06:30:00+00:00,1.79,92.05,0.0,0.0,0.0,242.1,3.31,265.0,102520.0
1990-11-04 07:30:00+00:00,2.36,95.65,0.0,0.0,0.0,245.0,3.38,266.0,102540.0
1990-11-04 08:30:00+00:00,2.9,95.7,93.0,430.65,39.0,248.65,3.38,266.0,102560.0
1990-11-04 09:30:00+00:00,4.67,88.85,208.0,613.24,63.0,254.1,3.24,267.0,102570.0
1990-11-04 10:30:00+00:00,6.79,82.6,305.0,741.27,70.0,261.25,3.66,268.0,102560.0
1990-11-04 11:30:00+00:00,8.27,76.85,332.0,630.51,104.0,281.75,3.93,268.0,102540.0
1990-11-04 12:30:00+00:00,9.41,74.2,297.0,397.61,151.0,275.0,4.14,271.0,102500.0
1990-11-04 13:30:00+00:00,10.14,74.3,269.0,410.96,132.0,276.35,4.28,277.0,102470.0
1990-11-04 14:30:00+00:00,10.26,74.3,234.0,624.87,70.0,293.75,4.07,280.0,102470.0
1990-11-04 15:30:00+00:00,10.18,77.1,122.0,433.2,53.0,315.45,3.66,276.0,102450.0
1990-11-04 16:30:00+00:00,9.6,79.9,2.0,0.0,2.0,320.3,3.45,268.0,102430.0
1990-11-04 17:30:00+00:00,8.7,82.85,0.0,0.0,0.0,314.85,3.38,260.0,102430.0
1990-11-04 18:30:00+00:00,8.11,85.9,0.0,0.0,0.0,309.05,3.52,256.0,102440.0
1990-11-04 19:30:00+00:00,7.7,85.85,0.0,0.0,0.0,286.2,3.93,263.0,102430.0
1990-11-04 20:30:00+00:00,7.45,89.0,0.0,0.0,0.0,290.65,4.07,260.0,102400.0
1990-11-04 21:30:00+00:00,7.21,89.0,0.0,0.0,0.0,290.1,4.28,260.0,102370.0
1990-11-04 22:30:00+00:00,6.91,89.0,0.0,0.0,0.0,282.35,4.48,260.0,102340.0
1990-11-04 23:30:00+00:00,6.8,89.0,0.0,0.0,0.0,281.2,4.69,262.0,102320.0
1990-11-05 00:30:00+00:00,6.87,89.0,0.0,0.0,0.0,286.6,4.76,263.0,102280.0
1990-11-05 01:30:00+00:00,6.66,89.0,0.0,0.0,0.0,279.15,4.69,263.0,102240.0
1990-11-05 02:30:00+00:00,6.54,92.35,0.0,0.0,0.0,275.4,4.62,264.0,102230.0
1990-11-05 03:30:00+00:00,6.49,92.35,0.0,0.0,0.0,278.65,4.55,266.0,102160.0
1990-11-05 04:30:00+00:00,6.55,92.35,0.0,0.0,0.0,276.75,4.41,268.0,102130.0
1990-11-05 05:30:00+00:00,6.65,92.35,0.0,0.0,0.0,280.6,4.28,265.0,102130.0
1990-11-05 06:30:00+00:00,6.67,95.8,0.0,0.0,0.0,283.7,4.34,264.0,102090.0
1990-11-05 07:30:00+00:00,7.99,89.1,0.0,0.0,0.0,295.3,4.97,273.0,102080.0
1990-11-05 08:30:00+00:00,8.16,89.1,90.0,439.29,37.0,291.85,5.03,275.0,102090.0
1990-11-05 09:30:00+00:00,8.87,89.1,198.0,565.71,67.0,275.75,5.1,275.0,102110.0
1990-11-05 10:30:00+00:00,9.88,85.95,271.0,541.58,102.0,283.3,5.45,271.0,102070.0
1990-11-05 11:30:00+00:00,10.85,80.05,281.0,364.54,151.0,285.45,6.97,282.0,102070.0
1990-11-05 12:30:00+00:00,11.22,77.2,246.0,207.06,171.0,307.1,6.41,281.0,102070.0
1990-11-05 13:30:00+00:00,11.3,74.45,142.0,24.35,134.0,302.85,6.07,278.0,102020.0
1990-11-05 14:30:00+00:00,11.24,74.45,120.0,46.56,108.0,294.95,5.31,277.0,102030.0
1990-11-05 15:30:00+00:00,10.96,77.15,58.0,19.39,55.0,301.1,4.9,273.0,101990.0
1990-11-05 16:30:00+00:00,10.05,77.1,6.0,0.0,6.0,286.6,4.69,270.0,102000.0
1990-11-05 17:30:00+00:00,8.99,82.85,0.0,0.0,0.0,284.1,4.55,270.0,102020.0
1990-11-05 18:30:00+00:00,8.17,85.9,0.0,0.0,0.0,277.7,4.28,269.0,102030.0
1990-11-05 19:30:00+00:00,8.12,85.9,0.0,0.0,0.0,275.95,4.34,275.0,102020.0
1990-11-05 20:30:00+00:00,7.6,89.05,0.0,0.0,0.0,267.85,4.21,273.0,102000.0
1990-11-05 21:30:00+00:00,7.21,92.35,0.0,0.0,0.0,268.4,4.07,270.0,102000.0
1990-11-05 22:30:00+00:00,7.01,92.35,0.0,0.0,0.0,275.95,3.93,269.0,102010.0
1990-11-05 23:30:00+00:00,6.59,92.35,0.0,0.0,0.0,263.4,3.72,266.0,102010.0
1990-11-06 00:30:00+00:00,6.47,95.8,0.0,0.0,0.0,273.85,3.66,262.0,101990.0
1990-11-06 01:30:00+00:00,6.47,95.8,0.0,0.0,0.0,281.9,3.66,260.0,101970.0
1990-11-06 02:30:00+00:00,6.35,95.8,0.0,0.0,0.0,277.3,3.72,259.0,101930.0
1990-11-06 03:30:00+00:00,6.15,95.8,0.0,0.0,0.0,272.1,3.66,259.0,101870.0
1990-11-06 04:30:00+00:00,6.08,92.3,0.0,0.0,0.0,279.05,3.66,258.0,101830.0
1990-11-06 05:30:00+00:00,5.9,95.75,0.0,0.0,0.0,277.1,3.45,255.0,101820.0
1990-11-06 06:30:00+00:00,5.65,95.75,0.0,0.0,0.0,271.9,3.38,252.0,101820.0
1990-11-06 07:30:00+00:00,5.89,95.75,0.0,0.0,0.0,275.95,3.24,250.0,101850.0
1990-11-06 08:30:00+00:00,5.83,95.75,83.0,379.5,39.0,271.9,3.03,248.0,101860.0
1990-11-06 09:30:00+00:00,6.74,92.35,187.0,485.17,77.0,269.6,2.76,245.0,101880.0
1990-11-06 10:30:00+00:00,8.16,85.9,291.0,709.8,73.0,274.2,3.03,245.0,101870.0
1990-11-06 11:30:00+00:00,9.37,82.9,319.0,591.47,111.0,279.45,3.1,247.0,101860.0
1990-11-06 12:30:00+00:00,10.14,79.95,351.0,761.25,79.0,282.95,3.1,249.0,101830.0
1990-11-06 13:30:00+00:00,10.47,79.95,307.0,704.43,79.0,276.95,3.1,248.0,101770.0
1990-11-06 14:30:00+00:00,10.42,79.95,234.0,683.69,61.0,280.8,3.1,242.0,101710.0
1990-11-06 15:30:00+00:00,9.91,82.9,123.0,532.52,43.0,287.0,2.9,233.0,101680.0
1990-11-06 16:30:00+00:00,8.52,85.95,0.0,0.0,0.0,280.05,2.76,220.0,101650.0
1990-11-06 17:30:00+00:00,7.03,92.35,0.0,0.0,0.0,279.45,3.03,217.0,101650.0
1990-11-06 18:30:00+00:00,6.08,99.4,0.0,0.0,0.0,281.4,3.17,217.0,101630.0
1990-11-06 19:30:00+00:00,6.12,99.4,0.0,0.0,0.0,280.8,2.9,223.0,101590.0
1990-11-06 20:30:00+00:00,5.62,99.4,0.0,0.0,0.0,291.85,2.83,229.0,101570.0
1990-11-06 21:30:00+00:00,5.3,100.0,0.0,0.0,0.0,309.85,2.9,231.0,101550.0
1990-11-06 22:30:00+00:00,4.96,100.0,0.0,0.0,0.0,325.5,3.31,233.0,101530.0
1990-11-06 23:30:00+00:00,4.67,99.4,0.0,0.0,0.0,322.0,3.24,231.0,101520.0
1990-11-07 00:30:00+00:00,4.33,99.4,0.0,0.0,0.0,311.75,3.17,229.0,101470.0
1990-11-07 01:30:00+00:00,4.07,99.4,0.0,0.0,0.0,299.7,2.9,223.0,101440.0
1990-11-07 02:30:00+00:00,3.88,99.4,0.0,0.0,0.0,299.2,2.97,221.0,101420.0
1990-11-07 03:30:00+00:00,3.64,99.4,0.0,0.0,0.0,287.95,2.83,220.0,101350.0
1990-11-07 04:30:00+00:00,3.16,99.4,0.0,0.0,0.0,270.75,2.62,221.0,101270.0
1990-11-07 05:30:00+00:00,2.97,99.4,0.0,0.0,0.0,261.25,2.55,222.0,101250.0
1990-11-07 06:30:00+00:00,2.93,100.0,0.0,0.0,0.0,264.35,2.55,221.0,101210.0
1990-11-07 07:30:00+00:00,2.75,99.4,0.0,0.0,0.0,293.0,2.83,222.0,101230.0
1990-11-07 08:30:00+00:00,3.02,99.4,49.0,62.91,42.0,293.2,2.9,223.0,101230.0
1990-11-07 09:30:00+00:00,4.06,95.75,86.0,18.02,82.0,300.95,3.17,227.0,101210.0
1990-11-07 10:30:00+00:00,5.07,88.85,131.0,26.47,123.0,290.5,3.1,227.0,101200.0
1990-11-07 11:30:00+00:00,6.19,88.95,203.0,106.7,166.0,284.3,2.97,222.0,101160.0
1990-11-07 12:30:00+00:00,7.27,85.8,328.0,635.53,104.0,279.45,2.97,218.0,101110.0
1990-11-07 13:30:00+00:00,7.97,82.7,304.0,708.63,78.0,262.8,2.97,216.0,101050.0
1990-11-07 14:30:00+00:00,8.15,82.75,231.0,684.24,61.0,261.85,2.97,215.0,100980.0
1990-11-07 15:30:00+00:00,7.84,85.85,118.0,521.13,42.0,261.25,2.76,214.0,100960.0
1990-11-07 16:30:00+00:00,6.84,92.35,0.0,0.0,0.0,265.3,2.41,214.0,100890.0
1990-11-07 17:30:00+00:00,5.58,95.75,0.0,0.0,0.0,261.85,2.55,220.0,100880.0
1990-11-07 18:30:00+00:00,4.98,95.75,0.0,0.0,0.0,264.55,2.76,222.0,100880.0
1990-11-07 19:30:00+00:00,5.7,99.4,0.0,0.0,0.0,280.8,3.03,225.0,100850.0
1990-11-07 20:30:00+00:00,5.57,95.75,0.0,0.0,0.0,272.1,3.1,227.0,100840.0
1990-11-07 21:30:00+00:00,5.55,95.75,0.0,0.0,0.0,276.15,3.1,229.0,100840.0
1990-11-07 22:30:00+00:00,5.65,95.75,0.0,0.0,0.0,283.7,3.17,228.0,100820.0
1990-11-07 23:30:00+00:00,5.45,99.4,0.0,0.0,0.0,268.05,3.24,232.0,100790.0
1990-11-08 00:30:00+00:00,5.36,99.4,0.0,0.0,0.0,269.4,3.31,236.0,100770.0
1990-11-08 01:30:00+00:00,5.35,99.4,0.0,0.0,0.0,272.4,3.38,241.0,100770.0
1990-11-08 02:30:00+00:00,5.43,99.4,0.0,0.0,0.0,280.8,3.38,240.0,100780.0
1990-11-08 03:30:00+00:00,5.36,99.4,0.0,0.0,0.0,277.1,3.38,234.0,100710.0
1990-11-08 04:30:00+00:00,5.46,99.4,0.0,0.0,0.0,282.15,3.52,235.0,100660.0
1990-11-08 05:30:00+00:00,5.89,99.4,0.0,0.0,0.0,296.3,3.59,236.0,100670.0
1990-11-08 06:30:00+00:00,6.17,95.8,0.0,0.0,0.0,292.2,3.59,232.0,100630.0
1990-11-08 07:30:00+00:00,7.0,92.35,0.0,0.0,0.0,307.3,4.14,232.0,100640.0
1990-11-08 08:30:00+00:00,8.0,92.4,40.0,37.51,36.0,316.05,4.62,232.0,100630.0
1990-11-08 09:30:00+00:00,9.27,92.45,97.0,46.05,87.0,334.6,5.1,231.0,100630.0
1990-11-08 10:30:00+00:00,10.44,95.9,61.0,0.0,61.0,345.05,5.52,231.0,100620.0
1990-11-08 11:30:00+00:00,11.56,92.55,201.0,119.9,160.0,337.7,5.86,236.0,100630.0
1990-11-08 12:30:00+00:00,12.39,92.6,195.0,97.79,161.0,366.15,5.72,242.0,100640.0
1990-11-08 13:30:00+00:00,13.09,89.4,130.0,19.09,124.0,353.55,6.07,253.0,100600.0
1990-11-08 14:30:00+00:00,13.24,83.25,162.0,229.56,106.0,321.65,6.21,262.0,100650.0
1990-11-08 15:30:00+00:00,12.49,86.2,107.0,459.24,42.0,329.0,5.72,269.0,100730.0
1990-11-08 16:30:00+00:00,11.67,83.1,0.0,0.0,0.0,344.5,5.24,271.0,100800.0
1990-11-08 17:30:00+00:00,11.09,83.05,0.0,0.0,0.0,343.5,4.9,266.0,100850.0
1990-11-08 18:30:00+00:00,10.26,86.0,0.0,0.0,0.0,307.7,4.69,267.0,100930.0
1990-11-08 19:30:00+00:00,10.06,86.0,0.0,0.0,0.0,301.1,4.76,276.0,100960.0
1990-11-08 20:30:00+00:00,9.57,85.95,0.0,0.0,0.0,307.7,4.69,281.0,101040.0
1990-11-08 21:30:00+00:00,9.04,85.95,0.0,0.0,0.0,301.7,4.69,282.0,101130.0
1990-11-08 22:30:00+00:00,8.49,89.1,0.0,0.0,0.0,288.55,4.83,285.0,101220.0
1990-11-08 23:30:00+00:00,7.89,89.05,0.0,0.0,0.0,272.5,4.83,287.0,101320.0
1990-11-09 00:30:00+00:00,7.39,89.0,0.0,0.0,0.0,270.55,4.55,292.0,101410.0
1990-11-09 01:30:00+00:00,7.14,85.8,0.0,0.0,0.0,273.0,4.07,292.0,101540.0
1990-11-09 02:30:00+00:00,6.77,85.75,0.0,0.0,0.0,269.4,3.72,289.0,101620.0
1990-11-09 03:30:00+00:00,6.37,88.95,0.0,0.0,0.0,267.05,3.52,283.0,101710.0
1990-11-09 04:30:00+00:00,6.18,88.95,0.0,0.0,0.0,276.75,3.45,280.0,101770.0
1990-11-09 05:30:00+00:00,5.63,88.9,0.0,0.0,0.0,261.05,3.24,278.0,101860.0
1990-11-09 06:30:00+00:00,5.41,92.25,0.0,0.0,0.0,270.95,3.17,277.0,101930.0
1990-11-09 07:30:00+00:00,5.29,92.25,0.0,0.0,0.0,264.75,3.45,274.0,102020.0
1990-11-09 08:30:00+00:00,5.28,88.85,72.0,392.0,32.0,260.85,3.45,273.0,102120.0
1990-11-09 09:30:00+00:00,6.37,85.7,185.0,593.07,59.0,257.75,3.38,274.0,102190.0
1990-11-09 10:30:00+00:00,7.84,79.7,257.0,553.55,95.0,261.65,3.52,275.0,102250.0
1990-11-09 11:30:00+00:00,9.0,76.95,319.0,691.04,86.0,257.2,3.86,282.0,102300.0
1990-11-09 12:30:00+00:00,9.81,71.5,328.0,708.49,85.0,266.85,4.07,291.0,102350.0
1990-11-09 13:30:00+00:00,10.15,66.45,256.0,442.4,119.0,268.2,4.21,305.0,102360.0
1990-11-09 14:30:00+00:00,10.25,64.0,195.0,450.88,87.0,270.75,3.79,312.0,102380.0
1990-11-09 15:30:00+00:00,9.79,68.9,103.0,415.06,46.0,261.45,2.62,311.0,102410.0
1990-11-09 16:30:00+00:00,8.57,71.4,0.0,0.0,0.0,260.3,2.07,307.0,102440.0
1990-11-09 17:30:00+00:00,6.91,79.55,0.0,0.0,0.0,255.05,1.86,296.0,102460.0
1990-11-09 18:30:00+00:00,5.15,88.85,0.0,0.0,0.0,252.35,2.0,282.0,102530.0
1990-11-09 19:30:00+00:00,3.68,92.15,0.0,0.0,0.0,251.75,2.07,276.0,102560.0
1990-11-09 20:30:00+00:00,2.72,95.7,0.0,0.0,0.0,248.5,2.0,278.0,102570.0
1990-11-09 21:30:00+00:00,1.89,99.4,0.0,0.0,0.0,250.05,1.66,280.0,102580.0
1990-11-09 22:30:00+00:00,2.16,95.65,0.0,0.0,0.0,250.8,1.24,279.0,102580.0
1990-11-09 23:30:00+00:00,3.03,92.15,0.0,0.0,0.0,255.45,0.9,265.0,102590.0
1990-11-10 00:30:00+00:00,2.56,92.15,0.0,0.0,0.0,256.6,1.1,205.0,102560.0
1990-11-10 01:30:00+00:00,1.02,95.65,0.0,0.0,0.0,263.5,1.93,187.0,102520.0
1990-11-10 02:30:00+00:00,1.85,99.4,0.0,0.0,0.0,281.0,2.14,189.0,102480.0
1990-11-10 03:30:00+00:00,3.0,95.7,0.0,0.0,0.0,294.15,2.41,191.0,102410.0
1990-11-10 04:30:00+00:00,3.82,95.7,0.0,0.0,0.0,296.65,2.76,196.0,102370.0
1990-11-10 05:30:00+00:00,3.89,95.7,0.0,0.0,0.0,277.9,3.03,197.0,102340.0
1990-11-10 06:30:00+00:00,3.9,92.15,0.0,0.0,0.0,275.6,3.17,193.0,102270.0
1990-11-10 07:30:00+00:00,3.29,95.7,0.0,0.0,0.0,266.3,3.24,191.0,102320.0
1990-11-10 08:30:00+00:00,3.83,95.7,44.0,82.06,36.0,287.95,3.59,188.0,102260.0
1990-11-10 09:30:00+00:00,5.11,88.85,88.0,33.69,81.0,293.0,4.41,187.0,102140.0
1990-11-10 10:30:00+00:00,6.61,85.75,134.0,41.68,122.0,307.3,5.24,190.0,102040.0
1990-11-10 11:30:00+00:00,7.83,82.7,194.0,117.3,155.0,310.2,5.03,190.0,101940.0
1990-11-10 12:30:00+00:00,8.73,82.85,88.0,0.0,88.0,305.0,5.38,193.0,101840.0
1990-11-10 13:30:00+00:00,9.32,79.9,174.0,108.14,141.0,308.1,5.31,196.0,101710.0
1990-11-10 14:30:00+00:00,9.77,79.9,103.0,38.26,94.0,313.3,6.14,198.0,101600.0
1990-11-10 15:30:00+00:00,10.12,77.1,73.0,142.63,54.0,334.4,6.34,203.0,101490.0
1990-11-10 16:30:00+00:00,10.13,79.95,0.0,0.0,0.0,344.1,6.21,203.0,101390.0
1990-11-10 17:30:00+00:00,10.12,82.95,0.0,0.0,0.0,347.55,6.28,205.0,101290.0
1990-11-10 18:30:00+00:00,10.21,86.0,0.0,0.0,0.0,352.2,6.41,208.0,101200.0
1990-11-10 19:30:00+00:00,9.92,95.85,0.0,0.0,0.0,350.5,6.55,210.0,101070.0
1990-11-10 20:30:00+00:00,10.26,95.9,0.0,0.0,0.0,353.75,7.1,211.0,100980.0
1990-11-10 21:30:00+00:00,10.47,95.9,0.0,0.0,0.0,359.75,7.24,215.0,100850.0
1990-11-10 22:30:00+00:00,10.61,92.5,0.0,0.0,0.0,356.1,6.76,221.0,100800.0
1990-11-10 23:30:00+00:00,10.83,95.9,0.0,0.0,0.0,355.5,6.07,229.0,100740.0
1990-11-11 00:30:00+00:00,11.05,92.55,0.0,0.0,0.0,345.85,6.0,238.0,100680.0
1990-11-11 01:30:00+00:00,11.29,92.55,0.0,0.0,0.0,340.9,5.79,257.0,100660.0
1990-11-11 02:30:00+00:00,10.98,92.5,0.0,0.0,0.0,361.7,5.31,285.0,100680.0
1990-11-11 03:30:00+00:00,10.14,86.0,0.0,0.0,0.0,357.85,5.03,287.0,100700.0
1990-11-11 04:30:00+00:00,9.2,82.9,0.0,0.0,0.0,324.55,5.17,280.0,100700.0
1990-11-11 05:30:00+00:00,8.3,85.9,0.0,0.0,0.0,293.95,5.03,277.0,100740.0
1990-11-11 06:30:00+00:00,7.86,82.7,0.0,0.0,0.0,303.65,4.83,271.0,100760.0
1990-11-11 07:30:00+00:00,6.98,85.75,0.0,0.0,0.0,274.05,5.17,266.0,100740.0
1990-11-11 08:30:00+00:00,6.73,82.6,63.0,365.66,29.0,263.95,5.45,259.0,100770.0
1990-11-11 09:30:00+00:00,7.36,82.65,133.0,231.32,86.0,264.35,6.0,256.0,100760.0
1990-11-11 10:30:00+00:00,8.35,79.75,148.0,77.66,126.0,277.7,5.86,254.0,100760.0
1990-11-11 11:30:00+00:00,9.2,77.0,277.0,494.16,115.0,281.95,6.48,248.0,100710.0
1990-11-11 12:30:00+00:00,10.08,74.3,168.0,56.92,149.0,282.95,7.66,251.0,100680.0
1990-11-11 13:30:00+00:00,10.61,71.7,96.0,3.33,95.0,292.2,9.24,261.0,100590.0
1990-11-11 14:30:00+00:00,10.66,71.7,27.0,0.0,27.0,284.65,8.21,257.0,100540.0
1990-11-11 15:30:00+00:00,10.46,74.3,44.0,15.48,42.0,294.55,8.9,267.0,100540.0
1990-11-11 16:30:00+00:00,9.9,74.2,0.0,0.0,0.0,278.85,8.62,270.0,100550.0
1990-11-11 17:30:00+00:00,9.76,74.2,0.0,0.0,0.0,306.95,8.55,273.0,100580.0
1990-11-11 18:30:00+00:00,9.79,77.0,0.0,0.0,0.0,320.3,8.28,277.0,100640.0
1990-11-11 19:30:00+00:00,10.03,74.3,0.0,0.0,0.0,326.1,8.69,283.0,100530.0
1990-11-11 20:30:00+00:00,9.64,77.0,0.0,0.0,0.0,301.7,8.34,290.0,100580.0
1990-11-11 21:30:00+00:00,9.11,74.2,0.0,0.0,0.0,284.3,7.72,292.0,100670.0
1990-11-11 22:30:00+00:00,9.02,71.5,0.0,0.0,0.0,295.1,7.52,292.0,100740.0
1990-11-11 23:30:00+00:00,8.7,74.15,0.0,0.0,0.0,279.45,7.45,291.0,100800.0
1990-11-12 00:30:00+00:00,8.42,76.85,0.0,0.0,0.0,272.85,7.24,290.0,100880.0
1990-11-12 01:30:00+00:00,8.35,76.85,0.0,0.0,0.0,281.9,6.83,290.0,100940.0
1990-11-12 02:30:00+00:00,8.35,76.85,0.0,0.0,0.0,291.65,6.48,291.0,100980.0
1990-11-12 03:30:00+00:00,8.09,76.85,0.0,0.0,0.0,277.5,6.07,292.0,101000.0
1990-11-12 04:30:00+00:00,7.96,76.8,0.0,0.0,0.0,281.75,5.52,292.0,101020.0
1990-11-12 05:30:00+00:00,7.55,76.8,0.0,0.0,0.0,265.9,5.17,289.0,101060.0
1990-11-12 06:30:00+00:00,7.38,79.65,0.0,0.0,0.0,272.85,4.97,286.0,101090.0
1990-11-12 07:30:00+00:00,7.17,79.65,0.0,0.0,0.0,276.15,4.69,287.0,101160.0
1990-11-12 08:30:00+00:00,7.37,79.65,40.0,90.37,32.0,290.65,4.41,287.0,101190.0
1990-11-12 09:30:00+00:00,7.96,79.7,110.0,120.84,86.0,290.65,4.28,283.0,101200.0
1990-11-12 10:30:00+00:00,8.69,76.95,195.0,258.36,123.0,303.85,3.59,274.0,101190.0
1990-11-12 11:30:00+00:00,9.45,77.0,258.0,399.07,129.0,308.85,4.14,270.0,101170.0
1990-11-12 12:30:00+00:00,10.19,77.1,279.0,488.91,118.0,298.8,4.83,276.0,101170.0
1990-11-12 13:30:00+00:00,10.75,74.4,127.0,23.62,120.0,319.3,4.76,280.0,101090.0
1990-11-12 14:30:00+00:00,10.81,74.4,73.0,4.41,72.0,349.7,3.66,261.0,101080.0
1990-11-12 15:30:00+00:00,10.68,77.15,46.0,23.95,43.0,338.85,3.66,252.0,101020.0
1990-11-12 16:30:00+00:00,10.55,77.15,0.0,0.0,0.0,346.8,3.66,247.0,100980.0
1990-11-12 17:30:00+00:00,10.12,79.95,0.0,0.0,0.0,334.8,3.79,241.0,100900.0
1990-11-12 18:30:00+00:00,9.65,82.9,0.0,0.0,0.0,323.0,4.21,233.0,100790.0
1990-11-12 19:30:00+00:00,9.0,82.85,0.0,0.0,0.0,306.75,4.83,233.0,100700.0
1990-11-12 20:30:00+00:00,8.58,82.85,0.0,0.0,0.0,292.2,5.1,230.0,100600.0
1990-11-12 21:30:00+00:00,9.02,79.9,0.0,0.0,0.0,344.3,5.72,233.0,100490.0
1990-11-12 22:30:00+00:00,9.28,79.9,0.0,0.0,0.0,331.7,6.07,234.0,100380.0
1990-11-12 23:30:00+00:00,9.64,82.9,0.0,0.0,0.0,335.55,6.41,233.0,100240.0
1990-11-13 00:30:00+00:00,10.0,82.9,0.0,0.0,0.0,331.3,6.83,231.0,100110.0
1990-11-13 01:30:00+00:00,10.66,80.05,0.0,0.0,0.0,353.3,7.31,230.0,99970.0
1990-11-13 02:30:00+00:00,11.24,83.05,0.0,0.0,0.0,357.85,7.45,230.0,99830.0
1990-11-13 03:30:00+00:00,11.84,86.15,0.0,0.0,0.0,362.3,7.31,233.0,99690.0
1990-11-13 04:30:00+00:00,12.53,89.35,0.0,0.0,0.0,363.05,7.38,241.0,99580.0
1990-11-13 05:30:00+00:00,13.0,89.4,0.0,0.0,0.0,363.25,7.52,247.0,99500.0
1990-11-13 06:30:00+00:00,12.92,83.25,0.0,0.0,0.0,360.15,7.66,255.0,99470.0
1990-11-13 07:30:00+00:00,13.3,80.35,0.0,0.0,0.0,365.95,8.28,259.0,99380.0
1990-11-13 08:30:00+00:00,12.99,80.3,48.0,202.12,31.0,352.6,8.76,266.0,99390.0
1990-11-13 09:30:00+00:00,12.49,74.6,114.0,154.55,84.0,348.75,9.03,270.0,99440.0
1990-11-13 10:30:00+00:00,12.07,69.35,215.0,401.25,105.0,296.85,8.48,269.0,99470.0
1990-11-13 11:30:00+00:00,12.23,66.85,244.0,351.37,132.0,294.75,8.62,267.0,99520.0
1990-11-13 12:30:00+00:00,12.45,66.85,270.0,467.84,118.0,293.4,8.76,270.0,99540.0
1990-11-13 13:30:00+00:00,12.66,64.55,261.0,622.94,79.0,318.15,8.14,272.0,99520.0
1990-11-13 14:30:00+00:00,12.35,66.85,118.0,94.27,97.0,309.05,6.48,268.0,99560.0
1990-11-13 15:30:00+00:00,11.99,69.25,68.0,172.89,47.0,322.2,5.52,261.0,99580.0
1990-11-13 16:30:00+00:00,11.34,71.75,0.0,0.0,0.0,311.95,5.03,255.0,99620.0
1990-11-13 17:30:00+00:00,10.58,74.4,0.0,0.0,0.0,303.45,4.69,250.0,99660.0
1990-11-13 18:30:00+00:00,10.07,77.1,0.0,0.0,0.0,304.8,4.69,244.0,99670.0
1990-11-13 19:30:00+00:00,9.78,79.9,0.0,0.0,0.0,296.1,5.1,241.0,99610.0
1990-11-13 20:30:00+00:00,9.53,79.9,0.0,0.0,0.0,295.9,5.31,239.0,99600.0
1990-11-13 21:30:00+00:00,9.24,79.9,0.0,0.0,0.0,286.05,5.59,239.0,99580.0
1990-11-13 22:30:00+00:00,9.3,79.9,0.0,0.0,0.0,294.55,5.86,240.0,99580.0
1990-11-13 23:30:00+00:00,9.28,79.9,0.0,0.0,0.0,293.55,5.86,240.0,99570.0
1990-11-14 00:30:00+00:00,9.45,82.9,0.0,0.0,0.0,305.4,5.86,241.0,99570.0
1990-11-14 01:30:00+00:00,9.61,82.9,0.0,0.0,0.0,307.6,6.0,241.0,99540.0
1990-11-14 02:30:00+00:00,9.79,82.9,0.0,0.0,0.0,313.5,6.07,243.0,99510.0
1990-11-14 03:30:00+00:00,9.67,79.9,0.0,0.0,0.0,305.4,6.0,243.0,99490.0
1990-11-14 04:30:00+00:00,9.44,79.9,0.0,0.0,0.0,296.3,5.93,243.0,99490.0
1990-11-14 05:30:00+00:00,9.26,79.9,0.0,0.0,0.0,293.0,5.72,242.0,99490.0
1990-11-14 06:30:00+00:00,9.26,79.9,0.0,0.0,0.0,298.2,5.59,240.0,99500.0
1990-11-14 07:30:00+00:00,8.92,82.85,0.0,0.0,0.0,294.75,5.03,237.0,99560.0
1990-11-14 08:30:00+00:00,8.64,82.85,52.0,338.56,25.0,285.45,4.83,233.0,99570.0
1990-11-14 09:30:00+00:00,9.17,82.9,159.0,569.43,51.0,276.15,5.03,230.0,99590.0
1990-11-14 10:30:00+00:00,10.24,82.95,173.0,196.53,120.0,287.4,4.83,226.0,99590.0
1990-11-14 11:30:00+00:00,11.1,80.1,125.0,15.91,120.0,301.9,5.52,225.0,99590.0
1990-11-14 12:30:00+00:00,11.76,77.3,156.0,53.03,139.0,309.25,6.97,234.0,99580.0
1990-11-14 13:30:00+00:00,11.97,80.15,86.0,0.0,86.0,339.05,5.31,230.0,99560.0
1990-11-14 14:30:00+00:00,11.77,80.15,86.0,22.85,81.0,347.0,4.62,225.0,99500.0
1990-11-14 15:30:00+00:00,11.52,86.1,43.0,25.48,40.0,354.15,4.0,223.0,99470.0
1990-11-14 16:30:00+00:00,11.03,89.3,0.0,0.0,0.0,355.1,3.66,222.0,99450.0
1990-11-14 17:30:00+00:00,10.97,95.9,0.0,0.0,0.0,355.9,3.52,220.0,99450.0
1990-11-14 18:30:00+00:00,10.99,95.9,0.0,0.0,0.0,356.5,3.66,221.0,99450.0
1990-11-14 19:30:00+00:00,10.57,92.5,0.0,0.0,0.0,348.15,4.48,215.0,99470.0
1990-11-14 20:30:00+00:00,10.58,92.5,0.0,0.0,0.0,336.15,4.41,217.0,99460.0
1990-11-14 21:30:00+00:00,10.49,95.9,0.0,0.0,0.0,322.6,4.48,220.0,99470.0
1990-11-14 22:30:00+00:00,10.64,95.9,0.0,0.0,0.0,336.35,4.62,221.0,99480.0
1990-11-14 23:30:00+00:00,10.86,95.9,0.0,0.0,0.0,353.2,4.69,223.0,99470.0
1990-11-15 00:30:00+00:00,10.93,95.9,0.0,0.0,0.0,352.0,4.48,220.0,99480.0
1990-11-15 01:30:00+00:00,11.0,95.9,0.0,0.0,0.0,356.95,4.55,218.0,99490.0
1990-11-15 02:30:00+00:00,11.03,95.9,0.0,0.0,0.0,358.4,4.28,213.0,99470.0
1990-11-15 03:30:00+00:00,11.03,95.9,0.0,0.0,0.0,361.3,4.21,208.0,99450.0
1990-11-15 04:30:00+00:00,10.98,95.9,0.0,0.0,0.0,361.3,4.41,202.0,99400.0
1990-11-15 05:30:00+00:00,10.97,95.9,0.0,0.0,0.0,364.6,4.97,198.0,99380.0
1990-11-15 06:30:00+00:00,10.94,95.9,0.0,0.0,0.0,359.55,5.72,197.0,99350.0
1990-11-15 07:30:00+00:00,11.49,92.55,0.0,0.0,0.0,360.75,6.69,201.0,99280.0
1990-11-15 08:30:00+00:00,11.52,92.55,25.0,26.51,23.0,333.65,6.55,202.0,99300.0
1990-11-15 09:30:00+00:00,11.76,92.55,93.0,86.36,77.0,323.75,6.48,200.0,99290.0
1990-11-15 10:30:00+00:00,12.3,89.35,207.0,414.67,97.0,335.75,6.41,197.0,99280.0
1990-11-15 11:30:00+00:00,12.91,86.25,90.0,0.0,90.0,333.45,7.17,195.0,99230.0
1990-11-15 12:30:00+00:00,13.91,80.4,56.0,0.0,56.0,338.1,7.45,198.0,99160.0
1990-11-15 13:30:00+00:00,14.11,77.65,95.0,3.52,94.0,359.95,6.14,192.0,99060.0
1990-11-15 14:30:00+00:00,14.34,80.45,68.0,4.65,67.0,354.35,6.76,188.0,98980.0
1990-11-15 15:30:00+00:00,14.05,83.35,44.0,35.05,40.0,356.1,6.48,184.0,98910.0
1990-11-15 16:30:00+00:00,13.48,86.3,0.0,0.0,0.0,358.4,6.41,176.0,98780.0
1990-11-15 17:30:00+00:00,13.12,83.25,0.0,0.0,0.0,369.45,6.9,173.0,98710.0
1990-11-15 18:30:00+00:00,12.62,86.25,0.0,0.0,0.0,366.95,7.17,174.0,98660.0
1990-11-15 19:30:00+00:00,12.09,83.15,0.0,0.0,0.0,358.4,7.24,173.0,98540.0
1990-11-15 20:30:00+00:00,11.75,86.15,0.0,0.0,0.0,341.0,7.59,173.0,98440.0
1990-11-15 21:30:00+00:00,12.13,80.2,0.0,0.0,0.0,353.2,8.0,178.0,98360.0
1990-11-15 22:30:00+00:00,12.81,80.3,0.0,0.0,0.0,347.55,8.48,184.0,98230.0
1990-11-15 23:30:00+00:00,13.6,77.6,0.0,0.0,0.0,362.65,8.69,189.0,98190.0
1990-11-16 00:30:00+00:00,14.04,80.4,0.0,0.0,0.0,368.85,8.69,193.0,98170.0
1990-11-16 01:30:00+00:00,14.22,80.45,0.0,0.0,0.0,374.0,8.41,196.0,98150.0
1990-11-16 02:30:00+00:00,14.2,83.4,0.0,0.0,0.0,370.0,7.93,200.0,98140.0
1990-11-16 03:30:00+00:00,13.82,86.35,0.0,0.0,0.0,359.75,7.24,207.0,98150.0
1990-11-16 04:30:00+00:00,13.24,83.25,0.0,0.0,0.0,356.65,6.48,216.0,98180.0
1990-11-16 05:30:00+00:00,12.28,83.15,0.0,0.0,0.0,349.9,5.79,227.0,98220.0
1990-11-16 06:30:00+00:00,11.09,80.1,0.0,0.0,0.0,337.7,5.1,237.0,98310.0
1990-11-16 07:30:00+00:00,9.81,82.9,0.0,0.0,0.0,338.5,3.93,241.0,98320.0
1990-11-16 08:30:00+00:00,9.19,79.9,4.0,0.0,4.0,329.0,3.59,241.0,98380.0
1990-11-16 09:30:00+00:00,8.93,82.85,105.0,154.74,77.0,332.5,3.17,232.0,98420.0
1990-11-16 10:30:00+00:00,8.98,85.95,28.0,0.0,28.0,319.5,3.38,229.0,98470.0
1990-11-16 11:30:00+00:00,8.98,85.95,38.0,0.0,38.0,322.6,3.72,223.0,98520.0
1990-11-16 12:30:00+00:00,8.89,82.85,52.0,0.0,52.0,326.5,3.93,221.0,98530.0
1990-11-16 13:30:00+00:00,8.69,82.85,94.0,3.57,93.0,323.55,3.86,216.0,98530.0
1990-11-16 14:30:00+00:00,9.09,79.9,112.0,94.7,92.0,307.5,3.79,219.0,98550.0
1990-11-16 15:30:00+00:00,9.09,79.9,50.0,72.32,42.0,285.65,3.38,220.0,98530.0
1990-11-16 16:30:00+00:00,8.14,82.75,0.0,0.0,0.0,272.3,3.59,222.0,98630.0
1990-11-16 17:30:00+00:00,7.84,82.7,0.0,0.0,0.0,297.65,3.66,219.0,98700.0
1990-11-16 18:30:00+00:00,7.51,82.7,0.0,0.0,0.0,295.7,3.52,217.0,98780.0
1990-11-16 19:30:00+00:00,5.87,88.9,0.0,0.0,0.0,256.6,3.86,214.0,98850.0
1990-11-16 20:30:00+00:00,5.24,88.85,0.0,0.0,0.0,249.45,3.86,215.0,98910.0
1990-11-16 21:30:00+00:00,4.79,92.25,0.0,0.0,0.0,246.35,3.79,211.0,98940.0
1990-11-16 22:30:00+00:00,4.51,92.25,0.0,0.0,0.0,245.6,3.79,205.0,98980.0
1990-11-16 23:30:00+00:00,4.39,95.75,0.0,0.0,0.0,245.75,3.86,200.0,99000.0
1990-11-17 00:30:00+00:00,4.3,95.75,0.0,0.0,0.0,245.95,3.86,196.0,98970.0
1990-11-17 01:30:00+00:00,4.22,92.2,0.0,0.0,0.0,245.7,4.0,191.0,98970.0
1990-11-17 02:30:00+00:00,4.14,92.2,0.0,0.0,0.0,246.15,4.07,186.0,98960.0
1990-11-17 03:30:00+00:00,4.09,92.2,0.0,0.0,0.0,248.1,4.07,180.0,98910.0
1990-11-17 04:30:00+00:00,4.04,92.2,0.0,0.0,0.0,247.9,4.14,173.0,98830.0
1990-11-17 05:30:00+00:00,4.28,92.2,0.0,0.0,0.0,252.35,4.69,169.0,98790.0
1990-11-17 06:30:00+00:00,4.91,92.25,0.0,0.0,0.0,263.75,5.45,164.0,98710.0
1990-11-17 07:30:00+00:00,6.18,85.7,0.0,0.0,0.0,288.55,6.76,165.0,98560.0
1990-11-17 08:30:00+00:00,7.01,82.65,4.0,0.0,4.0,298.05,7.52,172.0,98480.0
1990-11-17 09:30:00+00:00,7.89,85.85,81.0,56.6,71.0,321.85,8.21,178.0,98440.0
1990-11-17 10:30:00+00:00,8.71,85.95,210.0,455.83,93.0,320.85,8.34,184.0,98430.0
1990-11-17 11:30:00+00:00,9.75,82.9,192.0,165.84,142.0,309.05,8.34,190.0,98430.0
1990-11-17 12:30:00+00:00,10.13,79.95,137.0,29.21,128.0,297.25,8.69,199.0,98430.0
1990-11-17 13:30:00+00:00,10.15,79.95,75.0,0.0,75.0,316.6,7.45,204.0,98440.0
1990-11-17 14:30:00+00:00,9.31,79.9,39.0,0.0,39.0,323.4,5.86,216.0,98480.0
1990-11-17 15:30:00+00:00,8.22,82.75,29.0,0.0,29.0,329.0,4.41,219.0,98490.0
1990-11-17 16:30:00+00:00,7.25,85.8,0.0,0.0,0.0,325.5,4.07,216.0,98540.0
1990-11-17 17:30:00+00:00,6.49,82.6,0.0,0.0,0.0,321.85,3.59,209.0,98570.0
1990-11-17 18:30:00+00:00,5.8,88.9,0.0,0.0,0.0,306.35,3.66,206.0,98590.0
1990-11-17 19:30:00+00:00,4.88,92.25,0.0,0.0,0.0,279.45,4.14,207.0,98620.0
1990-11-17 20:30:00+00:00,4.28,92.2,0.0,0.0,0.0,260.65,4.48,214.0,98700.0
1990-11-17 21:30:00+00:00,4.1,92.2,0.0,0.0,0.0,268.8,4.48,218.0,98800.0
1990-11-17 22:30:00+00:00,3.65,92.15,0.0,0.0,0.0,243.45,4.9,220.0,98880.0
1990-11-17 23:30:00+00:00,3.41,92.15,0.0,0.0,0.0,242.1,5.03,221.0,98970.0
1990-11-18 00:30:00+00:00,3.1,88.7,0.0,0.0,0.0,236.3,4.9,217.0,99050.0
1990-11-18 01:30:00+00:00,2.83,88.65,0.0,0.0,0.0,234.05,4.97,214.0,99120.0
1990-11-18 02:30:00+00:00,2.65,88.65,0.0,0.0,0.0,233.2,5.03,213.0,99210.0
1990-11-18 03:30:00+00:00,2.58,88.65,0.0,0.0,0.0,233.2,5.1,212.0,99290.0
1990-11-18 04:30:00+00:00,2.53,88.65,0.0,0.0,0.0,233.75,5.1,210.0,99330.0
1990-11-18 05:30:00+00:00,2.54,88.65,0.0,0.0,0.0,235.15,5.17,209.0,99390.0
1990-11-18 06:30:00+00:00,2.58,88.65,0.0,0.0,0.0,234.75,5.45,210.0,99450.0
1990-11-18 07:30:00+00:00,2.72,88.65,0.0,0.0,0.0,235.5,5.72,210.0,99560.0
1990-11-18 08:30:00+00:00,2.92,88.65,37.0,270.44,20.0,237.45,6.0,210.0,99650.0
1990-11-18 09:30:00+00:00,3.79,85.45,144.0,539.16,51.0,235.5,6.41,212.0,99750.0
1990-11-18 10:30:00+00:00,5.08,82.4,231.0,645.59,68.0,237.45,6.76,217.0,99810.0
1990-11-18 11:30:00+00:00,6.24,76.55,276.0,648.99,83.0,240.55,6.83,221.0,99860.0
1990-11-18 12:30:00+00:00,7.1,71.15,290.0,706.91,75.0,242.3,6.07,221.0,99920.0
1990-11-18 13:30:00+00:00,7.63,66.05,239.0,550.89,89.0,250.6,5.93,224.0,99990.0
1990-11-18 14:30:00+00:00,7.65,63.6,177.0,578.46,59.0,246.35,6.28,229.0,100080.0
1990-11-18 15:30:00+00:00,7.22,63.5,74.0,384.94,34.0,256.05,5.66,227.0,100170.0
1990-11-18 16:30:00+00:00,6.16,65.75,0.0,0.0,0.0,246.75,5.03,225.0,100270.0
1990-11-18 17:30:00+00:00,5.12,68.1,0.0,0.0,0.0,242.3,4.69,223.0,100320.0
1990-11-18 18:30:00+00:00,4.44,73.4,0.0,0.0,0.0,243.25,4.55,222.0,100430.0
1990-11-18 19:30:00+00:00,3.74,76.15,0.0,0.0,0.0,237.45,4.41,222.0,100490.0
1990-11-18 20:30:00+00:00,3.18,79.1,0.0,0.0,0.0,235.7,4.14,222.0,100560.0
1990-11-18 21:30:00+00:00,2.64,82.15,0.0,0.0,0.0,234.95,3.79,222.0,100610.0
1990-11-18 22:30:00+00:00,2.18,85.3,0.0,0.0,0.0,234.35,3.52,221.0,100640.0
1990-11-18 23:30:00+00:00,1.78,88.6,0.0,0.0,0.0,233.4,3.45,218.0,100650.0
1990-11-19 00:30:00+00:00,1.49,92.05,0.0,0.0,0.0,233.75,3.31,215.0,100670.0
1990-11-19 01:30:00+00:00,1.31,95.65,0.0,0.0,0.0,233.5,3.17,211.0,100660.0
1990-11-19 02:30:00+00:00,1.17,95.65,0.0,0.0,0.0,234.15,3.1,206.0,100640.0
1990-11-19 03:30:00+00:00,1.12,95.65,0.0,0.0,0.0,234.75,3.24,204.0,100620.0
1990-11-19 04:30:00+00:00,1.17,95.65,0.0,0.0,0.0,235.15,3.38,208.0,100590.0
1990-11-19 05:30:00+00:00,1.27,95.65,0.0,0.0,0.0,235.3,3.45,207.0,100570.0
1990-11-19 06:30:00+00:00,1.38,95.65,0.0,0.0,0.0,236.1,3.59,206.0,100570.0
1990-11-19 07:30:00+00:00,1.76,95.65,0.0,0.0,0.0,246.35,3.79,214.0,100580.0
1990-11-19 08:30:00+00:00,1.85,99.4,34.0,272.17,18.0,241.3,3.72,218.0,100570.0
1990-11-19 09:30:00+00:00,2.67,95.7,135.0,492.98,52.0,240.35,3.66,223.0,100580.0
1990-11-19 10:30:00+00:00,4.06,92.2,214.0,547.57,78.0,237.65,3.45,224.0,100570.0
1990-11-19 11:30:00+00:00,5.53,85.65,270.0,651.08,79.0,238.05,3.86,221.0,100550.0
1990-11-19 12:30:00+00:00,6.68,82.6,281.0,682.75,76.0,240.75,4.21,215.0,100500.0
1990-11-19 13:30:00+00:00,7.44,82.65,240.0,603.13,78.0,245.0,4.41,207.0,100450.0
1990-11-19 14:30:00+00:00,7.73,79.7,160.0,448.79,70.0,251.4,4.83,196.0,100380.0
1990-11-19 15:30:00+00:00,7.52,79.7,65.0,287.92,36.0,261.45,5.45,195.0,100310.0
1990-11-19 16:30:00+00:00,7.03,82.65,0.0,0.0,0.0,267.45,5.93,196.0,100250.0
1990-11-19 17:30:00+00:00,6.88,82.6,0.0,0.0,0.0,271.7,6.55,192.0,100140.0
1990-11-19 18:30:00+00:00,7.17,76.7,0.0,0.0,0.0,286.4,7.17,194.0,100030.0
1990-11-19 19:30:00+00:00,7.34,76.7,0.0,0.0,0.0,300.55,8.34,195.0,99820.0
1990-11-19 20:30:00+00:00,7.62,71.25,0.0,0.0,0.0,312.95,9.31,198.0,99670.0
1990-11-19 21:30:00+00:00,7.72,73.95,0.0,0.0,0.0,319.9,10.21,199.0,99530.0
1990-11-19 22:30:00+00:00,7.73,79.7,0.0,0.0,0.0,321.05,10.62,200.0,99390.0
1990-11-19 23:30:00+00:00,7.88,89.05,0.0,0.0,0.0,338.65,10.97,202.0,99250.0
1990-11-20 00:30:00+00:00,8.4,85.9,0.0,0.0,0.0,344.5,10.83,205.0,99110.0
1990-11-20 01:30:00+00:00,9.01,85.95,0.0,0.0,0.0,348.45,10.21,206.0,99040.0
1990-11-20 02:30:00+00:00,9.49,89.15,0.0,0.0,0.0,344.5,9.03,209.0,98990.0
1990-11-20 03:30:00+00:00,9.94,92.45,0.0,0.0,0.0,354.15,7.66,214.0,98950.0
1990-11-20 04:30:00+00:00,10.17,92.5,0.0,0.0,0.0,340.6,6.55,224.0,98960.0
1990-11-20 05:30:00+00:00,9.88,92.45,0.0,0.0,0.0,316.6,5.93,234.0,99000.0
1990-11-20 06:30:00+00:00,9.37,85.95,0.0,0.0,0.0,316.05,5.31,240.0,99050.0
1990-11-20 07:30:00+00:00,9.53,89.15,0.0,0.0,0.0,326.1,4.76,236.0,99060.0
1990-11-20 08:30:00+00:00,8.86,89.1,20.0,36.51,18.0,301.1,4.34,236.0,99110.0
1990-11-20 09:30:00+00:00,8.73,85.95,80.0,73.03,68.0,286.4,4.28,236.0,99140.0
1990-11-20 10:30:00+00:00,9.16,85.95,216.0,613.9,66.0,279.05,4.55,238.0,99170.0
1990-11-20 11:30:00+00:00,9.63,82.9,254.0,570.12,89.0,285.85,4.83,238.0,99180.0
1990-11-20 12:30:00+00:00,9.73,77.0,267.0,620.64,83.0,270.95,5.38,244.0,99150.0
1990-11-20 13:30:00+00:00,9.64,77.0,216.0,452.81,96.0,271.3,5.03,242.0,99110.0
1990-11-20 14:30:00+00:00,9.66,74.2,167.0,562.89,56.0,268.2,5.1,240.0,99070.0
1990-11-20 15:30:00+00:00,9.24,71.5,49.0,122.9,37.0,275.95,4.76,238.0,99040.0
1990-11-20 16:30:00+00:00,8.53,71.4,0.0,0.0,0.0,289.5,4.41,235.0,99000.0
1990-11-20 17:30:00+00:00,7.52,73.95,0.0,0.0,0.0,270.15,4.21,233.0,98980.0
1990-11-20 18:30:00+00:00,6.89,76.65,0.0,0.0,0.0,265.5,4.28,231.0,98970.0
1990-11-20 19:30:00+00:00,6.96,76.65,0.0,0.0,0.0,268.05,4.9,228.0,98860.0
1990-11-20 20:30:00+00:00,6.44,79.5,0.0,0.0,0.0,256.6,4.9,232.0,98840.0
1990-11-20 21:30:00+00:00,5.9,82.5,0.0,0.0,0.0,251.75,4.97,232.0,98800.0
1990-11-20 22:30:00+00:00,5.62,82.5,0.0,0.0,0.0,251.6,5.17,232.0,98760.0
1990-11-20 23:30:00+00:00,5.64,79.4,0.0,0.0,0.0,257.6,5.45,234.0,98720.0
1990-11-21 00:30:00+00:00,5.53,79.4,0.0,0.0,0.0,253.3,5.45,236.0,98670.0
1990-11-21 01:30:00+00:00,5.54,82.5,0.0,0.0,0.0,261.55,5.38,239.0,98640.0
1990-11-21 02:30:00+00:00,5.57,82.5,0.0,0.0,0.0,271.9,5.24,242.0,98610.0
1990-11-21 03:30:00+00:00,5.2,85.6,0.0,0.0,0.0,257.6,5.1,245.0,98560.0
1990-11-21 04:30:00+00:00,4.76,85.55,0.0,0.0,0.0,250.4,5.1,249.0,98540.0
1990-11-21 05:30:00+00:00,4.44,82.3,0.0,0.0,0.0,253.3,5.17,249.0,98520.0
1990-11-21 06:30:00+00:00,4.08,79.2,0.0,0.0,0.0,247.5,5.31,249.0,98500.0
1990-11-21 07:30:00+00:00,4.05,76.25,0.0,0.0,0.0,250.6,5.72,248.0,98480.0
1990-11-21 08:30:00+00:00,3.91,79.15,26.0,196.71,16.0,243.65,5.45,248.0,98500.0
1990-11-21 09:30:00+00:00,4.55,76.3,127.0,474.04,51.0,252.15,5.59,252.0,98520.0
1990-11-21 10:30:00+00:00,5.39,76.4,212.0,603.2,67.0,259.3,4.97,252.0,98510.0
1990-11-21 11:30:00+00:00,5.88,70.85,248.0,535.79,95.0,273.05,6.62,265.0,98500.0
1990-11-21 12:30:00+00:00,6.31,68.3,176.0,133.21,137.0,263.75,6.9,271.0,98500.0
1990-11-21 13:30:00+00:00,6.45,68.3,219.0,485.61,92.0,267.85,6.07,270.0,98500.0
1990-11-21 14:30:00+00:00,6.46,70.95,108.0,118.58,85.0,274.4,5.66,262.0,98490.0
1990-11-21 15:30:00+00:00,6.15,70.95,38.0,42.25,34.0,273.85,5.79,259.0,98500.0
1990-11-21 16:30:00+00:00,5.83,76.5,0.0,0.0,0.0,288.75,5.86,261.0,98510.0
1990-11-21 17:30:00+00:00,5.97,73.7,0.0,0.0,0.0,299.55,6.07,264.0,98540.0
1990-11-21 18:30:00+00:00,5.79,79.4,0.0,0.0,0.0,275.4,6.07,266.0,98580.0
1990-11-21 19:30:00+00:00,6.22,79.5,0.0,0.0,0.0,279.85,6.0,270.0,98620.0
1990-11-21 20:30:00+00:00,6.03,82.55,0.0,0.0,0.0,267.25,5.93,270.0,98640.0
1990-11-21 21:30:00+00:00,6.03,82.55,0.0,0.0,0.0,275.4,5.86,271.0,98690.0
1990-11-21 22:30:00+00:00,6.05,82.55,0.0,0.0,0.0,277.9,5.86,271.0,98690.0
1990-11-21 23:30:00+00:00,6.09,85.7,0.0,0.0,0.0,283.7,5.79,269.0,98710.0
1990-11-22 00:30:00+00:00,6.13,85.7,0.0,0.0,0.0,292.2,5.72,266.0,98700.0
1990-11-22 01:30:00+00:00,6.21,85.7,0.0,0.0,0.0,299.1,5.66,265.0,98740.0
1990-11-22 02:30:00+00:00,6.32,85.7,0.0,0.0,0.0,305.75,5.72,264.0,98760.0
1990-11-22 03:30:00+00:00,6.37,85.7,0.0,0.0,0.0,308.85,5.72,263.0,98760.0
1990-11-22 04:30:00+00:00,6.18,85.7,0.0,0.0,0.0,300.15,5.31,262.0,98750.0
1990-11-22 05:30:00+00:00,5.79,85.65,0.0,0.0,0.0,287.0,4.76,260.0,98720.0
1990-11-22 06:30:00+00:00,5.46,88.85,0.0,0.0,0.0,281.75,4.48,256.0,98740.0
1990-11-22 07:30:00+00:00,5.33,88.85,0.0,0.0,0.0,289.1,4.21,253.0,98750.0
1990-11-22 08:30:00+00:00,4.7,92.25,9.0,0.0,9.0,266.65,3.79,245.0,98750.0
1990-11-22 09:30:00+00:00,5.02,88.85,63.0,31.97,58.0,266.3,3.86,238.0,98720.0
1990-11-22 10:30:00+00:00,5.92,88.9,144.0,156.44,107.0,292.05,3.45,229.0,98630.0
1990-11-22 11:30:00+00:00,6.43,85.7,129.0,39.04,118.0,312.15,3.59,221.0,98580.0
1990-11-22 12:30:00+00:00,6.84,82.6,69.0,0.0,69.0,318.35,3.79,214.0,98530.0
1990-11-22 13:30:00+00:00,6.92,82.6,52.0,0.0,52.0,323.55,3.59,199.0,98440.0
1990-11-22 14:30:00+00:00,6.61,89.0,24.0,0.0,24.0,330.95,3.79,192.0,98350.0
1990-11-22 15:30:00+00:00,6.65,89.0,27.0,10.89,26.0,336.95,3.66,190.0,98260.0
1990-11-22 16:30:00+00:00,6.75,92.35,0.0,0.0,0.0,332.65,3.45,194.0,98170.0
1990-11-22 17:30:00+00:00,6.99,92.35,0.0,0.0,0.0,335.75,3.1,201.0,98090.0
1990-11-22 18:30:00+00:00,7.38,92.35,0.0,0.0,0.0,339.45,3.03,217.0,98010.0
1990-11-22 19:30:00+00:00,6.97,95.8,0.0,0.0,0.0,310.2,3.1,230.0,97960.0
1990-11-22 20:30:00+00:00,6.67,95.8,0.0,0.0,0.0,300.75,3.24,222.0,97900.0
1990-11-22 21:30:00+00:00,6.59,95.8,0.0,0.0,0.0,310.05,3.03,209.0,97840.0
1990-11-22 22:30:00+00:00,6.66,95.8,0.0,0.0,0.0,314.3,2.9,188.0,97730.0
1990-11-22 23:30:00+00:00,7.12,92.35,0.0,0.0,0.0,327.45,3.52,174.0,97580.0
1990-11-23 00:30:00+00:00,7.98,95.8,0.0,0.0,0.0,340.6,4.48,173.0,97430.0
1990-11-23 01:30:00+00:00,8.72,92.45,0.0,0.0,0.0,347.7,4.9,163.0,97250.0
1990-11-23 02:30:00+00:00,9.19,92.45,0.0,0.0,0.0,348.95,5.93,160.0,96980.0
1990-11-23 03:30:00+00:00,9.79,95.85,0.0,0.0,0.0,354.55,6.9,178.0,96820.0
1990-11-23 04:30:00+00:00,10.6,92.5,0.0,0.0,0.0,359.75,6.41,199.0,96700.0
1990-11-23 05:30:00+00:00,10.61,86.05,0.0,0.0,0.0,333.45,6.83,219.0,96680.0
1990-11-23 06:30:00+00:00,9.98,85.95,0.0,0.0,0.0,310.2,7.31,227.0,96750.0
1990-11-23 07:30:00+00:00,9.32,82.9,0.0,0.0,0.0,295.5,7.52,232.0,96740.0
1990-11-23 08:30:00+00:00,8.39,85.9,19.0,139.02,13.0,279.05,7.17,235.0,96830.0
1990-11-23 09:30:00+00:00,7.91,82.7,116.0,439.09,49.0,257.75,6.83,230.0,96920.0
1990-11-23 10:30:00+00:00,8.32,79.75,200.0,571.47,67.0,256.6,7.03,223.0,96970.0
1990-11-23 11:30:00+00:00,9.09,77.0,242.0,571.68,83.0,261.05,6.07,213.0,97020.0
1990-11-23 12:30:00+00:00,9.85,74.2,199.0,252.03,127.0,264.15,8.07,212.0,97000.0
1990-11-23 13:30:00+00:00,10.05,71.6,89.0,7.85,87.0,278.3,8.69,217.0,96990.0
1990-11-23 14:30:00+00:00,10.23,71.6,131.0,303.49,74.0,318.15,9.03,217.0,97030.0
1990-11-23 15:30:00+00:00,9.76,74.2,53.0,247.01,31.0,291.25,8.21,219.0,97080.0
1990-11-23 16:30:00+00:00,9.23,74.2,0.0,0.0,0.0,287.4,7.45,219.0,97150.0
1990-11-23 17:30:00+00:00,8.69,76.95,0.0,0.0,0.0,276.75,7.17,222.0,97250.0
1990-11-23 18:30:00+00:00,8.34,79.75,0.0,0.0,0.0,275.4,6.97,221.0,97340.0
1990-11-23 19:30:00+00:00,7.86,79.7,0.0,0.0,0.0,269.2,6.76,221.0,97400.0
1990-11-23 20:30:00+00:00,7.51,79.7,0.0,0.0,0.0,266.3,6.69,222.0,97470.0
1990-11-23 21:30:00+00:00,7.24,82.65,0.0,0.0,0.0,265.9,6.41,220.0,97570.0
1990-11-23 22:30:00+00:00,6.92,89.0,0.0,0.0,0.0,261.25,6.34,217.0,97640.0
1990-11-23 23:30:00+00:00,6.84,89.0,0.0,0.0,0.0,266.1,6.69,218.0,97740.0
1990-11-24 00:30:00+00:00,6.66,85.75,0.0,0.0,0.0,259.1,6.76,221.0,97800.0
1990-11-24 01:30:00+00:00,6.52,82.6,0.0,0.0,0.0,262.9,6.48,222.0,97900.0
1990-11-24 02:30:00+00:00,6.21,82.55,0.0,0.0,0.0,256.2,5.93,220.0,97970.0
1990-11-24 03:30:00+00:00,5.88,85.65,0.0,0.0,0.0,255.45,5.45,214.0,98030.0
1990-11-24 04:30:00+00:00,5.49,88.9,0.0,0.0,0.0,251.75,4.83,208.0,98070.0
1990-11-24 05:30:00+00:00,5.26,92.25,0.0,0.0,0.0,260.5,4.07,197.0,98070.0
1990-11-24 06:30:00+00:00,5.32,92.25,0.0,0.0,0.0,277.1,4.07,185.0,98110.0
1990-11-24 07:30:00+00:00,5.59,88.9,0.0,0.0,0.0,292.4,3.45,172.0,98120.0
1990-11-24 08:30:00+00:00,5.96,88.9,7.0,0.0,7.0,301.9,3.66,155.0,98090.0
1990-11-24 09:30:00+00:00,6.71,85.75,55.0,20.16,52.0,307.5,4.55,150.0,98080.0
1990-11-24 10:30:00+00:00,7.64,89.05,63.0,0.0,63.0,320.3,5.79,151.0,97980.0
1990-11-24 11:30:00+00:00,8.64,85.95,76.0,0.0,76.0,333.85,6.76,158.0,97910.0
1990-11-24 12:30:00+00:00,9.59,85.95,23.0,0.0,23.0,327.45,7.03,165.0,97850.0
1990-11-24 13:30:00+00:00,10.4,89.2,110.0,31.78,102.0,337.3,6.97,168.0,97770.0
1990-11-24 14:30:00+00:00,10.7,89.25,53.0,0.0,53.0,322.2,6.97,167.0,97770.0
1990-11-24 15:30:00+00:00,10.65,89.25,19.0,0.0,19.0,320.3,6.69,162.0,97670.0
1990-11-24 16:30:00+00:00,10.49,92.5,0.0,0.0,0.0,329.95,6.48,162.0,97640.0
1990-11-24 17:30:00+00:00,10.44,92.5,0.0,0.0,0.0,339.05,6.48,162.0,97600.0
1990-11-24 18:30:00+00:00,10.32,92.5,0.0,0.0,0.0,327.25,6.21,160.0,97530.0
1990-11-24 19:30:00+00:00,10.81,92.5,0.0,0.0,0.0,341.55,6.48,165.0,97470.0
1990-11-24 20:30:00+00:00,11.28,92.55,0.0,0.0,0.0,357.65,6.9,171.0,97440.0
1990-11-24 21:30:00+00:00,11.65,92.55,0.0,0.0,0.0,363.05,7.17,175.0,97420.0
1990-11-24 22:30:00+00:00,11.82,92.55,0.0,0.0,0.0,360.55,6.62,174.0,97390.0
1990-11-24 23:30:00+00:00,11.87,92.55,0.0,0.0,0.0,367.1,6.14,168.0,97320.0
1990-11-25 00:30:00+00:00,11.97,95.9,0.0,0.0,0.0,366.55,6.0,165.0,97240.0
1990-11-25 01:30:00+00:00,12.05,92.6,0.0,0.0,0.0,368.4,6.55,164.0,97200.0
1990-11-25 02:30:00+00:00,12.0,95.9,0.0,0.0,0.0,364.2,6.76,166.0,97120.0
1990-11-25 03:30:00+00:00,12.04,92.6,0.0,0.0,0.0,365.55,6.48,173.0,97080.0
1990-11-25 04:30:00+00:00,11.9,92.55,0.0,0.0,0.0,362.3,5.79,183.0,97050.0
1990-11-25 05:30:00+00:00,11.54,92.55,0.0,0.0,0.0,361.3,4.69,198.0,97060.0
1990-11-25 06:30:00+00:00,11.25,95.9,0.0,0.0,0.0,361.3,3.24,195.0,97060.0
1990-11-25 07:30:00+00:00,9.69,95.85,0.0,0.0,0.0,341.75,2.41,230.0,97230.0
1990-11-25 08:30:00+00:00,9.19,92.45,10.0,0.0,10.0,333.05,2.55,226.0,97310.0
1990-11-25 09:30:00+00:00,9.18,92.45,10.0,0.0,10.0,332.5,2.69,227.0,97460.0
1990-11-25 10:30:00+00:00,9.5,92.45,123.0,106.46,99.0,343.9,2.34,232.0,97520.0
1990-11-25 11:30:00+00:00,9.51,89.15,142.0,77.47,121.0,333.65,2.34,247.0,97620.0
1990-11-25 12:30:00+00:00,9.38,85.95,112.0,17.92,107.0,337.9,3.24,266.0,97680.0
1990-11-25 13:30:00+00:00,8.81,82.85,153.0,168.91,111.0,338.85,4.83,263.0,97790.0
1990-11-25 14:30:00+00:00,8.42,85.9,118.0,230.62,76.0,332.65,5.86,247.0,97970.0
1990-11-25 15:30:00+00:00,8.31,82.75,42.0,131.08,31.0,310.8,6.41,234.0,98130.0
1990-11-25 16:30:00+00:00,8.31,82.75,0.0,0.0,0.0,311.0,7.1,227.0,98370.0
1990-11-25 17:30:00+00:00,8.15,79.75,0.0,0.0,0.0,297.85,7.1,220.0,98550.0
1990-11-25 18:30:00+00:00,7.72,79.7,0.0,0.0,0.0,269.6,7.03,217.0,98730.0
1990-11-25 19:30:00+00:00,6.81,79.55,0.0,0.0,0.0,261.65,7.24,213.0,98860.0
1990-11-25 20:30:00+00:00,6.66,79.55,0.0,0.0,0.0,269.4,7.24,213.0,98980.0
1990-11-25 21:30:00+00:00,6.38,82.55,0.0,0.0,0.0,256.05,6.83,213.0,99100.0
1990-11-25 22:30:00+00:00,6.38,85.7,0.0,0.0,0.0,264.15,6.55,213.0,99240.0
1990-11-25 23:30:00+00:00,6.45,85.7,0.0,0.0,0.0,269.6,6.14,213.0,99360.0
1990-11-26 00:30:00+00:00,6.42,85.7,0.0,0.0,0.0,271.7,5.45,214.0,99430.0
1990-11-26 01:30:00+00:00,6.04,85.7,0.0,0.0,0.0,263.7,4.83,209.0,99520.0
1990-11-26 02:30:00+00:00,5.58,85.65,0.0,0.0,0.0,260.3,4.28,200.0,99590.0
1990-11-26 03:30:00+00:00,5.26,88.85,0.0,0.0,0.0,266.1,3.79,189.0,99610.0
1990-11-26 04:30:00+00:00,5.27,88.85,0.0,0.0,0.0,274.05,3.86,176.0,99600.0
1990-11-26 05:30:00+00:00,5.81,85.65,0.0,0.0,0.0,282.15,4.55,173.0,99600.0
1990-11-26 06:30:00+00:00,6.62,82.6,0.0,0.0,0.0,283.5,5.45,174.0,99610.0
1990-11-26 07:30:00+00:00,7.77,85.85,0.0,0.0,0.0,298.6,6.69,182.0,99530.0
1990-11-26 08:30:00+00:00,8.31,85.9,9.0,0.0,9.0,301.1,6.83,191.0,99560.0
1990-11-26 09:30:00+00:00,8.68,82.85,95.0,282.51,55.0,298.8,6.83,202.0,99650.0
1990-11-26 10:30:00+00:00,9.29,82.9,87.0,18.03,83.0,307.9,6.48,211.0,99750.0
1990-11-26 11:30:00+00:00,9.93,85.95,163.0,149.42,123.0,296.85,5.72,214.0,99850.0
1990-11-26 12:30:00+00:00,10.38,82.95,166.0,141.4,127.0,285.65,5.72,217.0,99920.0
1990-11-26 13:30:00+00:00,10.68,83.0,194.0,419.2,91.0,287.6,4.34,213.0,99960.0
1990-11-26 14:30:00+00:00,10.81,83.0,146.0,518.28,53.0,287.0,4.07,208.0,100050.0
1990-11-26 15:30:00+00:00,10.27,86.0,52.0,318.94,26.0,281.4,3.38,195.0,100070.0
1990-11-26 16:30:00+00:00,9.02,85.95,0.0,0.0,0.0,272.85,3.31,177.0,100090.0
1990-11-26 17:30:00+00:00,8.4,92.4,0.0,0.0,0.0,272.5,3.66,170.0,100120.0
1990-11-26 18:30:00+00:00,8.7,89.1,0.0,0.0,0.0,283.5,4.28,173.0,100140.0
1990-11-26 19:30:00+00:00,9.01,89.15,0.0,0.0,0.0,302.3,4.69,171.0,100120.0
1990-11-26 20:30:00+00:00,9.23,89.15,0.0,0.0,0.0,303.65,5.1,170.0,100090.0
1990-11-26 21:30:00+00:00,9.56,92.45,0.0,0.0,0.0,315.25,5.45,170.0,100070.0
1990-11-26 22:30:00+00:00,9.81,92.45,0.0,0.0,0.0,319.1,6.0,169.0,100040.0
1990-11-26 23:30:00+00:00,10.12,89.2,0.0,0.0,0.0,324.55,6.55,169.0,99990.0
1990-11-27 00:30:00+00:00,10.45,89.2,0.0,0.0,0.0,335.4,6.97,169.0,99940.0
1990-11-27 01:30:00+00:00,10.47,89.2,0.0,0.0,0.0,325.25,7.31,168.0,99860.0
1990-11-27 02:30:00+00:00,10.49,86.0,0.0,0.0,0.0,325.7,7.52,170.0,99790.0
1990-11-27 03:30:00+00:00,10.67,83.0,0.0,0.0,0.0,335.4,7.79,169.0,99740.0
1990-11-27 04:30:00+00:00,10.75,83.0,0.0,0.0,0.0,342.15,8.07,169.0,99660.0
1990-11-27 05:30:00+00:00,10.76,83.0,0.0,0.0,0.0,347.95,8.34,171.0,99570.0
1990-11-27 06:30:00+00:00,10.78,86.05,0.0,0.0,0.0,353.55,8.76,177.0,99570.0
1990-11-27 07:30:00+00:00,11.0,86.05,0.0,0.0,0.0,356.85,8.55,182.0,99590.0
1990-11-27 08:30:00+00:00,11.07,83.05,3.0,0.0,3.0,360.15,7.86,182.0,99610.0
1990-11-27 09:30:00+00:00,11.22,86.1,98.0,354.84,49.0,358.4,7.24,184.0,99650.0
1990-11-27 10:30:00+00:00,11.63,86.15,178.0,489.72,71.0,342.75,6.97,188.0,99690.0
1990-11-27 11:30:00+00:00,12.11,83.15,124.0,45.38,112.0,293.4,7.31,193.0,99730.0
1990-11-27 12:30:00+00:00,12.75,80.3,219.0,436.33,100.0,310.2,7.93,199.0,99740.0
1990-11-27 13:30:00+00:00,13.03,77.45,163.0,238.81,105.0,316.8,7.93,202.0,99750.0
1990-11-27 14:30:00+00:00,12.72,77.45,139.0,469.26,56.0,311.0,7.1,200.0,99780.0
1990-11-27 15:30:00+00:00,12.17,77.35,45.0,227.17,27.0,295.3,6.48,196.0,99820.0
1990-11-27 16:30:00+00:00,11.39,83.05,0.0,0.0,0.0,285.45,6.34,193.0,99850.0
1990-11-27 17:30:00+00:00,11.03,83.05,0.0,0.0,0.0,297.65,6.41,191.0,99880.0
1990-11-27 18:30:00+00:00,10.84,86.05,0.0,0.0,0.0,305.55,6.34,191.0,99940.0
1990-11-27 19:30:00+00:00,11.16,86.1,0.0,0.0,0.0,316.6,6.97,184.0,99940.0
1990-11-27 20:30:00+00:00,11.07,86.1,0.0,0.0,0.0,310.05,7.03,185.0,99950.0
1990-11-27 21:30:00+00:00,11.07,86.1,0.0,0.0,0.0,313.5,6.97,186.0,99970.0
1990-11-27 22:30:00+00:00,11.07,86.1,0.0,0.0,0.0,320.1,6.69,184.0,99950.0
1990-11-27 23:30:00+00:00,11.28,86.1,0.0,0.0,0.0,330.75,6.83,185.0,99960.0
1990-11-28 00:30:00+00:00,11.39,86.1,0.0,0.0,0.0,336.15,6.9,185.0,99910.0
1990-11-28 01:30:00+00:00,11.23,86.1,0.0,0.0,0.0,325.45,6.41,182.0,99880.0
1990-11-28 02:30:00+00:00,11.13,86.1,0.0,0.0,0.0,321.05,6.55,182.0,99820.0
1990-11-28 03:30:00+00:00,10.98,86.05,0.0,0.0,0.0,309.85,6.69,180.0,99760.0
1990-11-28 04:30:00+00:00,11.13,83.05,0.0,0.0,0.0,323.4,7.31,181.0,99720.0
1990-11-28 05:30:00+00:00,11.17,86.1,0.0,0.0,0.0,341.95,7.45,183.0,99670.0
1990-11-28 06:30:00+00:00,11.06,86.1,0.0,0.0,0.0,344.5,6.55,181.0,99630.0
1990-11-28 07:30:00+00:00,11.0,92.5,0.0,0.0,0.0,352.4,6.83,191.0,99580.0
1990-11-28 08:30:00+00:00,10.85,92.5,3.0,0.0,3.0,354.15,6.0,204.0,99630.0
1990-11-28 09:30:00+00:00,10.14,89.2,66.0,89.1,54.0,314.3,5.24,213.0,99720.0
1990-11-28 10:30:00+00:00,9.99,92.45,91.0,32.53,84.0,302.65,5.1,214.0,99800.0
1990-11-28 11:30:00+00:00,10.23,86.0,243.0,696.68,61.0,293.75,5.1,210.0,99880.0
1990-11-28 12:30:00+00:00,10.51,86.0,205.0,352.16,110.0,285.45,5.03,208.0,99920.0
1990-11-28 13:30:00+00:00,10.71,83.0,165.0,258.17,103.0,280.05,5.24,210.0,99950.0
1990-11-28 14:30:00+00:00,10.86,80.05,113.0,235.05,72.0,293.2,5.45,212.0,100000.0
1990-11-28 15:30:00+00:00,10.38,79.95,34.0,77.85,28.0,285.25,5.03,213.0,100060.0
1990-11-28 16:30:00+00:00,9.63,79.9,0.0,0.0,0.0,291.45,4.69,211.0,100120.0
1990-11-28 17:30:00+00:00,9.02,79.9,0.0,0.0,0.0,285.25,4.55,209.0,100200.0
1990-11-28 18:30:00+00:00,8.47,85.9,0.0,0.0,0.0,278.1,4.55,209.0,100280.0
1990-11-28 19:30:00+00:00,7.86,85.85,0.0,0.0,0.0,276.15,4.28,208.0,100360.0
1990-11-28 20:30:00+00:00,7.59,89.05,0.0,0.0,0.0,280.4,4.41,209.0,100420.0
1990-11-28 21:30:00+00:00,7.19,89.0,0.0,0.0,0.0,271.1,4.55,214.0,100490.0
1990-11-28 22:30:00+00:00,6.71,92.35,0.0,0.0,0.0,260.3,4.76,218.0,100540.0
1990-11-28 23:30:00+00:00,6.42,92.3,0.0,0.0,0.0,260.5,4.83,223.0,100640.0
1990-11-29 00:30:00+00:00,6.33,92.3,0.0,0.0,0.0,269.95,4.62,227.0,100720.0
1990-11-29 01:30:00+00:00,6.19,92.3,0.0,0.0,0.0,270.85,4.28,231.0,100810.0
1990-11-29 02:30:00+00:00,5.89,95.75,0.0,0.0,0.0,257.4,4.14,233.0,100920.0
1990-11-29 03:30:00+00:00,5.58,92.3,0.0,0.0,0.0,253.5,4.0,230.0,100980.0
1990-11-29 04:30:00+00:00,5.25,92.25,0.0,0.0,0.0,249.25,4.0,226.0,101040.0
1990-11-29 05:30:00+00:00,5.06,92.25,0.0,0.0,0.0,247.5,4.0,220.0,101110.0
1990-11-29 06:30:00+00:00,5.03,92.25,0.0,0.0,0.0,251.2,4.14,212.0,101160.0
1990-11-29 07:30:00+00:00,5.16,88.85,0.0,0.0,0.0,254.85,4.48,208.0,101280.0
1990-11-29 08:30:00+00:00,5.62,85.65,0.0,0.0,0.0,258.75,4.97,209.0,101350.0
1990-11-29 09:30:00+00:00,6.54,85.75,93.0,365.41,45.0,262.6,5.38,211.0,101420.0
1990-11-29 10:30:00+00:00,7.93,85.85,173.0,495.43,68.0,266.85,5.86,212.0,101450.0
1990-11-29 11:30:00+00:00,9.2,79.9,189.0,309.88,109.0,270.95,5.1,208.0,101470.0
1990-11-29 12:30:00+00:00,10.27,79.95,163.0,149.87,123.0,275.0,5.52,211.0,101500.0
1990-11-29 13:30:00+00:00,11.0,83.0,105.0,37.89,96.0,281.4,5.52,211.0,101520.0
1990-11-29 14:30:00+00:00,11.39,80.1,130.0,418.36,58.0,291.25,6.48,217.0,101540.0
1990-11-29 15:30:00+00:00,11.37,80.1,38.0,146.62,27.0,293.75,6.0,217.0,101580.0
1990-11-29 16:30:00+00:00,10.74,83.0,0.0,0.0,0.0,290.1,5.72,215.0,101630.0
1990-11-29 17:30:00+00:00,10.25,86.0,0.0,0.0,0.0,287.2,5.59,213.0,101690.0
1990-11-29 18:30:00+00:00,10.04,86.0,0.0,0.0,0.0,291.25,5.45,212.0,101760.0
1990-11-29 19:30:00+00:00,10.02,89.2,0.0,0.0,0.0,300.55,5.52,212.0,101830.0
1990-11-29 20:30:00+00:00,10.06,89.2,0.0,0.0,0.0,310.6,5.52,214.0,101870.0
1990-11-29 21:30:00+00:00,10.04,89.2,0.0,0.0,0.0,312.55,5.31,215.0,101930.0
1990-11-29 22:30:00+00:00,9.87,92.45,0.0,0.0,0.0,311.95,5.17,211.0,101910.0
1990-11-29 23:30:00+00:00,9.44,92.45,0.0,0.0,0.0,296.1,4.97,208.0,101920.0
1990-11-30 00:30:00+00:00,8.97,92.45,0.0,0.0,0.0,286.4,4.9,202.0,101910.0
1990-11-30 01:30:00+00:00,8.52,89.1,0.0,0.0,0.0,280.5,4.97,198.0,101890.0
1990-11-30 02:30:00+00:00,8.5,89.1,0.0,0.0,0.0,290.65,5.24,199.0,101870.0
1990-11-30 03:30:00+00:00,8.54,89.1,0.0,0.0,0.0,287.0,5.45,195.0,101820.0
1990-11-30 04:30:00+00:00,8.72,92.45,0.0,0.0,0.0,291.45,5.72,194.0,101750.0
1990-11-30 05:30:00+00:00,8.99,92.45,0.0,0.0,0.0,308.65,6.07,192.0,101700.0
1990-11-30 06:30:00+00:00,8.97,89.1,0.0,0.0,0.0,302.85,6.41,192.0,101660.0
1990-11-30 07:30:00+00:00,9.19,82.9,0.0,0.0,0.0,309.65,6.83,188.0,101640.0
1990-11-30 08:30:00+00:00,9.07,79.9,0.0,0.0,0.0,300.55,7.17,186.0,101600.0
1990-11-30 09:30:00+00:00,9.13,79.9,31.0,0.0,31.0,293.2,7.31,186.0,101590.0
1990-11-30 10:30:00+00:00,9.53,79.9,45.0,0.0,45.0,302.3,7.72,187.0,101570.0
1990-11-30 11:30:00+00:00,9.79,77.0,130.0,70.53,112.0,313.9,8.0,187.0,101520.0
1990-11-30 12:30:00+00:00,9.95,74.2,81.0,0.0,81.0,316.4,8.07,187.0,101430.0
1990-11-30 13:30:00+00:00,9.75,71.5,77.0,4.25,76.0,307.9,7.79,187.0,101350.0
1990-11-30 14:30:00+00:00,9.57,71.5,68.0,29.43,63.0,309.25,7.59,185.0,101280.0
1990-11-30 15:30:00+00:00,9.12,71.5,20.0,13.68,19.0,311.95,7.38,184.0,101220.0
1990-11-30 16:30:00+00:00,8.73,66.0,0.0,0.0,0.0,306.38,8.58,184.0,101150.0
1990-11-30 17:30:00+00:00,8.39,68.21,0.0,0.0,0.0,307.22,8.06,183.0,101090.0
1990-11-30 18:30:00+00:00,8.06,70.43,0.0,0.0,0.0,308.06,7.54,181.0,101020.0
1990-11-30 19:30:00+00:00,7.73,72.65,0.0,0.0,0.0,308.9,7.03,182.0,100870.0
1990-11-30 20:30:00+00:00,7.39,74.87,0.0,0.0,0.0,309.74,6.51,182.0,100790.0
1990-11-30 21:30:00+00:00,7.06,77.09,0.0,0.0,0.0,310.58,6.0,182.0,100680.0
1990-11-30 22:30:00+00:00,6.73,79.3,0.0,0.0,0.0,311.41,5.48,185.0,100620.0
1990-11-30 23:30:00+00:00,6.39,81.52,0.0,0.0,0.0,312.25,4.96,189.0,100550.0
1990-12-01 00:30:00+00:00,6.06,83.74,0.0,0.0,0.0,313.09,4.45,274.0,100900.0
1990-12-01 01:30:00+00:00,5.72,85.96,0.0,0.0,0.0,313.93,3.93,256.0,100960.0
1990-12-01 02:30:00+00:00,5.39,88.18,0.0,0.0,0.0,314.77,3.42,234.0,100970.0
1990-12-01 03:30:00+00:00,5.06,90.39,0.0,0.0,0.0,315.61,2.9,218.0,100980.0
1990-12-01 04:30:00+00:00,4.72,92.61,0.0,0.0,0.0,316.44,2.39,189.0,101000.0
1990-12-01 05:30:00+00:00,4.39,94.83,0.0,0.0,0.0,317.28,1.87,160.0,100940.0
1990-12-01 06:30:00+00:00,4.06,97.05,0.0,0.0,0.0,318.12,1.35,153.0,100920.0
1990-12-01 07:30:00+00:00,3.72,99.27,0.0,0.0,0.0,318.96,0.84,173.0,100930.0
1990-12-01 08:30:00+00:00,8.21,92.4,0.0,0.0,0.0,348.35,3.52,213.0,100930.0
1990-12-01 09:30:00+00:00,10.67,95.9,57.0,72.0,48.0,356.85,5.93,233.0,100910.0
1990-12-01 10:30:00+00:00,11.33,89.3,114.0,116.63,90.0,363.45,6.76,237.0,100920.0
1990-12-01 11:30:00+00:00,11.4,86.15,163.0,202.11,112.0,356.65,6.9,239.0,100960.0
1990-12-01 12:30:00+00:00,11.53,83.1,36.0,0.0,36.0,357.65,6.9,238.0,101000.0
1990-12-01 13:30:00+00:00,11.63,83.1,72.0,4.3,71.0,345.45,6.62,235.0,100970.0
1990-12-01 14:30:00+00:00,11.63,80.15,70.0,35.76,64.0,341.95,6.28,232.0,100980.0
1990-12-01 15:30:00+00:00,11.54,80.15,20.0,14.03,19.0,340.2,6.21,230.0,100980.0
1990-12-01 16:30:00+00:00,11.24,77.3,0.0,0.0,0.0,344.5,6.14,230.0,101020.0
1990-12-01 17:30:00+00:00,10.42,80.05,0.0,0.0,0.0,305.95,5.93,230.0,101060.0
1990-12-01 18:30:00+00:00,10.0,82.95,0.0,0.0,0.0,315.65,5.86,227.0,101100.0
1990-12-01 19:30:00+00:00,10.46,83.0,0.0,0.0,0.0,311.0,6.28,223.0,101120.0
1990-12-01 20:30:00+00:00,10.05,79.95,0.0,0.0,0.0,305.4,6.34,222.0,101110.0
1990-12-01 21:30:00+00:00,9.63,79.9,0.0,0.0,0.0,293.2,6.34,223.0,101100.0
1990-12-01 22:30:00+00:00,9.46,77.0,0.0,0.0,0.0,294.35,6.34,224.0,101070.0
1990-12-01 23:30:00+00:00,9.49,77.0,0.0,0.0,0.0,302.65,6.34,224.0,101040.0
1990-12-02 00:30:00+00:00,9.41,77.0,0.0,0.0,0.0,300.35,6.21,220.0,101000.0
1990-12-02 01:30:00+00:00,9.38,79.9,0.0,0.0,0.0,297.75,6.55,217.0,100940.0
1990-12-02 02:30:00+00:00,9.43,79.9,0.0,0.0,0.0,305.0,6.97,217.0,100910.0
1990-12-02 03:30:00+00:00,9.47,77.0,0.0,0.0,0.0,319.5,7.17,218.0,100890.0
1990-12-02 04:30:00+00:00,9.42,71.5,0.0,0.0,0.0,327.05,7.03,220.0,100860.0
1990-12-02 05:30:00+00:00,9.28,71.5,0.0,0.0,0.0,321.65,6.76,219.0,100840.0
1990-12-02 06:30:00+00:00,9.24,71.5,0.0,0.0,0.0,324.95,6.76,218.0,100820.0
1990-12-02 07:30:00+00:00,9.5,71.5,0.0,0.0,0.0,291.05,6.97,213.0,100820.0
1990-12-02 08:30:00+00:00,9.56,71.5,0.0,0.0,0.0,293.6,7.1,215.0,100850.0
1990-12-02 09:30:00+00:00,9.67,71.5,74.0,221.38,47.0,285.25,7.24,215.0,100870.0
1990-12-02 10:30:00+00:00,10.08,71.6,134.0,236.62,86.0,274.6,7.31,213.0,100870.0
1990-12-02 11:30:00+00:00,10.81,69.15,178.0,288.47,106.0,289.9,6.97,212.0,100850.0
1990-12-02 12:30:00+00:00,11.28,69.25,140.0,92.66,116.0,311.95,6.83,212.0,100880.0
1990-12-02 13:30:00+00:00,11.5,71.85,133.0,130.19,103.0,346.0,7.03,215.0,100840.0
1990-12-02 14:30:00+00:00,11.64,71.85,61.0,18.09,58.0,357.45,6.97,216.0,100860.0
1990-12-02 15:30:00+00:00,11.69,74.55,22.0,28.73,20.0,359.55,6.83,215.0,100850.0
1990-12-02 16:30:00+00:00,11.66,77.3,0.0,0.0,0.0,357.45,6.48,214.0,100860.0
1990-12-02 17:30:00+00:00,11.72,77.35,0.0,0.0,0.0,359.55,6.28,213.0,100910.0
1990-12-02 18:30:00+00:00,11.79,80.2,0.0,0.0,0.0,362.65,6.0,212.0,100920.0
1990-12-02 19:30:00+00:00,11.79,83.15,0.0,0.0,0.0,363.85,5.66,215.0,100970.0
1990-12-02 20:30:00+00:00,11.69,86.15,0.0,0.0,0.0,363.65,5.17,214.0,100990.0
1990-12-02 21:30:00+00:00,11.58,89.3,0.0,0.0,0.0,365.75,4.62,214.0,101010.0
1990-12-02 22:30:00+00:00,11.44,92.55,0.0,0.0,0.0,365.4,4.0,213.0,101030.0
1990-12-02 23:30:00+00:00,11.24,92.55,0.0,0.0,0.0,365.75,3.31,215.0,101020.0
1990-12-03 00:30:00+00:00,11.1,95.9,0.0,0.0,0.0,365.2,2.55,214.0,101050.0
1990-12-03 01:30:00+00:00,10.91,95.9,0.0,0.0,0.0,366.05,2.0,200.0,101010.0
1990-12-03 02:30:00+00:00,10.82,95.9,0.0,0.0,0.0,365.55,2.07,191.0,101010.0
1990-12-03 03:30:00+00:00,10.83,99.35,0.0,0.0,0.0,366.35,2.34,183.0,100960.0
1990-12-03 04:30:00+00:00,10.94,99.35,0.0,0.0,0.0,366.55,2.76,187.0,100920.0
1990-12-03 05:30:00+00:00,11.2,95.9,0.0,0.0,0.0,367.7,3.86,195.0,100860.0
1990-12-03 06:30:00+00:00,11.53,95.9,0.0,0.0,0.0,368.65,4.34,203.0,100800.0
1990-12-03 07:30:00+00:00,11.75,95.95,0.0,0.0,0.0,370.4,4.07,210.0,100880.0
1990-12-03 08:30:00+00:00,11.78,92.6,0.0,0.0,0.0,370.0,4.76,203.0,100870.0
1990-12-03 09:30:00+00:00,11.91,92.6,42.0,25.21,39.0,369.45,5.79,198.0,100870.0
1990-12-03 10:30:00+00:00,12.01,92.6,74.0,15.0,71.0,366.55,6.41,200.0,100820.0
1990-12-03 11:30:00+00:00,12.17,89.35,64.0,0.0,64.0,367.5,6.62,200.0,100820.0
1990-12-03 12:30:00+00:00,12.2,89.35,106.0,23.38,100.0,361.1,6.34,195.0,100740.0
1990-12-03 13:30:00+00:00,12.27,83.25,62.0,0.0,62.0,360.15,6.48,193.0,100650.0
1990-12-03 14:30:00+00:00,12.38,83.25,84.0,103.67,67.0,359.95,6.69,192.0,100530.0
1990-12-03 15:30:00+00:00,12.19,83.15,13.0,0.0,13.0,341.95,6.97,189.0,100420.0
1990-12-03 16:30:00+00:00,11.91,80.2,0.0,0.0,0.0,344.5,7.59,185.0,100290.0
1990-12-03 17:30:00+00:00,11.83,77.35,0.0,0.0,0.0,352.8,8.28,184.0,100130.0
1990-12-03 18:30:00+00:00,11.81,80.2,0.0,0.0,0.0,350.85,9.17,185.0,99960.0
1990-12-03 19:30:00+00:00,11.45,86.15,0.0,0.0,0.0,356.1,9.66,188.0,99770.0
1990-12-03 20:30:00+00:00,11.41,89.3,0.0,0.0,0.0,362.1,9.31,192.0,99670.0
1990-12-03 21:30:00+00:00,11.47,92.55,0.0,0.0,0.0,362.85,9.31,199.0,99590.0
1990-12-03 22:30:00+00:00,11.69,89.3,0.0,0.0,0.0,362.85,9.17,243.0,99690.0
1990-12-03 23:30:00+00:00,7.37,89.0,0.0,0.0,0.0,359.75,8.97,294.0,100000.0
1990-12-04 00:30:00+00:00,6.65,85.75,0.0,0.0,0.0,335.0,8.07,292.0,100230.0
1990-12-04 01:30:00+00:00,6.63,85.7,0.0,0.0,0.0,289.6,7.31,290.0,100450.0
1990-12-04 02:30:00+00:00,6.35,82.55,0.0,0.0,0.0,266.1,6.55,279.0,100660.0
1990-12-04 03:30:00+00:00,5.9,82.5,0.0,0.0,0.0,256.8,6.07,266.0,100820.0
1990-12-04 04:30:00+00:00,5.51,82.4,0.0,0.0,0.0,252.35,5.86,254.0,100910.0
1990-12-04 05:30:00+00:00,5.47,85.6,0.0,0.0,0.0,254.1,6.07,247.0,100990.0
1990-12-04 06:30:00+00:00,5.71,85.65,0.0,0.0,0.0,254.5,5.93,242.0,101070.0
1990-12-04 07:30:00+00:00,6.48,88.95,0.0,0.0,0.0,267.25,6.07,238.0,101130.0
1990-12-04 08:30:00+00:00,6.67,85.75,0.0,0.0,0.0,264.15,5.86,233.0,101210.0
1990-12-04 09:30:00+00:00,7.13,85.75,50.0,51.64,44.0,263.0,6.0,232.0,101300.0
1990-12-04 10:30:00+00:00,8.24,79.75,161.0,491.59,64.0,273.45,6.41,235.0,101340.0
1990-12-04 11:30:00+00:00,9.3,79.9,111.0,36.82,102.0,282.55,5.59,229.0,101370.0
1990-12-04 12:30:00+00:00,10.02,79.95,152.0,137.62,117.0,290.85,6.07,227.0,101350.0
1990-12-04 13:30:00+00:00,10.58,77.15,121.0,92.8,100.0,286.4,6.14,223.0,101290.0
1990-12-04 14:30:00+00:00,10.85,74.45,107.0,246.51,67.0,288.35,8.0,231.0,101250.0
1990-12-04 15:30:00+00:00,10.88,71.75,21.0,0.0,21.0,297.25,7.93,230.0,101200.0
1990-12-04 16:30:00+00:00,10.49,74.4,0.0,0.0,0.0,287.4,8.0,226.0,101170.0
1990-12-04 17:30:00+00:00,10.34,74.4,0.0,0.0,0.0,295.3,8.41,224.0,101140.0
1990-12-04 18:30:00+00:00,10.34,74.4,0.0,0.0,0.0,304.05,9.1,224.0,101130.0
1990-12-04 19:30:00+00:00,9.92,77.1,0.0,0.0,0.0,298.05,9.52,222.0,101100.0
1990-12-04 20:30:00+00:00,10.07,77.1,0.0,0.0,0.0,313.5,10.07,223.0,101090.0
1990-12-04 21:30:00+00:00,10.08,74.3,0.0,0.0,0.0,313.5,10.48,222.0,100960.0
1990-12-04 22:30:00+00:00,10.2,71.7,0.0,0.0,0.0,312.15,10.76,224.0,100930.0
1990-12-04 23:30:00+00:00,10.3,71.7,0.0,0.0,0.0,313.5,10.69,224.0,100860.0
1990-12-05 00:30:00+00:00,10.37,71.7,0.0,0.0,0.0,311.95,10.83,225.0,100810.0
1990-12-05 01:30:00+00:00,10.47,71.7,0.0,0.0,0.0,323.9,10.9,225.0,100750.0
1990-12-05 02:30:00+00:00,10.49,69.1,0.0,0.0,0.0,326.1,10.83,225.0,100680.0
1990-12-05 03:30:00+00:00,10.47,69.1,0.0,0.0,0.0,328.8,10.9,224.0,100610.0
1990-12-05 04:30:00+00:00,10.48,69.1,0.0,0.0,0.0,327.45,10.83,223.0,100520.0
1990-12-05 05:30:00+00:00,10.52,69.1,0.0,0.0,0.0,331.3,10.83,223.0,100450.0
1990-12-05 06:30:00+00:00,10.53,71.7,0.0,0.0,0.0,333.65,10.83,223.0,100410.0
1990-12-05 07:30:00+00:00,10.54,74.4,0.0,0.0,0.0,335.95,10.69,221.0,100390.0
1990-12-05 08:30:00+00:00,10.39,71.7,0.0,0.0,0.0,326.5,11.03,221.0,100350.0
1990-12-05 09:30:00+00:00,10.38,71.7,37.0,17.63,35.0,325.1,11.38,221.0,100290.0
1990-12-05 10:30:00+00:00,10.63,74.4,77.0,25.68,72.0,321.05,11.66,223.0,100300.0
1990-12-05 11:30:00+00:00,10.96,71.75,100.0,24.79,94.0,336.15,11.66,222.0,100310.0
1990-12-05 12:30:00+00:00,11.07,69.15,97.0,15.86,93.0,335.0,11.45,220.0,100230.0
1990-12-05 13:30:00+00:00,11.05,69.15,114.0,80.21,96.0,331.9,11.31,221.0,100170.0
1990-12-05 14:30:00+00:00,10.85,69.15,49.0,6.22,48.0,329.75,11.24,220.0,100120.0
1990-12-05 15:30:00+00:00,10.75,69.15,20.0,0.0,20.0,340.6,11.1,219.0,100100.0
1990-12-05 16:30:00+00:00,10.71,69.15,0.0,0.0,0.0,340.4,10.97,218.0,100040.0
1990-12-05 17:30:00+00:00,10.48,71.7,0.0,0.0,0.0,323.75,10.83,218.0,99990.0
1990-12-05 18:30:00+00:00,10.46,71.7,0.0,0.0,0.0,322.4,10.83,220.0,99990.0
1990-12-05 19:30:00+00:00,10.42,71.7,0.0,0.0,0.0,332.85,11.03,219.0,99930.0
1990-12-05 20:30:00+00:00,10.32,71.7,0.0,0.0,0.0,333.65,10.97,219.0,99910.0
1990-12-05 21:30:00+00:00,10.36,71.7,0.0,0.0,0.0,329.2,10.83,219.0,99880.0
1990-12-05 22:30:00+00:00,10.55,71.7,0.0,0.0,0.0,336.15,10.55,219.0,99850.0
1990-12-05 23:30:00+00:00,10.69,71.75,0.0,0.0,0.0,331.7,10.07,220.0,99790.0
1990-12-06 00:30:00+00:00,10.87,71.75,0.0,0.0,0.0,329.55,9.72,221.0,99780.0
1990-12-06 01:30:00+00:00,11.16,74.45,0.0,0.0,0.0,347.7,9.45,219.0,99770.0
1990-12-06 02:30:00+00:00,11.3,71.85,0.0,0.0,0.0,354.15,9.45,217.0,99730.0
1990-12-06 03:30:00+00:00,11.46,71.85,0.0,0.0,0.0,357.25,9.52,216.0,99710.0
1990-12-06 04:30:00+00:00,11.63,71.85,0.0,0.0,0.0,354.75,9.66,218.0,99680.0
1990-12-06 05:30:00+00:00,11.85,71.95,0.0,0.0,0.0,354.55,9.79,219.0,99640.0
1990-12-06 06:30:00+00:00,12.17,71.95,0.0,0.0,0.0,360.15,9.72,220.0,99660.0
1990-12-06 07:30:00+00:00,12.07,74.6,0.0,0.0,0.0,340.4,9.79,217.0,99710.0
1990-12-06 08:30:00+00:00,12.19,74.6,0.0,0.0,0.0,357.85,9.72,220.0,99780.0
1990-12-06 09:30:00+00:00,12.3,74.7,52.0,81.22,43.0,363.85,9.31,225.0,99930.0
1990-12-06 10:30:00+00:00,12.45,77.45,47.0,0.0,47.0,366.15,8.76,229.0,100020.0
1990-12-06 11:30:00+00:00,12.7,80.3,172.0,308.68,98.0,328.6,8.48,235.0,100130.0
1990-12-06 12:30:00+00:00,12.74,77.5,136.0,99.96,111.0,328.4,7.1,251.0,100230.0
1990-12-06 13:30:00+00:00,11.95,77.35,32.0,0.0,32.0,338.1,5.45,277.0,100370.0
1990-12-06 14:30:00+00:00,10.72,77.2,49.0,6.28,48.0,329.75,4.14,294.0,100500.0
1990-12-06 15:30:00+00:00,9.71,77.1,21.0,0.0,21.0,330.35,3.38,301.0,100650.0
1990-12-06 16:30:00+00:00,8.56,79.75,0.0,0.0,0.0,309.05,2.21,304.0,100780.0
1990-12-06 17:30:00+00:00,7.86,79.7,0.0,0.0,0.0,308.5,1.52,306.0,100910.0
1990-12-06 18:30:00+00:00,7.32,85.8,0.0,0.0,0.0,312.55,1.03,319.0,101020.0
1990-12-06 19:30:00+00:00,7.76,85.85,0.0,0.0,0.0,329.95,0.69,42.0,101080.0
1990-12-06 20:30:00+00:00,7.77,85.85,0.0,0.0,0.0,341.0,1.03,65.0,101140.0
1990-12-06 21:30:00+00:00,7.99,82.7,0.0,0.0,0.0,344.85,1.45,78.0,101180.0
1990-12-06 22:30:00+00:00,8.14,82.7,0.0,0.0,0.0,346.4,2.0,92.0,101200.0
1990-12-06 23:30:00+00:00,8.31,79.75,0.0,0.0,0.0,350.85,2.48,98.0,101190.0
1990-12-07 00:30:00+00:00,8.5,82.75,0.0,0.0,0.0,352.0,2.55,100.0,101190.0
1990-12-07 01:30:00+00:00,8.71,85.95,0.0,0.0,0.0,354.25,2.48,101.0,101180.0
1990-12-07 02:30:00+00:00,9.03,89.1,0.0,0.0,0.0,356.5,2.48,109.0,101170.0
1990-12-07 03:30:00+00:00,9.51,95.85,0.0,0.0,0.0,359.0,2.41,132.0,101150.0
1990-12-07 04:30:00+00:00,10.33,95.9,0.0,0.0,0.0,360.75,2.9,169.0,101120.0
1990-12-07 05:30:00+00:00,11.12,95.9,0.0,0.0,0.0,360.35,4.07,194.0,101140.0
1990-12-07 06:30:00+00:00,11.23,92.55,0.0,0.0,0.0,356.5,4.41,198.0,101170.0
1990-12-07 07:30:00+00:00,11.26,92.55,0.0,0.0,0.0,343.9,4.21,191.0,101230.0
1990-12-07 08:30:00+00:00,11.2,92.55,0.0,0.0,0.0,346.6,4.21,189.0,101260.0
1990-12-07 09:30:00+00:00,11.5,95.9,30.0,0.0,30.0,362.85,4.34,186.0,101300.0
1990-12-07 10:30:00+00:00,12.03,95.95,39.0,0.0,39.0,346.8,4.83,188.0,101300.0
1990-12-07 11:30:00+00:00,12.49,92.6,162.0,256.78,101.0,365.2,5.17,191.0,101300.0
1990-12-07 12:30:00+00:00,12.56,92.6,207.0,515.74,79.0,355.7,4.69,187.0,101250.0
1990-12-07 13:30:00+00:00,12.5,89.4,148.0,244.35,94.0,337.5,4.48,178.0,101200.0
1990-12-07 14:30:00+00:00,12.31,89.4,47.0,6.34,46.0,322.05,5.38,176.0,101160.0
1990-12-07 15:30:00+00:00,12.08,89.35,19.0,0.0,19.0,317.95,5.45,172.0,101120.0
1990-12-07 16:30:00+00:00,11.82,89.35,0.0,0.0,0.0,336.75,5.66,171.0,101100.0
1990-12-07 17:30:00+00:00,11.47,89.3,0.0,0.0,0.0,317.75,5.86,169.0,101060.0
1990-12-07 18:30:00+00:00,11.07,86.1,0.0,0.0,0.0,305.4,5.93,168.0,101040.0
1990-12-07 19:30:00+00:00,10.81,80.1,0.0,0.0,0.0,299.4,6.34,168.0,101030.0
1990-12-07 20:30:00+00:00,10.19,80.05,0.0,0.0,0.0,286.6,6.55,171.0,101020.0
1990-12-07 21:30:00+00:00,9.97,82.95,0.0,0.0,0.0,294.95,6.34,172.0,100970.0
1990-12-07 22:30:00+00:00,9.82,82.95,0.0,0.0,0.0,292.2,6.14,174.0,100920.0
1990-12-07 23:30:00+00:00,9.95,86.0,0.0,0.0,0.0,299.4,6.48,176.0,100880.0
1990-12-08 00:30:00+00:00,10.05,86.0,0.0,0.0,0.0,299.95,6.69,178.0,100830.0
1990-12-08 01:30:00+00:00,10.33,83.0,0.0,0.0,0.0,311.9,6.76,179.0,100780.0
1990-12-08 02:30:00+00:00,10.75,83.05,0.0,0.0,0.0,340.6,6.9,182.0,100720.0
1990-12-08 03:30:00+00:00,11.16,86.1,0.0,0.0,0.0,357.65,6.76,183.0,100710.0
1990-12-08 04:30:00+00:00,11.41,86.15,0.0,0.0,0.0,363.85,6.55,185.0,100630.0
1990-12-08 05:30:00+00:00,11.52,89.3,0.0,0.0,0.0,358.6,6.28,189.0,100590.0
1990-12-08 06:30:00+00:00,11.72,89.35,0.0,0.0,0.0,356.5,6.14,195.0,100600.0
1990-12-08 07:30:00+00:00,11.47,89.3,0.0,0.0,0.0,328.4,6.0,197.0,100600.0
1990-12-08 08:30:00+00:00,11.23,89.3,0.0,0.0,0.0,324.15,6.0,204.0,100610.0
1990-12-08 09:30:00+00:00,11.0,89.3,46.0,66.13,39.0,313.9,6.07,212.0,100660.0
1990-12-08 10:30:00+00:00,11.01,86.1,148.0,458.51,62.0,320.65,6.34,216.0,100710.0
1990-12-08 11:30:00+00:00,10.95,80.1,187.0,437.37,84.0,324.75,6.9,218.0,100730.0
1990-12-08 12:30:00+00:00,10.83,77.2,161.0,211.05,109.0,291.45,7.31,218.0,100730.0
1990-12-08 13:30:00+00:00,10.72,74.45,132.0,159.47,97.0,310.05,6.76,214.0,100700.0
1990-12-08 14:30:00+00:00,10.37,71.7,96.0,204.32,64.0,288.15,8.28,221.0,100730.0
1990-12-08 15:30:00+00:00,9.73,69.0,17.0,0.0,17.0,302.5,7.86,225.0,100780.0
1990-12-08 16:30:00+00:00,8.77,68.8,0.0,0.0,0.0,284.85,6.69,220.0,100810.0
1990-12-08 17:30:00+00:00,8.01,71.25,0.0,0.0,0.0,264.75,6.55,219.0,100880.0
1990-12-08 18:30:00+00:00,7.71,73.95,0.0,0.0,0.0,271.5,6.62,226.0,100970.0
1990-12-08 19:30:00+00:00,7.69,73.95,0.0,0.0,0.0,293.0,6.55,245.0,101100.0
1990-12-08 20:30:00+00:00,7.3,73.9,0.0,0.0,0.0,271.3,6.07,258.0,101250.0
1990-12-08 21:30:00+00:00,6.88,73.8,0.0,0.0,0.0,266.1,6.07,258.0,101420.0
1990-12-08 22:30:00+00:00,6.42,73.7,0.0,0.0,0.0,258.95,5.72,256.0,101570.0
1990-12-08 23:30:00+00:00,5.88,76.5,0.0,0.0,0.0,250.6,5.24,253.0,101680.0
1990-12-09 00:30:00+00:00,5.37,76.4,0.0,0.0,0.0,244.4,4.9,250.0,101800.0
1990-12-09 01:30:00+00:00,4.88,79.3,0.0,0.0,0.0,243.15,4.48,245.0,101870.0
1990-12-09 02:30:00+00:00,4.41,79.2,0.0,0.0,0.0,241.5,4.14,238.0,101960.0
1990-12-09 03:30:00+00:00,3.97,82.25,0.0,0.0,0.0,240.55,3.93,230.0,102010.0
1990-12-09 04:30:00+00:00,3.62,85.45,0.0,0.0,0.0,240.15,3.93,221.0,102030.0
1990-12-09 05:30:00+00:00,3.48,88.7,0.0,0.0,0.0,239.75,4.21,215.0,102050.0
1990-12-09 06:30:00+00:00,3.58,88.7,0.0,0.0,0.0,241.3,4.62,213.0,102050.0
1990-12-09 07:30:00+00:00,4.46,88.8,0.0,0.0,0.0,249.85,5.45,211.0,102050.0
1990-12-09 08:30:00+00:00,5.19,85.6,0.0,0.0,0.0,270.15,5.86,209.0,102050.0
1990-12-09 09:30:00+00:00,5.94,82.5,64.0,251.14,38.0,281.75,6.14,213.0,102090.0
1990-12-09 10:30:00+00:00,6.75,82.6,118.0,199.56,81.0,276.55,6.69,213.0,102070.0
1990-12-09 11:30:00+00:00,7.84,79.7,204.0,582.28,68.0,268.2,6.9,213.0,102020.0
1990-12-09 12:30:00+00:00,8.59,76.85,199.0,445.42,90.0,265.5,6.0,208.0,101950.0
1990-12-09 13:30:00+00:00,9.0,74.15,128.0,137.56,98.0,269.0,6.34,210.0,101860.0
1990-12-09 14:30:00+00:00,9.46,71.5,73.0,64.3,63.0,269.4,8.34,219.0,101800.0
1990-12-09 15:30:00+00:00,9.46,68.9,20.0,0.0,20.0,278.3,8.34,219.0,101730.0
1990-12-09 16:30:00+00:00,9.33,66.35,0.0,0.0,0.0,287.4,8.41,219.0,101700.0
1990-12-09 17:30:00+00:00,9.34,66.35,0.0,0.0,0.0,296.5,8.62,218.0,101670.0
1990-12-09 18:30:00+00:00,9.39,66.35,0.0,0.0,0.0,301.3,8.83,218.0,101630.0
1990-12-09 19:30:00+00:00,9.19,71.5,0.0,0.0,0.0,289.9,8.83,217.0,101590.0
1990-12-09 20:30:00+00:00,9.07,74.15,0.0,0.0,0.0,279.25,8.9,217.0,101570.0
1990-12-09 21:30:00+00:00,9.05,74.15,0.0,0.0,0.0,281.6,9.03,217.0,101500.0
1990-12-09 22:30:00+00:00,9.16,74.15,0.0,0.0,0.0,290.5,9.24,216.0,101450.0
1990-12-09 23:30:00+00:00,9.24,71.5,0.0,0.0,0.0,300.15,9.31,216.0,101400.0
1990-12-10 00:30:00+00:00,9.14,74.15,0.0,0.0,0.0,295.1,9.31,216.0,101370.0
1990-12-10 01:30:00+00:00,9.18,71.5,0.0,0.0,0.0,298.9,9.24,215.0,101310.0
1990-12-10 02:30:00+00:00,9.43,74.2,0.0,0.0,0.0,316.8,9.03,213.0,101240.0
1990-12-10 03:30:00+00:00,9.82,71.6,0.0,0.0,0.0,340.8,9.1,212.0,101180.0
1990-12-10 04:30:00+00:00,9.98,71.6,0.0,0.0,0.0,346.2,9.17,212.0,101090.0
1990-12-10 05:30:00+00:00,9.97,74.3,0.0,0.0,0.0,345.05,9.1,214.0,101030.0
1990-12-10 06:30:00+00:00,9.89,77.1,0.0,0.0,0.0,348.95,8.69,217.0,101030.0
1990-12-10 07:30:00+00:00,9.9,74.3,0.0,0.0,0.0,338.3,8.28,216.0,101070.0
1990-12-10 08:30:00+00:00,9.71,77.1,0.0,0.0,0.0,348.95,7.93,216.0,101060.0
1990-12-10 09:30:00+00:00,9.44,85.95,39.0,39.48,35.0,349.9,7.24,221.0,101090.0
1990-12-10 10:30:00+00:00,9.43,85.95,15.0,0.0,15.0,350.85,6.21,228.0,101120.0
1990-12-10 11:30:00+00:00,9.33,89.15,70.0,0.0,70.0,351.25,5.24,237.0,101140.0
1990-12-10 12:30:00+00:00,9.03,89.1,54.0,0.0,54.0,342.35,4.62,244.0,101110.0
1990-12-10 13:30:00+00:00,8.85,89.1,104.0,59.96,91.0,338.3,4.41,243.0,101060.0
1990-12-10 14:30:00+00:00,8.65,89.1,54.0,12.94,52.0,336.15,4.21,238.0,101050.0
1990-12-10 15:30:00+00:00,8.36,85.9,20.0,0.0,20.0,319.5,4.21,236.0,101020.0
1990-12-10 16:30:00+00:00,8.02,85.85,0.0,0.0,0.0,316.8,4.28,242.0,101040.0
1990-12-10 17:30:00+00:00,7.51,85.8,0.0,0.0,0.0,304.4,4.14,245.0,101070.0
1990-12-10 18:30:00+00:00,7.0,85.75,0.0,0.0,0.0,299.6,4.14,244.0,101100.0
1990-12-10 19:30:00+00:00,6.28,88.95,0.0,0.0,0.0,292.4,3.86,224.0,101040.0
1990-12-10 20:30:00+00:00,5.67,88.9,0.0,0.0,0.0,266.5,4.07,219.0,101000.0
1990-12-10 21:30:00+00:00,5.29,92.25,0.0,0.0,0.0,254.85,4.48,214.0,100940.0
1990-12-10 22:30:00+00:00,5.44,92.25,0.0,0.0,0.0,264.55,4.9,214.0,100920.0
1990-12-10 23:30:00+00:00,5.88,92.3,0.0,0.0,0.0,283.7,5.31,217.0,100860.0
1990-12-11 00:30:00+00:00,6.26,88.95,0.0,0.0,0.0,287.6,5.59,222.0,100840.0
1990-12-11 01:30:00+00:00,6.45,88.95,0.0,0.0,0.0,283.25,5.66,233.0,100820.0
1990-12-11 02:30:00+00:00,6.32,88.95,0.0,0.0,0.0,280.05,5.59,247.0,100820.0
1990-12-11 03:30:00+00:00,5.9,88.9,0.0,0.0,0.0,280.2,5.24,254.0,100870.0
1990-12-11 04:30:00+00:00,5.33,88.85,0.0,0.0,0.0,277.1,5.03,250.0,100880.0
1990-12-11 05:30:00+00:00,4.62,88.8,0.0,0.0,0.0,253.9,5.1,247.0,100880.0
1990-12-11 06:30:00+00:00,4.19,85.5,0.0,0.0,0.0,248.1,5.1,247.0,100920.0
1990-12-11 07:30:00+00:00,4.81,88.85,0.0,0.0,0.0,264.35,4.83,236.0,100880.0
1990-12-11 08:30:00+00:00,4.83,88.85,0.0,0.0,0.0,269.6,4.97,234.0,100890.0
1990-12-11 09:30:00+00:00,5.32,85.6,59.0,211.65,38.0,283.7,5.24,235.0,100910.0
1990-12-11 10:30:00+00:00,6.01,85.65,118.0,220.45,78.0,275.0,5.66,240.0,100920.0
1990-12-11 11:30:00+00:00,6.64,82.55,185.0,439.03,84.0,276.95,6.07,243.0,100940.0
1990-12-11 12:30:00+00:00,7.09,79.55,210.0,562.6,74.0,261.45,5.79,243.0,100920.0
1990-12-11 13:30:00+00:00,7.35,73.9,175.0,458.99,76.0,277.7,6.28,246.0,100900.0
1990-12-11 14:30:00+00:00,7.23,71.15,97.0,214.71,64.0,257.2,6.48,252.0,100910.0
1990-12-11 15:30:00+00:00,6.72,71.05,20.0,0.0,20.0,259.9,5.93,254.0,100930.0
1990-12-11 16:30:00+00:00,5.99,73.65,0.0,0.0,0.0,259.3,5.52,253.0,100960.0
1990-12-11 17:30:00+00:00,5.64,70.85,0.0,0.0,0.0,264.55,5.59,252.0,101030.0
1990-12-11 18:30:00+00:00,5.22,73.55,0.0,0.0,0.0,251.75,5.66,252.0,101070.0
1990-12-11 19:30:00+00:00,4.97,76.3,0.0,0.0,0.0,255.05,5.38,257.0,101100.0
1990-12-11 20:30:00+00:00,4.82,79.3,0.0,0.0,0.0,251.95,5.31,257.0,101130.0
1990-12-11 21:30:00+00:00,4.67,79.3,0.0,0.0,0.0,253.15,5.1,256.0,101150.0
1990-12-11 22:30:00+00:00,4.27,82.3,0.0,0.0,0.0,243.25,4.69,253.0,101170.0
1990-12-11 23:30:00+00:00,4.03,85.45,0.0,0.0,0.0,250.8,4.41,250.0,101190.0
1990-12-12 00:30:00+00:00,3.68,85.45,0.0,0.0,0.0,248.65,4.14,246.0,101240.0
1990-12-12 01:30:00+00:00,3.21,88.7,0.0,0.0,0.0,243.0,3.93,246.0,101250.0
1990-12-12 02:30:00+00:00,2.96,92.15,0.0,0.0,0.0,249.85,3.66,244.0,101270.0
1990-12-12 03:30:00+00:00,2.71,92.15,0.0,0.0,0.0,251.0,3.45,243.0,101270.0
1990-12-12 04:30:00+00:00,3.1,92.15,0.0,0.0,0.0,283.5,3.1,240.0,101250.0
1990-12-12 05:30:00+00:00,3.62,92.15,0.0,0.0,0.0,308.3,2.76,231.0,101180.0
1990-12-12 06:30:00+00:00,3.78,88.75,0.0,0.0,0.0,308.3,2.62,218.0,101120.0
1990-12-12 07:30:00+00:00,4.51,88.8,0.0,0.0,0.0,316.8,2.41,191.0,101020.0
1990-12-12 08:30:00+00:00,4.58,88.8,0.0,0.0,0.0,320.85,2.62,164.0,100940.0
1990-12-12 09:30:00+00:00,4.51,88.8,11.0,0.0,11.0,324.55,4.07,151.0,100830.0
1990-12-12 10:30:00+00:00,4.64,88.85,24.0,0.0,24.0,326.65,4.97,148.0,100630.0
1990-12-12 11:30:00+00:00,5.88,92.3,65.0,0.0,65.0,331.7,5.59,164.0,100430.0
1990-12-12 12:30:00+00:00,8.22,89.1,43.0,0.0,43.0,340.6,6.97,193.0,100200.0
1990-12-12 13:30:00+00:00,9.56,89.15,89.0,27.95,83.0,349.5,8.9,210.0,100000.0
1990-12-12 14:30:00+00:00,9.92,89.2,32.0,0.0,32.0,352.6,9.52,218.0,99850.0
1990-12-12 15:30:00+00:00,10.49,89.25,15.0,0.0,15.0,354.75,9.86,224.0,99780.0
1990-12-12 16:30:00+00:00,10.83,89.3,0.0,0.0,0.0,356.1,9.59,228.0,99720.0
1990-12-12 17:30:00+00:00,11.15,92.55,0.0,0.0,0.0,359.75,9.1,233.0,99750.0
1990-12-12 18:30:00+00:00,11.45,89.3,0.0,0.0,0.0,356.65,8.41,244.0,99810.0
1990-12-12 19:30:00+00:00,10.84,89.3,0.0,0.0,0.0,360.55,6.34,277.0,99940.0
1990-12-12 20:30:00+00:00,8.57,95.85,0.0,0.0,0.0,355.9,4.9,312.0,100160.0
1990-12-12 21:30:00+00:00,6.19,92.3,0.0,0.0,0.0,340.6,4.28,333.0,100340.0
1990-12-12 22:30:00+00:00,5.05,95.75,0.0,0.0,0.0,335.2,3.38,347.0,100520.0
1990-12-12 23:30:00+00:00,4.65,88.85,0.0,0.0,0.0,326.1,2.62,353.0,100610.0
1990-12-13 00:30:00+00:00,4.4,92.2,0.0,0.0,0.0,314.5,2.07,354.0,100690.0
1990-12-13 01:30:00+00:00,3.41,95.7,0.0,0.0,0.0,271.8,2.14,356.0,100740.0
1990-12-13 02:30:00+00:00,2.64,92.15,0.0,0.0,0.0,260.5,2.14,3.0,100790.0
1990-12-13 03:30:00+00:00,1.88,92.1,0.0,0.0,0.0,250.4,2.14,12.0,100840.0
1990-12-13 04:30:00+00:00,1.29,92.05,0.0,0.0,0.0,247.9,2.21,22.0,100850.0
1990-12-13 05:30:00+00:00,0.95,95.65,0.0,0.0,0.0,248.1,2.34,30.0,100860.0
1990-12-13 06:30:00+00:00,0.69,92.05,0.0,0.0,0.0,247.9,2.28,40.0,100890.0
1990-12-13 07:30:00+00:00,1.0,95.65,0.0,0.0,0.0,263.6,2.0,59.0,100960.0
1990-12-13 08:30:00+00:00,0.98,95.65,0.0,0.0,0.0,268.4,2.07,68.0,101010.0
1990-12-13 09:30:00+00:00,1.31,95.65,41.0,62.92,35.0,283.9,2.0,68.0,101050.0
1990-12-13 10:30:00+00:00,2.3,92.15,90.0,84.29,75.0,310.8,2.69,75.0,101060.0
1990-12-13 11:30:00+00:00,2.84,99.4,93.0,22.02,88.0,321.25,2.34,82.0,101070.0
1990-12-13 12:30:00+00:00,3.33,99.4,69.0,0.0,69.0,323.2,2.34,88.0,101040.0
1990-12-13 13:30:00+00:00,3.77,95.7,65.0,4.68,64.0,326.1,2.48,94.0,100970.0
1990-12-13 14:30:00+00:00,4.18,95.75,34.0,0.0,34.0,328.6,2.48,100.0,100940.0
1990-12-13 15:30:00+00:00,4.44,99.4,17.0,0.0,17.0,331.9,2.62,111.0,100900.0
1990-12-13 16:30:00+00:00,4.67,95.75,0.0,0.0,0.0,332.5,2.48,121.0,100890.0
1990-12-13 17:30:00+00:00,4.96,99.4,0.0,0.0,0.0,335.4,2.34,132.0,100880.0
1990-12-13 18:30:00+00:00,5.28,95.75,0.0,0.0,0.0,335.75,2.14,145.0,100870.0
1990-12-13 19:30:00+00:00,5.41,99.4,0.0,0.0,0.0,336.35,1.66,149.0,100850.0
1990-12-13 20:30:00+00:00,5.8,99.4,0.0,0.0,0.0,338.65,1.66,159.0,100860.0
1990-12-13 21:30:00+00:00,6.23,95.8,0.0,0.0,0.0,340.4,1.79,168.0,100850.0
1990-12-13 22:30:00+00:00,6.76,95.8,0.0,0.0,0.0,344.65,1.93,169.0,100830.0
1990-12-13 23:30:00+00:00,7.11,99.4,0.0,0.0,0.0,338.85,2.21,169.0,100790.0
1990-12-14 00:30:00+00:00,7.62,99.4,0.0,0.0,0.0,346.2,2.55,168.0,100750.0
1990-12-14 01:30:00+00:00,7.73,95.8,0.0,0.0,0.0,336.05,2.76,168.0,100730.0
1990-12-14 02:30:00+00:00,7.46,99.4,0.0,0.0,0.0,331.7,2.76,162.0,100700.0
1990-12-14 03:30:00+00:00,6.82,99.4,0.0,0.0,0.0,308.3,2.97,159.0,100660.0
1990-12-14 04:30:00+00:00,6.56,99.4,0.0,0.0,0.0,329.95,3.1,162.0,100620.0
1990-12-14 05:30:00+00:00,6.3,99.4,0.0,0.0,0.0,340.0,3.24,166.0,100600.0
1990-12-14 06:30:00+00:00,6.16,95.8,0.0,0.0,0.0,342.35,3.1,168.0,100590.0
1990-12-14 07:30:00+00:00,7.08,99.4,0.0,0.0,0.0,345.85,3.03,166.0,100550.0
1990-12-14 08:30:00+00:00,7.13,99.4,0.0,0.0,0.0,346.0,2.97,166.0,100560.0
1990-12-14 09:30:00+00:00,7.2,95.8,15.0,0.0,15.0,344.1,2.97,165.0,100560.0
1990-12-14 10:30:00+00:00,7.51,95.8,49.0,0.0,49.0,343.7,3.03,169.0,100580.0
1990-12-14 11:30:00+00:00,7.77,92.4,96.0,31.01,89.0,342.95,3.24,172.0,100580.0
1990-12-14 12:30:00+00:00,8.03,92.4,117.0,58.77,103.0,324.75,3.38,175.0,100520.0
1990-12-14 13:30:00+00:00,8.3,89.1,122.0,131.42,94.0,323.95,3.31,188.0,100520.0
1990-12-14 14:30:00+00:00,8.19,89.1,52.0,13.16,50.0,326.1,2.55,186.0,100510.0
1990-12-14 15:30:00+00:00,7.8,89.05,10.0,0.0,10.0,320.1,2.14,173.0,100500.0
1990-12-14 16:30:00+00:00,7.14,95.8,0.0,0.0,0.0,314.65,1.93,149.0,100520.0
1990-12-14 17:30:00+00:00,6.32,92.3,0.0,0.0,0.0,299.75,2.28,130.0,100540.0
1990-12-14 18:30:00+00:00,6.16,92.3,0.0,0.0,0.0,310.2,2.41,124.0,100540.0
1990-12-14 19:30:00+00:00,6.85,95.8,0.0,0.0,0.0,317.95,2.55,134.0,100570.0
1990-12-14 20:30:00+00:00,7.24,92.35,0.0,0.0,0.0,342.35,2.62,127.0,100610.0
1990-12-14 21:30:00+00:00,7.34,95.8,0.0,0.0,0.0,343.1,2.83,125.0,100620.0
1990-12-14 22:30:00+00:00,7.39,95.8,0.0,0.0,0.0,344.5,2.97,129.0,100650.0
1990-12-14 23:30:00+00:00,7.42,95.8,0.0,0.0,0.0,343.9,2.69,135.0,100660.0
1990-12-15 00:30:00+00:00,7.36,95.8,0.0,0.0,0.0,337.9,2.55,135.0,100660.0
1990-12-15 01:30:00+00:00,7.46,95.8,0.0,0.0,0.0,344.4,2.28,131.0,100660.0
1990-12-15 02:30:00+00:00,7.58,99.4,0.0,0.0,0.0,348.35,2.14,127.0,100680.0
1990-12-15 03:30:00+00:00,7.63,99.4,0.0,0.0,0.0,347.75,2.14,125.0,100690.0
1990-12-15 04:30:00+00:00,7.67,95.8,0.0,0.0,0.0,347.95,2.14,122.0,100690.0
1990-12-15 05:30:00+00:00,7.58,99.4,0.0,0.0,0.0,343.3,2.14,114.0,100700.0
1990-12-15 06:30:00+00:00,7.62,99.4,0.0,0.0,0.0,348.55,2.21,108.0,100710.0
1990-12-15 07:30:00+00:00,7.34,95.8,0.0,0.0,0.0,341.95,2.34,102.0,100740.0
1990-12-15 08:30:00+00:00,7.37,95.8,0.0,0.0,0.0,347.4,2.62,105.0,100760.0
1990-12-15 09:30:00+00:00,7.4,95.8,24.0,0.0,24.0,345.05,2.9,109.0,100780.0
1990-12-15 10:30:00+00:00,7.62,99.4,27.0,0.0,27.0,341.0,2.83,116.0,100790.0
1990-12-15 11:30:00+00:00,8.19,92.4,108.0,62.36,94.0,350.85,4.21,121.0,100750.0
1990-12-15 12:30:00+00:00,8.58,95.85,76.0,4.21,75.0,349.9,4.34,121.0,100680.0
1990-12-15 13:30:00+00:00,9.0,95.85,155.0,343.64,82.0,352.6,4.69,124.0,100670.0
1990-12-15 14:30:00+00:00,8.97,99.4,44.0,6.6,43.0,355.5,3.93,118.0,100560.0
1990-12-15 15:30:00+00:00,9.24,95.85,5.0,0.0,5.0,356.85,4.28,128.0,100530.0
1990-12-15 16:30:00+00:00,9.37,95.85,0.0,0.0,0.0,357.65,4.28,138.0,100490.0
1990-12-15 17:30:00+00:00,9.48,99.4,0.0,0.0,0.0,356.5,4.21,140.0,100430.0
1990-12-15 18:30:00+00:00,9.62,99.4,0.0,0.0,0.0,358.8,4.21,135.0,100380.0
1990-12-15 19:30:00+00:00,10.24,95.9,0.0,0.0,0.0,361.3,4.9,143.0,100360.0
1990-12-15 20:30:00+00:00,10.44,95.9,0.0,0.0,0.0,362.65,4.83,146.0,100320.0
1990-12-15 21:30:00+00:00,10.58,99.4,0.0,0.0,0.0,364.2,4.62,154.0,100280.0
1990-12-15 22:30:00+00:00,10.88,95.9,0.0,0.0,0.0,363.05,4.28,165.0,100270.0
1990-12-15 23:30:00+00:00,11.39,95.9,0.0,0.0,0.0,364.2,4.34,174.0,100230.0
1990-12-16 00:30:00+00:00,11.9,95.95,0.0,0.0,0.0,364.2,4.83,177.0,100210.0
1990-12-16 01:30:00+00:00,12.23,92.6,0.0,0.0,0.0,368.8,5.45,181.0,100170.0
1990-12-16 02:30:00+00:00,12.31,92.6,0.0,0.0,0.0,371.0,6.07,185.0,100110.0
1990-12-16 03:30:00+00:00,12.28,89.4,0.0,0.0,0.0,364.4,6.34,189.0,100080.0
1990-12-16 04:30:00+00:00,12.09,92.6,0.0,0.0,0.0,366.55,6.76,195.0,100050.0
1990-12-16 05:30:00+00:00,11.97,92.6,0.0,0.0,0.0,367.1,6.9,198.0,100030.0
1990-12-16 06:30:00+00:00,11.93,92.6,0.0,0.0,0.0,367.5,6.97,205.0,100030.0
1990-12-16 07:30:00+00:00,12.26,92.6,0.0,0.0,0.0,369.65,7.1,219.0,100130.0
1990-12-16 08:30:00+00:00,12.31,89.4,0.0,0.0,0.0,369.25,7.1,226.0,100250.0
1990-12-16 09:30:00+00:00,12.31,89.4,27.0,11.06,26.0,369.05,6.97,230.0,100360.0
1990-12-16 10:30:00+00:00,12.32,86.25,81.0,63.36,70.0,366.15,6.76,234.0,100470.0
1990-12-16 11:30:00+00:00,12.46,86.25,89.0,22.38,84.0,361.5,6.69,236.0,100590.0
1990-12-16 12:30:00+00:00,12.48,86.25,118.0,67.65,102.0,356.5,6.41,239.0,100640.0
1990-12-16 13:30:00+00:00,12.61,83.25,100.0,56.62,88.0,357.45,6.21,244.0,100680.0
1990-12-16 14:30:00+00:00,12.65,83.25,23.0,0.0,23.0,354.75,5.66,244.0,100700.0
1990-12-16 15:30:00+00:00,12.52,83.25,16.0,0.0,16.0,345.45,4.9,243.0,100720.0
1990-12-16 16:30:00+00:00,12.22,86.25,0.0,0.0,0.0,344.85,4.28,235.0,100800.0
1990-12-16 17:30:00+00:00,12.43,89.4,0.0,0.0,0.0,370.8,4.48,226.0,100800.0
1990-12-16 18:30:00+00:00,12.5,89.4,0.0,0.0,0.0,369.45,4.69,222.0,100820.0
1990-12-16 19:30:00+00:00,12.55,92.6,0.0,0.0,0.0,371.2,4.83,218.0,100830.0
1990-12-16 20:30:00+00:00,12.37,89.4,0.0,0.0,0.0,368.1,4.83,213.0,100850.0
1990-12-16 21:30:00+00:00,12.29,89.4,0.0,0.0,0.0,369.25,4.62,209.0,100820.0
1990-12-16 22:30:00+00:00,12.35,92.6,0.0,0.0,0.0,368.1,4.55,202.0,100800.0
1990-12-16 23:30:00+00:00,12.54,95.95,0.0,0.0,0.0,370.4,5.03,200.0,100750.0
1990-12-17 00:30:00+00:00,12.86,92.65,0.0,0.0,0.0,374.85,5.45,203.0,100690.0
1990-12-17 01:30:00+00:00,12.98,92.65,0.0,0.0,0.0,374.0,5.66,204.0,100620.0
1990-12-17 02:30:00+00:00,12.78,89.4,0.0,0.0,0.0,360.15,6.07,203.0,100580.0
1990-12-17 03:30:00+00:00,12.19,89.35,0.0,0.0,0.0,332.5,6.21,205.0,100540.0
1990-12-17 04:30:00+00:00,11.77,86.2,0.0,0.0,0.0,321.65,6.21,206.0,100490.0
1990-12-17 05:30:00+00:00,11.46,83.1,0.0,0.0,0.0,305.55,6.28,208.0,100440.0
1990-12-17 06:30:00+00:00,11.38,80.15,0.0,0.0,0.0,295.9,6.41,208.0,100400.0
1990-12-17 07:30:00+00:00,11.85,74.6,0.0,0.0,0.0,299.2,6.76,210.0,100320.0
1990-12-17 08:30:00+00:00,12.28,72.05,0.0,0.0,0.0,310.6,6.97,208.0,100300.0
1990-12-17 09:30:00+00:00,12.76,69.55,11.0,0.0,11.0,318.55,7.1,207.0,100280.0
1990-12-17 10:30:00+00:00,13.38,69.55,44.0,0.0,44.0,336.35,7.31,205.0,100260.0
1990-12-17 11:30:00+00:00,13.81,69.65,85.0,17.98,81.0,347.75,7.24,205.0,100190.0
1990-12-17 12:30:00+00:00,14.14,72.2,105.0,38.16,96.0,365.75,7.1,206.0,100160.0
1990-12-17 13:30:00+00:00,13.96,77.6,104.0,70.89,89.0,370.4,7.1,210.0,100130.0
1990-12-17 14:30:00+00:00,13.48,83.25,15.0,0.0,15.0,367.9,6.76,213.0,100120.0
1990-12-17 15:30:00+00:00,13.15,83.25,7.0,0.0,7.0,364.2,6.34,218.0,100110.0
1990-12-17 16:30:00+00:00,12.58,86.25,0.0,0.0,0.0,347.0,5.72,220.0,100150.0
1990-12-17 17:30:00+00:00,12.17,89.35,0.0,0.0,0.0,338.85,5.38,220.0,100190.0
1990-12-17 18:30:00+00:00,11.7,86.2,0.0,0.0,0.0,325.7,5.31,221.0,100230.0
1990-12-17 19:30:00+00:00,11.14,92.55,0.0,0.0,0.0,319.9,5.1,228.0,100260.0
1990-12-17 20:30:00+00:00,10.85,89.3,0.0,0.0,0.0,324.55,5.24,225.0,100300.0
1990-12-17 21:30:00+00:00,10.8,89.3,0.0,0.0,0.0,331.7,5.52,223.0,100320.0
1990-12-17 22:30:00+00:00,10.95,89.3,0.0,0.0,0.0,347.75,5.79,222.0,100360.0
1990-12-17 23:30:00+00:00,11.07,92.55,0.0,0.0,0.0,354.75,5.79,224.0,100380.0
1990-12-18 00:30:00+00:00,11.13,89.3,0.0,0.0,0.0,354.35,5.72,226.0,100420.0
1990-12-18 01:30:00+00:00,11.02,89.3,0.0,0.0,0.0,344.4,5.72,227.0,100420.0
1990-12-18 02:30:00+00:00,11.06,89.3,0.0,0.0,0.0,353.75,5.52,229.0,100440.0
1990-12-18 03:30:00+00:00,10.94,89.3,0.0,0.0,0.0,345.45,5.31,231.0,100500.0
1990-12-18 04:30:00+00:00,10.77,89.3,0.0,0.0,0.0,339.45,5.17,228.0,100530.0
1990-12-18 05:30:00+00:00,10.76,89.3,0.0,0.0,0.0,346.6,5.1,225.0,100540.0
1990-12-18 06:30:00+00:00,10.82,89.3,0.0,0.0,0.0,352.6,5.31,223.0,100570.0
1990-12-18 07:30:00+00:00,11.2,89.3,0.0,0.0,0.0,360.75,5.24,220.0,100600.0
1990-12-18 08:30:00+00:00,11.15,92.55,0.0,0.0,0.0,356.1,5.24,217.0,100630.0
1990-12-18 09:30:00+00:00,11.0,89.3,53.0,250.79,31.0,344.85,5.31,214.0,100650.0
1990-12-18 10:30:00+00:00,11.14,89.3,136.0,490.24,52.0,338.1,5.72,214.0,100660.0
1990-12-18 11:30:00+00:00,11.49,86.15,124.0,117.28,98.0,344.1,6.9,217.0,100670.0
1990-12-18 12:30:00+00:00,11.72,83.15,143.0,161.47,105.0,344.85,7.1,216.0,100630.0
1990-12-18 13:30:00+00:00,11.64,86.15,177.0,553.58,60.0,356.85,6.07,210.0,100570.0
1990-12-18 14:30:00+00:00,11.55,86.15,64.0,46.25,57.0,345.25,6.0,207.0,100540.0
1990-12-18 15:30:00+00:00,11.53,86.15,20.0,0.0,20.0,348.95,5.93,206.0,100500.0
1990-12-18 16:30:00+00:00,11.37,83.1,0.0,0.0,0.0,344.3,5.86,203.0,100450.0
1990-12-18 17:30:00+00:00,11.18,89.3,0.0,0.0,0.0,330.15,6.21,207.0,100480.0
1990-12-18 18:30:00+00:00,11.08,89.3,0.0,0.0,0.0,325.9,6.21,208.0,100460.0
1990-12-18 19:30:00+00:00,11.0,86.1,0.0,0.0,0.0,330.75,6.34,206.0,100430.0
1990-12-18 20:30:00+00:00,11.03,86.1,0.0,0.0,0.0,341.75,6.48,205.0,100390.0
1990-12-18 21:30:00+00:00,11.08,86.1,0.0,0.0,0.0,341.75,6.62,205.0,100350.0
1990-12-18 22:30:00+00:00,11.22,83.1,0.0,0.0,0.0,346.6,6.76,206.0,100330.0
1990-12-18 23:30:00+00:00,11.23,86.15,0.0,0.0,0.0,340.0,6.83,206.0,100280.0
1990-12-19 00:30:00+00:00,11.49,89.3,0.0,0.0,0.0,346.4,6.9,206.0,100230.0
1990-12-19 01:30:00+00:00,12.02,92.6,0.0,0.0,0.0,357.95,6.97,207.0,100190.0
1990-12-19 02:30:00+00:00,12.71,89.4,0.0,0.0,0.0,371.2,7.03,207.0,100140.0
1990-12-19 03:30:00+00:00,13.16,92.65,0.0,0.0,0.0,372.35,7.1,205.0,100110.0
1990-12-19 04:30:00+00:00,13.44,95.95,0.0,0.0,0.0,374.3,7.1,203.0,100020.0
1990-12-19 05:30:00+00:00,13.68,95.95,0.0,0.0,0.0,375.65,7.17,203.0,99980.0
1990-12-19 06:30:00+00:00,13.84,92.65,0.0,0.0,0.0,378.15,7.17,203.0,99950.0
1990-12-19 07:30:00+00:00,14.2,92.65,0.0,0.0,0.0,377.95,8.28,200.0,99870.0
1990-12-19 08:30:00+00:00,13.97,89.45,0.0,0.0,0.0,378.95,8.48,202.0,99890.0
1990-12-19 09:30:00+00:00,13.9,86.35,21.0,0.0,21.0,376.4,8.28,201.0,99890.0
1990-12-19 10:30:00+00:00,14.09,86.35,20.0,0.0,20.0,375.05,8.07,198.0,99890.0
1990-12-19 11:30:00+00:00,14.3,83.4,46.0,0.0,46.0,375.25,8.21,197.0,99870.0
1990-12-19 12:30:00+00:00,14.46,83.4,46.0,0.0,46.0,374.85,8.34,197.0,99830.0
1990-12-19 13:30:00+00:00,14.51,80.45,26.0,0.0,26.0,375.85,8.21,198.0,99760.0
1990-12-19 14:30:00+00:00,14.52,80.45,67.0,52.79,59.0,377.0,7.93,195.0,99720.0
1990-12-19 15:30:00+00:00,14.39,80.45,12.0,0.0,12.0,375.25,7.86,193.0,99670.0
1990-12-19 16:30:00+00:00,14.26,77.65,0.0,0.0,0.0,376.0,8.34,193.0,99640.0
1990-12-19 17:30:00+00:00,14.03,74.85,0.0,0.0,0.0,367.5,8.83,197.0,99640.0
1990-12-19 18:30:00+00:00,13.92,74.85,0.0,0.0,0.0,360.15,8.76,200.0,99620.0
1990-12-19 19:30:00+00:00,14.08,77.6,0.0,0.0,0.0,363.45,8.28,198.0,99530.0
1990-12-19 20:30:00+00:00,14.11,74.85,0.0,0.0,0.0,355.5,8.41,198.0,99500.0
1990-12-19 21:30:00+00:00,14.14,69.65,0.0,0.0,0.0,336.95,8.34,198.0,99470.0
1990-12-19 22:30:00+00:00,14.04,62.45,0.0,0.0,0.0,315.45,8.41,197.0,99460.0
1990-12-19 23:30:00+00:00,14.04,60.2,0.0,0.0,0.0,321.85,8.76,197.0,99400.0
1990-12-20 00:30:00+00:00,13.87,64.75,0.0,0.0,0.0,320.85,8.97,196.0,99360.0
1990-12-20 01:30:00+00:00,14.22,64.85,0.0,0.0,0.0,345.35,9.03,196.0,99280.0
1990-12-20 02:30:00+00:00,13.96,67.15,0.0,0.0,0.0,322.4,8.9,199.0,99270.0
1990-12-20 03:30:00+00:00,13.39,74.75,0.0,0.0,0.0,310.6,8.62,204.0,99280.0
1990-12-20 04:30:00+00:00,12.96,74.75,0.0,0.0,0.0,333.05,8.83,212.0,99320.0
1990-12-20 05:30:00+00:00,12.25,74.7,0.0,0.0,0.0,335.55,7.79,217.0,99380.0
1990-12-20 06:30:00+00:00,11.38,77.3,0.0,0.0,0.0,315.25,6.83,217.0,99480.0
1990-12-20 07:30:00+00:00,10.38,77.15,0.0,0.0,0.0,289.9,5.86,218.0,99580.0
1990-12-20 08:30:00+00:00,9.65,79.9,0.0,0.0,0.0,276.35,6.07,209.0,99650.0
1990-12-20 09:30:00+00:00,9.41,79.9,57.0,362.58,26.0,273.85,6.69,207.0,99700.0
1990-12-20 10:30:00+00:00,9.85,77.1,137.0,513.05,50.0,278.3,7.1,207.0,99720.0
1990-12-20 11:30:00+00:00,10.45,77.15,184.0,526.18,68.0,272.65,6.48,208.0,99760.0
1990-12-20 12:30:00+00:00,10.8,74.45,166.0,285.49,99.0,275.4,7.31,211.0,99760.0
1990-12-20 13:30:00+00:00,10.91,71.75,145.0,269.78,88.0,291.45,7.79,218.0,99770.0
1990-12-20 14:30:00+00:00,10.6,71.7,36.0,0.0,36.0,287.0,7.59,220.0,99760.0
1990-12-20 15:30:00+00:00,9.94,71.6,18.0,0.0,18.0,282.75,6.97,217.0,99760.0
1990-12-20 16:30:00+00:00,9.28,71.5,0.0,0.0,0.0,281.75,6.55,214.0,99800.0
1990-12-20 17:30:00+00:00,8.75,74.15,0.0,0.0,0.0,270.95,6.55,214.0,99870.0
1990-12-20 18:30:00+00:00,8.53,76.85,0.0,0.0,0.0,274.4,6.76,214.0,99920.0
1990-12-20 19:30:00+00:00,8.07,79.7,0.0,0.0,0.0,271.1,6.41,216.0,99940.0
1990-12-20 20:30:00+00:00,7.82,79.7,0.0,0.0,0.0,266.85,6.48,216.0,99980.0
1990-12-20 21:30:00+00:00,7.55,82.65,0.0,0.0,0.0,262.2,6.41,217.0,99990.0
1990-12-20 22:30:00+00:00,7.3,82.65,0.0,0.0,0.0,262.4,6.41,218.0,100020.0
1990-12-20 23:30:00+00:00,7.02,85.75,0.0,0.0,0.0,260.3,6.28,220.0,100030.0
1990-12-21 00:30:00+00:00,6.83,85.75,0.0,0.0,0.0,265.5,6.07,221.0,100040.0
1990-12-21 01:30:00+00:00,6.54,88.95,0.0,0.0,0.0,259.6,5.86,221.0,100080.0
1990-12-21 02:30:00+00:00,6.33,88.95,0.0,0.0,0.0,262.6,5.66,221.0,100090.0
1990-12-21 03:30:00+00:00,6.08,92.3,0.0,0.0,0.0,258.95,5.52,220.0,100110.0
1990-12-21 04:30:00+00:00,5.83,88.9,0.0,0.0,0.0,255.85,5.31,219.0,100100.0
1990-12-21 05:30:00+00:00,5.62,92.25,0.0,0.0,0.0,256.4,5.17,218.0,100110.0
1990-12-21 06:30:00+00:00,5.43,92.25,0.0,0.0,0.0,254.5,5.31,216.0,100120.0
1990-12-21 07:30:00+00:00,5.71,88.9,0.0,0.0,0.0,265.7,5.52,214.0,100110.0
1990-12-21 08:30:00+00:00,5.58,92.25,0.0,0.0,0.0,254.3,5.66,212.0,100110.0
1990-12-21 09:30:00+00:00,5.91,88.9,55.0,331.1,27.0,263.0,6.34,207.0,100050.0
1990-12-21 10:30:00+00:00,7.02,85.75,72.0,41.45,65.0,279.05,7.59,205.0,99940.0
1990-12-21 11:30:00+00:00,8.14,79.7,51.0,0.0,51.0,315.25,8.14,201.0,99780.0
1990-12-21 12:30:00+00:00,9.05,79.85,54.0,0.0,54.0,331.3,9.66,203.0,99610.0
1990-12-21 13:30:00+00:00,10.1,82.95,54.0,0.0,54.0,348.35,10.41,210.0,99470.0
1990-12-21 14:30:00+00:00,10.92,86.1,40.0,0.0,40.0,346.6,10.14,226.0,99460.0
1990-12-21 15:30:00+00:00,11.17,86.1,18.0,0.0,18.0,353.0,8.76,257.0,99660.0
1990-12-21 16:30:00+00:00,10.14,74.3,0.0,0.0,0.0,310.4,7.17,263.0,99900.0
1990-12-21 17:30:00+00:00,8.79,74.15,0.0,0.0,0.0,262.8,6.48,256.0,100150.0
1990-12-21 18:30:00+00:00,8.07,76.8,0.0,0.0,0.0,259.9,6.0,250.0,100320.0
1990-12-21 19:30:00+00:00,7.56,73.9,0.0,0.0,0.0,255.65,5.17,238.0,100380.0
1990-12-21 20:30:00+00:00,7.08,79.55,0.0,0.0,0.0,258.75,4.83,225.0,100500.0
1990-12-21 21:30:00+00:00,6.65,85.7,0.0,0.0,0.0,255.85,4.76,216.0,100530.0
1990-12-21 22:30:00+00:00,6.72,85.75,0.0,0.0,0.0,272.85,4.76,209.0,100490.0
1990-12-21 23:30:00+00:00,6.87,89.0,0.0,0.0,0.0,272.85,5.31,207.0,100460.0
1990-12-22 00:30:00+00:00,7.34,89.0,0.0,0.0,0.0,290.1,5.93,204.0,100430.0
1990-12-22 01:30:00+00:00,7.93,85.85,0.0,0.0,0.0,309.95,6.0,198.0,100290.0
1990-12-22 02:30:00+00:00,8.14,89.05,0.0,0.0,0.0,329.2,6.41,194.0,100130.0
1990-12-22 03:30:00+00:00,9.12,92.45,0.0,0.0,0.0,345.85,7.17,198.0,99980.0
1990-12-22 04:30:00+00:00,10.66,95.9,0.0,0.0,0.0,355.1,7.59,203.0,99850.0
1990-12-22 05:30:00+00:00,12.12,92.6,0.0,0.0,0.0,366.75,8.97,214.0,99720.0
1990-12-22 06:30:00+00:00,12.5,89.4,0.0,0.0,0.0,370.0,9.45,217.0,99670.0
1990-12-22 07:30:00+00:00,12.88,86.3,0.0,0.0,0.0,373.1,9.66,214.0,99650.0
1990-12-22 08:30:00+00:00,12.66,83.25,0.0,0.0,0.0,367.5,10.0,215.0,99670.0
1990-12-22 09:30:00+00:00,12.58,80.3,15.0,0.0,15.0,365.4,10.28,215.0,99680.0
1990-12-22 10:30:00+00:00,12.66,80.3,70.0,35.65,64.0,365.0,10.28,214.0,99720.0
1990-12-22 11:30:00+00:00,12.86,77.5,36.0,0.0,36.0,364.8,10.34,216.0,99720.0
1990-12-22 12:30:00+00:00,13.01,77.5,50.0,0.0,50.0,366.35,10.07,216.0,99720.0
1990-12-22 13:30:00+00:00,13.08,80.35,63.0,4.72,62.0,367.5,9.66,217.0,99690.0
1990-12-22 14:30:00+00:00,12.96,80.35,41.0,0.0,41.0,367.9,8.9,220.0,99710.0
1990-12-22 15:30:00+00:00,12.73,80.35,16.0,0.0,16.0,366.95,7.66,227.0,99720.0
1990-12-22 16:30:00+00:00,12.08,83.15,0.0,0.0,0.0,362.85,6.41,237.0,99740.0
1990-12-22 17:30:00+00:00,10.99,86.1,0.0,0.0,0.0,357.05,5.72,246.0,99770.0
1990-12-22 18:30:00+00:00,10.07,86.0,0.0,0.0,0.0,351.25,5.72,248.0,99820.0
1990-12-22 19:30:00+00:00,10.03,86.0,0.0,0.0,0.0,347.55,5.72,233.0,99800.0
1990-12-22 20:30:00+00:00,9.46,85.95,0.0,0.0,0.0,337.3,5.79,226.0,99800.0
1990-12-22 21:30:00+00:00,8.95,82.85,0.0,0.0,0.0,329.55,6.07,224.0,99820.0
1990-12-22 22:30:00+00:00,8.7,82.85,0.0,0.0,0.0,325.1,6.41,221.0,99820.0
1990-12-22 23:30:00+00:00,8.54,85.9,0.0,0.0,0.0,309.45,6.97,221.0,99850.0
1990-12-23 00:30:00+00:00,8.38,82.75,0.0,0.0,0.0,301.7,7.31,220.0,99850.0
1990-12-23 01:30:00+00:00,8.0,82.7,0.0,0.0,0.0,275.5,7.59,220.0,99860.0
1990-12-23 02:30:00+00:00,7.79,79.7,0.0,0.0,0.0,278.85,7.86,222.0,99890.0
1990-12-23 03:30:00+00:00,7.69,79.7,0.0,0.0,0.0,283.5,7.93,222.0,99920.0
1990-12-23 04:30:00+00:00,7.52,82.65,0.0,0.0,0.0,273.45,8.07,224.0,99980.0
1990-12-23 05:30:00+00:00,7.38,79.65,0.0,0.0,0.0,278.85,8.07,230.0,100070.0
1990-12-23 06:30:00+00:00,7.17,76.7,0.0,0.0,0.0,273.65,7.79,235.0,100200.0
1990-12-23 07:30:00+00:00,6.9,73.8,0.0,0.0,0.0,264.95,7.38,240.0,100410.0
1990-12-23 08:30:00+00:00,6.49,73.7,0.0,0.0,0.0,251.6,6.9,236.0,100560.0
1990-12-23 09:30:00+00:00,6.22,73.7,46.0,180.56,31.0,245.2,6.28,231.0,100680.0
1990-12-23 10:30:00+00:00,6.62,76.55,139.0,542.11,48.0,246.35,6.0,227.0,100740.0
1990-12-23 11:30:00+00:00,7.41,73.9,190.0,573.84,64.0,253.5,5.24,220.0,100790.0
1990-12-23 12:30:00+00:00,8.12,76.8,215.0,664.74,59.0,257.0,5.72,214.0,100830.0
1990-12-23 13:30:00+00:00,8.56,76.85,184.0,593.91,58.0,262.4,5.72,212.0,100840.0
1990-12-23 14:30:00+00:00,8.68,71.4,91.0,175.86,64.0,261.85,6.28,220.0,100840.0
1990-12-23 15:30:00+00:00,8.38,74.05,20.0,0.0,20.0,270.35,5.52,215.0,100830.0
1990-12-23 16:30:00+00:00,7.56,76.7,0.0,0.0,0.0,259.3,5.38,205.0,100820.0
1990-12-23 17:30:00+00:00,7.09,82.6,0.0,0.0,0.0,257.0,5.72,200.0,100810.0
1990-12-23 18:30:00+00:00,6.92,82.6,0.0,0.0,0.0,259.7,5.93,197.0,100790.0
1990-12-23 19:30:00+00:00,7.82,79.7,0.0,0.0,0.0,281.4,6.55,193.0,100670.0
1990-12-23 20:30:00+00:00,8.03,82.7,0.0,0.0,0.0,282.55,6.83,192.0,100580.0
1990-12-23 21:30:00+00:00,8.26,79.75,0.0,0.0,0.0,284.5,7.24,191.0,100480.0
1990-12-23 22:30:00+00:00,8.55,79.75,0.0,0.0,0.0,289.1,7.52,191.0,100390.0
1990-12-23 23:30:00+00:00,8.66,79.75,0.0,0.0,0.0,281.0,7.66,191.0,100290.0
1990-12-24 00:30:00+00:00,9.07,76.95,0.0,0.0,0.0,307.1,8.0,190.0,100190.0
1990-12-24 01:30:00+00:00,9.15,76.95,0.0,0.0,0.0,305.9,8.21,190.0,100060.0
1990-12-24 02:30:00+00:00,9.23,74.2,0.0,0.0,0.0,309.05,8.41,191.0,99940.0
1990-12-24 03:30:00+00:00,9.06,76.95,0.0,0.0,0.0,289.5,8.55,193.0,99860.0
1990-12-24 04:30:00+00:00,9.15,74.15,0.0,0.0,0.0,297.85,8.55,193.0,99740.0
1990-12-24 05:30:00+00:00,9.26,74.2,0.0,0.0,0.0,301.5,8.76,191.0,99590.0
1990-12-24 06:30:00+00:00,9.34,74.2,0.0,0.0,0.0,300.15,8.97,191.0,99460.0
1990-12-24 07:30:00+00:00,10.05,74.3,0.0,0.0,0.0,300.55,9.52,192.0,99400.0
1990-12-24 08:30:00+00:00,10.38,74.4,0.0,0.0,0.0,315.65,9.79,195.0,99330.0
1990-12-24 09:30:00+00:00,10.38,80.05,41.0,121.2,31.0,335.0,9.79,201.0,99310.0
1990-12-24 10:30:00+00:00,9.77,86.0,69.0,29.84,64.0,345.85,9.1,210.0,99340.0
1990-12-24 11:30:00+00:00,9.43,85.95,91.0,27.33,85.0,342.35,7.66,227.0,99390.0
1990-12-24 12:30:00+00:00,8.4,82.75,101.0,29.79,94.0,328.8,7.66,246.0,99470.0
1990-12-24 13:30:00+00:00,7.65,79.65,85.0,23.51,80.0,295.7,7.38,244.0,99560.0
1990-12-24 14:30:00+00:00,7.47,71.15,107.0,317.47,58.0,268.4,7.38,240.0,99690.0
1990-12-24 15:30:00+00:00,6.81,63.35,19.0,0.0,19.0,249.25,6.9,236.0,99820.0
1990-12-24 16:30:00+00:00,5.95,63.15,0.0,0.0,0.0,247.1,6.62,231.0,99950.0
1990-12-24 17:30:00+00:00,5.31,65.55,0.0,0.0,0.0,244.05,6.83,228.0,100070.0
1990-12-24 18:30:00+00:00,4.84,70.7,0.0,0.0,0.0,240.55,6.97,229.0,100230.0
1990-12-24 19:30:00+00:00,4.49,76.25,0.0,0.0,0.0,245.0,6.76,225.0,100310.0
1990-12-24 20:30:00+00:00,4.36,76.25,0.0,0.0,0.0,243.85,6.69,226.0,100430.0
1990-12-24 21:30:00+00:00,4.29,76.25,0.0,0.0,0.0,246.15,6.48,225.0,100530.0
1990-12-24 22:30:00+00:00,4.34,79.2,0.0,0.0,0.0,248.1,6.14,225.0,100650.0
1990-12-24 23:30:00+00:00,4.24,79.2,0.0,0.0,0.0,238.2,5.72,226.0,100710.0
1990-12-25 00:30:00+00:00,4.12,82.25,0.0,0.0,0.0,238.8,5.45,224.0,100800.0
1990-12-25 01:30:00+00:00,4.07,82.25,0.0,0.0,0.0,244.7,5.31,222.0,100850.0
1990-12-25 02:30:00+00:00,3.96,82.25,0.0,0.0,0.0,242.5,5.03,219.0,100890.0
1990-12-25 03:30:00+00:00,3.85,85.45,0.0,0.0,0.0,242.5,4.97,217.0,100930.0
1990-12-25 04:30:00+00:00,3.77,85.45,0.0,0.0,0.0,245.0,4.83,215.0,100960.0
1990-12-25 05:30:00+00:00,3.77,88.75,0.0,0.0,0.0,250.6,4.69,213.0,100970.0
1990-12-25 06:30:00+00:00,3.88,88.75,0.0,0.0,0.0,259.1,4.55,212.0,101010.0
1990-12-25 07:30:00+00:00,4.4,88.8,0.0,0.0,0.0,279.45,4.0,206.0,100960.0
1990-12-25 08:30:00+00:00,4.77,85.55,0.0,0.0,0.0,298.4,3.66,197.0,100930.0
1990-12-25 09:30:00+00:00,4.93,88.85,21.0,0.0,21.0,294.95,3.24,190.0,100940.0
1990-12-25 10:30:00+00:00,5.71,85.65,61.0,17.93,58.0,318.95,3.17,174.0,100910.0
1990-12-25 11:30:00+00:00,6.29,88.95,71.0,4.55,70.0,324.95,3.66,160.0,100780.0
1990-12-25 12:30:00+00:00,6.86,89.0,34.0,0.0,34.0,326.85,4.0,158.0,100670.0
1990-12-25 13:30:00+00:00,7.21,89.0,27.0,0.0,27.0,333.25,4.83,157.0,100450.0
1990-12-25 14:30:00+00:00,8.39,92.4,35.0,0.0,35.0,344.3,5.38,182.0,100340.0
1990-12-25 15:30:00+00:00,10.68,92.5,18.0,0.0,18.0,353.55,7.31,211.0,100250.0
1990-12-25 16:30:00+00:00,11.94,89.35,0.0,0.0,0.0,356.65,7.93,218.0,100250.0
1990-12-25 17:30:00+00:00,11.99,89.35,0.0,0.0,0.0,348.55,7.79,216.0,100290.0
1990-12-25 18:30:00+00:00,12.23,86.25,0.0,0.0,0.0,365.2,7.86,214.0,100310.0
1990-12-25 19:30:00+00:00,13.0,86.3,0.0,0.0,0.0,367.5,9.31,218.0,100240.0
1990-12-25 20:30:00+00:00,13.13,86.3,0.0,0.0,0.0,365.95,9.17,222.0,100300.0
1990-12-25 21:30:00+00:00,13.22,83.25,0.0,0.0,0.0,361.9,8.76,223.0,100340.0
1990-12-25 22:30:00+00:00,13.24,83.25,0.0,0.0,0.0,366.75,8.21,222.0,100380.0
1990-12-25 23:30:00+00:00,13.07,83.25,0.0,0.0,0.0,348.35,8.28,220.0,100420.0
1990-12-26 00:30:00+00:00,13.23,86.3,0.0,0.0,0.0,371.95,8.34,219.0,100450.0
1990-12-26 01:30:00+00:00,13.24,86.3,0.0,0.0,0.0,368.8,8.07,221.0,100480.0
1990-12-26 02:30:00+00:00,13.14,86.3,0.0,0.0,0.0,368.1,7.59,220.0,100470.0
1990-12-26 03:30:00+00:00,12.92,86.3,0.0,0.0,0.0,371.0,7.17,216.0,100470.0
1990-12-26 04:30:00+00:00,12.84,89.4,0.0,0.0,0.0,369.85,7.31,212.0,100450.0
1990-12-26 05:30:00+00:00,12.82,89.4,0.0,0.0,0.0,370.2,8.14,210.0,100400.0
1990-12-26 06:30:00+00:00,12.98,89.4,0.0,0.0,0.0,364.6,8.76,211.0,100380.0
1990-12-26 07:30:00+00:00,12.99,86.3,0.0,0.0,0.0,366.75,9.17,214.0,100290.0
1990-12-26 08:30:00+00:00,12.93,86.3,0.0,0.0,0.0,367.3,9.31,213.0,100290.0
1990-12-26 09:30:00+00:00,12.98,83.25,38.0,97.85,30.0,368.1,9.45,213.0,100310.0
1990-12-26 10:30:00+00:00,13.12,83.25,98.0,167.36,70.0,367.9,9.45,213.0,100290.0
1990-12-26 11:30:00+00:00,13.29,80.35,192.0,614.02,57.0,363.85,9.45,213.0,100300.0
1990-12-26 12:30:00+00:00,13.39,80.35,67.0,0.0,67.0,365.95,9.31,214.0,100280.0
1990-12-26 13:30:00+00:00,13.49,80.35,87.0,28.01,81.0,368.1,9.24,213.0,100240.0
1990-12-26 14:30:00+00:00,13.52,80.35,63.0,38.38,57.0,368.1,9.1,212.0,100220.0
1990-12-26 15:30:00+00:00,13.42,77.5,22.0,0.0,22.0,363.65,9.17,211.0,100190.0
1990-12-26 16:30:00+00:00,13.2,77.5,0.0,0.0,0.0,361.7,9.31,209.0,100160.0
1990-12-26 17:30:00+00:00,13.1,74.75,0.0,0.0,0.0,362.3,9.52,207.0,100140.0
1990-12-26 18:30:00+00:00,12.99,74.75,0.0,0.0,0.0,357.25,9.86,205.0,100070.0
1990-12-26 19:30:00+00:00,12.97,74.75,0.0,0.0,0.0,342.55,10.07,207.0,100040.0
1990-12-26 20:30:00+00:00,13.02,74.75,0.0,0.0,0.0,354.75,10.34,208.0,99990.0
1990-12-26 21:30:00+00:00,12.84,77.5,0.0,0.0,0.0,354.15,10.41,210.0,99990.0
1990-12-26 22:30:00+00:00,12.72,80.35,0.0,0.0,0.0,360.55,10.14,213.0,99990.0
1990-12-26 23:30:00+00:00,12.69,83.25,0.0,0.0,0.0,365.55,9.45,220.0,100000.0
1990-12-27 00:30:00+00:00,12.33,86.25,0.0,0.0,0.0,365.55,7.66,234.0,100080.0
1990-12-27 01:30:00+00:00,11.55,89.3,0.0,0.0,0.0,364.5,6.0,252.0,100160.0
1990-12-27 02:30:00+00:00,10.54,89.25,0.0,0.0,0.0,356.65,4.97,260.0,100240.0
1990-12-27 03:30:00+00:00,9.65,89.15,0.0,0.0,0.0,350.5,4.34,259.0,100300.0
1990-12-27 04:30:00+00:00,9.04,89.1,0.0,0.0,0.0,345.65,3.93,258.0,100380.0
1990-12-27 05:30:00+00:00,8.58,92.4,0.0,0.0,0.0,340.2,3.38,262.0,100450.0
1990-12-27 06:30:00+00:00,8.07,92.4,0.0,0.0,0.0,327.65,2.83,272.0,100550.0
1990-12-27 07:30:00+00:00,8.23,89.1,0.0,0.0,0.0,323.75,2.14,255.0,100610.0
1990-12-27 08:30:00+00:00,8.25,89.1,0.0,0.0,0.0,340.0,1.72,247.0,100710.0
1990-12-27 09:30:00+00:00,7.95,92.4,46.0,220.68,28.0,325.3,1.31,243.0,100830.0
1990-12-27 10:30:00+00:00,8.45,92.4,80.0,71.7,68.0,326.1,0.83,227.0,100920.0
1990-12-27 11:30:00+00:00,8.95,89.1,86.0,18.16,82.0,319.5,1.03,191.0,100990.0
1990-12-27 12:30:00+00:00,9.48,85.95,128.0,97.25,105.0,324.15,1.45,180.0,101000.0
1990-12-27 13:30:00+00:00,9.96,86.0,82.0,18.59,78.0,303.65,1.59,176.0,101030.0
1990-12-27 14:30:00+00:00,10.31,83.0,42.0,0.0,42.0,313.7,1.59,165.0,101050.0
1990-12-27 15:30:00+00:00,10.35,86.05,25.0,44.34,22.0,354.55,1.72,141.0,101050.0
1990-12-27 16:30:00+00:00,10.36,89.25,0.0,0.0,0.0,358.0,2.14,148.0,101090.0
1990-12-27 17:30:00+00:00,10.75,89.3,0.0,0.0,0.0,360.95,2.48,168.0,101130.0
1990-12-27 18:30:00+00:00,11.35,92.55,0.0,0.0,0.0,360.95,3.03,186.0,101140.0
1990-12-27 19:30:00+00:00,12.48,92.6,0.0,0.0,0.0,369.45,4.21,200.0,101170.0
1990-12-27 20:30:00+00:00,12.47,92.6,0.0,0.0,0.0,355.1,4.28,198.0,101190.0
1990-12-27 21:30:00+00:00,12.19,95.95,0.0,0.0,0.0,347.4,4.07,192.0,101220.0
1990-12-27 22:30:00+00:00,12.0,95.95,0.0,0.0,0.0,350.1,4.07,184.0,101210.0
1990-12-27 23:30:00+00:00,11.92,95.95,0.0,0.0,0.0,357.45,4.41,180.0,101230.0
1990-12-28 00:30:00+00:00,11.81,92.6,0.0,0.0,0.0,365.95,4.62,176.0,101210.0
1990-12-28 01:30:00+00:00,11.28,92.55,0.0,0.0,0.0,347.5,4.41,172.0,101160.0
1990-12-28 02:30:00+00:00,10.58,92.5,0.0,0.0,0.0,319.3,4.21,163.0,101110.0
1990-12-28 03:30:00+00:00,9.74,89.2,0.0,0.0,0.0,287.2,4.28,151.0,101040.0
1990-12-28 04:30:00+00:00,9.34,89.15,0.0,0.0,0.0,286.6,4.9,144.0,100960.0
1990-12-28 05:30:00+00:00,9.14,89.1,0.0,0.0,0.0,280.6,5.52,143.0,100850.0
1990-12-28 06:30:00+00:00,8.94,82.85,0.0,0.0,0.0,277.1,5.79,146.0,100780.0
1990-12-28 07:30:00+00:00,9.34,82.9,0.0,0.0,0.0,293.95,5.86,142.0,100760.0
1990-12-28 08:30:00+00:00,9.17,82.85,0.0,0.0,0.0,294.15,5.93,146.0,100710.0
1990-12-28 09:30:00+00:00,9.09,79.85,28.0,24.54,26.0,293.0,5.93,148.0,100660.0
1990-12-28 10:30:00+00:00,9.4,77.0,82.0,77.58,69.0,285.65,5.93,152.0,100600.0
1990-12-28 11:30:00+00:00,10.02,77.1,110.0,67.96,95.0,282.15,5.79,156.0,100570.0
1990-12-28 12:30:00+00:00,10.59,77.15,174.0,324.49,97.0,289.1,5.38,155.0,100480.0
1990-12-28 13:30:00+00:00,10.81,74.45,24.0,0.0,24.0,280.6,5.66,152.0,100360.0
1990-12-28 14:30:00+00:00,10.86,74.45,73.0,62.95,63.0,289.3,6.21,151.0,100240.0
1990-12-28 15:30:00+00:00,10.68,77.15,32.0,130.11,23.0,292.8,6.07,151.0,100140.0
1990-12-28 16:30:00+00:00,10.23,74.4,0.0,0.0,0.0,297.65,5.86,160.0,100130.0
1990-12-28 17:30:00+00:00,9.85,77.1,0.0,0.0,0.0,293.2,6.0,160.0,100140.0
1990-12-28 18:30:00+00:00,9.65,77.0,0.0,0.0,0.0,293.4,6.28,157.0,100070.0
1990-12-28 19:30:00+00:00,9.38,77.0,0.0,0.0,0.0,297.45,6.28,155.0,100050.0
1990-12-28 20:30:00+00:00,9.48,77.0,0.0,0.0,0.0,297.25,6.55,158.0,99990.0
1990-12-28 21:30:00+00:00,9.48,79.9,0.0,0.0,0.0,294.15,6.62,163.0,100000.0
1990-12-28 22:30:00+00:00,9.77,79.95,0.0,0.0,0.0,307.5,6.62,164.0,99970.0
1990-12-28 23:30:00+00:00,10.21,80.05,0.0,0.0,0.0,316.8,6.83,167.0,99930.0
1990-12-29 00:30:00+00:00,10.67,83.0,0.0,0.0,0.0,328.2,7.03,170.0,99950.0
1990-12-29 01:30:00+00:00,11.22,83.1,0.0,0.0,0.0,351.95,7.31,180.0,99940.0
1990-12-29 02:30:00+00:00,11.2,83.1,0.0,0.0,0.0,358.6,7.1,191.0,99990.0
1990-12-29 03:30:00+00:00,10.82,83.05,0.0,0.0,0.0,336.75,6.34,194.0,100040.0
1990-12-29 04:30:00+00:00,10.2,80.05,0.0,0.0,0.0,318.55,6.34,199.0,100140.0
1990-12-29 05:30:00+00:00,9.58,82.9,0.0,0.0,0.0,314.5,6.07,203.0,100220.0
1990-12-29 06:30:00+00:00,9.0,82.85,0.0,0.0,0.0,304.2,5.66,203.0,100320.0
1990-12-29 07:30:00+00:00,8.8,85.95,0.0,0.0,0.0,301.7,4.69,201.0,100360.0
1990-12-29 08:30:00+00:00,8.42,89.1,0.0,0.0,0.0,296.5,4.48,199.0,100470.0
1990-12-29 09:30:00+00:00,8.12,92.4,47.0,232.96,28.0,284.1,4.34,195.0,100570.0
1990-12-29 10:30:00+00:00,8.45,89.1,137.0,530.09,48.0,280.6,4.34,197.0,100650.0
1990-12-29 11:30:00+00:00,9.19,85.95,188.0,564.78,63.0,294.75,3.86,195.0,100690.0
1990-12-29 12:30:00+00:00,9.6,82.9,214.0,646.5,60.0,288.35,5.31,199.0,100690.0
1990-12-29 13:30:00+00:00,9.77,79.95,177.0,492.21,70.0,295.9,5.59,203.0,100710.0
1990-12-29 14:30:00+00:00,9.76,77.1,89.0,137.25,67.0,301.9,5.1,200.0,100760.0
1990-12-29 15:30:00+00:00,9.56,79.9,36.0,183.6,23.0,304.4,4.83,192.0,100770.0
1990-12-29 16:30:00+00:00,8.91,79.85,0.0,0.0,0.0,290.3,4.97,187.0,100790.0
1990-12-29 17:30:00+00:00,8.64,79.75,0.0,0.0,0.0,297.45,5.24,183.0,100810.0
1990-12-29 18:30:00+00:00,7.94,82.7,0.0,0.0,0.0,262.6,5.72,180.0,100800.0
1990-12-29 19:30:00+00:00,8.11,82.7,0.0,0.0,0.0,279.65,6.9,177.0,100720.0
1990-12-29 20:30:00+00:00,8.46,79.75,0.0,0.0,0.0,296.65,7.66,177.0,100620.0
1990-12-29 21:30:00+00:00,8.96,76.95,0.0,0.0,0.0,311.55,8.21,177.0,100550.0
1990-12-29 22:30:00+00:00,9.42,77.0,0.0,0.0,0.0,320.85,8.9,176.0,100480.0
1990-12-29 23:30:00+00:00,9.92,74.3,0.0,0.0,0.0,329.55,9.38,176.0,100370.0
1990-12-30 00:30:00+00:00,10.4,74.4,0.0,0.0,0.0,329.95,9.45,176.0,100270.0
1990-12-30 01:30:00+00:00,10.99,77.2,0.0,0.0,0.0,348.25,9.79,179.0,100160.0
1990-12-30 02:30:00+00:00,11.42,77.3,0.0,0.0,0.0,359.95,10.07,180.0,100060.0
1990-12-30 03:30:00+00:00,11.74,80.2,0.0,0.0,0.0,360.35,10.14,180.0,99960.0
1990-12-30 04:30:00+00:00,12.12,83.15,0.0,0.0,0.0,362.85,10.21,181.0,99860.0
1990-12-30 05:30:00+00:00,12.53,80.3,0.0,0.0,0.0,365.2,10.55,183.0,99780.0
1990-12-30 06:30:00+00:00,12.78,74.75,0.0,0.0,0.0,365.55,10.9,184.0,99710.0
1990-12-30 07:30:00+00:00,12.95,72.1,0.0,0.0,0.0,365.4,11.03,183.0,99650.0
1990-12-30 08:30:00+00:00,13.04,69.55,0.0,0.0,0.0,364.6,11.24,182.0,99600.0
1990-12-30 09:30:00+00:00,13.01,67.05,25.0,12.23,24.0,364.4,11.31,182.0,99580.0
1990-12-30 10:30:00+00:00,12.9,67.05,13.0,0.0,13.0,363.45,11.52,181.0,99540.0
1990-12-30 11:30:00+00:00,12.87,64.65,19.0,0.0,19.0,363.05,12.14,180.0,99430.0
1990-12-30 12:30:00+00:00,12.69,64.55,36.0,0.0,36.0,360.15,12.21,180.0,99360.0
1990-12-30 13:30:00+00:00,12.45,62.2,39.0,0.0,39.0,359.75,11.79,182.0,99270.0
1990-12-30 14:30:00+00:00,11.79,69.35,29.0,0.0,29.0,360.95,10.76,188.0,99280.0
1990-12-30 15:30:00+00:00,10.69,83.05,27.0,55.13,23.0,356.85,8.62,199.0,99330.0
1990-12-30 16:30:00+00:00,10.15,89.2,0.0,0.0,0.0,352.2,6.48,218.0,99430.0
1990-12-30 17:30:00+00:00,9.09,85.95,0.0,0.0,0.0,346.4,5.1,228.0,99500.0
1990-12-30 18:30:00+00:00,8.18,82.75,0.0,0.0,0.0,341.55,4.07,222.0,99560.0
1990-12-30 19:30:00+00:00,8.04,92.4,0.0,0.0,0.0,342.55,1.03,210.0,99450.0
1990-12-30 20:30:00+00:00,8.11,89.05,0.0,0.0,0.0,341.95,0.55,331.0,99380.0
1990-12-30 21:30:00+00:00,7.86,85.85,0.0,0.0,0.0,341.55,1.17,31.0,99290.0
1990-12-30 22:30:00+00:00,7.62,89.0,0.0,0.0,0.0,342.75,0.76,38.0,99270.0
1990-12-30 23:30:00+00:00,7.62,92.35,0.0,0.0,0.0,344.3,0.62,125.0,99240.0
1990-12-31 00:30:00+00:00,7.91,89.05,0.0,0.0,0.0,341.75,2.55,183.0,99230.0
1990-12-31 01:30:00+00:00,8.11,89.05,0.0,0.0,0.0,329.9,5.17,210.0,99230.0
1990-12-31 02:30:00+00:00,7.48,89.0,0.0,0.0,0.0,305.0,5.93,214.0,99270.0
1990-12-31 03:30:00+00:00,6.49,88.95,0.0,0.0,0.0,283.1,5.72,207.0,99310.0
1990-12-31 04:30:00+00:00,6.11,92.3,0.0,0.0,0.0,280.4,5.52,201.0,99320.0
1990-12-31 05:30:00+00:00,5.81,88.9,0.0,0.0,0.0,265.5,5.93,198.0,99300.0
1990-12-31 06:30:00+00:00,5.5,88.85,0.0,0.0,0.0,257.75,6.41,204.0,99330.0
1990-12-31 07:30:00+00:00,5.42,88.85,0.0,0.0,0.0,282.95,6.9,224.0,99480.0
1990-12-31 08:30:00+00:00,5.22,85.6,0.0,0.0,0.0,256.6,6.9,225.0,99630.0
1990-12-31 09:30:00+00:00,5.41,85.6,48.0,231.56,29.0,252.55,7.24,227.0,99790.0
1990-12-31 10:30:00+00:00,6.13,82.5,143.0,574.19,46.0,255.65,6.83,226.0,99910.0
1990-12-31 11:30:00+00:00,6.84,76.65,195.0,596.54,62.0,245.4,6.48,216.0,99950.0
1990-12-31 12:30:00+00:00,7.49,76.7,186.0,386.82,93.0,246.75,5.86,200.0,99940.0
1990-12-31 13:30:00+00:00,7.97,76.8,197.0,640.46,56.0,250.8,6.21,191.0,99890.0
1990-12-31 14:30:00+00:00,8.43,68.7,131.0,507.55,48.0,264.35,8.69,195.0,99840.0
1990-12-31 15:30:00+00:00,8.46,68.7,40.0,201.58,25.0,276.55,8.9,200.0,99800.0
1990-12-31 16:30:00+00:00,5.89,83.18,0.0,0.0,0.0,278.02,7.67,210.0,99870.0
1990-12-31 17:30:00+00:00,5.8,84.45,0.0,0.0,0.0,281.73,7.17,219.0,99990.0
1990-12-31 18:30:00+00:00,5.71,85.72,0.0,0.0,0.0,285.44,6.68,217.0,100060.0
1990-12-31 19:30:00+00:00,5.62,87.0,0.0,0.0,0.0,289.14,6.18,223.0,100110.0
1990-12-31 20:30:00+00:00,5.53,88.27,0.0,0.0,0.0,292.85,5.68,241.0,100280.0
1990-12-31 21:30:00+00:00,5.44,89.54,0.0,0.0,0.0,296.56,5.18,251.0,100450.0
1990-12-31 22:30:00+00:00,5.35,90.81,0.0,0.0,0.0,300.26,4.68,251.0,100610.0
1990-12-31 23:30:00+00:00,5.26,92.08,0.0,0.0,0.0,303.97,4.18,246.0,100760.0
